ts_event,open,high,low,close,volume,rtype,publisher_id,instrument_id,symbol
2024-11-01 00:00:00+00:00,103.8,103.825,103.8,103.82,236,33.0,97.0,7600010.0,DX
2024-11-01 00:05:00+00:00,103.815,103.835,103.815,103.825,8,33.0,97.0,7600010.0,DX
2024-11-01 00:10:00+00:00,103.825,103.825,103.82,103.82,32,33.0,97.0,7600010.0,DX
2024-11-01 00:15:00+00:00,103.83,103.845,103.83,103.83,105,33.0,97.0,7600010.0,DX
2024-11-01 00:20:00+00:00,103.83,103.84,103.82,103.835,29,33.0,97.0,7600010.0,DX
2024-11-01 00:25:00+00:00,103.83,103.83,103.82,103.83,16,33.0,97.0,7600010.0,DX
2024-11-01 00:30:00+00:00,103.835,103.84,103.835,103.835,33,33.0,97.0,7600010.0,DX
2024-11-01 00:35:00+00:00,103.825,103.825,103.82,103.82,20,33.0,97.0,7600010.0,DX
2024-11-01 00:40:00+00:00,103.82,103.825,103.805,103.805,44,33.0,97.0,7600010.0,DX
2024-11-01 00:45:00+00:00,103.795,103.8,103.79,103.795,31,33.0,97.0,7600010.0,DX
2024-11-01 00:50:00+00:00,103.8,103.8,103.77,103.78,57,33.0,97.0,7600010.0,DX
2024-11-01 00:55:00+00:00,103.775,103.79,103.775,103.79,37,33.0,97.0,7600010.0,DX
2024-11-01 01:00:00+00:00,103.795,103.795,103.785,103.79,36,33.0,97.0,7600010.0,DX
2024-11-01 01:05:00+00:00,103.785,103.785,103.43,103.43,19,33.0,97.0,7600010.0,DX
2024-11-01 01:10:00+00:00,103.77,103.775,103.765,103.765,25,33.0,97.0,7600010.0,DX
2024-11-01 01:15:00+00:00,103.77,103.77,103.76,103.77,48,33.0,97.0,7600010.0,DX
2024-11-01 01:20:00+00:00,103.77,103.785,103.76,103.785,68,33.0,97.0,7600010.0,DX
2024-11-01 01:25:00+00:00,103.78,103.795,103.78,103.795,49,33.0,97.0,7600010.0,DX
2024-11-01 01:30:00+00:00,103.8,103.81,103.8,103.81,150,33.0,97.0,7600010.0,DX
2024-11-01 01:35:00+00:00,103.81,103.845,103.81,103.845,62,33.0,97.0,7600010.0,DX
2024-11-01 01:40:00+00:00,103.85,103.865,103.5,103.865,59,33.0,97.0,7600010.0,DX
2024-11-01 01:45:00+00:00,103.865,103.865,103.85,103.85,68,33.0,97.0,7600010.0,DX
2024-11-01 01:50:00+00:00,103.475,103.845,103.475,103.84,29,33.0,97.0,7698408.0,DX
2024-11-01 01:55:00+00:00,103.845,103.845,103.835,103.835,9,33.0,97.0,7600010.0,DX
2024-11-01 02:00:00+00:00,103.85,103.85,103.85,103.85,1,33.0,97.0,7600010.0,DX
2024-11-01 02:05:00+00:00,103.85,103.855,103.85,103.855,23,33.0,97.0,7600010.0,DX
2024-11-01 02:10:00+00:00,103.86,103.865,103.855,103.86,44,33.0,97.0,7600010.0,DX
2024-11-01 02:15:00+00:00,103.85,103.855,103.845,103.85,44,33.0,97.0,7600010.0,DX
2024-11-01 02:20:00+00:00,103.855,103.855,103.84,103.845,42,33.0,97.0,7600010.0,DX
2024-11-01 02:25:00+00:00,103.84,103.84,103.84,103.84,8,33.0,97.0,7600010.0,DX
2024-11-01 02:30:00+00:00,103.85,103.855,103.85,103.855,5,33.0,97.0,7600010.0,DX
2024-11-01 02:35:00+00:00,103.86,103.865,103.86,103.865,5,33.0,97.0,7600010.0,DX
2024-11-01 02:40:00+00:00,103.87,103.87,103.87,103.87,12,33.0,97.0,7600010.0,DX
2024-11-01 02:45:00+00:00,103.87,103.875,103.87,103.875,3,33.0,97.0,7600010.0,DX
2024-11-01 02:50:00+00:00,103.875,103.875,103.87,103.87,6,33.0,97.0,7600010.0,DX
2024-11-01 02:55:00+00:00,103.875,103.875,103.865,103.865,8,33.0,97.0,7600010.0,DX
2024-11-01 03:00:00+00:00,103.86,103.865,103.86,103.86,6,33.0,97.0,7600010.0,DX
2024-11-01 03:05:00+00:00,103.865,103.88,103.865,103.88,31,33.0,97.0,7600010.0,DX
2024-11-01 03:10:00+00:00,103.88,103.88,103.875,103.88,25,33.0,97.0,7600010.0,DX
2024-11-01 03:15:00+00:00,103.88,103.885,103.88,103.885,51,33.0,97.0,7600010.0,DX
2024-11-01 03:20:00+00:00,103.875,103.89,103.875,103.885,22,33.0,97.0,7600010.0,DX
2024-11-01 03:25:00+00:00,103.885,103.89,103.88,103.89,21,33.0,97.0,7600010.0,DX
2024-11-01 03:30:00+00:00,103.885,103.885,103.88,103.88,11,33.0,97.0,7600010.0,DX
2024-11-01 03:35:00+00:00,103.865,103.875,103.865,103.87,38,33.0,97.0,7600010.0,DX
2024-11-01 03:40:00+00:00,103.865,103.865,103.865,103.865,16,33.0,97.0,7600010.0,DX
2024-11-01 03:45:00+00:00,103.86,103.87,103.86,103.865,17,33.0,97.0,7600010.0,DX
2024-11-01 03:50:00+00:00,103.87,103.875,103.86,103.875,34,33.0,97.0,7600010.0,DX
2024-11-01 03:55:00+00:00,103.88,103.89,103.88,103.89,32,33.0,97.0,7600010.0,DX
2024-11-01 04:00:00+00:00,103.89,103.895,103.885,103.885,68,33.0,97.0,7600010.0,DX
2024-11-01 04:05:00+00:00,103.89,103.89,103.89,103.89,16,33.0,97.0,7600010.0,DX
2024-11-01 04:10:00+00:00,103.885,103.885,103.88,103.885,34,33.0,97.0,7600010.0,DX
2024-11-01 04:15:00+00:00,103.885,103.885,103.88,103.88,12,33.0,97.0,7600010.0,DX
2024-11-01 04:20:00+00:00,103.88,103.88,103.875,103.875,11,33.0,97.0,7600010.0,DX
2024-11-01 04:30:00+00:00,103.875,103.875,103.875,103.875,12,33.0,97.0,7600010.0,DX
2024-11-01 04:35:00+00:00,103.875,103.875,103.875,103.875,10,33.0,97.0,7600010.0,DX
2024-11-01 04:40:00+00:00,103.875,103.88,103.875,103.88,8,33.0,97.0,7600010.0,DX
2024-11-01 04:45:00+00:00,103.875,103.885,103.875,103.885,23,33.0,97.0,7600010.0,DX
2024-11-01 04:50:00+00:00,103.885,103.885,103.885,103.885,10,33.0,97.0,7600010.0,DX
2024-11-01 04:55:00+00:00,103.885,103.89,103.885,103.885,9,33.0,97.0,7600010.0,DX
2024-11-01 05:05:00+00:00,103.89,103.895,103.89,103.895,22,33.0,97.0,7600010.0,DX
2024-11-01 05:15:00+00:00,103.885,103.895,103.885,103.89,34,33.0,97.0,7600010.0,DX
2024-11-01 05:20:00+00:00,103.895,103.915,103.895,103.915,11,33.0,97.0,7600010.0,DX
2024-11-01 05:25:00+00:00,103.92,103.93,103.92,103.92,18,33.0,97.0,7600010.0,DX
2024-11-01 05:30:00+00:00,103.92,103.93,103.92,103.93,25,33.0,97.0,7600010.0,DX
2024-11-01 05:35:00+00:00,103.935,103.935,103.925,103.93,37,33.0,97.0,7600010.0,DX
2024-11-01 05:40:00+00:00,103.93,103.945,103.93,103.945,20,33.0,97.0,7600010.0,DX
2024-11-01 05:45:00+00:00,103.945,103.95,103.945,103.95,44,33.0,97.0,7600010.0,DX
2024-11-01 05:50:00+00:00,103.95,103.955,103.945,103.945,28,33.0,97.0,7600010.0,DX
2024-11-01 05:55:00+00:00,103.94,103.94,103.93,103.94,10,33.0,97.0,7600010.0,DX
2024-11-01 06:00:00+00:00,103.93,103.93,103.915,103.915,6,33.0,97.0,7600010.0,DX
2024-11-01 06:05:00+00:00,103.915,103.92,103.905,103.905,8,33.0,97.0,7600010.0,DX
2024-11-01 06:10:00+00:00,103.915,103.915,103.9,103.91,46,33.0,97.0,7600010.0,DX
2024-11-01 06:15:00+00:00,103.905,103.91,103.905,103.91,9,33.0,97.0,7600010.0,DX
2024-11-01 06:20:00+00:00,103.91,103.91,103.895,103.895,13,33.0,97.0,7600010.0,DX
2024-11-01 06:25:00+00:00,103.915,103.92,103.91,103.91,32,33.0,97.0,7600010.0,DX
2024-11-01 06:30:00+00:00,103.91,103.91,103.905,103.91,6,33.0,97.0,7600010.0,DX
2024-11-01 06:35:00+00:00,103.925,103.925,103.92,103.92,3,33.0,97.0,7600010.0,DX
2024-11-01 06:40:00+00:00,103.915,103.925,103.915,103.925,21,33.0,97.0,7600010.0,DX
2024-11-01 06:45:00+00:00,103.925,103.925,103.905,103.905,11,33.0,97.0,7600010.0,DX
2024-11-01 06:50:00+00:00,103.91,103.92,103.91,103.92,11,33.0,97.0,7600010.0,DX
2024-11-01 06:55:00+00:00,103.925,103.925,103.54,103.91,16,33.0,97.0,7600010.0,DX
2024-11-01 07:00:00+00:00,103.91,103.915,103.895,103.905,48,33.0,97.0,7600010.0,DX
2024-11-01 07:05:00+00:00,103.9,103.905,103.88,103.885,61,33.0,97.0,7600010.0,DX
2024-11-01 07:10:00+00:00,103.895,103.9,103.89,103.895,11,33.0,97.0,7600010.0,DX
2024-11-01 07:15:00+00:00,103.9,103.9,103.895,103.895,10,33.0,97.0,7600010.0,DX
2024-11-01 07:20:00+00:00,103.9,103.9,103.88,103.88,21,33.0,97.0,7600010.0,DX
2024-11-01 07:25:00+00:00,103.885,103.89,103.885,103.89,19,33.0,97.0,7600010.0,DX
2024-11-01 07:30:00+00:00,103.895,103.91,103.895,103.9,260,33.0,97.0,7600010.0,DX
2024-11-01 07:35:00+00:00,103.895,103.92,103.89,103.92,50,33.0,97.0,7600010.0,DX
2024-11-01 07:40:00+00:00,103.92,103.93,103.92,103.93,60,33.0,97.0,7600010.0,DX
2024-11-01 07:45:00+00:00,103.935,103.945,103.935,103.94,62,33.0,97.0,7600010.0,DX
2024-11-01 07:50:00+00:00,103.94,103.96,103.935,103.95,48,33.0,97.0,7600010.0,DX
2024-11-01 07:55:00+00:00,103.955,103.98,103.955,103.98,92,33.0,97.0,7600010.0,DX
2024-11-01 08:00:00+00:00,103.985,104.01,103.985,103.985,126,33.0,97.0,7600010.0,DX
2024-11-01 08:05:00+00:00,103.985,104.01,103.985,104.01,36,33.0,97.0,7600010.0,DX
2024-11-01 08:10:00+00:00,104.015,104.025,104.005,104.015,51,33.0,97.0,7600010.0,DX
2024-11-01 08:15:00+00:00,104.02,104.03,104.015,104.02,35,33.0,97.0,7600010.0,DX
2024-11-01 08:20:00+00:00,104.015,104.02,104.0,104.005,41,33.0,97.0,7600010.0,DX
2024-11-01 08:25:00+00:00,104.01,104.03,104.01,104.01,36,33.0,97.0,7600010.0,DX
2024-11-01 08:30:00+00:00,104.015,104.03,104.015,104.02,31,33.0,97.0,7600010.0,DX
2024-11-01 08:35:00+00:00,104.005,104.03,104.005,104.02,97,33.0,97.0,7600010.0,DX
2024-11-01 08:40:00+00:00,104.025,104.025,104.005,104.005,41,33.0,97.0,7600010.0,DX
2024-11-01 08:45:00+00:00,104.005,104.005,104.0,104.0,27,33.0,97.0,7600010.0,DX
2024-11-01 08:50:00+00:00,104.0,104.0,103.985,103.995,40,33.0,97.0,7600010.0,DX
2024-11-01 08:55:00+00:00,103.995,104.01,103.985,104.01,40,33.0,97.0,7600010.0,DX
2024-11-01 09:00:00+00:00,104.0,104.005,103.99,103.995,36,33.0,97.0,7600010.0,DX
2024-11-01 09:05:00+00:00,103.995,104.0,103.96,103.96,32,33.0,97.0,7600010.0,DX
2024-11-01 09:10:00+00:00,103.96,103.97,103.955,103.965,23,33.0,97.0,7600010.0,DX
2024-11-01 09:15:00+00:00,103.96,103.985,103.96,103.985,22,33.0,97.0,7600010.0,DX
2024-11-01 09:20:00+00:00,103.995,104.005,103.985,104.005,38,33.0,97.0,7600010.0,DX
2024-11-01 09:25:00+00:00,104.005,104.04,104.005,104.04,120,33.0,97.0,7600010.0,DX
2024-11-01 09:30:00+00:00,104.035,104.035,104.02,104.02,30,33.0,97.0,7600010.0,DX
2024-11-01 09:35:00+00:00,104.015,104.02,104.015,104.015,26,33.0,97.0,7600010.0,DX
2024-11-01 09:40:00+00:00,104.015,104.045,104.015,104.045,43,33.0,97.0,7600010.0,DX
2024-11-01 09:45:00+00:00,104.045,104.05,104.04,104.04,43,33.0,97.0,7600010.0,DX
2024-11-01 09:50:00+00:00,104.035,104.035,104.025,104.03,45,33.0,97.0,7600010.0,DX
2024-11-01 09:55:00+00:00,104.03,104.045,104.03,104.045,66,33.0,97.0,7600010.0,DX
2024-11-01 10:00:00+00:00,104.045,104.065,104.045,104.05,133,33.0,97.0,7600010.0,DX
2024-11-01 10:05:00+00:00,104.055,104.06,104.045,104.06,33,33.0,97.0,7600010.0,DX
2024-11-01 10:10:00+00:00,104.06,104.065,104.055,104.055,31,33.0,97.0,7600010.0,DX
2024-11-01 10:15:00+00:00,104.05,104.07,104.05,104.07,59,33.0,97.0,7600010.0,DX
2024-11-01 10:20:00+00:00,104.07,104.07,104.055,104.055,49,33.0,97.0,7600010.0,DX
2024-11-01 10:25:00+00:00,104.05,104.055,104.045,104.055,53,33.0,97.0,7600010.0,DX
2024-11-01 10:30:00+00:00,104.05,104.06,104.05,104.055,17,33.0,97.0,7600010.0,DX
2024-11-01 10:35:00+00:00,104.06,104.075,104.055,104.075,50,33.0,97.0,7600010.0,DX
2024-11-01 10:40:00+00:00,104.08,104.085,104.07,104.07,9,33.0,97.0,7600010.0,DX
2024-11-01 10:45:00+00:00,104.065,104.065,104.04,104.04,35,33.0,97.0,7600010.0,DX
2024-11-01 10:50:00+00:00,104.04,104.045,104.035,104.035,50,33.0,97.0,7600010.0,DX
2024-11-01 10:55:00+00:00,104.04,104.04,104.015,104.02,55,33.0,97.0,7600010.0,DX
2024-11-01 11:00:00+00:00,104.02,104.025,104.0,104.0,155,33.0,97.0,7600010.0,DX
2024-11-01 11:05:00+00:00,104.0,104.005,104.0,104.0,59,33.0,97.0,7600010.0,DX
2024-11-01 11:10:00+00:00,104.005,104.005,103.99,103.99,71,33.0,97.0,7600010.0,DX
2024-11-01 11:15:00+00:00,103.995,103.995,103.99,103.995,12,33.0,97.0,7600010.0,DX
2024-11-01 11:20:00+00:00,103.995,104.01,103.995,104.01,49,33.0,97.0,7600010.0,DX
2024-11-01 11:25:00+00:00,104.02,104.04,104.02,104.04,19,33.0,97.0,7600010.0,DX
2024-11-01 11:30:00+00:00,104.035,104.045,104.025,104.025,42,33.0,97.0,7600010.0,DX
2024-11-01 11:35:00+00:00,104.02,104.02,104.01,104.01,59,33.0,97.0,7600010.0,DX
2024-11-01 11:40:00+00:00,104.02,104.02,103.985,103.985,94,33.0,97.0,7600010.0,DX
2024-11-01 11:45:00+00:00,103.985,103.99,103.985,103.985,67,33.0,97.0,7600010.0,DX
2024-11-01 11:50:00+00:00,103.98,103.985,103.97,103.97,100,33.0,97.0,7600010.0,DX
2024-11-01 11:55:00+00:00,103.965,103.97,103.945,103.96,176,33.0,97.0,7600010.0,DX
2024-11-01 12:00:00+00:00,103.965,103.965,103.94,103.96,95,33.0,97.0,7600010.0,DX
2024-11-01 12:05:00+00:00,103.96,103.96,103.945,103.955,317,33.0,97.0,7600010.0,DX
2024-11-01 12:10:00+00:00,103.955,103.99,103.955,103.975,33,33.0,97.0,7600010.0,DX
2024-11-01 12:15:00+00:00,103.97,103.995,103.965,103.985,56,33.0,97.0,7600010.0,DX
2024-11-01 12:20:00+00:00,103.975,103.98,103.955,103.97,134,33.0,97.0,7600010.0,DX
2024-11-01 12:25:00+00:00,103.97,104.005,103.97,103.97,123,33.0,97.0,7600010.0,DX
2024-11-01 12:30:00+00:00,103.89,103.89,103.445,103.73,743,33.0,97.0,7600010.0,DX
2024-11-01 12:35:00+00:00,103.725,103.73,103.58,103.585,1161,33.0,97.0,7600010.0,DX
2024-11-01 12:40:00+00:00,103.59,103.68,103.58,103.625,481,33.0,97.0,7600010.0,DX
2024-11-01 12:45:00+00:00,103.62,103.66,103.6,103.64,314,33.0,97.0,7600010.0,DX
2024-11-01 12:50:00+00:00,103.63,103.665,103.6,103.635,249,33.0,97.0,7600010.0,DX
2024-11-01 12:55:00+00:00,103.635,103.735,103.61,103.725,605,33.0,97.0,7600010.0,DX
2024-11-01 13:00:00+00:00,103.725,103.8,103.7,103.795,267,33.0,97.0,7600010.0,DX
2024-11-01 13:05:00+00:00,103.79,103.81,103.74,103.74,254,33.0,97.0,7600010.0,DX
2024-11-01 13:10:00+00:00,103.735,103.845,103.735,103.78,319,33.0,97.0,7600010.0,DX
2024-11-01 13:15:00+00:00,103.785,103.835,103.785,103.83,166,33.0,97.0,7600010.0,DX
2024-11-01 13:20:00+00:00,103.82,103.88,103.82,103.845,462,33.0,97.0,7600010.0,DX
2024-11-01 13:25:00+00:00,103.845,103.875,103.84,103.865,476,33.0,97.0,7600010.0,DX
2024-11-01 13:30:00+00:00,103.875,103.875,103.825,103.84,160,33.0,97.0,7600010.0,DX
2024-11-01 13:35:00+00:00,103.845,103.845,103.81,103.82,220,33.0,97.0,7600010.0,DX
2024-11-01 13:40:00+00:00,103.825,103.825,103.79,103.795,173,33.0,97.0,7600010.0,DX
2024-11-01 13:45:00+00:00,103.795,103.845,103.78,103.845,122,33.0,97.0,7600010.0,DX
2024-11-01 13:50:00+00:00,103.84,103.86,103.825,103.85,90,33.0,97.0,7600010.0,DX
2024-11-01 13:55:00+00:00,103.86,103.89,103.86,103.87,147,33.0,97.0,7600010.0,DX
2024-11-01 14:00:00+00:00,103.84,103.985,103.835,103.965,284,33.0,97.0,7600010.0,DX
2024-11-01 14:05:00+00:00,103.975,103.985,103.915,103.925,257,33.0,97.0,7600010.0,DX
2024-11-01 14:10:00+00:00,103.925,103.935,103.9,103.915,307,33.0,97.0,7600010.0,DX
2024-11-01 14:15:00+00:00,103.93,103.985,103.915,103.955,90,33.0,97.0,7600010.0,DX
2024-11-01 14:20:00+00:00,103.975,103.995,103.955,103.97,176,33.0,97.0,7600010.0,DX
2024-11-01 14:25:00+00:00,103.965,103.99,103.96,103.965,170,33.0,97.0,7600010.0,DX
2024-11-01 14:30:00+00:00,103.965,103.99,103.94,103.98,141,33.0,97.0,7600010.0,DX
2024-11-01 14:35:00+00:00,103.975,104.04,103.96,104.025,281,33.0,97.0,7600010.0,DX
2024-11-01 14:40:00+00:00,104.035,104.06,104.025,104.03,243,33.0,97.0,7600010.0,DX
2024-11-01 14:45:00+00:00,104.035,104.045,104.005,104.02,220,33.0,97.0,7600010.0,DX
2024-11-01 14:50:00+00:00,104.02,104.045,104.0,104.025,127,33.0,97.0,7600010.0,DX
2024-11-01 14:55:00+00:00,104.045,104.055,104.015,104.025,460,33.0,97.0,7600010.0,DX
2024-11-01 15:00:00+00:00,104.025,104.05,104.01,104.04,387,33.0,97.0,7600010.0,DX
2024-11-01 15:05:00+00:00,104.04,104.065,104.04,104.04,218,33.0,97.0,7600010.0,DX
2024-11-01 15:10:00+00:00,104.025,104.03,104.01,104.015,107,33.0,97.0,7600010.0,DX
2024-11-01 15:15:00+00:00,104.015,104.025,104.0,104.015,88,33.0,97.0,7600010.0,DX
2024-11-01 15:20:00+00:00,104.015,104.02,104.01,104.015,24,33.0,97.0,7600010.0,DX
2024-11-01 15:25:00+00:00,104.015,104.035,104.015,104.02,72,33.0,97.0,7600010.0,DX
2024-11-01 15:30:00+00:00,104.015,104.05,104.015,104.04,108,33.0,97.0,7600010.0,DX
2024-11-01 15:35:00+00:00,104.045,104.045,104.03,104.045,57,33.0,97.0,7600010.0,DX
2024-11-01 15:40:00+00:00,104.055,104.055,104.03,104.05,39,33.0,97.0,7600010.0,DX
2024-11-01 15:45:00+00:00,104.05,104.1,104.04,104.085,121,33.0,97.0,7600010.0,DX
2024-11-01 15:50:00+00:00,104.09,104.09,104.04,104.065,85,33.0,97.0,7600010.0,DX
2024-11-01 15:55:00+00:00,104.055,104.09,104.05,104.075,113,33.0,97.0,7600010.0,DX
2024-11-01 16:00:00+00:00,104.075,104.085,104.045,104.05,177,33.0,97.0,7600010.0,DX
2024-11-01 16:05:00+00:00,104.045,104.065,104.045,104.045,96,33.0,97.0,7600010.0,DX
2024-11-01 16:10:00+00:00,104.055,104.065,104.05,104.065,38,33.0,97.0,7600010.0,DX
2024-11-01 16:15:00+00:00,104.055,104.08,104.055,104.075,21,33.0,97.0,7600010.0,DX
2024-11-01 16:20:00+00:00,104.065,104.085,104.065,104.08,34,33.0,97.0,7600010.0,DX
2024-11-01 16:25:00+00:00,104.085,104.095,104.08,104.09,109,33.0,97.0,7600010.0,DX
2024-11-01 16:30:00+00:00,104.095,104.105,104.09,104.095,56,33.0,97.0,7600010.0,DX
2024-11-01 16:35:00+00:00,104.09,104.11,104.09,104.095,74,33.0,97.0,7600010.0,DX
2024-11-01 16:40:00+00:00,104.1,104.12,104.1,104.115,71,33.0,97.0,7600010.0,DX
2024-11-01 16:45:00+00:00,104.11,104.115,104.08,104.08,29,33.0,97.0,7600010.0,DX
2024-11-01 16:50:00+00:00,104.085,104.085,104.055,104.055,59,33.0,97.0,7600010.0,DX
2024-11-01 16:55:00+00:00,104.05,104.07,104.045,104.07,94,33.0,97.0,7600010.0,DX
2024-11-01 17:00:00+00:00,104.07,104.095,104.065,104.095,100,33.0,97.0,7600010.0,DX
2024-11-01 17:05:00+00:00,104.095,104.095,104.085,104.085,30,33.0,97.0,7600010.0,DX
2024-11-01 17:10:00+00:00,104.09,104.1,104.09,104.095,40,33.0,97.0,7600010.0,DX
2024-11-01 17:15:00+00:00,104.1,104.125,104.1,104.115,45,33.0,97.0,7600010.0,DX
2024-11-01 17:20:00+00:00,104.115,104.12,104.11,104.11,36,33.0,97.0,7600010.0,DX
2024-11-01 17:25:00+00:00,104.125,104.125,104.115,104.115,24,33.0,97.0,7600010.0,DX
2024-11-01 17:30:00+00:00,104.12,104.145,104.12,104.14,219,33.0,97.0,7600010.0,DX
2024-11-01 17:35:00+00:00,104.145,104.19,104.145,104.19,205,33.0,97.0,7600010.0,DX
2024-11-01 17:40:00+00:00,104.19,104.225,104.19,104.22,1028,33.0,97.0,7600010.0,DX
2024-11-01 17:45:00+00:00,104.22,104.23,104.21,104.23,276,33.0,97.0,7600010.0,DX
2024-11-01 17:50:00+00:00,104.23,104.23,104.2,104.205,105,33.0,97.0,7600010.0,DX
2024-11-01 17:55:00+00:00,104.195,104.215,104.19,104.215,79,33.0,97.0,7600010.0,DX
2024-11-01 18:00:00+00:00,104.21,104.21,104.175,104.175,70,33.0,97.0,7600010.0,DX
2024-11-01 18:05:00+00:00,104.17,104.205,104.165,104.19,200,33.0,97.0,7600010.0,DX
2024-11-01 18:10:00+00:00,104.215,104.215,104.195,104.195,15,33.0,97.0,7600010.0,DX
2024-11-01 18:15:00+00:00,104.195,104.21,104.19,104.21,41,33.0,97.0,7600010.0,DX
2024-11-01 18:20:00+00:00,104.205,104.21,104.17,104.17,80,33.0,97.0,7600010.0,DX
2024-11-01 18:25:00+00:00,104.17,104.18,104.17,104.175,61,33.0,97.0,7600010.0,DX
2024-11-01 18:30:00+00:00,104.175,104.175,104.165,104.165,48,33.0,97.0,7600010.0,DX
2024-11-01 18:35:00+00:00,104.16,104.16,104.14,104.15,27,33.0,97.0,7600010.0,DX
2024-11-01 18:40:00+00:00,104.16,104.175,104.16,104.175,18,33.0,97.0,7600010.0,DX
2024-11-01 18:45:00+00:00,104.175,104.2,104.175,104.2,12,33.0,97.0,7600010.0,DX
2024-11-01 18:50:00+00:00,104.2,104.2,104.195,104.2,31,33.0,97.0,7600010.0,DX
2024-11-01 18:55:00+00:00,104.205,104.21,104.19,104.2,307,33.0,97.0,7600010.0,DX
2024-11-01 19:00:00+00:00,104.2,104.215,104.19,104.21,358,33.0,97.0,7600010.0,DX
2024-11-01 19:05:00+00:00,104.215,104.215,104.18,104.18,15,33.0,97.0,7600010.0,DX
2024-11-01 19:10:00+00:00,104.175,104.19,104.175,104.19,12,33.0,97.0,7600010.0,DX
2024-11-01 19:15:00+00:00,104.2,104.205,104.2,104.205,9,33.0,97.0,7600010.0,DX
2024-11-01 19:20:00+00:00,104.205,104.205,104.205,104.205,34,33.0,97.0,7600010.0,DX
2024-11-01 19:25:00+00:00,104.21,104.215,104.21,104.215,5,33.0,97.0,7600010.0,DX
2024-11-01 19:30:00+00:00,104.215,104.215,104.215,104.215,1,33.0,97.0,7600010.0,DX
2024-11-01 19:35:00+00:00,104.21,104.23,104.21,104.225,74,33.0,97.0,7600010.0,DX
2024-11-01 19:40:00+00:00,104.23,104.23,104.225,104.23,34,33.0,97.0,7600010.0,DX
2024-11-01 19:45:00+00:00,104.23,104.23,104.225,104.225,3,33.0,97.0,7600010.0,DX
2024-11-01 19:50:00+00:00,104.23,104.23,104.22,104.225,21,33.0,97.0,7600010.0,DX
2024-11-01 19:55:00+00:00,104.23,104.235,104.225,104.225,69,33.0,97.0,7600010.0,DX
2024-11-01 20:00:00+00:00,104.22,104.24,104.215,104.24,38,33.0,97.0,7600010.0,DX
2024-11-01 20:05:00+00:00,104.235,104.255,104.235,104.255,7,33.0,97.0,7600010.0,DX
2024-11-01 20:10:00+00:00,104.26,104.26,104.25,104.255,12,33.0,97.0,7600010.0,DX
2024-11-01 20:15:00+00:00,104.26,104.265,104.26,104.26,6,33.0,97.0,7600010.0,DX
2024-11-01 20:20:00+00:00,104.26,104.26,104.255,104.255,8,33.0,97.0,7600010.0,DX
2024-11-01 20:25:00+00:00,104.26,104.26,104.25,104.25,8,33.0,97.0,7600010.0,DX
2024-11-01 20:30:00+00:00,104.255,104.255,104.25,104.255,21,33.0,97.0,7600010.0,DX
2024-11-01 20:35:00+00:00,104.25,104.25,104.245,104.245,13,33.0,97.0,7600010.0,DX
2024-11-01 20:40:00+00:00,104.235,104.235,104.225,104.235,6,33.0,97.0,7600010.0,DX
2024-11-01 20:45:00+00:00,104.235,104.235,104.23,104.23,9,33.0,97.0,7600010.0,DX
2024-11-01 20:50:00+00:00,104.23,104.235,104.225,104.235,24,33.0,97.0,7600010.0,DX
2024-11-01 20:55:00+00:00,104.235,104.24,104.235,104.235,9,33.0,97.0,7600010.0,DX
2024-11-03 23:00:00+00:00,103.83,103.885,103.825,103.885,271,33.0,97.0,7600010.0,DX
2024-11-03 23:05:00+00:00,103.89,103.89,103.86,103.86,19,33.0,97.0,7600010.0,DX
2024-11-03 23:10:00+00:00,103.845,103.855,103.83,103.85,132,33.0,97.0,7600010.0,DX
2024-11-03 23:15:00+00:00,103.855,103.875,103.85,103.87,13,33.0,97.0,7600010.0,DX
2024-11-03 23:20:00+00:00,103.88,103.88,103.525,103.87,24,33.0,97.0,7600010.0,DX
2024-11-03 23:25:00+00:00,103.88,103.88,103.85,103.855,24,33.0,97.0,7600010.0,DX
2024-11-03 23:30:00+00:00,103.855,103.855,103.5,103.83,92,33.0,97.0,7600010.0,DX
2024-11-03 23:35:00+00:00,103.84,103.845,103.83,103.835,46,33.0,97.0,7600010.0,DX
2024-11-03 23:40:00+00:00,103.845,103.845,103.835,103.835,11,33.0,97.0,7600010.0,DX
2024-11-03 23:45:00+00:00,103.83,103.83,103.82,103.83,10,33.0,97.0,7600010.0,DX
2024-11-04 00:00:00+00:00,103.85,103.85,103.85,103.85,9,33.0,97.0,7600010.0,DX
2024-11-04 00:05:00+00:00,103.86,103.86,103.845,103.85,21,33.0,97.0,7600010.0,DX
2024-11-04 00:10:00+00:00,103.855,103.865,103.855,103.865,4,33.0,97.0,7600010.0,DX
2024-11-04 00:15:00+00:00,103.87,103.875,103.86,103.86,65,33.0,97.0,7600010.0,DX
2024-11-04 00:20:00+00:00,103.86,103.86,103.84,103.845,148,33.0,97.0,7600010.0,DX
2024-11-04 00:25:00+00:00,103.84,103.845,103.83,103.835,277,33.0,97.0,7600010.0,DX
2024-11-04 00:30:00+00:00,103.835,103.85,103.835,103.85,41,33.0,97.0,7600010.0,DX
2024-11-04 00:35:00+00:00,103.835,103.85,103.835,103.85,15,33.0,97.0,7600010.0,DX
2024-11-04 00:40:00+00:00,103.85,103.85,103.84,103.84,23,33.0,97.0,7600010.0,DX
2024-11-04 00:45:00+00:00,103.835,103.835,103.825,103.825,10,33.0,97.0,7600010.0,DX
2024-11-04 00:50:00+00:00,103.81,103.81,103.785,103.785,44,33.0,97.0,7600010.0,DX
2024-11-04 00:55:00+00:00,103.785,103.8,103.78,103.8,31,33.0,97.0,7600010.0,DX
2024-11-04 01:00:00+00:00,103.8,103.8,103.77,103.785,41,33.0,97.0,7600010.0,DX
2024-11-04 01:05:00+00:00,103.79,103.8,103.78,103.785,29,33.0,97.0,7600010.0,DX
2024-11-04 01:10:00+00:00,103.79,103.79,103.44,103.445,50,33.0,97.0,7600010.0,DX
2024-11-04 01:15:00+00:00,103.77,103.775,103.745,103.75,28,33.0,97.0,7600010.0,DX
2024-11-04 01:20:00+00:00,103.75,103.75,103.705,103.705,144,33.0,97.0,7600010.0,DX
2024-11-04 01:25:00+00:00,103.705,103.725,103.705,103.725,27,33.0,97.0,7600010.0,DX
2024-11-04 01:30:00+00:00,103.72,103.725,103.705,103.71,49,33.0,97.0,7600010.0,DX
2024-11-04 01:35:00+00:00,103.71,103.735,103.705,103.735,26,33.0,97.0,7600010.0,DX
2024-11-04 01:40:00+00:00,103.735,103.745,103.725,103.725,21,33.0,97.0,7600010.0,DX
2024-11-04 01:45:00+00:00,103.725,103.725,103.685,103.685,142,33.0,97.0,7600010.0,DX
2024-11-04 01:50:00+00:00,103.68,103.685,103.66,103.665,45,33.0,97.0,7600010.0,DX
2024-11-04 01:55:00+00:00,103.67,103.7,103.67,103.695,67,33.0,97.0,7600010.0,DX
2024-11-04 02:00:00+00:00,103.695,103.705,103.685,103.695,80,33.0,97.0,7600010.0,DX
2024-11-04 02:05:00+00:00,103.69,103.695,103.67,103.67,107,33.0,97.0,7600010.0,DX
2024-11-04 02:10:00+00:00,103.675,103.695,103.675,103.695,63,33.0,97.0,7600010.0,DX
2024-11-04 02:15:00+00:00,103.695,103.72,103.695,103.72,17,33.0,97.0,7600010.0,DX
2024-11-04 02:20:00+00:00,103.71,103.71,103.7,103.705,13,33.0,97.0,7600010.0,DX
2024-11-04 02:25:00+00:00,103.69,103.69,103.68,103.69,29,33.0,97.0,7600010.0,DX
2024-11-04 02:30:00+00:00,103.685,103.695,103.68,103.695,75,33.0,97.0,7600010.0,DX
2024-11-04 02:35:00+00:00,103.705,103.705,103.7,103.7,9,33.0,97.0,7600010.0,DX
2024-11-04 02:40:00+00:00,103.685,103.685,103.67,103.67,48,33.0,97.0,7600010.0,DX
2024-11-04 02:45:00+00:00,103.665,103.665,103.655,103.655,12,33.0,97.0,7600010.0,DX
2024-11-04 02:50:00+00:00,103.66,103.66,103.65,103.65,23,33.0,97.0,7600010.0,DX
2024-11-04 02:55:00+00:00,103.65,103.655,103.645,103.65,19,33.0,97.0,7600010.0,DX
2024-11-04 03:00:00+00:00,103.645,103.645,103.6,103.61,337,33.0,97.0,7600010.0,DX
2024-11-04 03:05:00+00:00,103.595,103.6,103.58,103.585,33,33.0,97.0,7600010.0,DX
2024-11-04 03:10:00+00:00,103.59,103.595,103.57,103.58,61,33.0,97.0,7600010.0,DX
2024-11-04 03:15:00+00:00,103.575,103.585,103.575,103.585,24,33.0,97.0,7600010.0,DX
2024-11-04 03:20:00+00:00,103.585,103.585,103.575,103.575,11,33.0,97.0,7600010.0,DX
2024-11-04 03:25:00+00:00,103.58,103.585,103.58,103.585,24,33.0,97.0,7600010.0,DX
2024-11-04 03:30:00+00:00,103.585,103.595,103.585,103.595,10,33.0,97.0,7600010.0,DX
2024-11-04 03:35:00+00:00,103.575,103.575,103.545,103.545,47,33.0,97.0,7600010.0,DX
2024-11-04 03:40:00+00:00,103.545,103.565,103.545,103.565,6,33.0,97.0,7600010.0,DX
2024-11-04 03:50:00+00:00,103.555,103.56,103.55,103.56,16,33.0,97.0,7600010.0,DX
2024-11-04 03:55:00+00:00,103.56,103.58,103.56,103.58,7,33.0,97.0,7600010.0,DX
2024-11-04 04:00:00+00:00,103.575,103.575,103.57,103.57,7,33.0,97.0,7600010.0,DX
2024-11-04 04:05:00+00:00,103.57,103.575,103.565,103.575,15,33.0,97.0,7600010.0,DX
2024-11-04 04:10:00+00:00,103.58,103.595,103.58,103.59,21,33.0,97.0,7600010.0,DX
2024-11-04 04:15:00+00:00,103.595,103.605,103.595,103.605,4,33.0,97.0,7600010.0,DX
2024-11-04 04:20:00+00:00,103.6,103.6,103.59,103.59,33,33.0,97.0,7600010.0,DX
2024-11-04 04:25:00+00:00,103.59,103.6,103.59,103.6,4,33.0,97.0,7600010.0,DX
2024-11-04 04:30:00+00:00,103.605,103.605,103.6,103.6,8,33.0,97.0,7600010.0,DX
2024-11-04 04:35:00+00:00,103.595,103.595,103.59,103.59,8,33.0,97.0,7600010.0,DX
2024-11-04 04:40:00+00:00,103.585,103.585,103.57,103.575,24,33.0,97.0,7600010.0,DX
2024-11-04 04:45:00+00:00,103.57,103.57,103.57,103.57,1,33.0,97.0,7600010.0,DX
2024-11-04 04:50:00+00:00,103.59,103.61,103.59,103.595,15,33.0,97.0,7600010.0,DX
2024-11-04 04:55:00+00:00,103.6,103.615,103.6,103.61,84,33.0,97.0,7600010.0,DX
2024-11-04 05:00:00+00:00,103.615,103.64,103.615,103.625,54,33.0,97.0,7600010.0,DX
2024-11-04 05:05:00+00:00,103.63,103.65,103.63,103.645,20,33.0,97.0,7600010.0,DX
2024-11-04 05:10:00+00:00,103.645,103.655,103.645,103.645,16,33.0,97.0,7600010.0,DX
2024-11-04 05:15:00+00:00,103.64,103.65,103.64,103.645,15,33.0,97.0,7600010.0,DX
2024-11-04 05:20:00+00:00,103.64,103.64,103.635,103.64,17,33.0,97.0,7600010.0,DX
2024-11-04 05:25:00+00:00,103.645,103.65,103.64,103.645,28,33.0,97.0,7600010.0,DX
2024-11-04 05:30:00+00:00,103.645,103.645,103.635,103.635,14,33.0,97.0,7600010.0,DX
2024-11-04 05:35:00+00:00,103.635,103.64,103.625,103.63,18,33.0,97.0,7600010.0,DX
2024-11-04 05:40:00+00:00,103.63,103.63,103.625,103.63,34,33.0,97.0,7600010.0,DX
2024-11-04 05:45:00+00:00,103.625,103.63,103.625,103.63,6,33.0,97.0,7600010.0,DX
2024-11-04 05:50:00+00:00,103.635,103.645,103.625,103.63,29,33.0,97.0,7600010.0,DX
2024-11-04 05:55:00+00:00,103.625,103.625,103.605,103.605,18,33.0,97.0,7600010.0,DX
2024-11-04 06:00:00+00:00,103.6,103.6,103.595,103.6,4,33.0,97.0,7600010.0,DX
2024-11-04 06:05:00+00:00,103.585,103.61,103.585,103.605,24,33.0,97.0,7600010.0,DX
2024-11-04 06:10:00+00:00,103.605,103.635,103.605,103.625,17,33.0,97.0,7600010.0,DX
2024-11-04 06:15:00+00:00,103.63,103.63,103.62,103.63,23,33.0,97.0,7600010.0,DX
2024-11-04 06:20:00+00:00,103.62,103.625,103.61,103.61,21,33.0,97.0,7600010.0,DX
2024-11-04 06:25:00+00:00,103.615,103.625,103.615,103.615,17,33.0,97.0,7600010.0,DX
2024-11-04 06:30:00+00:00,103.625,103.64,103.625,103.64,3,33.0,97.0,7600010.0,DX
2024-11-04 06:35:00+00:00,103.635,103.645,103.635,103.635,51,33.0,97.0,7600010.0,DX
2024-11-04 06:40:00+00:00,103.64,103.65,103.63,103.64,90,33.0,97.0,7600010.0,DX
2024-11-04 06:45:00+00:00,103.65,103.665,103.645,103.665,52,33.0,97.0,7600010.0,DX
2024-11-04 06:50:00+00:00,103.66,103.67,103.66,103.67,77,33.0,97.0,7600010.0,DX
2024-11-04 06:55:00+00:00,103.67,103.685,103.67,103.685,124,33.0,97.0,7600010.0,DX
2024-11-04 07:00:00+00:00,103.685,103.705,103.68,103.7,90,33.0,97.0,7600010.0,DX
2024-11-04 07:05:00+00:00,103.7,103.715,103.7,103.71,35,33.0,97.0,7600010.0,DX
2024-11-04 07:10:00+00:00,103.71,103.715,103.365,103.365,20,33.0,97.0,7600010.0,DX
2024-11-04 07:15:00+00:00,103.705,103.705,103.675,103.69,58,33.0,97.0,7600010.0,DX
2024-11-04 07:20:00+00:00,103.685,103.735,103.685,103.72,43,33.0,97.0,7600010.0,DX
2024-11-04 07:25:00+00:00,103.72,103.73,103.715,103.725,50,33.0,97.0,7600010.0,DX
2024-11-04 07:30:00+00:00,103.725,103.725,103.695,103.695,88,33.0,97.0,7600010.0,DX
2024-11-04 07:35:00+00:00,103.695,103.7,103.685,103.7,31,33.0,97.0,7600010.0,DX
2024-11-04 07:40:00+00:00,103.705,103.71,103.7,103.71,34,33.0,97.0,7600010.0,DX
2024-11-04 07:45:00+00:00,103.71,103.735,103.71,103.725,34,33.0,97.0,7600010.0,DX
2024-11-04 07:50:00+00:00,103.745,103.745,103.725,103.725,11,33.0,97.0,7600010.0,DX
2024-11-04 07:55:00+00:00,103.73,103.735,103.715,103.735,8,33.0,97.0,7600010.0,DX
2024-11-04 08:00:00+00:00,103.725,103.735,103.705,103.705,91,33.0,97.0,7600010.0,DX
2024-11-04 08:05:00+00:00,103.7,103.705,103.665,103.665,44,33.0,97.0,7600010.0,DX
2024-11-04 08:10:00+00:00,103.665,103.665,103.64,103.66,57,33.0,97.0,7600010.0,DX
2024-11-04 08:15:00+00:00,103.665,103.675,103.65,103.675,36,33.0,97.0,7600010.0,DX
2024-11-04 08:20:00+00:00,103.675,103.685,103.67,103.685,45,33.0,97.0,7600010.0,DX
2024-11-04 08:25:00+00:00,103.675,103.695,103.675,103.675,66,33.0,97.0,7600010.0,DX
2024-11-04 08:30:00+00:00,103.675,103.71,103.675,103.68,57,33.0,97.0,7600010.0,DX
2024-11-04 08:35:00+00:00,103.685,103.69,103.675,103.685,80,33.0,97.0,7600010.0,DX
2024-11-04 08:40:00+00:00,103.695,103.71,103.695,103.71,66,33.0,97.0,7600010.0,DX
2024-11-04 08:45:00+00:00,103.705,103.72,103.705,103.72,60,33.0,97.0,7600010.0,DX
2024-11-04 08:50:00+00:00,103.715,103.72,103.705,103.71,83,33.0,97.0,7600010.0,DX
2024-11-04 08:55:00+00:00,103.71,103.71,103.685,103.695,95,33.0,97.0,7600010.0,DX
2024-11-04 09:00:00+00:00,103.715,103.715,103.675,103.675,39,33.0,97.0,7600010.0,DX
2024-11-04 09:05:00+00:00,103.675,103.715,103.675,103.715,46,33.0,97.0,7600010.0,DX
2024-11-04 09:10:00+00:00,103.715,103.715,103.69,103.69,54,33.0,97.0,7600010.0,DX
2024-11-04 09:15:00+00:00,103.685,103.695,103.68,103.69,77,33.0,97.0,7600010.0,DX
2024-11-04 09:20:00+00:00,103.695,103.715,103.69,103.69,27,33.0,97.0,7600010.0,DX
2024-11-04 09:25:00+00:00,103.685,103.685,103.655,103.655,39,33.0,97.0,7600010.0,DX
2024-11-04 09:30:00+00:00,103.655,103.66,103.645,103.645,44,33.0,97.0,7600010.0,DX
2024-11-04 09:35:00+00:00,103.645,103.645,103.62,103.62,19,33.0,97.0,7600010.0,DX
2024-11-04 09:40:00+00:00,103.62,103.635,103.62,103.625,48,33.0,97.0,7600010.0,DX
2024-11-04 09:45:00+00:00,103.62,103.64,103.62,103.64,26,33.0,97.0,7600010.0,DX
2024-11-04 09:50:00+00:00,103.66,103.66,103.64,103.64,14,33.0,97.0,7600010.0,DX
2024-11-04 09:55:00+00:00,103.65,103.655,103.64,103.655,43,33.0,97.0,7600010.0,DX
2024-11-04 10:00:00+00:00,103.65,103.65,103.64,103.645,28,33.0,97.0,7600010.0,DX
2024-11-04 10:05:00+00:00,103.65,103.65,103.64,103.64,21,33.0,97.0,7600010.0,DX
2024-11-04 10:10:00+00:00,103.64,103.66,103.64,103.655,9,33.0,97.0,7600010.0,DX
2024-11-04 10:15:00+00:00,103.655,103.67,103.65,103.67,23,33.0,97.0,7600010.0,DX
2024-11-04 10:20:00+00:00,103.665,103.68,103.665,103.68,22,33.0,97.0,7600010.0,DX
2024-11-04 10:25:00+00:00,103.67,103.67,103.65,103.655,21,33.0,97.0,7600010.0,DX
2024-11-04 10:30:00+00:00,103.635,103.64,103.63,103.64,21,33.0,97.0,7600010.0,DX
2024-11-04 10:35:00+00:00,103.64,103.64,103.625,103.625,17,33.0,97.0,7600010.0,DX
2024-11-04 10:40:00+00:00,103.62,103.62,103.605,103.605,7,33.0,97.0,7600010.0,DX
2024-11-04 10:45:00+00:00,103.61,103.63,103.61,103.63,23,33.0,97.0,7600010.0,DX
2024-11-04 10:50:00+00:00,103.625,103.635,103.265,103.63,19,33.0,97.0,7600010.0,DX
2024-11-04 10:55:00+00:00,103.615,103.625,103.615,103.625,18,33.0,97.0,7600010.0,DX
2024-11-04 11:00:00+00:00,103.62,103.62,103.61,103.62,21,33.0,97.0,7600010.0,DX
2024-11-04 11:05:00+00:00,103.605,103.61,103.595,103.595,27,33.0,97.0,7600010.0,DX
2024-11-04 11:10:00+00:00,103.595,103.605,103.595,103.605,41,33.0,97.0,7600010.0,DX
2024-11-04 11:15:00+00:00,103.605,103.615,103.6,103.6,22,33.0,97.0,7600010.0,DX
2024-11-04 11:20:00+00:00,103.61,103.63,103.61,103.62,46,33.0,97.0,7600010.0,DX
2024-11-04 11:25:00+00:00,103.615,103.615,103.6,103.61,26,33.0,97.0,7600010.0,DX
2024-11-04 11:30:00+00:00,103.61,103.625,103.59,103.59,41,33.0,97.0,7600010.0,DX
2024-11-04 11:35:00+00:00,103.585,103.585,103.56,103.565,17,33.0,97.0,7600010.0,DX
2024-11-04 11:40:00+00:00,103.56,103.565,103.55,103.56,58,33.0,97.0,7600010.0,DX
2024-11-04 11:45:00+00:00,103.555,103.56,103.53,103.535,27,33.0,97.0,7600010.0,DX
2024-11-04 11:50:00+00:00,103.535,103.535,103.505,103.505,38,33.0,97.0,7600010.0,DX
2024-11-04 11:55:00+00:00,103.51,103.51,103.495,103.5,51,33.0,97.0,7600010.0,DX
2024-11-04 12:00:00+00:00,103.495,103.535,103.495,103.535,21,33.0,97.0,7600010.0,DX
2024-11-04 12:05:00+00:00,103.54,103.555,103.53,103.555,77,33.0,97.0,7600010.0,DX
2024-11-04 12:10:00+00:00,103.555,103.59,103.555,103.585,44,33.0,97.0,7600010.0,DX
2024-11-04 12:15:00+00:00,103.59,103.595,103.57,103.58,47,33.0,97.0,7600010.0,DX
2024-11-04 12:20:00+00:00,103.58,103.58,103.565,103.565,25,33.0,97.0,7600010.0,DX
2024-11-04 12:25:00+00:00,103.55,103.56,103.545,103.555,28,33.0,97.0,7600010.0,DX
2024-11-04 12:30:00+00:00,103.55,103.58,103.55,103.58,40,33.0,97.0,7600010.0,DX
2024-11-04 12:35:00+00:00,103.57,103.58,103.565,103.58,23,33.0,97.0,7600010.0,DX
2024-11-04 12:40:00+00:00,103.58,103.6,103.58,103.6,40,33.0,97.0,7600010.0,DX
2024-11-04 12:45:00+00:00,103.605,103.61,103.6,103.605,127,33.0,97.0,7600010.0,DX
2024-11-04 12:50:00+00:00,103.605,103.625,103.6,103.61,49,33.0,97.0,7600010.0,DX
2024-11-04 12:55:00+00:00,103.615,103.615,103.58,103.59,55,33.0,97.0,7600010.0,DX
2024-11-04 13:00:00+00:00,103.595,103.61,103.57,103.57,35,33.0,97.0,7600010.0,DX
2024-11-04 13:05:00+00:00,103.575,103.595,103.575,103.585,74,33.0,97.0,7600010.0,DX
2024-11-04 13:10:00+00:00,103.575,103.59,103.565,103.565,22,33.0,97.0,7600010.0,DX
2024-11-04 13:15:00+00:00,103.56,103.57,103.55,103.565,53,33.0,97.0,7600010.0,DX
2024-11-04 13:20:00+00:00,103.57,103.64,103.57,103.64,55,33.0,97.0,7600010.0,DX
2024-11-04 13:25:00+00:00,103.64,103.68,103.635,103.675,133,33.0,97.0,7600010.0,DX
2024-11-04 13:30:00+00:00,103.68,103.695,103.66,103.665,124,33.0,97.0,7600010.0,DX
2024-11-04 13:35:00+00:00,103.655,103.68,103.655,103.66,45,33.0,97.0,7600010.0,DX
2024-11-04 13:40:00+00:00,103.665,103.665,103.65,103.65,88,33.0,97.0,7600010.0,DX
2024-11-04 13:45:00+00:00,103.655,103.655,103.635,103.65,56,33.0,97.0,7600010.0,DX
2024-11-04 13:50:00+00:00,103.645,103.645,103.59,103.59,56,33.0,97.0,7600010.0,DX
2024-11-04 13:55:00+00:00,103.59,103.59,103.56,103.59,32,33.0,97.0,7600010.0,DX
2024-11-04 14:00:00+00:00,103.59,103.61,103.57,103.57,61,33.0,97.0,7600010.0,DX
2024-11-04 14:05:00+00:00,103.57,103.57,103.53,103.55,149,33.0,97.0,7600010.0,DX
2024-11-04 14:10:00+00:00,103.55,103.57,103.54,103.565,80,33.0,97.0,7600010.0,DX
2024-11-04 14:15:00+00:00,103.57,103.59,103.56,103.56,63,33.0,97.0,7600010.0,DX
2024-11-04 14:20:00+00:00,103.56,103.585,103.56,103.585,258,33.0,97.0,7600010.0,DX
2024-11-04 14:25:00+00:00,103.585,103.615,103.575,103.61,75,33.0,97.0,7600010.0,DX
2024-11-04 14:30:00+00:00,103.615,103.615,103.585,103.605,115,33.0,97.0,7600010.0,DX
2024-11-04 14:35:00+00:00,103.605,103.62,103.6,103.61,41,33.0,97.0,7600010.0,DX
2024-11-04 14:40:00+00:00,103.605,103.615,103.585,103.595,99,33.0,97.0,7600010.0,DX
2024-11-04 14:45:00+00:00,103.59,103.61,103.58,103.585,93,33.0,97.0,7600010.0,DX
2024-11-04 14:50:00+00:00,103.595,103.635,103.585,103.625,177,33.0,97.0,7600010.0,DX
2024-11-04 14:55:00+00:00,103.62,103.625,103.59,103.605,74,33.0,97.0,7600010.0,DX
2024-11-04 15:00:00+00:00,103.605,103.61,103.545,103.55,162,33.0,97.0,7600010.0,DX
2024-11-04 15:05:00+00:00,103.54,103.565,103.535,103.565,64,33.0,97.0,7600010.0,DX
2024-11-04 15:10:00+00:00,103.555,103.575,103.545,103.545,62,33.0,97.0,7600010.0,DX
2024-11-04 15:15:00+00:00,103.55,103.55,103.525,103.54,60,33.0,97.0,7600010.0,DX
2024-11-04 15:20:00+00:00,103.52,103.595,103.515,103.58,165,33.0,97.0,7600010.0,DX
2024-11-04 15:25:00+00:00,103.58,103.58,103.545,103.565,99,33.0,97.0,7600010.0,DX
2024-11-04 15:30:00+00:00,103.57,103.585,103.565,103.58,77,33.0,97.0,7600010.0,DX
2024-11-04 15:35:00+00:00,103.57,103.57,103.54,103.54,80,33.0,97.0,7600010.0,DX
2024-11-04 15:40:00+00:00,103.535,103.57,103.535,103.56,80,33.0,97.0,7600010.0,DX
2024-11-04 15:45:00+00:00,103.565,103.635,103.565,103.63,127,33.0,97.0,7600010.0,DX
2024-11-04 15:50:00+00:00,103.63,103.64,103.62,103.625,123,33.0,97.0,7600010.0,DX
2024-11-04 15:55:00+00:00,103.63,103.64,103.615,103.615,224,33.0,97.0,7600010.0,DX
2024-11-04 16:00:00+00:00,103.615,103.665,103.61,103.665,174,33.0,97.0,7600010.0,DX
2024-11-04 16:05:00+00:00,103.67,103.69,103.67,103.675,42,33.0,97.0,7600010.0,DX
2024-11-04 16:10:00+00:00,103.66,103.685,103.655,103.685,53,33.0,97.0,7600010.0,DX
2024-11-04 16:15:00+00:00,103.695,103.7,103.68,103.69,99,33.0,97.0,7600010.0,DX
2024-11-04 16:20:00+00:00,103.69,103.725,103.685,103.72,99,33.0,97.0,7600010.0,DX
2024-11-04 16:25:00+00:00,103.72,103.73,103.695,103.71,166,33.0,97.0,7600010.0,DX
2024-11-04 16:30:00+00:00,103.71,103.72,103.69,103.69,46,33.0,97.0,7600010.0,DX
2024-11-04 16:35:00+00:00,103.69,103.715,103.69,103.715,60,33.0,97.0,7600010.0,DX
2024-11-04 16:40:00+00:00,103.715,103.725,103.695,103.715,123,33.0,97.0,7600010.0,DX
2024-11-04 16:45:00+00:00,103.715,103.745,103.715,103.745,77,33.0,97.0,7600010.0,DX
2024-11-04 16:50:00+00:00,103.74,103.76,103.735,103.76,69,33.0,97.0,7600010.0,DX
2024-11-04 16:55:00+00:00,103.76,103.79,103.76,103.76,186,33.0,97.0,7600010.0,DX
2024-11-04 17:00:00+00:00,103.76,103.795,103.755,103.785,63,33.0,97.0,7600010.0,DX
2024-11-04 17:05:00+00:00,103.795,103.8,103.78,103.785,43,33.0,97.0,7600010.0,DX
2024-11-04 17:10:00+00:00,103.78,103.785,103.765,103.765,52,33.0,97.0,7600010.0,DX
2024-11-04 17:15:00+00:00,103.76,103.765,103.73,103.73,31,33.0,97.0,7600010.0,DX
2024-11-04 17:20:00+00:00,103.725,103.725,103.71,103.71,38,33.0,97.0,7600010.0,DX
2024-11-04 17:25:00+00:00,103.7,103.7,103.68,103.685,66,33.0,97.0,7600010.0,DX
2024-11-04 17:30:00+00:00,103.685,103.7,103.675,103.7,71,33.0,97.0,7600010.0,DX
2024-11-04 17:35:00+00:00,103.7,103.73,103.7,103.73,25,33.0,97.0,7600010.0,DX
2024-11-04 17:40:00+00:00,103.73,103.76,103.73,103.755,70,33.0,97.0,7600010.0,DX
2024-11-04 17:45:00+00:00,103.75,103.755,103.74,103.74,23,33.0,97.0,7600010.0,DX
2024-11-04 17:50:00+00:00,103.74,103.75,103.725,103.725,60,33.0,97.0,7600010.0,DX
2024-11-04 17:55:00+00:00,103.73,103.735,103.715,103.715,24,33.0,97.0,7600010.0,DX
2024-11-04 18:00:00+00:00,103.71,103.745,103.71,103.745,134,33.0,97.0,7600010.0,DX
2024-11-04 18:05:00+00:00,103.74,103.785,103.735,103.775,56,33.0,97.0,7600010.0,DX
2024-11-04 18:10:00+00:00,103.77,103.775,103.74,103.74,48,33.0,97.0,7600010.0,DX
2024-11-04 18:15:00+00:00,103.745,103.76,103.745,103.75,16,33.0,97.0,7600010.0,DX
2024-11-04 18:20:00+00:00,103.76,103.78,103.76,103.775,73,33.0,97.0,7600010.0,DX
2024-11-04 18:25:00+00:00,103.775,103.795,103.775,103.795,16,33.0,97.0,7600010.0,DX
2024-11-04 18:30:00+00:00,103.795,103.81,103.785,103.785,45,33.0,97.0,7600010.0,DX
2024-11-04 18:35:00+00:00,103.785,103.785,103.76,103.76,29,33.0,97.0,7600010.0,DX
2024-11-04 18:40:00+00:00,103.755,103.755,103.735,103.75,22,33.0,97.0,7600010.0,DX
2024-11-04 18:45:00+00:00,103.755,103.755,103.725,103.725,35,33.0,97.0,7600010.0,DX
2024-11-04 18:50:00+00:00,103.73,103.74,103.73,103.74,36,33.0,97.0,7600010.0,DX
2024-11-04 18:55:00+00:00,103.755,103.755,103.74,103.74,37,33.0,97.0,7600010.0,DX
2024-11-04 19:00:00+00:00,103.74,103.775,103.74,103.77,43,33.0,97.0,7600010.0,DX
2024-11-04 19:05:00+00:00,103.77,103.77,103.73,103.755,74,33.0,97.0,7600010.0,DX
2024-11-04 19:10:00+00:00,103.76,103.78,103.76,103.775,30,33.0,97.0,7600010.0,DX
2024-11-04 19:15:00+00:00,103.77,103.775,103.76,103.775,109,33.0,97.0,7600010.0,DX
2024-11-04 19:20:00+00:00,103.78,103.78,103.775,103.78,11,33.0,97.0,7600010.0,DX
2024-11-04 19:25:00+00:00,103.78,103.785,103.77,103.78,80,33.0,97.0,7600010.0,DX
2024-11-04 19:30:00+00:00,103.79,103.8,103.775,103.78,36,33.0,97.0,7600010.0,DX
2024-11-04 19:35:00+00:00,103.775,103.78,103.765,103.765,35,33.0,97.0,7600010.0,DX
2024-11-04 19:40:00+00:00,103.76,103.765,103.75,103.765,38,33.0,97.0,7600010.0,DX
2024-11-04 19:45:00+00:00,103.765,103.775,103.765,103.77,23,33.0,97.0,7600010.0,DX
2024-11-04 19:50:00+00:00,103.77,103.79,103.765,103.79,76,33.0,97.0,7600010.0,DX
2024-11-04 19:55:00+00:00,103.795,103.8,103.775,103.785,561,33.0,97.0,7600010.0,DX
2024-11-04 20:00:00+00:00,103.79,103.805,103.79,103.795,70,33.0,97.0,7600010.0,DX
2024-11-04 20:05:00+00:00,103.79,103.79,103.78,103.79,41,33.0,97.0,7600010.0,DX
2024-11-04 20:10:00+00:00,103.795,103.795,103.785,103.79,28,33.0,97.0,7600010.0,DX
2024-11-04 20:15:00+00:00,103.795,103.795,103.77,103.77,12,33.0,97.0,7600010.0,DX
2024-11-04 20:20:00+00:00,103.77,103.775,103.765,103.775,39,33.0,97.0,7600010.0,DX
2024-11-04 20:25:00+00:00,103.775,103.79,103.775,103.785,24,33.0,97.0,7600010.0,DX
2024-11-04 20:30:00+00:00,103.795,103.8,103.795,103.8,14,33.0,97.0,7600010.0,DX
2024-11-04 20:35:00+00:00,103.8,103.81,103.8,103.81,61,33.0,97.0,7600010.0,DX
2024-11-04 20:40:00+00:00,103.815,103.815,103.785,103.795,49,33.0,97.0,7600010.0,DX
2024-11-04 20:45:00+00:00,103.805,103.805,103.8,103.805,18,33.0,97.0,7600010.0,DX
2024-11-04 20:50:00+00:00,103.805,103.815,103.805,103.805,171,33.0,97.0,7600010.0,DX
2024-11-04 20:55:00+00:00,103.805,103.815,103.805,103.815,89,33.0,97.0,7600010.0,DX
2024-11-04 21:00:00+00:00,103.815,103.82,103.815,103.82,21,33.0,97.0,7600010.0,DX
2024-11-04 21:05:00+00:00,103.815,103.82,103.815,103.82,4,33.0,97.0,7600010.0,DX
2024-11-04 21:10:00+00:00,103.825,103.825,103.825,103.825,2,33.0,97.0,7600010.0,DX
2024-11-04 21:15:00+00:00,103.815,103.825,103.815,103.82,61,33.0,97.0,7600010.0,DX
2024-11-04 21:20:00+00:00,103.82,103.825,103.82,103.825,12,33.0,97.0,7600010.0,DX
2024-11-04 21:30:00+00:00,103.825,103.825,103.81,103.81,15,33.0,97.0,7600010.0,DX
2024-11-04 21:35:00+00:00,103.815,103.815,103.815,103.815,14,33.0,97.0,7600010.0,DX
2024-11-04 21:40:00+00:00,103.815,103.815,103.815,103.815,9,33.0,97.0,7600010.0,DX
2024-11-04 21:45:00+00:00,103.815,103.815,103.81,103.81,5,33.0,97.0,7600010.0,DX
2024-11-04 21:50:00+00:00,103.805,103.805,103.805,103.805,32,33.0,97.0,7600010.0,DX
2024-11-04 21:55:00+00:00,103.805,103.805,103.805,103.805,1,33.0,97.0,7600010.0,DX
2024-11-05 01:00:00+00:00,103.84,103.855,103.825,103.845,108,33.0,97.0,7600010.0,DX
2024-11-05 01:05:00+00:00,103.85,103.865,103.85,103.865,19,33.0,97.0,7600010.0,DX
2024-11-05 01:10:00+00:00,103.87,103.87,103.86,103.865,17,33.0,97.0,7600010.0,DX
2024-11-05 01:15:00+00:00,103.86,103.86,103.86,103.86,4,33.0,97.0,7600010.0,DX
2024-11-05 01:20:00+00:00,103.86,103.865,103.85,103.855,19,33.0,97.0,7600010.0,DX
2024-11-05 01:25:00+00:00,103.855,103.86,103.85,103.855,22,33.0,97.0,7600010.0,DX
2024-11-05 01:30:00+00:00,103.85,103.855,103.84,103.845,22,33.0,97.0,7600010.0,DX
2024-11-05 01:35:00+00:00,103.845,103.855,103.845,103.845,45,33.0,97.0,7600010.0,DX
2024-11-05 01:40:00+00:00,103.84,103.84,103.825,103.825,21,33.0,97.0,7600010.0,DX
2024-11-05 01:45:00+00:00,103.82,103.83,103.805,103.825,96,33.0,97.0,7600010.0,DX
2024-11-05 01:50:00+00:00,103.82,103.83,103.815,103.83,81,33.0,97.0,7600010.0,DX
2024-11-05 01:55:00+00:00,103.83,103.83,103.82,103.82,16,33.0,97.0,7600010.0,DX
2024-11-05 02:00:00+00:00,103.815,103.815,103.81,103.815,20,33.0,97.0,7600010.0,DX
2024-11-05 02:05:00+00:00,103.81,103.82,103.81,103.815,29,33.0,97.0,7600010.0,DX
2024-11-05 02:10:00+00:00,103.815,103.815,103.8,103.8,36,33.0,97.0,7600010.0,DX
2024-11-05 02:15:00+00:00,103.8,103.8,103.8,103.8,18,33.0,97.0,7600010.0,DX
2024-11-05 02:20:00+00:00,103.81,103.82,103.81,103.81,31,33.0,97.0,7600010.0,DX
2024-11-05 02:25:00+00:00,103.805,103.805,103.805,103.805,6,33.0,97.0,7600010.0,DX
2024-11-05 02:30:00+00:00,103.795,103.8,103.79,103.8,32,33.0,97.0,7600010.0,DX
2024-11-05 02:35:00+00:00,103.8,103.8,103.8,103.8,12,33.0,97.0,7600010.0,DX
2024-11-05 02:40:00+00:00,103.8,103.81,103.8,103.805,18,33.0,97.0,7600010.0,DX
2024-11-05 02:45:00+00:00,103.815,103.83,103.815,103.82,13,33.0,97.0,7600010.0,DX
2024-11-05 02:50:00+00:00,103.82,103.82,103.82,103.82,8,33.0,97.0,7600010.0,DX
2024-11-05 02:55:00+00:00,103.82,103.82,103.815,103.815,4,33.0,97.0,7600010.0,DX
2024-11-05 03:00:00+00:00,103.815,103.815,103.81,103.815,29,33.0,97.0,7600010.0,DX
2024-11-05 03:05:00+00:00,103.815,103.82,103.815,103.815,35,33.0,97.0,7600010.0,DX
2024-11-05 03:10:00+00:00,103.815,103.825,103.815,103.82,15,33.0,97.0,7600010.0,DX
2024-11-05 03:15:00+00:00,103.815,103.815,103.81,103.81,5,33.0,97.0,7600010.0,DX
2024-11-05 03:20:00+00:00,103.81,103.81,103.81,103.81,3,33.0,97.0,7600010.0,DX
2024-11-05 03:25:00+00:00,103.815,103.815,103.81,103.81,35,33.0,97.0,7600010.0,DX
2024-11-05 03:30:00+00:00,103.815,103.815,103.805,103.815,21,33.0,97.0,7600010.0,DX
2024-11-05 03:35:00+00:00,103.82,103.82,103.82,103.82,1,33.0,97.0,7600010.0,DX
2024-11-05 03:40:00+00:00,103.82,103.83,103.82,103.83,12,33.0,97.0,7600010.0,DX
2024-11-05 03:45:00+00:00,103.825,103.825,103.825,103.825,1,33.0,97.0,7600010.0,DX
2024-11-05 03:50:00+00:00,103.825,103.84,103.825,103.84,9,33.0,97.0,7600010.0,DX
2024-11-05 03:55:00+00:00,103.84,103.845,103.84,103.845,5,33.0,97.0,7600010.0,DX
2024-11-05 04:00:00+00:00,103.845,103.85,103.84,103.84,18,33.0,97.0,7600010.0,DX
2024-11-05 04:05:00+00:00,103.845,103.845,103.845,103.845,6,33.0,97.0,7600010.0,DX
2024-11-05 04:10:00+00:00,103.84,103.84,103.825,103.83,19,33.0,97.0,7600010.0,DX
2024-11-05 04:15:00+00:00,103.835,103.835,103.825,103.825,28,33.0,97.0,7600010.0,DX
2024-11-05 04:20:00+00:00,103.835,103.835,103.835,103.835,13,33.0,97.0,7600010.0,DX
2024-11-05 04:25:00+00:00,103.83,103.83,103.825,103.825,9,33.0,97.0,7600010.0,DX
2024-11-05 04:30:00+00:00,103.83,103.83,103.83,103.83,8,33.0,97.0,7600010.0,DX
2024-11-05 04:35:00+00:00,103.825,103.83,103.825,103.83,33,33.0,97.0,7600010.0,DX
2024-11-05 04:40:00+00:00,103.83,103.84,103.83,103.84,15,33.0,97.0,7600010.0,DX
2024-11-05 04:45:00+00:00,103.845,103.85,103.845,103.85,14,33.0,97.0,7600010.0,DX
2024-11-05 04:50:00+00:00,103.85,103.85,103.845,103.845,28,33.0,97.0,7600010.0,DX
2024-11-05 04:55:00+00:00,103.85,103.86,103.845,103.85,40,33.0,97.0,7600010.0,DX
2024-11-05 05:00:00+00:00,103.85,103.85,103.845,103.845,27,33.0,97.0,7600010.0,DX
2024-11-05 05:05:00+00:00,103.84,103.84,103.84,103.84,10,33.0,97.0,7600010.0,DX
2024-11-05 05:10:00+00:00,103.84,103.84,103.84,103.84,1,33.0,97.0,7600010.0,DX
2024-11-05 05:15:00+00:00,103.84,103.84,103.84,103.84,3,33.0,97.0,7600010.0,DX
2024-11-05 05:20:00+00:00,103.835,103.835,103.83,103.835,10,33.0,97.0,7600010.0,DX
2024-11-05 05:25:00+00:00,103.835,103.835,103.835,103.835,1,33.0,97.0,7600010.0,DX
2024-11-05 05:30:00+00:00,103.835,103.835,103.82,103.82,21,33.0,97.0,7600010.0,DX
2024-11-05 05:35:00+00:00,103.82,103.82,103.815,103.815,13,33.0,97.0,7600010.0,DX
2024-11-05 05:40:00+00:00,103.805,103.81,103.805,103.81,17,33.0,97.0,7600010.0,DX
2024-11-05 05:45:00+00:00,103.805,103.805,103.805,103.805,6,33.0,97.0,7600010.0,DX
2024-11-05 05:50:00+00:00,103.805,103.805,103.805,103.805,4,33.0,97.0,7600010.0,DX
2024-11-05 05:55:00+00:00,103.815,103.82,103.815,103.82,37,33.0,97.0,7600010.0,DX
2024-11-05 06:00:00+00:00,103.82,103.83,103.81,103.81,17,33.0,97.0,7600010.0,DX
2024-11-05 06:05:00+00:00,103.81,103.81,103.8,103.805,11,33.0,97.0,7600010.0,DX
2024-11-05 06:10:00+00:00,103.81,103.82,103.81,103.82,20,33.0,97.0,7600010.0,DX
2024-11-05 06:15:00+00:00,103.81,103.81,103.805,103.805,37,33.0,97.0,7600010.0,DX
2024-11-05 06:20:00+00:00,103.805,103.81,103.8,103.81,14,33.0,97.0,7600010.0,DX
2024-11-05 06:25:00+00:00,103.81,103.81,103.81,103.81,1,33.0,97.0,7600010.0,DX
2024-11-05 06:30:00+00:00,103.815,103.815,103.805,103.805,6,33.0,97.0,7600010.0,DX
2024-11-05 06:35:00+00:00,103.8,103.8,103.8,103.8,3,33.0,97.0,7600010.0,DX
2024-11-05 06:40:00+00:00,103.8,103.8,103.8,103.8,6,33.0,97.0,7600010.0,DX
2024-11-05 06:45:00+00:00,103.805,103.81,103.805,103.81,29,33.0,97.0,7600010.0,DX
2024-11-05 06:50:00+00:00,103.805,103.805,103.805,103.805,9,33.0,97.0,7600010.0,DX
2024-11-05 06:55:00+00:00,103.795,103.795,103.78,103.785,13,33.0,97.0,7600010.0,DX
2024-11-05 07:00:00+00:00,103.79,103.79,103.76,103.765,56,33.0,97.0,7600010.0,DX
2024-11-05 07:05:00+00:00,103.76,103.76,103.74,103.74,23,33.0,97.0,7600010.0,DX
2024-11-05 07:10:00+00:00,103.73,103.74,103.72,103.725,33,33.0,97.0,7600010.0,DX
2024-11-05 07:15:00+00:00,103.73,103.73,103.71,103.72,31,33.0,97.0,7600010.0,DX
2024-11-05 07:20:00+00:00,103.725,103.74,103.725,103.74,16,33.0,97.0,7600010.0,DX
2024-11-05 07:25:00+00:00,103.73,103.73,103.73,103.73,4,33.0,97.0,7600010.0,DX
2024-11-05 07:30:00+00:00,103.725,103.725,103.715,103.715,9,33.0,97.0,7600010.0,DX
2024-11-05 07:35:00+00:00,103.71,103.71,103.7,103.7,25,33.0,97.0,7600010.0,DX
2024-11-05 07:40:00+00:00,103.705,103.715,103.705,103.715,42,33.0,97.0,7600010.0,DX
2024-11-05 07:45:00+00:00,103.72,103.73,103.72,103.73,14,33.0,97.0,7600010.0,DX
2024-11-05 07:50:00+00:00,103.725,103.725,103.725,103.725,8,33.0,97.0,7600010.0,DX
2024-11-05 07:55:00+00:00,103.73,103.73,103.72,103.72,26,33.0,97.0,7600010.0,DX
2024-11-05 08:00:00+00:00,103.72,103.74,103.71,103.74,44,33.0,97.0,7600010.0,DX
2024-11-05 08:05:00+00:00,103.74,103.745,103.725,103.745,49,33.0,97.0,7600010.0,DX
2024-11-05 08:10:00+00:00,103.745,103.76,103.74,103.74,40,33.0,97.0,7600010.0,DX
2024-11-05 08:15:00+00:00,103.74,103.74,103.72,103.73,66,33.0,97.0,7600010.0,DX
2024-11-05 08:20:00+00:00,103.73,103.73,103.71,103.725,18,33.0,97.0,7600010.0,DX
2024-11-05 08:25:00+00:00,103.725,103.725,103.71,103.71,12,33.0,97.0,7600010.0,DX
2024-11-05 08:30:00+00:00,103.715,103.715,103.7,103.7,41,33.0,97.0,7600010.0,DX
2024-11-05 08:35:00+00:00,103.7,103.7,103.67,103.685,50,33.0,97.0,7600010.0,DX
2024-11-05 08:40:00+00:00,103.685,103.685,103.675,103.68,19,33.0,97.0,7600010.0,DX
2024-11-05 08:45:00+00:00,103.685,103.685,103.68,103.68,12,33.0,97.0,7600010.0,DX
2024-11-05 08:50:00+00:00,103.68,103.685,103.675,103.685,19,33.0,97.0,7600010.0,DX
2024-11-05 08:55:00+00:00,103.685,103.69,103.675,103.68,42,33.0,97.0,7600010.0,DX
2024-11-05 09:00:00+00:00,103.675,103.675,103.655,103.66,53,33.0,97.0,7600010.0,DX
2024-11-05 09:05:00+00:00,103.66,103.66,103.645,103.645,61,33.0,97.0,7600010.0,DX
2024-11-05 09:10:00+00:00,103.655,103.66,103.64,103.64,46,33.0,97.0,7600010.0,DX
2024-11-05 09:15:00+00:00,103.645,103.65,103.64,103.645,39,33.0,97.0,7600010.0,DX
2024-11-05 09:20:00+00:00,103.645,103.66,103.64,103.66,71,33.0,97.0,7600010.0,DX
2024-11-05 09:25:00+00:00,103.67,103.675,103.665,103.67,45,33.0,97.0,7600010.0,DX
2024-11-05 09:30:00+00:00,103.675,103.685,103.66,103.66,25,33.0,97.0,7600010.0,DX
2024-11-05 09:35:00+00:00,103.665,103.675,103.66,103.675,16,33.0,97.0,7600010.0,DX
2024-11-05 09:40:00+00:00,103.675,103.675,103.67,103.67,12,33.0,97.0,7600010.0,DX
2024-11-05 09:50:00+00:00,103.67,103.67,103.67,103.67,34,33.0,97.0,7600010.0,DX
2024-11-05 09:55:00+00:00,103.685,103.69,103.675,103.675,51,33.0,97.0,7600010.0,DX
2024-11-05 10:00:00+00:00,103.67,103.675,103.665,103.675,40,33.0,97.0,7600010.0,DX
2024-11-05 10:05:00+00:00,103.675,103.68,103.66,103.66,134,33.0,97.0,7600010.0,DX
2024-11-05 10:10:00+00:00,103.66,103.675,103.66,103.66,55,33.0,97.0,7600010.0,DX
2024-11-05 10:15:00+00:00,103.675,103.68,103.67,103.675,17,33.0,97.0,7600010.0,DX
2024-11-05 10:20:00+00:00,103.68,103.685,103.67,103.685,34,33.0,97.0,7600010.0,DX
2024-11-05 10:25:00+00:00,103.675,103.68,103.675,103.675,18,33.0,97.0,7600010.0,DX
2024-11-05 10:30:00+00:00,103.675,103.675,103.67,103.67,11,33.0,97.0,7600010.0,DX
2024-11-05 10:35:00+00:00,103.67,103.68,103.66,103.66,15,33.0,97.0,7600010.0,DX
2024-11-05 10:40:00+00:00,103.665,103.67,103.665,103.665,21,33.0,97.0,7600010.0,DX
2024-11-05 10:45:00+00:00,103.665,103.67,103.66,103.66,5,33.0,97.0,7600010.0,DX
2024-11-05 10:50:00+00:00,103.67,103.685,103.67,103.68,15,33.0,97.0,7600010.0,DX
2024-11-05 10:55:00+00:00,103.68,103.68,103.665,103.67,40,33.0,97.0,7600010.0,DX
2024-11-05 11:00:00+00:00,103.67,103.67,103.635,103.635,45,33.0,97.0,7600010.0,DX
2024-11-05 11:05:00+00:00,103.64,103.65,103.64,103.65,8,33.0,97.0,7600010.0,DX
2024-11-05 11:10:00+00:00,103.65,103.66,103.65,103.66,5,33.0,97.0,7600010.0,DX
2024-11-05 11:15:00+00:00,103.66,103.675,103.66,103.66,19,33.0,97.0,7600010.0,DX
2024-11-05 11:20:00+00:00,103.655,103.655,103.64,103.64,62,33.0,97.0,7600010.0,DX
2024-11-05 11:25:00+00:00,103.64,103.64,103.61,103.615,41,33.0,97.0,7600010.0,DX
2024-11-05 11:30:00+00:00,103.61,103.63,103.61,103.63,75,33.0,97.0,7600010.0,DX
2024-11-05 11:35:00+00:00,103.625,103.63,103.625,103.625,21,33.0,97.0,7600010.0,DX
2024-11-05 11:40:00+00:00,103.625,103.625,103.62,103.62,30,33.0,97.0,7600010.0,DX
2024-11-05 11:45:00+00:00,103.62,103.62,103.615,103.615,7,33.0,97.0,7600010.0,DX
2024-11-05 11:50:00+00:00,103.62,103.63,103.62,103.63,5,33.0,97.0,7600010.0,DX
2024-11-05 11:55:00+00:00,103.62,103.63,103.62,103.62,22,33.0,97.0,7600010.0,DX
2024-11-05 12:00:00+00:00,103.615,103.62,103.605,103.61,52,33.0,97.0,7600010.0,DX
2024-11-05 12:05:00+00:00,103.615,103.62,103.605,103.615,110,33.0,97.0,7600010.0,DX
2024-11-05 12:10:00+00:00,103.615,103.635,103.605,103.635,52,33.0,97.0,7600010.0,DX
2024-11-05 12:15:00+00:00,103.635,103.645,103.635,103.645,40,33.0,97.0,7600010.0,DX
2024-11-05 12:20:00+00:00,103.645,103.66,103.64,103.66,17,33.0,97.0,7600010.0,DX
2024-11-05 12:25:00+00:00,103.655,103.655,103.645,103.645,14,33.0,97.0,7600010.0,DX
2024-11-05 12:30:00+00:00,103.65,103.665,103.64,103.66,112,33.0,97.0,7600010.0,DX
2024-11-05 12:35:00+00:00,103.65,103.66,103.65,103.66,62,33.0,97.0,7600010.0,DX
2024-11-05 12:40:00+00:00,103.655,103.655,103.645,103.655,9,33.0,97.0,7600010.0,DX
2024-11-05 12:45:00+00:00,103.65,103.665,103.645,103.665,32,33.0,97.0,7600010.0,DX
2024-11-05 12:50:00+00:00,103.665,103.685,103.665,103.68,28,33.0,97.0,7600010.0,DX
2024-11-05 12:55:00+00:00,103.68,103.68,103.655,103.67,40,33.0,97.0,7600010.0,DX
2024-11-05 13:00:00+00:00,103.665,103.675,103.66,103.665,105,33.0,97.0,7600010.0,DX
2024-11-05 13:05:00+00:00,103.65,103.655,103.65,103.655,32,33.0,97.0,7600010.0,DX
2024-11-05 13:10:00+00:00,103.66,103.675,103.66,103.675,24,33.0,97.0,7600010.0,DX
2024-11-05 13:15:00+00:00,103.66,103.665,103.655,103.665,31,33.0,97.0,7600010.0,DX
2024-11-05 13:20:00+00:00,103.67,103.68,103.66,103.665,46,33.0,97.0,7600010.0,DX
2024-11-05 13:25:00+00:00,103.665,103.675,103.66,103.67,105,33.0,97.0,7600010.0,DX
2024-11-05 13:30:00+00:00,103.675,103.7,103.635,103.635,96,33.0,97.0,7600010.0,DX
2024-11-05 13:35:00+00:00,103.635,103.64,103.61,103.615,82,33.0,97.0,7600010.0,DX
2024-11-05 13:40:00+00:00,103.615,103.63,103.615,103.63,115,33.0,97.0,7600010.0,DX
2024-11-05 13:45:00+00:00,103.625,103.645,103.62,103.635,72,33.0,97.0,7600010.0,DX
2024-11-05 13:50:00+00:00,103.64,103.665,103.64,103.655,229,33.0,97.0,7600010.0,DX
2024-11-05 13:55:00+00:00,103.655,103.665,103.645,103.66,256,33.0,97.0,7600010.0,DX
2024-11-05 14:00:00+00:00,103.66,103.665,103.64,103.66,55,33.0,97.0,7600010.0,DX
2024-11-05 14:05:00+00:00,103.655,103.675,103.64,103.64,78,33.0,97.0,7600010.0,DX
2024-11-05 14:10:00+00:00,103.63,103.63,103.565,103.565,88,33.0,97.0,7600010.0,DX
2024-11-05 14:15:00+00:00,103.57,103.58,103.555,103.555,209,33.0,97.0,7600010.0,DX
2024-11-05 14:20:00+00:00,103.555,103.555,103.5,103.53,183,33.0,97.0,7600010.0,DX
2024-11-05 14:25:00+00:00,103.53,103.53,103.505,103.525,99,33.0,97.0,7600010.0,DX
2024-11-05 14:30:00+00:00,103.525,103.53,103.5,103.505,125,33.0,97.0,7600010.0,DX
2024-11-05 14:35:00+00:00,103.5,103.525,103.485,103.515,145,33.0,97.0,7600010.0,DX
2024-11-05 14:40:00+00:00,103.515,103.525,103.49,103.515,205,33.0,97.0,7600010.0,DX
2024-11-05 14:45:00+00:00,103.515,103.56,103.515,103.55,217,33.0,97.0,7600010.0,DX
2024-11-05 14:50:00+00:00,103.55,103.555,103.535,103.545,40,33.0,97.0,7600010.0,DX
2024-11-05 14:55:00+00:00,103.545,103.56,103.53,103.53,78,33.0,97.0,7600010.0,DX
2024-11-05 15:00:00+00:00,103.55,103.8,103.55,103.59,333,33.0,97.0,7600010.0,DX
2024-11-05 15:05:00+00:00,103.62,103.65,103.61,103.645,181,33.0,97.0,7600010.0,DX
2024-11-05 15:10:00+00:00,103.64,103.645,103.605,103.615,53,33.0,97.0,7600010.0,DX
2024-11-05 15:15:00+00:00,103.62,103.64,103.6,103.6,82,33.0,97.0,7600010.0,DX
2024-11-05 15:20:00+00:00,103.6,103.615,103.575,103.575,94,33.0,97.0,7600010.0,DX
2024-11-05 15:25:00+00:00,103.57,103.575,103.54,103.575,75,33.0,97.0,7600010.0,DX
2024-11-05 15:30:00+00:00,103.57,103.57,103.51,103.51,37,33.0,97.0,7600010.0,DX
2024-11-05 15:35:00+00:00,103.51,103.555,103.49,103.555,124,33.0,97.0,7600010.0,DX
2024-11-05 15:40:00+00:00,103.56,103.575,103.555,103.555,15,33.0,97.0,7600010.0,DX
2024-11-05 15:45:00+00:00,103.555,103.555,103.505,103.52,42,33.0,97.0,7600010.0,DX
2024-11-05 15:50:00+00:00,103.53,103.56,103.525,103.55,42,33.0,97.0,7600010.0,DX
2024-11-05 15:55:00+00:00,103.545,103.58,103.53,103.58,30,33.0,97.0,7600010.0,DX
2024-11-05 16:00:00+00:00,103.58,103.585,103.55,103.56,145,33.0,97.0,7600010.0,DX
2024-11-05 16:05:00+00:00,103.56,103.565,103.5,103.5,79,33.0,97.0,7600010.0,DX
2024-11-05 16:10:00+00:00,103.5,103.51,103.485,103.495,32,33.0,97.0,7600010.0,DX
2024-11-05 16:15:00+00:00,103.485,103.495,103.465,103.47,43,33.0,97.0,7600010.0,DX
2024-11-05 16:20:00+00:00,103.465,103.49,103.46,103.46,63,33.0,97.0,7600010.0,DX
2024-11-05 16:25:00+00:00,103.46,103.47,103.455,103.465,23,33.0,97.0,7600010.0,DX
2024-11-05 16:30:00+00:00,103.485,103.495,103.465,103.47,116,33.0,97.0,7600010.0,DX
2024-11-05 16:35:00+00:00,103.475,103.495,103.47,103.485,24,33.0,97.0,7600010.0,DX
2024-11-05 16:40:00+00:00,103.485,103.51,103.47,103.47,70,33.0,97.0,7600010.0,DX
2024-11-05 16:45:00+00:00,103.47,103.48,103.46,103.48,74,33.0,97.0,7600010.0,DX
2024-11-05 16:50:00+00:00,103.475,103.475,103.455,103.455,28,33.0,97.0,7600010.0,DX
2024-11-05 16:55:00+00:00,103.455,103.465,103.445,103.45,75,33.0,97.0,7600010.0,DX
2024-11-05 17:00:00+00:00,103.455,103.46,103.425,103.43,133,33.0,97.0,7600010.0,DX
2024-11-05 17:05:00+00:00,103.43,103.43,103.415,103.42,113,33.0,97.0,7600010.0,DX
2024-11-05 17:10:00+00:00,103.42,103.42,103.395,103.395,97,33.0,97.0,7600010.0,DX
2024-11-05 17:15:00+00:00,103.385,103.395,103.385,103.39,23,33.0,97.0,7600010.0,DX
2024-11-05 17:20:00+00:00,103.405,103.42,103.39,103.39,11,33.0,97.0,7600010.0,DX
2024-11-05 17:25:00+00:00,103.395,103.415,103.39,103.39,41,33.0,97.0,7600010.0,DX
2024-11-05 17:30:00+00:00,103.39,103.4,103.375,103.4,50,33.0,97.0,7600010.0,DX
2024-11-05 17:35:00+00:00,103.4,103.4,103.365,103.37,32,33.0,97.0,7600010.0,DX
2024-11-05 17:40:00+00:00,103.375,103.375,103.345,103.355,53,33.0,97.0,7600010.0,DX
2024-11-05 17:45:00+00:00,103.345,103.355,103.345,103.355,45,33.0,97.0,7600010.0,DX
2024-11-05 17:50:00+00:00,103.36,103.37,103.35,103.35,53,33.0,97.0,7600010.0,DX
2024-11-05 17:55:00+00:00,103.35,103.355,103.345,103.35,36,33.0,97.0,7600010.0,DX
2024-11-05 18:00:00+00:00,103.35,103.36,103.315,103.32,159,33.0,97.0,7600010.0,DX
2024-11-05 18:05:00+00:00,103.315,103.335,103.315,103.325,64,33.0,97.0,7600010.0,DX
2024-11-05 18:10:00+00:00,103.335,103.34,103.315,103.33,47,33.0,97.0,7600010.0,DX
2024-11-05 18:15:00+00:00,103.315,103.315,103.3,103.3,24,33.0,97.0,7600010.0,DX
2024-11-05 18:20:00+00:00,103.295,103.31,103.295,103.3,28,33.0,97.0,7600010.0,DX
2024-11-05 18:25:00+00:00,103.3,103.305,103.295,103.295,38,33.0,97.0,7600010.0,DX
2024-11-05 18:30:00+00:00,103.295,103.305,103.285,103.305,44,33.0,97.0,7600010.0,DX
2024-11-05 18:35:00+00:00,103.3,103.325,103.3,103.325,15,33.0,97.0,7600010.0,DX
2024-11-05 18:40:00+00:00,103.33,103.33,103.31,103.31,44,33.0,97.0,7600010.0,DX
2024-11-05 18:45:00+00:00,103.31,103.32,103.3,103.31,17,33.0,97.0,7600010.0,DX
2024-11-05 18:50:00+00:00,103.305,103.325,103.3,103.325,46,33.0,97.0,7600010.0,DX
2024-11-05 18:55:00+00:00,103.33,103.355,103.325,103.35,59,33.0,97.0,7600010.0,DX
2024-11-05 19:00:00+00:00,103.34,103.36,103.34,103.36,23,33.0,97.0,7600010.0,DX
2024-11-05 19:05:00+00:00,103.365,103.37,103.355,103.355,27,33.0,97.0,7600010.0,DX
2024-11-05 19:10:00+00:00,103.35,103.36,103.345,103.36,11,33.0,97.0,7600010.0,DX
2024-11-05 19:15:00+00:00,103.365,103.365,103.35,103.355,71,33.0,97.0,7600010.0,DX
2024-11-05 19:20:00+00:00,103.36,103.365,103.345,103.345,30,33.0,97.0,7600010.0,DX
2024-11-05 19:25:00+00:00,103.345,103.345,103.32,103.33,89,33.0,97.0,7600010.0,DX
2024-11-05 19:30:00+00:00,103.33,103.345,103.33,103.335,48,33.0,97.0,7600010.0,DX
2024-11-05 19:35:00+00:00,103.335,103.345,103.33,103.345,48,33.0,97.0,7600010.0,DX
2024-11-05 19:40:00+00:00,103.33,103.34,103.325,103.33,37,33.0,97.0,7600010.0,DX
2024-11-05 19:45:00+00:00,103.33,103.33,103.315,103.315,26,33.0,97.0,7600010.0,DX
2024-11-05 19:50:00+00:00,103.315,103.32,103.3,103.32,69,33.0,97.0,7600010.0,DX
2024-11-05 19:55:00+00:00,103.31,103.335,103.295,103.335,145,33.0,97.0,7600010.0,DX
2024-11-05 20:00:00+00:00,103.33,103.36,103.33,103.36,190,33.0,97.0,7600010.0,DX
2024-11-05 20:05:00+00:00,103.355,103.355,103.345,103.35,42,33.0,97.0,7600010.0,DX
2024-11-05 20:10:00+00:00,103.35,103.35,103.33,103.33,25,33.0,97.0,7600010.0,DX
2024-11-05 20:15:00+00:00,103.335,103.345,103.335,103.34,17,33.0,97.0,7600010.0,DX
2024-11-05 20:20:00+00:00,103.34,103.34,103.335,103.34,12,33.0,97.0,7600010.0,DX
2024-11-05 20:25:00+00:00,103.34,103.35,103.335,103.345,110,33.0,97.0,7600010.0,DX
2024-11-05 20:30:00+00:00,103.345,103.35,103.34,103.34,43,33.0,97.0,7600010.0,DX
2024-11-05 20:35:00+00:00,103.345,103.355,103.34,103.345,50,33.0,97.0,7600010.0,DX
2024-11-05 20:40:00+00:00,103.355,103.36,103.345,103.355,31,33.0,97.0,7600010.0,DX
2024-11-05 20:45:00+00:00,103.36,103.375,103.36,103.37,20,33.0,97.0,7600010.0,DX
2024-11-05 20:50:00+00:00,103.365,103.365,103.35,103.36,72,33.0,97.0,7600010.0,DX
2024-11-05 20:55:00+00:00,103.355,103.37,103.355,103.36,97,33.0,97.0,7600010.0,DX
2024-11-05 21:00:00+00:00,103.36,103.37,103.35,103.355,103,33.0,97.0,7600010.0,DX
2024-11-05 21:05:00+00:00,103.35,103.36,103.35,103.355,9,33.0,97.0,7600010.0,DX
2024-11-05 21:10:00+00:00,103.355,103.355,103.355,103.355,8,33.0,97.0,7600010.0,DX
2024-11-05 21:15:00+00:00,103.35,103.35,103.35,103.35,5,33.0,97.0,7600010.0,DX
2024-11-05 21:20:00+00:00,103.355,103.36,103.355,103.36,5,33.0,97.0,7600010.0,DX
2024-11-05 21:25:00+00:00,103.36,103.36,103.36,103.36,10,33.0,97.0,7600010.0,DX
2024-11-05 21:30:00+00:00,103.365,103.37,103.36,103.36,22,33.0,97.0,7600010.0,DX
2024-11-05 21:35:00+00:00,103.355,103.36,103.355,103.36,5,33.0,97.0,7600010.0,DX
2024-11-05 21:40:00+00:00,103.35,103.35,103.35,103.35,2,33.0,97.0,7600010.0,DX
2024-11-05 21:45:00+00:00,103.34,103.34,103.33,103.33,66,33.0,97.0,7600010.0,DX
2024-11-05 21:50:00+00:00,103.325,103.325,103.325,103.325,5,33.0,97.0,7600010.0,DX
2024-11-05 21:55:00+00:00,103.335,103.335,103.32,103.32,9,33.0,97.0,7600010.0,DX
2024-11-06 01:00:00+00:00,104.145,104.22,104.105,104.215,895,33.0,97.0,7600010.0,DX
2024-11-06 01:05:00+00:00,104.22,104.255,104.14,104.14,399,33.0,97.0,7600010.0,DX
2024-11-06 01:10:00+00:00,104.135,104.165,104.065,104.09,274,33.0,97.0,7600010.0,DX
2024-11-06 01:15:00+00:00,104.075,104.08,103.96,104.05,295,33.0,97.0,7600010.0,DX
2024-11-06 01:20:00+00:00,104.05,104.105,104.04,104.09,192,33.0,97.0,7600010.0,DX
2024-11-06 01:25:00+00:00,104.09,104.16,104.06,104.15,184,33.0,97.0,7600010.0,DX
2024-11-06 01:30:00+00:00,104.15,104.195,104.13,104.155,273,33.0,97.0,7600010.0,DX
2024-11-06 01:35:00+00:00,104.155,104.19,104.115,104.18,283,33.0,97.0,7600010.0,DX
2024-11-06 01:40:00+00:00,104.175,104.19,104.11,104.11,97,33.0,97.0,7600010.0,DX
2024-11-06 01:45:00+00:00,104.11,104.11,104.04,104.075,165,33.0,97.0,7600010.0,DX
2024-11-06 01:50:00+00:00,104.075,104.075,104.025,104.025,105,33.0,97.0,7600010.0,DX
2024-11-06 01:55:00+00:00,104.03,104.14,104.03,104.13,78,33.0,97.0,7600010.0,DX
2024-11-06 02:00:00+00:00,104.135,104.19,104.125,104.185,177,33.0,97.0,7600010.0,DX
2024-11-06 02:05:00+00:00,104.19,104.305,104.17,104.28,331,33.0,97.0,7600010.0,DX
2024-11-06 02:10:00+00:00,104.285,104.41,104.285,104.405,963,33.0,97.0,7600010.0,DX
2024-11-06 02:15:00+00:00,104.4,104.42,104.36,104.38,363,33.0,97.0,7600010.0,DX
2024-11-06 02:20:00+00:00,104.385,104.385,104.31,104.365,389,33.0,97.0,7600010.0,DX
2024-11-06 02:25:00+00:00,104.375,104.555,104.375,104.555,597,33.0,97.0,7600010.0,DX
2024-11-06 02:30:00+00:00,104.555,104.645,104.49,104.64,939,33.0,97.0,7600010.0,DX
2024-11-06 02:35:00+00:00,104.64,104.72,104.61,104.645,939,33.0,97.0,7600010.0,DX
2024-11-06 02:40:00+00:00,104.645,104.67,104.57,104.65,451,33.0,97.0,7600010.0,DX
2024-11-06 02:45:00+00:00,104.65,104.715,104.585,104.605,499,33.0,97.0,7600010.0,DX
2024-11-06 02:50:00+00:00,104.615,104.725,104.6,104.67,251,33.0,97.0,7600010.0,DX
2024-11-06 02:55:00+00:00,104.66,104.785,104.64,104.78,355,33.0,97.0,7600010.0,DX
2024-11-06 03:00:00+00:00,104.78,104.92,104.77,104.87,794,33.0,97.0,7600010.0,DX
2024-11-06 03:05:00+00:00,104.875,104.94,104.74,104.74,555,33.0,97.0,7600010.0,DX
2024-11-06 03:10:00+00:00,104.74,104.84,104.635,104.795,501,33.0,97.0,7600010.0,DX
2024-11-06 03:15:00+00:00,104.8,104.885,104.785,104.85,260,33.0,97.0,7600010.0,DX
2024-11-06 03:20:00+00:00,104.855,104.855,104.735,104.735,306,33.0,97.0,7600010.0,DX
2024-11-06 03:25:00+00:00,104.735,104.82,104.71,104.805,247,33.0,97.0,7600010.0,DX
2024-11-06 03:30:00+00:00,104.805,104.825,104.785,104.825,229,33.0,97.0,7600010.0,DX
2024-11-06 03:35:00+00:00,104.825,104.97,104.805,104.96,406,33.0,97.0,7600010.0,DX
2024-11-06 03:40:00+00:00,104.96,105.115,104.96,105.1,1047,33.0,97.0,7600010.0,DX
2024-11-06 03:45:00+00:00,105.095,105.105,104.92,104.99,414,33.0,97.0,7600010.0,DX
2024-11-06 03:50:00+00:00,104.99,105.04,104.98,105.005,281,33.0,97.0,7600010.0,DX
2024-11-06 03:55:00+00:00,105.0,105.01,104.895,104.9,404,33.0,97.0,7600010.0,DX
2024-11-06 04:00:00+00:00,104.905,104.955,104.84,104.91,415,33.0,97.0,7600010.0,DX
2024-11-06 04:05:00+00:00,104.915,104.935,104.86,104.86,202,33.0,97.0,7600010.0,DX
2024-11-06 04:10:00+00:00,104.855,104.875,104.765,104.78,395,33.0,97.0,7600010.0,DX
2024-11-06 04:15:00+00:00,104.785,104.795,104.74,104.79,276,33.0,97.0,7600010.0,DX
2024-11-06 04:20:00+00:00,104.8,104.82,104.775,104.805,218,33.0,97.0,7600010.0,DX
2024-11-06 04:25:00+00:00,104.805,104.84,104.79,104.84,294,33.0,97.0,7600010.0,DX
2024-11-06 04:30:00+00:00,104.845,104.855,104.755,104.755,228,33.0,97.0,7600010.0,DX
2024-11-06 04:35:00+00:00,104.755,104.765,104.7,104.71,433,33.0,97.0,7600010.0,DX
2024-11-06 04:40:00+00:00,104.715,104.715,104.555,104.675,584,33.0,97.0,7600010.0,DX
2024-11-06 04:45:00+00:00,104.675,104.725,104.655,104.71,170,33.0,97.0,7600010.0,DX
2024-11-06 04:50:00+00:00,104.705,104.735,104.68,104.725,234,33.0,97.0,7600010.0,DX
2024-11-06 04:55:00+00:00,104.725,104.76,104.61,104.615,501,33.0,97.0,7600010.0,DX
2024-11-06 05:00:00+00:00,104.62,104.645,104.49,104.56,490,33.0,97.0,7600010.0,DX
2024-11-06 05:05:00+00:00,104.565,104.585,104.475,104.585,265,33.0,97.0,7600010.0,DX
2024-11-06 05:10:00+00:00,104.585,104.655,104.565,104.655,326,33.0,97.0,7600010.0,DX
2024-11-06 05:15:00+00:00,104.65,104.655,104.49,104.515,318,33.0,97.0,7600010.0,DX
2024-11-06 05:20:00+00:00,104.51,104.65,104.46,104.62,420,33.0,97.0,7600010.0,DX
2024-11-06 05:25:00+00:00,104.615,104.665,104.585,104.61,280,33.0,97.0,7600010.0,DX
2024-11-06 05:30:00+00:00,104.605,104.74,104.605,104.7,351,33.0,97.0,7600010.0,DX
2024-11-06 05:35:00+00:00,104.695,104.81,104.68,104.735,589,33.0,97.0,7600010.0,DX
2024-11-06 05:40:00+00:00,104.72,104.785,104.69,104.715,328,33.0,97.0,7600010.0,DX
2024-11-06 05:45:00+00:00,104.735,104.74,104.685,104.73,150,33.0,97.0,7600010.0,DX
2024-11-06 05:50:00+00:00,104.725,104.795,104.715,104.785,249,33.0,97.0,7600010.0,DX
2024-11-06 05:55:00+00:00,104.78,104.785,104.735,104.765,242,33.0,97.0,7600010.0,DX
2024-11-06 06:00:00+00:00,104.76,104.845,104.75,104.8,229,33.0,97.0,7600010.0,DX
2024-11-06 06:05:00+00:00,104.8,104.905,104.8,104.86,191,33.0,97.0,7600010.0,DX
2024-11-06 06:10:00+00:00,104.865,105.0,104.855,104.975,541,33.0,97.0,7600010.0,DX
2024-11-06 06:15:00+00:00,104.965,104.985,104.905,104.95,204,33.0,97.0,7600010.0,DX
2024-11-06 06:20:00+00:00,104.95,105.025,104.94,105.02,150,33.0,97.0,7600010.0,DX
2024-11-06 06:25:00+00:00,105.015,105.065,105.01,105.065,227,33.0,97.0,7600010.0,DX
2024-11-06 06:30:00+00:00,105.08,105.13,105.04,105.12,254,33.0,97.0,7600010.0,DX
2024-11-06 06:35:00+00:00,105.115,105.18,105.07,105.175,285,33.0,97.0,7600010.0,DX
2024-11-06 06:40:00+00:00,105.175,105.235,105.155,105.155,197,33.0,97.0,7600010.0,DX
2024-11-06 06:45:00+00:00,105.16,105.16,105.07,105.12,104,33.0,97.0,7600010.0,DX
2024-11-06 06:50:00+00:00,105.12,105.175,105.095,105.1,188,33.0,97.0,7600010.0,DX
2024-11-06 06:55:00+00:00,105.1,105.1,105.02,105.045,189,33.0,97.0,7600010.0,DX
2024-11-06 07:00:00+00:00,105.045,105.045,104.96,104.995,572,33.0,97.0,7600010.0,DX
2024-11-06 07:05:00+00:00,104.99,105.005,104.925,104.93,284,33.0,97.0,7600010.0,DX
2024-11-06 07:10:00+00:00,104.94,105.005,104.915,104.925,295,33.0,97.0,7600010.0,DX
2024-11-06 07:15:00+00:00,104.925,104.965,104.865,104.865,228,33.0,97.0,7600010.0,DX
2024-11-06 07:20:00+00:00,104.86,104.91,104.845,104.87,181,33.0,97.0,7600010.0,DX
2024-11-06 07:25:00+00:00,104.9,104.945,104.82,104.84,191,33.0,97.0,7600010.0,DX
2024-11-06 07:30:00+00:00,104.845,104.905,104.845,104.9,135,33.0,97.0,7600010.0,DX
2024-11-06 07:35:00+00:00,104.89,104.935,104.855,104.935,130,33.0,97.0,7600010.0,DX
2024-11-06 07:40:00+00:00,104.93,105.02,104.915,105.01,442,33.0,97.0,7600010.0,DX
2024-11-06 07:45:00+00:00,105.0,105.0,104.885,104.895,228,33.0,97.0,7600010.0,DX
2024-11-06 07:50:00+00:00,104.89,105.025,104.89,104.94,319,33.0,97.0,7600010.0,DX
2024-11-06 07:55:00+00:00,104.94,104.98,104.91,104.975,146,33.0,97.0,7600010.0,DX
2024-11-06 08:00:00+00:00,104.98,105.005,104.91,104.925,336,33.0,97.0,7600010.0,DX
2024-11-06 08:05:00+00:00,104.93,104.995,104.9,104.935,200,33.0,97.0,7600010.0,DX
2024-11-06 08:10:00+00:00,104.95,104.98,104.93,104.945,144,33.0,97.0,7600010.0,DX
2024-11-06 08:15:00+00:00,104.94,104.965,104.905,104.91,139,33.0,97.0,7600010.0,DX
2024-11-06 08:20:00+00:00,104.905,104.94,104.885,104.925,234,33.0,97.0,7600010.0,DX
2024-11-06 08:25:00+00:00,104.925,104.925,104.84,104.88,294,33.0,97.0,7600010.0,DX
2024-11-06 08:30:00+00:00,104.875,104.9,104.8,104.81,405,33.0,97.0,7600010.0,DX
2024-11-06 08:35:00+00:00,104.82,104.83,104.71,104.78,324,33.0,97.0,7600010.0,DX
2024-11-06 08:40:00+00:00,104.785,104.785,104.735,104.75,109,33.0,97.0,7600010.0,DX
2024-11-06 08:45:00+00:00,104.75,104.75,104.665,104.68,145,33.0,97.0,7600010.0,DX
2024-11-06 08:50:00+00:00,104.685,104.685,104.605,104.685,119,33.0,97.0,7600010.0,DX
2024-11-06 08:55:00+00:00,104.675,104.695,104.615,104.655,79,33.0,97.0,7600010.0,DX
2024-11-06 09:00:00+00:00,104.67,104.74,104.665,104.73,232,33.0,97.0,7600010.0,DX
2024-11-06 09:05:00+00:00,104.725,104.74,104.695,104.71,138,33.0,97.0,7600010.0,DX
2024-11-06 09:10:00+00:00,104.7,104.7,104.65,104.695,96,33.0,97.0,7600010.0,DX
2024-11-06 09:15:00+00:00,104.695,104.75,104.695,104.75,61,33.0,97.0,7600010.0,DX
2024-11-06 09:20:00+00:00,104.755,104.775,104.735,104.775,57,33.0,97.0,7600010.0,DX
2024-11-06 09:25:00+00:00,104.785,104.825,104.76,104.795,153,33.0,97.0,7600010.0,DX
2024-11-06 09:30:00+00:00,104.795,104.805,104.735,104.735,34,33.0,97.0,7600010.0,DX
2024-11-06 09:35:00+00:00,104.74,104.785,104.71,104.785,26,33.0,97.0,7600010.0,DX
2024-11-06 09:40:00+00:00,104.79,104.81,104.765,104.765,63,33.0,97.0,7600010.0,DX
2024-11-06 09:45:00+00:00,104.78,104.785,104.72,104.72,67,33.0,97.0,7600010.0,DX
2024-11-06 09:50:00+00:00,104.715,104.765,104.715,104.755,54,33.0,97.0,7600010.0,DX
2024-11-06 09:55:00+00:00,104.77,104.8,104.745,104.8,86,33.0,97.0,7600010.0,DX
2024-11-06 10:00:00+00:00,104.8,104.865,104.785,104.85,91,33.0,97.0,7600010.0,DX
2024-11-06 10:05:00+00:00,104.855,104.865,104.825,104.86,182,33.0,97.0,7600010.0,DX
2024-11-06 10:10:00+00:00,104.865,104.905,104.855,104.86,281,33.0,97.0,7600010.0,DX
2024-11-06 10:15:00+00:00,104.86,104.87,104.84,104.845,70,33.0,97.0,7600010.0,DX
2024-11-06 10:20:00+00:00,104.85,104.85,104.78,104.78,35,33.0,97.0,7600010.0,DX
2024-11-06 10:25:00+00:00,104.775,104.775,104.735,104.755,77,33.0,97.0,7600010.0,DX
2024-11-06 10:30:00+00:00,104.76,104.81,104.75,104.805,39,33.0,97.0,7600010.0,DX
2024-11-06 10:35:00+00:00,104.81,104.83,104.805,104.82,93,33.0,97.0,7600010.0,DX
2024-11-06 10:40:00+00:00,104.82,104.84,104.82,104.835,85,33.0,97.0,7600010.0,DX
2024-11-06 10:45:00+00:00,104.835,104.845,104.805,104.83,129,33.0,97.0,7600010.0,DX
2024-11-06 10:50:00+00:00,104.83,104.845,104.81,104.82,116,33.0,97.0,7600010.0,DX
2024-11-06 10:55:00+00:00,104.81,104.855,104.8,104.855,85,33.0,97.0,7600010.0,DX
2024-11-06 11:00:00+00:00,104.855,104.895,104.85,104.895,63,33.0,97.0,7600010.0,DX
2024-11-06 11:05:00+00:00,104.9,104.945,104.9,104.935,113,33.0,97.0,7600010.0,DX
2024-11-06 11:10:00+00:00,104.935,104.955,104.92,104.935,70,33.0,97.0,7600010.0,DX
2024-11-06 11:15:00+00:00,104.95,105.055,104.935,105.04,299,33.0,97.0,7600010.0,DX
2024-11-06 11:20:00+00:00,105.04,105.09,105.03,105.035,150,33.0,97.0,7600010.0,DX
2024-11-06 11:25:00+00:00,105.045,105.085,105.03,105.075,103,33.0,97.0,7600010.0,DX
2024-11-06 11:30:00+00:00,105.075,105.09,105.05,105.055,165,33.0,97.0,7600010.0,DX
2024-11-06 11:35:00+00:00,105.055,105.13,105.045,105.1,129,33.0,97.0,7600010.0,DX
2024-11-06 11:40:00+00:00,105.11,105.14,105.095,105.14,114,33.0,97.0,7600010.0,DX
2024-11-06 11:45:00+00:00,105.13,105.185,105.125,105.16,166,33.0,97.0,7600010.0,DX
2024-11-06 11:50:00+00:00,105.165,105.215,105.155,105.2,138,33.0,97.0,7600010.0,DX
2024-11-06 11:55:00+00:00,105.2,105.205,105.14,105.165,135,33.0,97.0,7600010.0,DX
2024-11-06 12:00:00+00:00,105.165,105.165,105.085,105.095,221,33.0,97.0,7600010.0,DX
2024-11-06 12:05:00+00:00,105.095,105.145,105.09,105.11,70,33.0,97.0,7600010.0,DX
2024-11-06 12:10:00+00:00,105.115,105.15,105.11,105.135,54,33.0,97.0,7600010.0,DX
2024-11-06 12:15:00+00:00,105.135,105.155,105.115,105.155,72,33.0,97.0,7600010.0,DX
2024-11-06 12:20:00+00:00,105.165,105.22,105.16,105.165,189,33.0,97.0,7600010.0,DX
2024-11-06 12:25:00+00:00,105.18,105.25,105.18,105.245,154,33.0,97.0,7600010.0,DX
2024-11-06 12:30:00+00:00,105.245,105.345,105.215,105.27,468,33.0,97.0,7600010.0,DX
2024-11-06 12:35:00+00:00,105.27,105.28,105.215,105.265,458,33.0,97.0,7600010.0,DX
2024-11-06 12:40:00+00:00,105.25,105.315,105.24,105.305,134,33.0,97.0,7600010.0,DX
2024-11-06 12:45:00+00:00,105.3,105.325,105.28,105.31,102,33.0,97.0,7600010.0,DX
2024-11-06 12:50:00+00:00,105.305,105.315,105.225,105.23,191,33.0,97.0,7600010.0,DX
2024-11-06 12:55:00+00:00,105.23,105.3,105.215,105.3,101,33.0,97.0,7600010.0,DX
2024-11-06 13:00:00+00:00,105.31,105.335,105.3,105.305,92,33.0,97.0,7600010.0,DX
2024-11-06 13:05:00+00:00,105.305,105.34,105.245,105.25,517,33.0,97.0,7600010.0,DX
2024-11-06 13:10:00+00:00,105.25,105.25,105.12,105.19,244,33.0,97.0,7600010.0,DX
2024-11-06 13:15:00+00:00,105.185,105.185,105.1,105.165,280,33.0,97.0,7600010.0,DX
2024-11-06 13:20:00+00:00,105.16,105.2,105.145,105.19,293,33.0,97.0,7600010.0,DX
2024-11-06 13:25:00+00:00,105.205,105.24,105.185,105.2,376,33.0,97.0,7600010.0,DX
2024-11-06 13:30:00+00:00,105.205,105.215,105.16,105.16,160,33.0,97.0,7600010.0,DX
2024-11-06 13:35:00+00:00,105.165,105.22,105.14,105.16,232,33.0,97.0,7600010.0,DX
2024-11-06 13:40:00+00:00,105.16,105.185,105.15,105.175,124,33.0,97.0,7600010.0,DX
2024-11-06 13:45:00+00:00,105.185,105.225,105.165,105.22,381,33.0,97.0,7600010.0,DX
2024-11-06 13:50:00+00:00,105.23,105.23,105.095,105.12,432,33.0,97.0,7600010.0,DX
2024-11-06 13:55:00+00:00,105.125,105.175,105.11,105.175,134,33.0,97.0,7600010.0,DX
2024-11-06 14:00:00+00:00,105.18,105.185,105.1,105.135,145,33.0,97.0,7600010.0,DX
2024-11-06 14:05:00+00:00,105.155,105.165,105.135,105.155,151,33.0,97.0,7600010.0,DX
2024-11-06 14:10:00+00:00,105.165,105.165,105.115,105.12,54,33.0,97.0,7600010.0,DX
2024-11-06 14:15:00+00:00,105.12,105.17,105.115,105.15,58,33.0,97.0,7600010.0,DX
2024-11-06 14:20:00+00:00,105.155,105.18,105.14,105.165,161,33.0,97.0,7600010.0,DX
2024-11-06 14:25:00+00:00,105.165,105.215,105.165,105.215,97,33.0,97.0,7600010.0,DX
2024-11-06 14:30:00+00:00,105.215,105.29,105.2,105.245,284,33.0,97.0,7600010.0,DX
2024-11-06 14:35:00+00:00,105.25,105.275,105.225,105.225,123,33.0,97.0,7600010.0,DX
2024-11-06 14:40:00+00:00,105.23,105.25,105.21,105.23,195,33.0,97.0,7600010.0,DX
2024-11-06 14:45:00+00:00,105.23,105.235,105.185,105.23,99,33.0,97.0,7600010.0,DX
2024-11-06 14:50:00+00:00,105.215,105.28,105.205,105.24,166,33.0,97.0,7600010.0,DX
2024-11-06 14:55:00+00:00,105.24,105.255,105.11,105.135,280,33.0,97.0,7600010.0,DX
2024-11-06 15:00:00+00:00,105.13,105.13,105.005,105.09,316,33.0,97.0,7600010.0,DX
2024-11-06 15:05:00+00:00,105.085,105.085,104.925,104.98,499,33.0,97.0,7600010.0,DX
2024-11-06 15:10:00+00:00,104.98,105.06,104.97,105.05,126,33.0,97.0,7600010.0,DX
2024-11-06 15:15:00+00:00,105.04,105.065,105.025,105.065,151,33.0,97.0,7600010.0,DX
2024-11-06 15:20:00+00:00,105.05,105.11,105.02,105.11,161,33.0,97.0,7600010.0,DX
2024-11-06 15:25:00+00:00,105.11,105.135,105.005,105.005,551,33.0,97.0,7600010.0,DX
2024-11-06 15:30:00+00:00,105.01,105.03,104.99,105.005,132,33.0,97.0,7600010.0,DX
2024-11-06 15:35:00+00:00,104.99,105.08,104.99,105.08,231,33.0,97.0,7600010.0,DX
2024-11-06 15:40:00+00:00,105.085,105.09,105.035,105.065,149,33.0,97.0,7600010.0,DX
2024-11-06 15:45:00+00:00,105.055,105.055,104.995,104.995,188,33.0,97.0,7600010.0,DX
2024-11-06 15:50:00+00:00,104.99,105.015,104.925,105.015,239,33.0,97.0,7600010.0,DX
2024-11-06 15:55:00+00:00,105.005,105.005,104.95,104.96,94,33.0,97.0,7600010.0,DX
2024-11-06 16:00:00+00:00,104.955,104.96,104.89,104.905,727,33.0,97.0,7600010.0,DX
2024-11-06 16:05:00+00:00,104.915,104.975,104.915,104.945,131,33.0,97.0,7600010.0,DX
2024-11-06 16:10:00+00:00,104.935,104.975,104.925,104.97,104,33.0,97.0,7600010.0,DX
2024-11-06 16:15:00+00:00,104.97,105.02,104.97,105.005,84,33.0,97.0,7600010.0,DX
2024-11-06 16:20:00+00:00,105.005,105.045,105.005,105.025,39,33.0,97.0,7600010.0,DX
2024-11-06 16:25:00+00:00,105.0,105.005,104.975,105.0,98,33.0,97.0,7600010.0,DX
2024-11-06 16:30:00+00:00,105.005,105.05,105.005,105.035,109,33.0,97.0,7600010.0,DX
2024-11-06 16:35:00+00:00,105.025,105.05,105.01,105.05,122,33.0,97.0,7600010.0,DX
2024-11-06 16:40:00+00:00,105.055,105.055,105.015,105.035,132,33.0,97.0,7600010.0,DX
2024-11-06 16:45:00+00:00,105.05,105.065,105.025,105.065,52,33.0,97.0,7600010.0,DX
2024-11-06 16:50:00+00:00,105.05,105.07,105.03,105.035,23,33.0,97.0,7600010.0,DX
2024-11-06 16:55:00+00:00,105.045,105.065,105.015,105.015,60,33.0,97.0,7600010.0,DX
2024-11-06 17:00:00+00:00,105.02,105.055,105.015,105.045,101,33.0,97.0,7600010.0,DX
2024-11-06 17:05:00+00:00,105.04,105.075,105.01,105.015,331,33.0,97.0,7600010.0,DX
2024-11-06 17:10:00+00:00,105.01,105.01,104.97,104.98,397,33.0,97.0,7600010.0,DX
2024-11-06 17:15:00+00:00,104.985,105.01,104.95,105.0,121,33.0,97.0,7600010.0,DX
2024-11-06 17:20:00+00:00,105.005,105.005,104.94,104.94,67,33.0,97.0,7600010.0,DX
2024-11-06 17:25:00+00:00,104.94,104.94,104.915,104.93,77,33.0,97.0,7600010.0,DX
2024-11-06 17:30:00+00:00,104.935,104.965,104.935,104.95,58,33.0,97.0,7600010.0,DX
2024-11-06 17:35:00+00:00,104.955,104.975,104.95,104.975,14,33.0,97.0,7600010.0,DX
2024-11-06 17:40:00+00:00,104.975,104.985,104.96,104.985,47,33.0,97.0,7600010.0,DX
2024-11-06 17:45:00+00:00,104.985,105.02,104.98,105.02,102,33.0,97.0,7600010.0,DX
2024-11-06 17:50:00+00:00,105.025,105.05,105.02,105.05,17,33.0,97.0,7600010.0,DX
2024-11-06 17:55:00+00:00,105.04,105.07,105.04,105.06,110,33.0,97.0,7600010.0,DX
2024-11-06 18:00:00+00:00,105.06,105.07,104.99,105.005,543,33.0,97.0,7600010.0,DX
2024-11-06 18:05:00+00:00,105.0,105.02,104.98,104.99,65,33.0,97.0,7600010.0,DX
2024-11-06 18:10:00+00:00,104.985,104.99,104.895,104.9,76,33.0,97.0,7600010.0,DX
2024-11-06 18:15:00+00:00,104.9,104.93,104.84,104.845,64,33.0,97.0,7600010.0,DX
2024-11-06 18:20:00+00:00,104.845,104.855,104.81,104.825,101,33.0,97.0,7600010.0,DX
2024-11-06 18:25:00+00:00,104.815,104.87,104.815,104.85,80,33.0,97.0,7600010.0,DX
2024-11-06 18:30:00+00:00,104.84,104.87,104.83,104.86,131,33.0,97.0,7600010.0,DX
2024-11-06 18:35:00+00:00,104.87,104.91,104.87,104.89,42,33.0,97.0,7600010.0,DX
2024-11-06 18:40:00+00:00,104.885,104.885,104.865,104.87,32,33.0,97.0,7600010.0,DX
2024-11-06 18:45:00+00:00,104.875,104.875,104.845,104.85,305,33.0,97.0,7600010.0,DX
2024-11-06 18:50:00+00:00,104.855,104.87,104.85,104.85,66,33.0,97.0,7600010.0,DX
2024-11-06 18:55:00+00:00,104.85,104.86,104.82,104.86,82,33.0,97.0,7600010.0,DX
2024-11-06 19:00:00+00:00,104.855,104.9,104.855,104.86,86,33.0,97.0,7600010.0,DX
2024-11-06 19:05:00+00:00,104.88,104.915,104.88,104.91,133,33.0,97.0,7600010.0,DX
2024-11-06 19:10:00+00:00,104.91,104.965,104.91,104.96,144,33.0,97.0,7600010.0,DX
2024-11-06 19:15:00+00:00,104.965,104.975,104.95,104.96,73,33.0,97.0,7600010.0,DX
2024-11-06 19:20:00+00:00,104.955,104.96,104.925,104.93,17,33.0,97.0,7600010.0,DX
2024-11-06 19:25:00+00:00,104.925,104.93,104.905,104.93,98,33.0,97.0,7600010.0,DX
2024-11-06 19:30:00+00:00,104.92,104.95,104.91,104.945,98,33.0,97.0,7600010.0,DX
2024-11-06 19:35:00+00:00,104.945,104.99,104.94,104.99,53,33.0,97.0,7600010.0,DX
2024-11-06 19:40:00+00:00,105.0,105.005,104.97,105.0,110,33.0,97.0,7600010.0,DX
2024-11-06 19:45:00+00:00,105.0,105.01,104.98,105.01,83,33.0,97.0,7600010.0,DX
2024-11-06 19:50:00+00:00,105.005,105.01,104.995,105.005,91,33.0,97.0,7600010.0,DX
2024-11-06 19:55:00+00:00,104.995,105.015,104.975,104.975,376,33.0,97.0,7600010.0,DX
2024-11-06 20:00:00+00:00,104.975,104.995,104.96,104.985,193,33.0,97.0,7600010.0,DX
2024-11-06 20:05:00+00:00,104.98,104.985,104.96,104.965,79,33.0,97.0,7600010.0,DX
2024-11-06 20:10:00+00:00,104.97,104.985,104.97,104.98,49,33.0,97.0,7600010.0,DX
2024-11-06 20:15:00+00:00,104.98,104.98,104.965,104.98,12,33.0,97.0,7600010.0,DX
2024-11-06 20:20:00+00:00,104.98,104.985,104.965,104.975,157,33.0,97.0,7600010.0,DX
2024-11-06 20:25:00+00:00,104.98,104.995,104.98,104.985,21,33.0,97.0,7600010.0,DX
2024-11-06 20:30:00+00:00,104.98,104.99,104.97,104.99,74,33.0,97.0,7600010.0,DX
2024-11-06 20:35:00+00:00,104.985,105.0,104.985,104.995,84,33.0,97.0,7600010.0,DX
2024-11-06 20:40:00+00:00,104.985,105.0,104.985,104.99,9,33.0,97.0,7600010.0,DX
2024-11-06 20:45:00+00:00,104.995,105.005,104.995,104.995,16,33.0,97.0,7600010.0,DX
2024-11-06 20:50:00+00:00,105.0,105.01,104.985,105.005,30,33.0,97.0,7600010.0,DX
2024-11-06 20:55:00+00:00,105.005,105.015,105.0,105.005,130,33.0,97.0,7600010.0,DX
2024-11-06 21:00:00+00:00,105.01,105.02,105.005,105.02,64,33.0,97.0,7600010.0,DX
2024-11-06 21:05:00+00:00,105.025,105.03,105.025,105.03,2,33.0,97.0,7600010.0,DX
2024-11-06 21:10:00+00:00,105.025,105.03,105.025,105.03,15,33.0,97.0,7600010.0,DX
2024-11-06 21:15:00+00:00,105.035,105.045,105.035,105.045,2,33.0,97.0,7600010.0,DX
2024-11-06 21:20:00+00:00,105.04,105.04,104.7,104.7,5,33.0,97.0,7600010.0,DX
2024-11-06 21:30:00+00:00,105.035,105.035,105.025,105.025,5,33.0,97.0,7600010.0,DX
2024-11-06 21:40:00+00:00,105.04,105.04,104.695,104.695,3,33.0,97.0,7600010.0,DX
2024-11-06 21:45:00+00:00,105.045,105.045,105.045,105.045,3,33.0,97.0,7600010.0,DX
2024-11-06 21:50:00+00:00,105.055,105.06,105.05,105.05,3,33.0,97.0,7600010.0,DX
2024-11-06 21:55:00+00:00,105.04,105.055,105.04,105.055,12,33.0,97.0,7600010.0,DX
2024-11-07 01:00:00+00:00,105.125,105.13,105.07,105.07,156,33.0,97.0,7600010.0,DX
2024-11-07 01:05:00+00:00,105.075,105.075,105.055,105.06,36,33.0,97.0,7600010.0,DX
2024-11-07 01:10:00+00:00,105.06,105.06,105.055,105.055,32,33.0,97.0,7600010.0,DX
2024-11-07 01:15:00+00:00,105.05,105.13,105.05,105.13,73,33.0,97.0,7600010.0,DX
2024-11-07 01:20:00+00:00,105.13,105.175,105.13,105.155,47,33.0,97.0,7600010.0,DX
2024-11-07 01:25:00+00:00,105.155,105.16,105.15,105.15,29,33.0,97.0,7600010.0,DX
2024-11-07 01:30:00+00:00,105.155,105.17,105.145,105.15,92,33.0,97.0,7600010.0,DX
2024-11-07 01:35:00+00:00,105.165,105.165,105.14,105.15,141,33.0,97.0,7600010.0,DX
2024-11-07 01:40:00+00:00,105.135,105.135,105.115,105.125,23,33.0,97.0,7600010.0,DX
2024-11-07 01:45:00+00:00,105.095,105.095,105.075,105.085,46,33.0,97.0,7600010.0,DX
2024-11-07 01:50:00+00:00,105.09,105.13,105.09,105.11,49,33.0,97.0,7600010.0,DX
2024-11-07 01:55:00+00:00,105.115,105.115,105.11,105.115,6,33.0,97.0,7600010.0,DX
2024-11-07 02:00:00+00:00,105.105,105.105,105.08,105.08,25,33.0,97.0,7600010.0,DX
2024-11-07 02:05:00+00:00,105.085,105.085,105.03,105.03,94,33.0,97.0,7600010.0,DX
2024-11-07 02:10:00+00:00,105.03,105.04,105.025,105.035,55,33.0,97.0,7600010.0,DX
2024-11-07 02:15:00+00:00,105.035,105.035,105.025,105.035,11,33.0,97.0,7600010.0,DX
2024-11-07 02:20:00+00:00,105.02,105.025,105.02,105.02,24,33.0,97.0,7600010.0,DX
2024-11-07 02:25:00+00:00,105.0,105.005,104.995,105.005,28,33.0,97.0,7600010.0,DX
2024-11-07 02:30:00+00:00,105.005,105.015,104.985,104.985,53,33.0,97.0,7600010.0,DX
2024-11-07 02:35:00+00:00,104.985,104.985,104.965,104.98,52,33.0,97.0,7600010.0,DX
2024-11-07 02:40:00+00:00,104.975,104.975,104.965,104.965,7,33.0,97.0,7600010.0,DX
2024-11-07 02:45:00+00:00,104.955,104.97,104.95,104.96,19,33.0,97.0,7600010.0,DX
2024-11-07 02:50:00+00:00,104.965,104.965,104.955,104.955,5,33.0,97.0,7600010.0,DX
2024-11-07 02:55:00+00:00,104.95,104.955,104.945,104.945,37,33.0,97.0,7600010.0,DX
2024-11-07 03:00:00+00:00,104.95,104.96,104.94,104.955,119,33.0,97.0,7600010.0,DX
2024-11-07 03:05:00+00:00,104.965,104.975,104.965,104.97,31,33.0,97.0,7600010.0,DX
2024-11-07 03:10:00+00:00,104.97,104.97,104.955,104.96,11,33.0,97.0,7600010.0,DX
2024-11-07 03:15:00+00:00,104.96,104.96,104.95,104.95,14,33.0,97.0,7600010.0,DX
2024-11-07 03:20:00+00:00,104.95,104.955,104.945,104.955,9,33.0,97.0,7600010.0,DX
2024-11-07 03:25:00+00:00,104.945,104.95,104.94,104.945,58,33.0,97.0,7600010.0,DX
2024-11-07 03:30:00+00:00,104.94,104.94,104.94,104.94,3,33.0,97.0,7600010.0,DX
2024-11-07 03:35:00+00:00,104.94,104.94,104.925,104.93,10,33.0,97.0,7600010.0,DX
2024-11-07 03:40:00+00:00,104.925,104.925,104.925,104.925,1,33.0,97.0,7600010.0,DX
2024-11-07 03:45:00+00:00,104.92,104.92,104.9,104.9,5,33.0,97.0,7600010.0,DX
2024-11-07 03:50:00+00:00,104.905,104.91,104.905,104.905,52,33.0,97.0,7600010.0,DX
2024-11-07 03:55:00+00:00,104.9,104.9,104.89,104.9,18,33.0,97.0,7600010.0,DX
2024-11-07 04:00:00+00:00,104.905,104.915,104.905,104.915,15,33.0,97.0,7600010.0,DX
2024-11-07 04:05:00+00:00,104.925,104.95,104.925,104.935,30,33.0,97.0,7600010.0,DX
2024-11-07 04:10:00+00:00,104.925,104.925,104.915,104.92,24,33.0,97.0,7600010.0,DX
2024-11-07 04:15:00+00:00,104.915,104.915,104.86,104.86,41,33.0,97.0,7600010.0,DX
2024-11-07 04:20:00+00:00,104.86,104.865,104.84,104.84,136,33.0,97.0,7600010.0,DX
2024-11-07 04:25:00+00:00,104.835,104.875,104.835,104.875,81,33.0,97.0,7600010.0,DX
2024-11-07 04:30:00+00:00,104.885,104.885,104.87,104.88,14,33.0,97.0,7600010.0,DX
2024-11-07 04:35:00+00:00,104.88,104.88,104.88,104.88,2,33.0,97.0,7600010.0,DX
2024-11-07 04:40:00+00:00,104.89,104.89,104.885,104.885,7,33.0,97.0,7600010.0,DX
2024-11-07 04:45:00+00:00,104.9,104.9,104.89,104.89,5,33.0,97.0,7600010.0,DX
2024-11-07 04:50:00+00:00,104.895,104.895,104.89,104.89,3,33.0,97.0,7600010.0,DX
2024-11-07 04:55:00+00:00,104.905,104.905,104.9,104.9,23,33.0,97.0,7600010.0,DX
2024-11-07 05:00:00+00:00,104.905,104.905,104.895,104.9,17,33.0,97.0,7600010.0,DX
2024-11-07 05:05:00+00:00,104.895,104.9,104.535,104.535,9,33.0,97.0,7600010.0,DX
2024-11-07 05:10:00+00:00,104.88,104.89,104.88,104.885,22,33.0,97.0,7600010.0,DX
2024-11-07 05:15:00+00:00,104.885,104.885,104.885,104.885,12,33.0,97.0,7600010.0,DX
2024-11-07 05:20:00+00:00,104.885,104.885,104.885,104.885,1,33.0,97.0,7600010.0,DX
2024-11-07 05:25:00+00:00,104.91,104.91,104.89,104.89,19,33.0,97.0,7600010.0,DX
2024-11-07 05:30:00+00:00,104.885,104.885,104.88,104.88,25,33.0,97.0,7600010.0,DX
2024-11-07 05:35:00+00:00,104.885,104.895,104.88,104.88,26,33.0,97.0,7600010.0,DX
2024-11-07 05:40:00+00:00,104.87,104.87,104.865,104.865,6,33.0,97.0,7600010.0,DX
2024-11-07 05:45:00+00:00,104.86,104.86,104.825,104.825,72,33.0,97.0,7600010.0,DX
2024-11-07 05:50:00+00:00,104.825,104.825,104.81,104.825,18,33.0,97.0,7600010.0,DX
2024-11-07 05:55:00+00:00,104.83,104.84,104.825,104.825,17,33.0,97.0,7600010.0,DX
2024-11-07 06:00:00+00:00,104.825,104.865,104.825,104.855,78,33.0,97.0,7600010.0,DX
2024-11-07 06:05:00+00:00,104.85,104.855,104.85,104.855,15,33.0,97.0,7600010.0,DX
2024-11-07 06:10:00+00:00,104.87,104.87,104.855,104.86,22,33.0,97.0,7600010.0,DX
2024-11-07 06:15:00+00:00,104.855,104.865,104.855,104.865,14,33.0,97.0,7600010.0,DX
2024-11-07 06:20:00+00:00,104.85,104.86,104.85,104.86,7,33.0,97.0,7600010.0,DX
2024-11-07 06:25:00+00:00,104.86,104.86,104.835,104.835,15,33.0,97.0,7600010.0,DX
2024-11-07 06:30:00+00:00,104.825,104.835,104.82,104.825,19,33.0,97.0,7600010.0,DX
2024-11-07 06:35:00+00:00,104.815,104.83,104.815,104.82,19,33.0,97.0,7600010.0,DX
2024-11-07 06:40:00+00:00,104.825,104.825,104.815,104.815,18,33.0,97.0,7600010.0,DX
2024-11-07 06:45:00+00:00,104.815,104.82,104.805,104.805,34,33.0,97.0,7600010.0,DX
2024-11-07 06:50:00+00:00,104.81,104.835,104.81,104.82,18,33.0,97.0,7600010.0,DX
2024-11-07 06:55:00+00:00,104.82,104.82,104.785,104.785,15,33.0,97.0,7600010.0,DX
2024-11-07 07:00:00+00:00,104.795,104.825,104.78,104.78,85,33.0,97.0,7600010.0,DX
2024-11-07 07:05:00+00:00,104.77,104.775,104.73,104.73,72,33.0,97.0,7600010.0,DX
2024-11-07 07:10:00+00:00,104.725,104.725,104.675,104.695,124,33.0,97.0,7600010.0,DX
2024-11-07 07:15:00+00:00,104.695,104.7,104.67,104.68,89,33.0,97.0,7600010.0,DX
2024-11-07 07:20:00+00:00,104.695,104.695,104.625,104.63,132,33.0,97.0,7600010.0,DX
2024-11-07 07:25:00+00:00,104.63,104.675,104.625,104.675,115,33.0,97.0,7600010.0,DX
2024-11-07 07:30:00+00:00,104.68,104.685,104.665,104.675,125,33.0,97.0,7600010.0,DX
2024-11-07 07:35:00+00:00,104.685,104.735,104.685,104.735,85,33.0,97.0,7600010.0,DX
2024-11-07 07:40:00+00:00,104.735,104.74,104.71,104.71,114,33.0,97.0,7600010.0,DX
2024-11-07 07:45:00+00:00,104.705,104.74,104.705,104.725,64,33.0,97.0,7600010.0,DX
2024-11-07 07:50:00+00:00,104.725,104.76,104.725,104.74,110,33.0,97.0,7600010.0,DX
2024-11-07 07:55:00+00:00,104.76,104.785,104.755,104.78,110,33.0,97.0,7600010.0,DX
2024-11-07 08:00:00+00:00,104.775,104.805,104.76,104.8,150,33.0,97.0,7600010.0,DX
2024-11-07 08:05:00+00:00,104.805,104.805,104.755,104.76,91,33.0,97.0,7600010.0,DX
2024-11-07 08:10:00+00:00,104.78,104.78,104.72,104.73,128,33.0,97.0,7600010.0,DX
2024-11-07 08:15:00+00:00,104.725,104.725,104.64,104.64,500,33.0,97.0,7600010.0,DX
2024-11-07 08:20:00+00:00,104.64,104.655,104.625,104.635,792,33.0,97.0,7600010.0,DX
2024-11-07 08:25:00+00:00,104.63,104.65,104.625,104.645,217,33.0,97.0,7600010.0,DX
2024-11-07 08:30:00+00:00,104.645,104.695,104.64,104.695,122,33.0,97.0,7600010.0,DX
2024-11-07 08:35:00+00:00,104.695,104.71,104.675,104.705,139,33.0,97.0,7600010.0,DX
2024-11-07 08:40:00+00:00,104.71,104.745,104.71,104.72,60,33.0,97.0,7600010.0,DX
2024-11-07 08:45:00+00:00,104.72,104.74,104.71,104.71,441,33.0,97.0,7600010.0,DX
2024-11-07 08:50:00+00:00,104.705,104.705,104.67,104.68,203,33.0,97.0,7600010.0,DX
2024-11-07 08:55:00+00:00,104.68,104.69,104.655,104.68,96,33.0,97.0,7600010.0,DX
2024-11-07 09:00:00+00:00,104.685,104.705,104.675,104.7,204,33.0,97.0,7600010.0,DX
2024-11-07 09:05:00+00:00,104.71,104.72,104.695,104.695,25,33.0,97.0,7600010.0,DX
2024-11-07 09:10:00+00:00,104.695,104.745,104.695,104.74,99,33.0,97.0,7600010.0,DX
2024-11-07 09:15:00+00:00,104.74,104.77,104.74,104.755,99,33.0,97.0,7600010.0,DX
2024-11-07 09:20:00+00:00,104.75,104.76,104.73,104.75,63,33.0,97.0,7600010.0,DX
2024-11-07 09:25:00+00:00,104.75,104.75,104.705,104.715,43,33.0,97.0,7600010.0,DX
2024-11-07 09:30:00+00:00,104.715,104.75,104.705,104.745,71,33.0,97.0,7600010.0,DX
2024-11-07 09:35:00+00:00,104.745,104.76,104.74,104.75,38,33.0,97.0,7600010.0,DX
2024-11-07 09:40:00+00:00,104.75,104.77,104.75,104.76,91,33.0,97.0,7600010.0,DX
2024-11-07 09:45:00+00:00,104.76,104.78,104.755,104.78,85,33.0,97.0,7600010.0,DX
2024-11-07 09:50:00+00:00,104.78,104.795,104.775,104.795,89,33.0,97.0,7600010.0,DX
2024-11-07 09:55:00+00:00,104.79,104.815,104.79,104.815,75,33.0,97.0,7600010.0,DX
2024-11-07 10:00:00+00:00,104.815,104.815,104.78,104.78,117,33.0,97.0,7600010.0,DX
2024-11-07 10:05:00+00:00,104.78,104.795,104.765,104.785,78,33.0,97.0,7600010.0,DX
2024-11-07 10:10:00+00:00,104.78,104.785,104.74,104.745,56,33.0,97.0,7600010.0,DX
2024-11-07 10:15:00+00:00,104.74,104.74,104.715,104.715,45,33.0,97.0,7600010.0,DX
2024-11-07 10:20:00+00:00,104.715,104.715,104.69,104.7,352,33.0,97.0,7600010.0,DX
2024-11-07 10:25:00+00:00,104.695,104.755,104.695,104.745,127,33.0,97.0,7600010.0,DX
2024-11-07 10:30:00+00:00,104.755,104.76,104.745,104.755,81,33.0,97.0,7600010.0,DX
2024-11-07 10:35:00+00:00,104.755,104.765,104.745,104.765,53,33.0,97.0,7600010.0,DX
2024-11-07 10:40:00+00:00,104.77,104.78,104.76,104.77,126,33.0,97.0,7600010.0,DX
2024-11-07 10:45:00+00:00,104.76,104.795,104.755,104.795,167,33.0,97.0,7600010.0,DX
2024-11-07 10:50:00+00:00,104.795,104.805,104.785,104.785,136,33.0,97.0,7600010.0,DX
2024-11-07 10:55:00+00:00,104.78,104.79,104.77,104.77,107,33.0,97.0,7600010.0,DX
2024-11-07 11:00:00+00:00,104.77,104.795,104.77,104.795,52,33.0,97.0,7600010.0,DX
2024-11-07 11:05:00+00:00,104.8,104.81,104.795,104.8,80,33.0,97.0,7600010.0,DX
2024-11-07 11:10:00+00:00,104.795,104.805,104.795,104.795,57,33.0,97.0,7600010.0,DX
2024-11-07 11:15:00+00:00,104.79,104.79,104.77,104.78,34,33.0,97.0,7600010.0,DX
2024-11-07 11:20:00+00:00,104.775,104.8,104.775,104.78,74,33.0,97.0,7600010.0,DX
2024-11-07 11:25:00+00:00,104.77,104.77,104.73,104.745,51,33.0,97.0,7600010.0,DX
2024-11-07 11:30:00+00:00,104.745,104.76,104.73,104.76,42,33.0,97.0,7600010.0,DX
2024-11-07 11:35:00+00:00,104.765,104.775,104.755,104.76,56,33.0,97.0,7600010.0,DX
2024-11-07 11:40:00+00:00,104.75,104.765,104.75,104.765,39,33.0,97.0,7600010.0,DX
2024-11-07 11:45:00+00:00,104.77,104.78,104.77,104.775,66,33.0,97.0,7600010.0,DX
2024-11-07 11:50:00+00:00,104.775,104.78,104.765,104.775,86,33.0,97.0,7600010.0,DX
2024-11-07 11:55:00+00:00,104.775,104.775,104.76,104.765,87,33.0,97.0,7600010.0,DX
2024-11-07 12:00:00+00:00,104.765,104.79,104.705,104.71,217,33.0,97.0,7600010.0,DX
2024-11-07 12:05:00+00:00,104.71,104.745,104.7,104.705,99,33.0,97.0,7600010.0,DX
2024-11-07 12:10:00+00:00,104.705,104.725,104.705,104.705,31,33.0,97.0,7600010.0,DX
2024-11-07 12:15:00+00:00,104.7,104.72,104.69,104.695,148,33.0,97.0,7600010.0,DX
2024-11-07 12:20:00+00:00,104.695,104.7,104.66,104.665,91,33.0,97.0,7600010.0,DX
2024-11-07 12:25:00+00:00,104.66,104.675,104.64,104.64,88,33.0,97.0,7600010.0,DX
2024-11-07 12:30:00+00:00,104.645,104.68,104.63,104.67,93,33.0,97.0,7600010.0,DX
2024-11-07 12:35:00+00:00,104.67,104.68,104.65,104.655,81,33.0,97.0,7600010.0,DX
2024-11-07 12:40:00+00:00,104.655,104.68,104.655,104.66,80,33.0,97.0,7600010.0,DX
2024-11-07 12:45:00+00:00,104.655,104.665,104.655,104.655,146,33.0,97.0,7600010.0,DX
2024-11-07 12:50:00+00:00,104.645,104.645,104.59,104.595,98,33.0,97.0,7600010.0,DX
2024-11-07 12:55:00+00:00,104.595,104.595,104.56,104.575,174,33.0,97.0,7600010.0,DX
2024-11-07 13:00:00+00:00,104.57,104.58,104.535,104.535,101,33.0,97.0,7600010.0,DX
2024-11-07 13:05:00+00:00,104.535,104.54,104.475,104.495,359,33.0,97.0,7600010.0,DX
2024-11-07 13:10:00+00:00,104.485,104.5,104.43,104.43,267,33.0,97.0,7600010.0,DX
2024-11-07 13:15:00+00:00,104.43,104.47,104.415,104.44,351,33.0,97.0,7600010.0,DX
2024-11-07 13:20:00+00:00,104.44,104.5,104.435,104.48,312,33.0,97.0,7600010.0,DX
2024-11-07 13:25:00+00:00,104.48,104.49,104.47,104.485,165,33.0,97.0,7600010.0,DX
2024-11-07 13:30:00+00:00,104.495,104.555,104.485,104.52,239,33.0,97.0,7600010.0,DX
2024-11-07 13:35:00+00:00,104.52,104.52,104.45,104.505,147,33.0,97.0,7600010.0,DX
2024-11-07 13:40:00+00:00,104.5,104.53,104.495,104.505,140,33.0,97.0,7600010.0,DX
2024-11-07 13:45:00+00:00,104.505,104.515,104.43,104.435,304,33.0,97.0,7600010.0,DX
2024-11-07 13:50:00+00:00,104.43,104.45,104.4,104.42,526,33.0,97.0,7600010.0,DX
2024-11-07 13:55:00+00:00,104.425,104.425,104.395,104.415,426,33.0,97.0,7600010.0,DX
2024-11-07 14:00:00+00:00,104.41,104.44,104.395,104.405,359,33.0,97.0,7600010.0,DX
2024-11-07 14:05:00+00:00,104.405,104.465,104.405,104.45,296,33.0,97.0,7600010.0,DX
2024-11-07 14:10:00+00:00,104.45,104.49,104.445,104.485,143,33.0,97.0,7600010.0,DX
2024-11-07 14:15:00+00:00,104.485,104.495,104.435,104.44,140,33.0,97.0,7600010.0,DX
2024-11-07 14:20:00+00:00,104.435,104.44,104.42,104.425,129,33.0,97.0,7600010.0,DX
2024-11-07 14:25:00+00:00,104.415,104.415,104.36,104.36,200,33.0,97.0,7600010.0,DX
2024-11-07 14:30:00+00:00,104.365,104.42,104.36,104.38,180,33.0,97.0,7600010.0,DX
2024-11-07 14:35:00+00:00,104.38,104.38,104.29,104.295,283,33.0,97.0,7600010.0,DX
2024-11-07 14:40:00+00:00,104.295,104.295,104.205,104.225,614,33.0,97.0,7600010.0,DX
2024-11-07 14:45:00+00:00,104.22,104.25,104.195,104.25,210,33.0,97.0,7600010.0,DX
2024-11-07 14:50:00+00:00,104.25,104.255,104.195,104.205,312,33.0,97.0,7600010.0,DX
2024-11-07 14:55:00+00:00,104.2,104.245,104.18,104.235,202,33.0,97.0,7600010.0,DX
2024-11-07 15:00:00+00:00,104.24,104.27,104.22,104.245,145,33.0,97.0,7600010.0,DX
2024-11-07 15:05:00+00:00,104.245,104.25,104.19,104.195,613,33.0,97.0,7600010.0,DX
2024-11-07 15:10:00+00:00,104.195,104.215,104.175,104.175,176,33.0,97.0,7600010.0,DX
2024-11-07 15:15:00+00:00,104.175,104.23,104.165,104.22,200,33.0,97.0,7600010.0,DX
2024-11-07 15:20:00+00:00,104.215,104.225,104.16,104.165,167,33.0,97.0,7600010.0,DX
2024-11-07 15:25:00+00:00,104.17,104.175,104.13,104.14,181,33.0,97.0,7600010.0,DX
2024-11-07 15:30:00+00:00,104.14,104.145,104.085,104.12,319,33.0,97.0,7600010.0,DX
2024-11-07 15:35:00+00:00,104.125,104.185,104.12,104.175,247,33.0,97.0,7600010.0,DX
2024-11-07 15:40:00+00:00,104.17,104.2,104.17,104.195,159,33.0,97.0,7600010.0,DX
2024-11-07 15:45:00+00:00,104.195,104.245,104.185,104.2,243,33.0,97.0,7600010.0,DX
2024-11-07 15:50:00+00:00,104.195,104.215,104.14,104.145,208,33.0,97.0,7600010.0,DX
2024-11-07 15:55:00+00:00,104.14,104.205,104.14,104.19,135,33.0,97.0,7600010.0,DX
2024-11-07 16:00:00+00:00,104.19,104.255,104.165,104.245,249,33.0,97.0,7600010.0,DX
2024-11-07 16:05:00+00:00,104.25,104.27,104.25,104.27,204,33.0,97.0,7600010.0,DX
2024-11-07 16:10:00+00:00,104.275,104.305,104.275,104.29,158,33.0,97.0,7600010.0,DX
2024-11-07 16:15:00+00:00,104.29,104.375,104.29,104.375,261,33.0,97.0,7600010.0,DX
2024-11-07 16:20:00+00:00,104.375,104.38,104.36,104.38,204,33.0,97.0,7600010.0,DX
2024-11-07 16:25:00+00:00,104.375,104.395,104.365,104.375,129,33.0,97.0,7600010.0,DX
2024-11-07 16:30:00+00:00,104.375,104.39,104.33,104.33,446,33.0,97.0,7600010.0,DX
2024-11-07 16:35:00+00:00,104.33,104.35,104.33,104.35,81,33.0,97.0,7600010.0,DX
2024-11-07 16:40:00+00:00,104.345,104.37,104.31,104.31,124,33.0,97.0,7600010.0,DX
2024-11-07 16:45:00+00:00,104.32,104.36,104.31,104.34,120,33.0,97.0,7600010.0,DX
2024-11-07 16:50:00+00:00,104.335,104.375,104.33,104.37,85,33.0,97.0,7600010.0,DX
2024-11-07 16:55:00+00:00,104.37,104.37,104.335,104.335,106,33.0,97.0,7600010.0,DX
2024-11-07 17:00:00+00:00,104.34,104.38,104.34,104.38,108,33.0,97.0,7600010.0,DX
2024-11-07 17:05:00+00:00,104.375,104.375,104.34,104.34,131,33.0,97.0,7600010.0,DX
2024-11-07 17:10:00+00:00,104.335,104.34,104.315,104.32,118,33.0,97.0,7600010.0,DX
2024-11-07 17:15:00+00:00,104.32,104.32,104.29,104.315,107,33.0,97.0,7600010.0,DX
2024-11-07 17:20:00+00:00,104.315,104.315,104.275,104.285,113,33.0,97.0,7600010.0,DX
2024-11-07 17:25:00+00:00,104.285,104.29,104.275,104.275,90,33.0,97.0,7600010.0,DX
2024-11-07 17:30:00+00:00,104.27,104.28,104.245,104.255,244,33.0,97.0,7600010.0,DX
2024-11-07 17:35:00+00:00,104.26,104.28,104.255,104.275,136,33.0,97.0,7600010.0,DX
2024-11-07 17:40:00+00:00,104.27,104.27,104.255,104.265,60,33.0,97.0,7600010.0,DX
2024-11-07 17:45:00+00:00,104.265,104.265,104.25,104.255,100,33.0,97.0,7600010.0,DX
2024-11-07 17:50:00+00:00,104.255,104.26,104.235,104.25,78,33.0,97.0,7600010.0,DX
2024-11-07 17:55:00+00:00,104.25,104.255,104.22,104.23,155,33.0,97.0,7600010.0,DX
2024-11-07 18:00:00+00:00,104.225,104.29,104.22,104.29,91,33.0,97.0,7600010.0,DX
2024-11-07 18:05:00+00:00,104.285,104.31,104.275,104.3,116,33.0,97.0,7600010.0,DX
2024-11-07 18:10:00+00:00,104.3,104.325,104.295,104.295,84,33.0,97.0,7600010.0,DX
2024-11-07 18:15:00+00:00,104.295,104.295,104.27,104.29,82,33.0,97.0,7600010.0,DX
2024-11-07 18:20:00+00:00,104.295,104.3,104.255,104.26,74,33.0,97.0,7600010.0,DX
2024-11-07 18:25:00+00:00,104.265,104.265,104.25,104.26,50,33.0,97.0,7600010.0,DX
2024-11-07 18:30:00+00:00,104.265,104.285,104.265,104.285,103,33.0,97.0,7600010.0,DX
2024-11-07 18:35:00+00:00,104.28,104.28,104.265,104.27,95,33.0,97.0,7600010.0,DX
2024-11-07 18:40:00+00:00,104.275,104.295,104.275,104.275,84,33.0,97.0,7600010.0,DX
2024-11-07 18:45:00+00:00,104.275,104.285,104.275,104.285,76,33.0,97.0,7600010.0,DX
2024-11-07 18:50:00+00:00,104.285,104.29,104.27,104.28,115,33.0,97.0,7600010.0,DX
2024-11-07 18:55:00+00:00,104.28,104.3,104.28,104.3,64,33.0,97.0,7600010.0,DX
2024-11-07 19:00:00+00:00,104.235,104.485,104.235,104.485,414,33.0,97.0,7600010.0,DX
2024-11-07 19:05:00+00:00,104.495,104.495,104.375,104.435,383,33.0,97.0,7600010.0,DX
2024-11-07 19:10:00+00:00,104.42,104.46,104.375,104.375,298,33.0,97.0,7600010.0,DX
2024-11-07 19:15:00+00:00,104.37,104.39,104.34,104.37,113,33.0,97.0,7600010.0,DX
2024-11-07 19:20:00+00:00,104.37,104.415,104.36,104.39,101,33.0,97.0,7600010.0,DX
2024-11-07 19:25:00+00:00,104.39,104.415,104.38,104.41,117,33.0,97.0,7600010.0,DX
2024-11-07 19:30:00+00:00,104.4,104.4,104.32,104.365,292,33.0,97.0,7600010.0,DX
2024-11-07 19:35:00+00:00,104.36,104.36,104.26,104.335,348,33.0,97.0,7600010.0,DX
2024-11-07 19:40:00+00:00,104.335,104.555,104.335,104.48,1003,33.0,97.0,7600010.0,DX
2024-11-07 19:45:00+00:00,104.475,104.49,104.325,104.355,332,33.0,97.0,7600010.0,DX
2024-11-07 19:50:00+00:00,104.35,104.37,104.295,104.33,384,33.0,97.0,7600010.0,DX
2024-11-07 19:55:00+00:00,104.325,104.405,104.275,104.395,949,33.0,97.0,7600010.0,DX
2024-11-07 20:00:00+00:00,104.395,104.42,104.23,104.245,459,33.0,97.0,7600010.0,DX
2024-11-07 20:05:00+00:00,104.255,104.295,104.23,104.265,155,33.0,97.0,7600010.0,DX
2024-11-07 20:10:00+00:00,104.255,104.255,104.18,104.185,270,33.0,97.0,7600010.0,DX
2024-11-07 20:15:00+00:00,104.185,104.235,104.16,104.23,193,33.0,97.0,7600010.0,DX
2024-11-07 20:20:00+00:00,104.225,104.225,104.185,104.2,151,33.0,97.0,7600010.0,DX
2024-11-07 20:25:00+00:00,104.2,104.235,104.195,104.225,159,33.0,97.0,7600010.0,DX
2024-11-07 20:30:00+00:00,104.225,104.24,104.2,104.215,177,33.0,97.0,7600010.0,DX
2024-11-07 20:35:00+00:00,104.22,104.275,104.22,104.27,133,33.0,97.0,7600010.0,DX
2024-11-07 20:40:00+00:00,104.27,104.3,104.27,104.295,79,33.0,97.0,7600010.0,DX
2024-11-07 20:45:00+00:00,104.3,104.3,104.26,104.295,104,33.0,97.0,7600010.0,DX
2024-11-07 20:50:00+00:00,104.3,104.305,104.26,104.28,126,33.0,97.0,7600010.0,DX
2024-11-07 20:55:00+00:00,104.275,104.275,104.215,104.22,95,33.0,97.0,7600010.0,DX
2024-11-07 21:00:00+00:00,104.225,104.25,104.22,104.23,58,33.0,97.0,7600010.0,DX
2024-11-07 21:05:00+00:00,104.235,104.235,104.23,104.23,3,33.0,97.0,7600010.0,DX
2024-11-07 21:10:00+00:00,104.25,104.255,104.235,104.235,5,33.0,97.0,7600010.0,DX
2024-11-07 21:15:00+00:00,104.23,104.235,104.23,104.235,8,33.0,97.0,7600010.0,DX
2024-11-07 21:20:00+00:00,104.23,104.23,104.225,104.225,6,33.0,97.0,7600010.0,DX
2024-11-07 21:25:00+00:00,104.245,104.25,104.245,104.25,3,33.0,97.0,7600010.0,DX
2024-11-07 21:30:00+00:00,104.23,104.24,104.23,104.24,2,33.0,97.0,7600010.0,DX
2024-11-07 21:35:00+00:00,104.24,104.24,104.23,104.23,7,33.0,97.0,7600010.0,DX
2024-11-07 21:40:00+00:00,104.225,104.225,104.225,104.225,1,33.0,97.0,7600010.0,DX
2024-11-07 21:45:00+00:00,104.23,104.23,104.225,104.23,19,33.0,97.0,7600010.0,DX
2024-11-07 21:50:00+00:00,104.23,104.24,104.225,104.24,13,33.0,97.0,7600010.0,DX
2024-11-07 21:55:00+00:00,104.225,104.23,104.22,104.22,7,33.0,97.0,7600010.0,DX
2024-11-08 01:00:00+00:00,104.34,104.36,104.33,104.355,73,33.0,97.0,7600010.0,DX
2024-11-08 01:05:00+00:00,104.35,104.375,104.345,104.375,24,33.0,97.0,7600010.0,DX
2024-11-08 01:10:00+00:00,104.38,104.39,104.38,104.38,10,33.0,97.0,7600010.0,DX
2024-11-08 01:15:00+00:00,104.4,104.415,104.395,104.41,24,33.0,97.0,7600010.0,DX
2024-11-08 01:20:00+00:00,104.41,104.41,104.4,104.4,18,33.0,97.0,7600010.0,DX
2024-11-08 01:25:00+00:00,104.4,104.41,104.395,104.41,41,33.0,97.0,7600010.0,DX
2024-11-08 01:30:00+00:00,104.405,104.435,104.405,104.42,24,33.0,97.0,7600010.0,DX
2024-11-08 01:35:00+00:00,104.43,104.43,104.41,104.41,12,33.0,97.0,7600010.0,DX
2024-11-08 01:45:00+00:00,104.395,104.395,104.37,104.37,6,33.0,97.0,7600010.0,DX
2024-11-08 01:50:00+00:00,104.36,104.365,104.35,104.36,20,33.0,97.0,7600010.0,DX
2024-11-08 01:55:00+00:00,104.36,104.37,104.36,104.37,5,33.0,97.0,7600010.0,DX
2024-11-08 02:00:00+00:00,104.355,104.355,104.355,104.355,1,33.0,97.0,7600010.0,DX
2024-11-08 02:05:00+00:00,104.375,104.375,104.365,104.365,4,33.0,97.0,7600010.0,DX
2024-11-08 02:10:00+00:00,104.35,104.355,104.335,104.35,187,33.0,97.0,7600010.0,DX
2024-11-08 02:15:00+00:00,104.355,104.36,104.345,104.345,306,33.0,97.0,7600010.0,DX
2024-11-08 02:20:00+00:00,104.345,104.38,104.345,104.375,65,33.0,97.0,7600010.0,DX
2024-11-08 02:25:00+00:00,104.37,104.37,104.365,104.365,44,33.0,97.0,7600010.0,DX
2024-11-08 02:30:00+00:00,104.375,104.375,104.36,104.36,6,33.0,97.0,7600010.0,DX
2024-11-08 02:35:00+00:00,104.38,104.42,104.38,104.42,11,33.0,97.0,7600010.0,DX
2024-11-08 02:40:00+00:00,104.42,104.425,104.41,104.425,64,33.0,97.0,7600010.0,DX
2024-11-08 02:45:00+00:00,104.425,104.425,104.405,104.415,14,33.0,97.0,7600010.0,DX
2024-11-08 02:50:00+00:00,104.425,104.43,104.425,104.425,6,33.0,97.0,7600010.0,DX
2024-11-08 02:55:00+00:00,104.425,104.43,104.425,104.425,20,33.0,97.0,7600010.0,DX
2024-11-08 03:00:00+00:00,104.08,104.08,104.08,104.08,2,33.0,97.0,7698408.0,DX
2024-11-08 03:05:00+00:00,104.37,104.38,104.37,104.38,7,33.0,97.0,7600010.0,DX
2024-11-08 03:10:00+00:00,104.375,104.375,104.365,104.365,26,33.0,97.0,7600010.0,DX
2024-11-08 03:15:00+00:00,104.34,104.345,104.34,104.345,9,33.0,97.0,7600010.0,DX
2024-11-08 03:20:00+00:00,104.355,104.365,104.335,104.365,31,33.0,97.0,7600010.0,DX
2024-11-08 03:25:00+00:00,104.355,104.365,104.355,104.365,5,33.0,97.0,7600010.0,DX
2024-11-08 03:30:00+00:00,104.36,104.365,104.36,104.365,5,33.0,97.0,7600010.0,DX
2024-11-08 03:35:00+00:00,104.395,104.4,104.385,104.385,40,33.0,97.0,7600010.0,DX
2024-11-08 03:40:00+00:00,104.4,104.4,104.395,104.395,14,33.0,97.0,7600010.0,DX
2024-11-08 03:45:00+00:00,104.395,104.395,104.39,104.395,37,33.0,97.0,7600010.0,DX
2024-11-08 03:50:00+00:00,104.395,104.41,104.395,104.405,31,33.0,97.0,7600010.0,DX
2024-11-08 03:55:00+00:00,104.425,104.425,104.415,104.415,13,33.0,97.0,7600010.0,DX
2024-11-08 04:00:00+00:00,104.415,104.42,104.41,104.42,12,33.0,97.0,7600010.0,DX
2024-11-08 04:05:00+00:00,104.425,104.435,104.42,104.42,107,33.0,97.0,7600010.0,DX
2024-11-08 04:10:00+00:00,104.41,104.41,104.385,104.385,15,33.0,97.0,7600010.0,DX
2024-11-08 04:15:00+00:00,104.385,104.385,104.345,104.36,38,33.0,97.0,7600010.0,DX
2024-11-08 04:20:00+00:00,104.355,104.38,104.355,104.38,20,33.0,97.0,7600010.0,DX
2024-11-08 04:25:00+00:00,104.38,104.39,104.375,104.375,7,33.0,97.0,7600010.0,DX
2024-11-08 04:30:00+00:00,104.375,104.4,104.375,104.4,10,33.0,97.0,7600010.0,DX
2024-11-08 04:35:00+00:00,104.385,104.385,104.375,104.375,5,33.0,97.0,7600010.0,DX
2024-11-08 04:40:00+00:00,104.375,104.395,104.375,104.39,10,33.0,97.0,7600010.0,DX
2024-11-08 04:45:00+00:00,104.39,104.39,104.38,104.385,16,33.0,97.0,7600010.0,DX
2024-11-08 04:50:00+00:00,104.39,104.39,104.375,104.38,11,33.0,97.0,7600010.0,DX
2024-11-08 04:55:00+00:00,104.38,104.38,104.38,104.38,20,33.0,97.0,7600010.0,DX
2024-11-08 05:00:00+00:00,104.38,104.38,104.37,104.38,20,33.0,97.0,7600010.0,DX
2024-11-08 05:05:00+00:00,104.375,104.375,104.365,104.365,12,33.0,97.0,7600010.0,DX
2024-11-08 05:10:00+00:00,104.375,104.385,104.375,104.38,14,33.0,97.0,7600010.0,DX
2024-11-08 05:15:00+00:00,104.375,104.375,104.365,104.365,26,33.0,97.0,7600010.0,DX
2024-11-08 05:20:00+00:00,104.36,104.375,104.355,104.375,42,33.0,97.0,7600010.0,DX
2024-11-08 05:25:00+00:00,104.38,104.38,104.37,104.37,32,33.0,97.0,7600010.0,DX
2024-11-08 05:30:00+00:00,104.375,104.38,104.365,104.375,79,33.0,97.0,7600010.0,DX
2024-11-08 05:35:00+00:00,104.375,104.38,104.375,104.38,38,33.0,97.0,7600010.0,DX
2024-11-08 05:40:00+00:00,104.375,104.4,104.375,104.4,43,33.0,97.0,7600010.0,DX
2024-11-08 05:45:00+00:00,104.39,104.39,104.38,104.385,7,33.0,97.0,7600010.0,DX
2024-11-08 05:55:00+00:00,104.385,104.395,104.38,104.385,22,33.0,97.0,7600010.0,DX
2024-11-08 06:00:00+00:00,104.37,104.37,104.37,104.37,4,33.0,97.0,7600010.0,DX
2024-11-08 06:05:00+00:00,104.375,104.375,104.37,104.37,3,33.0,97.0,7600010.0,DX
2024-11-08 06:10:00+00:00,104.38,104.425,104.38,104.425,20,33.0,97.0,7600010.0,DX
2024-11-08 06:15:00+00:00,104.43,104.455,104.425,104.455,45,33.0,97.0,7600010.0,DX
2024-11-08 06:20:00+00:00,104.455,104.46,104.435,104.445,35,33.0,97.0,7600010.0,DX
2024-11-08 06:25:00+00:00,104.44,104.44,104.42,104.42,6,33.0,97.0,7600010.0,DX
2024-11-08 06:30:00+00:00,104.42,104.43,104.415,104.425,7,33.0,97.0,7600010.0,DX
2024-11-08 06:35:00+00:00,104.43,104.43,104.425,104.425,11,33.0,97.0,7600010.0,DX
2024-11-08 06:40:00+00:00,104.43,104.43,104.405,104.405,2,33.0,97.0,7600010.0,DX
2024-11-08 06:45:00+00:00,104.39,104.41,104.385,104.4,19,33.0,97.0,7600010.0,DX
2024-11-08 06:50:00+00:00,104.4,104.435,104.4,104.425,59,33.0,97.0,7600010.0,DX
2024-11-08 06:55:00+00:00,104.43,104.43,104.4,104.4,39,33.0,97.0,7600010.0,DX
2024-11-08 07:00:00+00:00,104.405,104.41,104.38,104.41,92,33.0,97.0,7600010.0,DX
2024-11-08 07:05:00+00:00,104.41,104.415,104.39,104.39,37,33.0,97.0,7600010.0,DX
2024-11-08 07:10:00+00:00,104.39,104.395,104.37,104.37,51,33.0,97.0,7600010.0,DX
2024-11-08 07:15:00+00:00,104.38,104.415,104.38,104.415,44,33.0,97.0,7600010.0,DX
2024-11-08 07:20:00+00:00,104.405,104.405,104.395,104.405,13,33.0,97.0,7600010.0,DX
2024-11-08 07:25:00+00:00,104.41,104.43,104.41,104.415,54,33.0,97.0,7600010.0,DX
2024-11-08 07:30:00+00:00,104.42,104.435,104.42,104.43,30,33.0,97.0,7600010.0,DX
2024-11-08 07:35:00+00:00,104.405,104.41,104.39,104.4,51,33.0,97.0,7600010.0,DX
2024-11-08 07:40:00+00:00,104.405,104.405,104.4,104.405,12,33.0,97.0,7600010.0,DX
2024-11-08 07:45:00+00:00,104.4,104.405,104.38,104.39,82,33.0,97.0,7600010.0,DX
2024-11-08 07:50:00+00:00,104.38,104.405,104.36,104.395,61,33.0,97.0,7600010.0,DX
2024-11-08 07:55:00+00:00,104.39,104.42,104.385,104.385,69,33.0,97.0,7600010.0,DX
2024-11-08 08:00:00+00:00,104.385,104.475,104.375,104.47,121,33.0,97.0,7600010.0,DX
2024-11-08 08:05:00+00:00,104.47,104.53,104.47,104.53,183,33.0,97.0,7600010.0,DX
2024-11-08 08:10:00+00:00,104.54,104.545,104.485,104.49,85,33.0,97.0,7600010.0,DX
2024-11-08 08:15:00+00:00,104.5,104.52,104.45,104.46,85,33.0,97.0,7600010.0,DX
2024-11-08 08:20:00+00:00,104.455,104.5,104.455,104.48,44,33.0,97.0,7600010.0,DX
2024-11-08 08:25:00+00:00,104.495,104.495,104.415,104.415,129,33.0,97.0,7600010.0,DX
2024-11-08 08:30:00+00:00,104.41,104.41,104.37,104.37,71,33.0,97.0,7600010.0,DX
2024-11-08 08:35:00+00:00,104.365,104.435,104.365,104.42,56,33.0,97.0,7600010.0,DX
2024-11-08 08:40:00+00:00,104.43,104.44,104.42,104.425,96,33.0,97.0,7600010.0,DX
2024-11-08 08:45:00+00:00,104.425,104.425,104.395,104.405,88,33.0,97.0,7600010.0,DX
2024-11-08 08:50:00+00:00,104.39,104.425,104.38,104.385,109,33.0,97.0,7600010.0,DX
2024-11-08 08:55:00+00:00,104.39,104.4,104.37,104.38,53,33.0,97.0,7600010.0,DX
2024-11-08 09:00:00+00:00,104.375,104.375,104.335,104.335,54,33.0,97.0,7600010.0,DX
2024-11-08 09:05:00+00:00,104.33,104.335,104.315,104.33,90,33.0,97.0,7600010.0,DX
2024-11-08 09:10:00+00:00,104.33,104.345,104.33,104.34,22,33.0,97.0,7600010.0,DX
2024-11-08 09:15:00+00:00,104.345,104.345,104.3,104.305,20,33.0,97.0,7600010.0,DX
2024-11-08 09:20:00+00:00,104.305,104.36,104.305,104.36,31,33.0,97.0,7600010.0,DX
2024-11-08 09:25:00+00:00,104.365,104.395,104.36,104.37,121,33.0,97.0,7600010.0,DX
2024-11-08 09:30:00+00:00,104.36,104.36,104.33,104.33,21,33.0,97.0,7600010.0,DX
2024-11-08 09:35:00+00:00,104.335,104.365,104.33,104.33,112,33.0,97.0,7600010.0,DX
2024-11-08 09:40:00+00:00,104.335,104.34,104.32,104.34,49,33.0,97.0,7600010.0,DX
2024-11-08 09:45:00+00:00,104.33,104.355,104.33,104.345,36,33.0,97.0,7600010.0,DX
2024-11-08 09:50:00+00:00,104.355,104.41,104.35,104.39,72,33.0,97.0,7600010.0,DX
2024-11-08 09:55:00+00:00,104.39,104.4,104.37,104.37,257,33.0,97.0,7600010.0,DX
2024-11-08 10:00:00+00:00,104.37,104.395,104.37,104.385,48,33.0,97.0,7600010.0,DX
2024-11-08 10:05:00+00:00,104.38,104.38,104.36,104.375,45,33.0,97.0,7600010.0,DX
2024-11-08 10:10:00+00:00,104.4,104.435,104.4,104.4,112,33.0,97.0,7600010.0,DX
2024-11-08 10:15:00+00:00,104.39,104.4,104.38,104.4,25,33.0,97.0,7600010.0,DX
2024-11-08 10:20:00+00:00,104.4,104.405,104.39,104.405,30,33.0,97.0,7600010.0,DX
2024-11-08 10:25:00+00:00,104.395,104.395,104.385,104.385,22,33.0,97.0,7600010.0,DX
2024-11-08 10:30:00+00:00,104.38,104.44,104.38,104.44,22,33.0,97.0,7600010.0,DX
2024-11-08 10:35:00+00:00,104.435,104.46,104.435,104.45,29,33.0,97.0,7600010.0,DX
2024-11-08 10:40:00+00:00,104.43,104.44,104.42,104.425,37,33.0,97.0,7600010.0,DX
2024-11-08 10:45:00+00:00,104.425,104.435,104.415,104.42,47,33.0,97.0,7600010.0,DX
2024-11-08 10:50:00+00:00,104.42,104.425,104.38,104.385,54,33.0,97.0,7600010.0,DX
2024-11-08 10:55:00+00:00,104.37,104.375,104.36,104.36,37,33.0,97.0,7600010.0,DX
2024-11-08 11:00:00+00:00,104.355,104.355,104.34,104.35,50,33.0,97.0,7600010.0,DX
2024-11-08 11:05:00+00:00,104.345,104.35,104.33,104.335,36,33.0,97.0,7600010.0,DX
2024-11-08 11:10:00+00:00,104.32,104.325,104.31,104.315,37,33.0,97.0,7600010.0,DX
2024-11-08 11:15:00+00:00,104.315,104.315,104.265,104.27,99,33.0,97.0,7600010.0,DX
2024-11-08 11:20:00+00:00,104.27,104.275,104.255,104.26,49,33.0,97.0,7600010.0,DX
2024-11-08 11:25:00+00:00,104.255,104.265,104.25,104.255,73,33.0,97.0,7600010.0,DX
2024-11-08 11:30:00+00:00,104.255,104.285,104.25,104.265,127,33.0,97.0,7600010.0,DX
2024-11-08 11:35:00+00:00,104.265,104.265,104.24,104.255,35,33.0,97.0,7600010.0,DX
2024-11-08 11:40:00+00:00,104.26,104.295,104.255,104.295,109,33.0,97.0,7600010.0,DX
2024-11-08 11:45:00+00:00,104.3,104.32,104.3,104.31,18,33.0,97.0,7600010.0,DX
2024-11-08 11:50:00+00:00,104.315,104.335,104.31,104.335,56,33.0,97.0,7600010.0,DX
2024-11-08 11:55:00+00:00,104.33,104.36,104.325,104.355,39,33.0,97.0,7600010.0,DX
2024-11-08 12:00:00+00:00,104.345,104.365,104.34,104.35,80,33.0,97.0,7600010.0,DX
2024-11-08 12:05:00+00:00,104.355,104.385,104.355,104.38,54,33.0,97.0,7600010.0,DX
2024-11-08 12:10:00+00:00,104.385,104.415,104.385,104.41,178,33.0,97.0,7600010.0,DX
2024-11-08 12:15:00+00:00,104.41,104.41,104.4,104.4,17,33.0,97.0,7600010.0,DX
2024-11-08 12:20:00+00:00,104.405,104.45,104.405,104.445,143,33.0,97.0,7600010.0,DX
2024-11-08 12:25:00+00:00,104.44,104.46,104.44,104.455,66,33.0,97.0,7600010.0,DX
2024-11-08 12:30:00+00:00,104.445,104.47,104.43,104.435,163,33.0,97.0,7600010.0,DX
2024-11-08 12:35:00+00:00,104.435,104.435,104.4,104.425,94,33.0,97.0,7600010.0,DX
2024-11-08 12:40:00+00:00,104.43,104.465,104.425,104.445,127,33.0,97.0,7600010.0,DX
2024-11-08 12:45:00+00:00,104.445,104.45,104.43,104.445,53,33.0,97.0,7600010.0,DX
2024-11-08 12:50:00+00:00,104.44,104.47,104.44,104.47,24,33.0,97.0,7600010.0,DX
2024-11-08 12:55:00+00:00,104.475,104.475,104.435,104.45,63,33.0,97.0,7600010.0,DX
2024-11-08 13:00:00+00:00,104.455,104.49,104.455,104.49,88,33.0,97.0,7600010.0,DX
2024-11-08 13:05:00+00:00,104.475,104.475,104.445,104.45,26,33.0,97.0,7600010.0,DX
2024-11-08 13:10:00+00:00,104.455,104.5,104.165,104.495,37,33.0,97.0,7600010.0,DX
2024-11-08 13:15:00+00:00,104.495,104.525,104.49,104.51,120,33.0,97.0,7600010.0,DX
2024-11-08 13:20:00+00:00,104.5,104.565,104.5,104.56,214,33.0,97.0,7600010.0,DX
2024-11-08 13:25:00+00:00,104.555,104.56,104.525,104.54,62,33.0,97.0,7600010.0,DX
2024-11-08 13:30:00+00:00,104.545,104.615,104.54,104.615,219,33.0,97.0,7600010.0,DX
2024-11-08 13:35:00+00:00,104.625,104.685,104.61,104.68,378,33.0,97.0,7600010.0,DX
2024-11-08 13:40:00+00:00,104.68,104.685,104.66,104.66,70,33.0,97.0,7600010.0,DX
2024-11-08 13:45:00+00:00,104.645,104.65,104.63,104.645,197,33.0,97.0,7600010.0,DX
2024-11-08 13:50:00+00:00,104.64,104.645,104.575,104.58,152,33.0,97.0,7600010.0,DX
2024-11-08 13:55:00+00:00,104.585,104.625,104.58,104.62,50,33.0,97.0,7600010.0,DX
2024-11-08 14:00:00+00:00,104.63,104.635,104.6,104.625,250,33.0,97.0,7600010.0,DX
2024-11-08 14:05:00+00:00,104.62,104.62,104.575,104.6,199,33.0,97.0,7600010.0,DX
2024-11-08 14:10:00+00:00,104.6,104.625,104.595,104.6,108,33.0,97.0,7600010.0,DX
2024-11-08 14:15:00+00:00,104.61,104.615,104.59,104.595,123,33.0,97.0,7600010.0,DX
2024-11-08 14:20:00+00:00,104.595,104.605,104.565,104.575,72,33.0,97.0,7600010.0,DX
2024-11-08 14:25:00+00:00,104.56,104.56,104.525,104.535,150,33.0,97.0,7600010.0,DX
2024-11-08 14:30:00+00:00,104.53,104.56,104.52,104.54,94,33.0,97.0,7600010.0,DX
2024-11-08 14:35:00+00:00,104.545,104.575,104.525,104.56,130,33.0,97.0,7600010.0,DX
2024-11-08 14:40:00+00:00,104.565,104.59,104.565,104.59,93,33.0,97.0,7600010.0,DX
2024-11-08 14:45:00+00:00,104.585,104.615,104.575,104.595,145,33.0,97.0,7600010.0,DX
2024-11-08 14:50:00+00:00,104.595,104.62,104.595,104.62,67,33.0,97.0,7600010.0,DX
2024-11-08 14:55:00+00:00,104.62,104.64,104.62,104.62,79,33.0,97.0,7600010.0,DX
2024-11-08 15:00:00+00:00,104.63,104.685,104.625,104.64,274,33.0,97.0,7600010.0,DX
2024-11-08 15:05:00+00:00,104.645,104.705,104.63,104.635,525,33.0,97.0,7600010.0,DX
2024-11-08 15:10:00+00:00,104.63,104.64,104.61,104.64,91,33.0,97.0,7600010.0,DX
2024-11-08 15:15:00+00:00,104.65,104.69,104.65,104.68,142,33.0,97.0,7600010.0,DX
2024-11-08 15:20:00+00:00,104.66,104.68,104.645,104.665,114,33.0,97.0,7600010.0,DX
2024-11-08 15:25:00+00:00,104.66,104.68,104.655,104.675,88,33.0,97.0,7600010.0,DX
2024-11-08 15:30:00+00:00,104.67,104.67,104.635,104.635,88,33.0,97.0,7600010.0,DX
2024-11-08 15:35:00+00:00,104.63,104.665,104.63,104.655,104,33.0,97.0,7600010.0,DX
2024-11-08 15:40:00+00:00,104.66,104.67,104.615,104.63,71,33.0,97.0,7600010.0,DX
2024-11-08 15:45:00+00:00,104.63,104.645,104.595,104.595,186,33.0,97.0,7600010.0,DX
2024-11-08 15:50:00+00:00,104.6,104.63,104.59,104.63,108,33.0,97.0,7600010.0,DX
2024-11-08 15:55:00+00:00,104.625,104.625,104.6,104.615,64,33.0,97.0,7600010.0,DX
2024-11-08 16:00:00+00:00,104.62,104.665,104.605,104.66,54,33.0,97.0,7600010.0,DX
2024-11-08 16:05:00+00:00,104.655,104.725,104.655,104.72,661,33.0,97.0,7600010.0,DX
2024-11-08 16:10:00+00:00,104.72,104.755,104.705,104.755,206,33.0,97.0,7600010.0,DX
2024-11-08 16:15:00+00:00,104.76,104.775,104.75,104.765,136,33.0,97.0,7600010.0,DX
2024-11-08 16:20:00+00:00,104.76,104.795,104.76,104.795,68,33.0,97.0,7600010.0,DX
2024-11-08 16:25:00+00:00,104.795,104.815,104.78,104.785,230,33.0,97.0,7600010.0,DX
2024-11-08 16:30:00+00:00,104.775,104.835,104.775,104.82,445,33.0,97.0,7600010.0,DX
2024-11-08 16:35:00+00:00,104.825,104.845,104.825,104.84,257,33.0,97.0,7600010.0,DX
2024-11-08 16:40:00+00:00,104.84,104.84,104.81,104.81,110,33.0,97.0,7600010.0,DX
2024-11-08 16:45:00+00:00,104.81,104.865,104.805,104.825,438,33.0,97.0,7600010.0,DX
2024-11-08 16:50:00+00:00,104.82,104.88,104.82,104.88,72,33.0,97.0,7600010.0,DX
2024-11-08 16:55:00+00:00,104.875,104.935,104.875,104.935,322,33.0,97.0,7600010.0,DX
2024-11-08 17:00:00+00:00,104.93,105.015,104.925,105.0,403,33.0,97.0,7600010.0,DX
2024-11-08 17:05:00+00:00,105.0,105.04,104.975,105.04,158,33.0,97.0,7600010.0,DX
2024-11-08 17:10:00+00:00,105.045,105.105,105.04,105.05,433,33.0,97.0,7600010.0,DX
2024-11-08 17:15:00+00:00,105.035,105.08,105.01,105.065,204,33.0,97.0,7600010.0,DX
2024-11-08 17:20:00+00:00,105.075,105.085,105.05,105.05,109,33.0,97.0,7600010.0,DX
2024-11-08 17:25:00+00:00,105.055,105.055,105.015,105.025,247,33.0,97.0,7600010.0,DX
2024-11-08 17:30:00+00:00,105.025,105.025,104.995,105.0,135,33.0,97.0,7600010.0,DX
2024-11-08 17:35:00+00:00,104.995,105.05,104.995,105.035,236,33.0,97.0,7600010.0,DX
2024-11-08 17:40:00+00:00,105.04,105.065,105.03,105.03,264,33.0,97.0,7600010.0,DX
2024-11-08 17:45:00+00:00,105.025,105.045,104.99,104.99,95,33.0,97.0,7600010.0,DX
2024-11-08 17:50:00+00:00,104.995,105.0,104.955,104.955,151,33.0,97.0,7600010.0,DX
2024-11-08 17:55:00+00:00,104.955,104.955,104.92,104.95,210,33.0,97.0,7600010.0,DX
2024-11-08 18:00:00+00:00,104.945,104.96,104.915,104.915,71,33.0,97.0,7600010.0,DX
2024-11-08 18:05:00+00:00,104.915,104.915,104.865,104.88,106,33.0,97.0,7600010.0,DX
2024-11-08 18:10:00+00:00,104.875,104.885,104.87,104.885,115,33.0,97.0,7600010.0,DX
2024-11-08 18:15:00+00:00,104.88,104.91,104.875,104.91,22,33.0,97.0,7600010.0,DX
2024-11-08 18:20:00+00:00,104.91,104.94,104.91,104.94,19,33.0,97.0,7600010.0,DX
2024-11-08 18:25:00+00:00,104.945,104.96,104.935,104.95,47,33.0,97.0,7600010.0,DX
2024-11-08 18:30:00+00:00,104.965,104.97,104.955,104.97,15,33.0,97.0,7600010.0,DX
2024-11-08 18:35:00+00:00,104.97,104.985,104.97,104.98,62,33.0,97.0,7600010.0,DX
2024-11-08 18:40:00+00:00,104.98,105.0,104.98,105.0,24,33.0,97.0,7600010.0,DX
2024-11-08 18:45:00+00:00,105.01,105.015,105.0,105.005,31,33.0,97.0,7600010.0,DX
2024-11-08 18:50:00+00:00,105.005,105.005,104.98,105.005,139,33.0,97.0,7600010.0,DX
2024-11-08 18:55:00+00:00,104.995,104.995,104.95,104.955,32,33.0,97.0,7600010.0,DX
2024-11-08 19:00:00+00:00,104.955,104.98,104.945,104.965,76,33.0,97.0,7600010.0,DX
2024-11-08 19:05:00+00:00,104.965,104.965,104.93,104.94,31,33.0,97.0,7600010.0,DX
2024-11-08 19:10:00+00:00,104.945,104.955,104.935,104.94,27,33.0,97.0,7600010.0,DX
2024-11-08 19:15:00+00:00,104.93,104.93,104.92,104.92,26,33.0,97.0,7600010.0,DX
2024-11-08 19:20:00+00:00,104.92,104.955,104.91,104.955,81,33.0,97.0,7600010.0,DX
2024-11-08 19:25:00+00:00,104.955,104.955,104.945,104.95,27,33.0,97.0,7600010.0,DX
2024-11-08 19:30:00+00:00,104.95,104.965,104.945,104.96,20,33.0,97.0,7600010.0,DX
2024-11-08 19:35:00+00:00,104.945,104.95,104.915,104.915,45,33.0,97.0,7600010.0,DX
2024-11-08 19:40:00+00:00,104.91,104.92,104.905,104.915,60,33.0,97.0,7600010.0,DX
2024-11-08 19:45:00+00:00,104.92,104.94,104.92,104.93,53,33.0,97.0,7600010.0,DX
2024-11-08 19:50:00+00:00,104.93,104.95,104.93,104.95,32,33.0,97.0,7600010.0,DX
2024-11-08 19:55:00+00:00,104.94,104.94,104.88,104.9,172,33.0,97.0,7600010.0,DX
2024-11-08 20:00:00+00:00,104.905,104.92,104.9,104.91,195,33.0,97.0,7600010.0,DX
2024-11-08 20:05:00+00:00,104.915,104.925,104.895,104.91,35,33.0,97.0,7600010.0,DX
2024-11-08 20:10:00+00:00,104.91,104.93,104.905,104.91,44,33.0,97.0,7600010.0,DX
2024-11-08 20:15:00+00:00,104.905,104.91,104.9,104.905,19,33.0,97.0,7600010.0,DX
2024-11-08 20:20:00+00:00,104.89,104.895,104.885,104.89,8,33.0,97.0,7600010.0,DX
2024-11-08 20:25:00+00:00,104.89,104.905,104.885,104.89,42,33.0,97.0,7600010.0,DX
2024-11-08 20:30:00+00:00,104.88,104.885,104.865,104.88,69,33.0,97.0,7600010.0,DX
2024-11-08 20:35:00+00:00,104.89,104.89,104.88,104.88,25,33.0,97.0,7600010.0,DX
2024-11-08 20:40:00+00:00,104.88,104.88,104.85,104.85,28,33.0,97.0,7600010.0,DX
2024-11-08 20:45:00+00:00,104.85,104.86,104.85,104.855,32,33.0,97.0,7600010.0,DX
2024-11-08 20:50:00+00:00,104.855,104.86,104.84,104.845,94,33.0,97.0,7600010.0,DX
2024-11-08 20:55:00+00:00,104.855,104.855,104.835,104.85,102,33.0,97.0,7600010.0,DX
2024-11-08 21:00:00+00:00,104.845,104.845,104.835,104.835,53,33.0,97.0,7600010.0,DX
2024-11-08 21:10:00+00:00,104.825,104.83,104.825,104.83,9,33.0,97.0,7600010.0,DX
2024-11-08 21:15:00+00:00,104.83,104.83,104.825,104.83,24,33.0,97.0,7600010.0,DX
2024-11-08 21:20:00+00:00,104.825,104.825,104.81,104.81,40,33.0,97.0,7600010.0,DX
2024-11-08 21:25:00+00:00,104.81,104.815,104.81,104.81,8,33.0,97.0,7600010.0,DX
2024-11-08 21:30:00+00:00,104.82,104.82,104.805,104.815,14,33.0,97.0,7600010.0,DX
2024-11-08 21:35:00+00:00,104.825,104.83,104.825,104.83,2,33.0,97.0,7600010.0,DX
2024-11-08 21:40:00+00:00,104.835,104.84,104.835,104.84,11,33.0,97.0,7600010.0,DX
2024-11-08 21:45:00+00:00,104.84,104.86,104.84,104.86,15,33.0,97.0,7600010.0,DX
2024-11-08 21:50:00+00:00,104.85,104.85,104.85,104.85,1,33.0,97.0,7600010.0,DX
2024-11-08 21:55:00+00:00,104.85,104.85,104.825,104.83,17,33.0,97.0,7600010.0,DX
2024-11-10 23:00:00+00:00,104.955,104.97,104.89,104.905,73,33.0,97.0,7600010.0,DX
2024-11-10 23:05:00+00:00,104.905,104.94,104.905,104.925,14,33.0,97.0,7600010.0,DX
2024-11-10 23:10:00+00:00,104.925,104.94,104.915,104.94,7,33.0,97.0,7600010.0,DX
2024-11-10 23:15:00+00:00,104.945,104.95,104.94,104.94,90,33.0,97.0,7600010.0,DX
2024-11-10 23:20:00+00:00,104.94,104.94,104.925,104.925,36,33.0,97.0,7600010.0,DX
2024-11-10 23:25:00+00:00,104.925,104.925,104.92,104.925,26,33.0,97.0,7600010.0,DX
2024-11-10 23:30:00+00:00,104.925,104.925,104.9,104.9,5,33.0,97.0,7600010.0,DX
2024-11-10 23:35:00+00:00,104.91,104.925,104.9,104.925,8,33.0,97.0,7600010.0,DX
2024-11-10 23:40:00+00:00,104.925,104.925,104.92,104.92,6,33.0,97.0,7600010.0,DX
2024-11-10 23:55:00+00:00,104.92,104.92,104.92,104.92,6,33.0,97.0,7600010.0,DX
2024-11-11 00:00:00+00:00,104.925,104.935,104.92,104.92,39,33.0,97.0,7600010.0,DX
2024-11-11 00:05:00+00:00,104.95,104.965,104.945,104.965,64,33.0,97.0,7600010.0,DX
2024-11-11 00:10:00+00:00,104.955,104.955,104.945,104.945,35,33.0,97.0,7600010.0,DX
2024-11-11 00:15:00+00:00,104.95,104.955,104.925,104.925,57,33.0,97.0,7600010.0,DX
2024-11-11 00:20:00+00:00,104.925,104.925,104.9,104.91,18,33.0,97.0,7600010.0,DX
2024-11-11 00:25:00+00:00,104.905,104.905,104.885,104.885,10,33.0,97.0,7600010.0,DX
2024-11-11 00:30:00+00:00,104.89,104.89,104.89,104.89,33,33.0,97.0,7600010.0,DX
2024-11-11 00:35:00+00:00,104.89,104.89,104.89,104.89,2,33.0,97.0,7600010.0,DX
2024-11-11 00:40:00+00:00,104.9,104.9,104.9,104.9,1,33.0,97.0,7600010.0,DX
2024-11-11 00:45:00+00:00,104.915,104.915,104.905,104.905,20,33.0,97.0,7600010.0,DX
2024-11-11 00:50:00+00:00,104.915,104.915,104.915,104.915,1,33.0,97.0,7600010.0,DX
2024-11-11 00:55:00+00:00,104.575,104.575,104.575,104.575,1,33.0,97.0,7698408.0,DX
2024-11-11 01:00:00+00:00,104.92,104.92,104.895,104.9,97,33.0,97.0,7600010.0,DX
2024-11-11 01:05:00+00:00,104.905,104.92,104.89,104.89,113,33.0,97.0,7600010.0,DX
2024-11-11 01:10:00+00:00,104.89,104.89,104.87,104.875,104,33.0,97.0,7600010.0,DX
2024-11-11 01:15:00+00:00,104.87,104.89,104.87,104.88,9,33.0,97.0,7600010.0,DX
2024-11-11 01:20:00+00:00,104.88,104.88,104.835,104.835,23,33.0,97.0,7600010.0,DX
2024-11-11 01:25:00+00:00,104.83,104.855,104.83,104.85,23,33.0,97.0,7600010.0,DX
2024-11-11 01:30:00+00:00,104.85,104.87,104.84,104.87,136,33.0,97.0,7600010.0,DX
2024-11-11 01:35:00+00:00,104.88,104.885,104.88,104.885,3,33.0,97.0,7600010.0,DX
2024-11-11 01:40:00+00:00,104.885,104.885,104.885,104.885,15,33.0,97.0,7600010.0,DX
2024-11-11 01:45:00+00:00,104.89,104.895,104.89,104.895,12,33.0,97.0,7600010.0,DX
2024-11-11 01:50:00+00:00,104.9,104.9,104.885,104.885,60,33.0,97.0,7600010.0,DX
2024-11-11 01:55:00+00:00,104.895,104.905,104.895,104.9,249,33.0,97.0,7600010.0,DX
2024-11-11 02:00:00+00:00,104.9,104.905,104.885,104.885,29,33.0,97.0,7600010.0,DX
2024-11-11 02:05:00+00:00,104.885,104.885,104.875,104.88,20,33.0,97.0,7600010.0,DX
2024-11-11 02:10:00+00:00,104.88,104.88,104.865,104.865,3,33.0,97.0,7600010.0,DX
2024-11-11 02:15:00+00:00,104.87,104.87,104.87,104.87,5,33.0,97.0,7600010.0,DX
2024-11-11 02:20:00+00:00,104.895,104.895,104.895,104.895,1,33.0,97.0,7600010.0,DX
2024-11-11 02:25:00+00:00,104.905,104.91,104.9,104.91,42,33.0,97.0,7600010.0,DX
2024-11-11 02:30:00+00:00,104.91,104.915,104.9,104.915,23,33.0,97.0,7600010.0,DX
2024-11-11 02:35:00+00:00,104.91,104.91,104.91,104.91,1,33.0,97.0,7600010.0,DX
2024-11-11 02:40:00+00:00,104.93,104.935,104.93,104.935,13,33.0,97.0,7600010.0,DX
2024-11-11 02:45:00+00:00,104.91,104.91,104.9,104.905,9,33.0,97.0,7600010.0,DX
2024-11-11 02:50:00+00:00,104.9,104.9,104.89,104.9,10,33.0,97.0,7600010.0,DX
2024-11-11 02:55:00+00:00,104.905,104.905,104.905,104.905,12,33.0,97.0,7600010.0,DX
2024-11-11 03:00:00+00:00,104.9,104.905,104.89,104.895,20,33.0,97.0,7600010.0,DX
2024-11-11 03:05:00+00:00,104.875,104.875,104.875,104.875,2,33.0,97.0,7600010.0,DX
2024-11-11 03:10:00+00:00,104.885,104.895,104.885,104.895,5,33.0,97.0,7600010.0,DX
2024-11-11 03:15:00+00:00,104.895,104.895,104.885,104.895,23,33.0,97.0,7600010.0,DX
2024-11-11 03:20:00+00:00,104.895,104.895,104.89,104.89,5,33.0,97.0,7600010.0,DX
2024-11-11 03:25:00+00:00,104.905,104.905,104.9,104.9,5,33.0,97.0,7600010.0,DX
2024-11-11 03:30:00+00:00,104.9,104.92,104.9,104.92,16,33.0,97.0,7600010.0,DX
2024-11-11 03:35:00+00:00,104.94,104.96,104.94,104.96,28,33.0,97.0,7600010.0,DX
2024-11-11 03:40:00+00:00,104.95,104.95,104.95,104.95,5,33.0,97.0,7600010.0,DX
2024-11-11 03:45:00+00:00,104.945,104.945,104.94,104.945,54,33.0,97.0,7600010.0,DX
2024-11-11 03:50:00+00:00,104.945,104.96,104.945,104.955,31,33.0,97.0,7600010.0,DX
2024-11-11 03:55:00+00:00,104.96,104.96,104.955,104.955,7,33.0,97.0,7600010.0,DX
2024-11-11 04:00:00+00:00,104.955,104.985,104.955,104.985,48,33.0,97.0,7600010.0,DX
2024-11-11 04:05:00+00:00,104.99,105.005,104.985,104.985,52,33.0,97.0,7600010.0,DX
2024-11-11 04:10:00+00:00,104.98,104.985,104.98,104.985,11,33.0,97.0,7600010.0,DX
2024-11-11 04:15:00+00:00,104.985,104.985,104.985,104.985,10,33.0,97.0,7600010.0,DX
2024-11-11 04:20:00+00:00,104.985,104.985,104.98,104.98,8,33.0,97.0,7600010.0,DX
2024-11-11 04:25:00+00:00,104.985,104.985,104.98,104.98,14,33.0,97.0,7600010.0,DX
2024-11-11 04:30:00+00:00,104.98,104.985,104.98,104.98,8,33.0,97.0,7600010.0,DX
2024-11-11 04:35:00+00:00,104.99,105.0,104.99,105.0,32,33.0,97.0,7600010.0,DX
2024-11-11 04:40:00+00:00,105.005,105.04,104.995,105.035,24,33.0,97.0,7600010.0,DX
2024-11-11 04:45:00+00:00,105.03,105.035,105.015,105.015,6,33.0,97.0,7600010.0,DX
2024-11-11 04:55:00+00:00,105.0,105.01,104.985,104.99,25,33.0,97.0,7600010.0,DX
2024-11-11 05:00:00+00:00,104.985,104.985,104.98,104.98,5,33.0,97.0,7600010.0,DX
2024-11-11 05:05:00+00:00,104.98,104.99,104.98,104.985,18,33.0,97.0,7600010.0,DX
2024-11-11 05:10:00+00:00,104.98,104.985,104.975,104.985,13,33.0,97.0,7600010.0,DX
2024-11-11 05:15:00+00:00,104.98,104.995,104.98,104.995,36,33.0,97.0,7600010.0,DX
2024-11-11 05:20:00+00:00,104.99,105.01,104.99,105.01,12,33.0,97.0,7600010.0,DX
2024-11-11 05:25:00+00:00,105.0,105.0,104.985,104.995,55,33.0,97.0,7600010.0,DX
2024-11-11 05:30:00+00:00,104.995,105.0,104.985,105.0,59,33.0,97.0,7600010.0,DX
2024-11-11 05:35:00+00:00,104.995,105.01,104.995,105.005,36,33.0,97.0,7600010.0,DX
2024-11-11 05:40:00+00:00,105.005,105.005,104.65,104.985,37,33.0,97.0,7600010.0,DX
2024-11-11 05:45:00+00:00,104.985,104.985,104.975,104.98,41,33.0,97.0,7600010.0,DX
2024-11-11 05:50:00+00:00,104.97,104.97,104.625,104.955,36,33.0,97.0,7600010.0,DX
2024-11-11 05:55:00+00:00,104.955,104.955,104.945,104.955,64,33.0,97.0,7600010.0,DX
2024-11-11 06:00:00+00:00,104.96,104.985,104.96,104.975,48,33.0,97.0,7600010.0,DX
2024-11-11 06:05:00+00:00,104.975,104.98,104.95,104.955,46,33.0,97.0,7600010.0,DX
2024-11-11 06:10:00+00:00,104.95,104.98,104.945,104.98,22,33.0,97.0,7600010.0,DX
2024-11-11 06:15:00+00:00,104.975,104.975,104.95,104.95,7,33.0,97.0,7600010.0,DX
2024-11-11 06:20:00+00:00,104.95,104.97,104.95,104.97,4,33.0,97.0,7600010.0,DX
2024-11-11 06:25:00+00:00,104.97,104.97,104.96,104.965,12,33.0,97.0,7600010.0,DX
2024-11-11 06:30:00+00:00,104.96,104.965,104.95,104.965,19,33.0,97.0,7600010.0,DX
2024-11-11 06:35:00+00:00,104.965,104.965,104.96,104.965,8,33.0,97.0,7600010.0,DX
2024-11-11 06:40:00+00:00,104.96,104.96,104.95,104.955,5,33.0,97.0,7600010.0,DX
2024-11-11 06:45:00+00:00,104.95,104.95,104.945,104.945,12,33.0,97.0,7600010.0,DX
2024-11-11 06:50:00+00:00,104.94,104.955,104.93,104.935,24,33.0,97.0,7600010.0,DX
2024-11-11 06:55:00+00:00,104.935,104.935,104.92,104.92,21,33.0,97.0,7600010.0,DX
2024-11-11 07:00:00+00:00,104.915,104.915,104.905,104.915,27,33.0,97.0,7600010.0,DX
2024-11-11 07:05:00+00:00,104.91,104.95,104.91,104.95,15,33.0,97.0,7600010.0,DX
2024-11-11 07:10:00+00:00,104.955,104.96,104.95,104.95,21,33.0,97.0,7600010.0,DX
2024-11-11 07:15:00+00:00,104.955,104.99,104.955,104.99,29,33.0,97.0,7600010.0,DX
2024-11-11 07:20:00+00:00,104.99,105.025,104.99,105.02,61,33.0,97.0,7600010.0,DX
2024-11-11 07:25:00+00:00,105.02,105.03,105.005,105.005,54,33.0,97.0,7600010.0,DX
2024-11-11 07:30:00+00:00,105.01,105.075,105.01,105.075,107,33.0,97.0,7600010.0,DX
2024-11-11 07:35:00+00:00,105.075,105.09,105.055,105.06,119,33.0,97.0,7600010.0,DX
2024-11-11 07:40:00+00:00,105.06,105.11,105.04,105.105,135,33.0,97.0,7600010.0,DX
2024-11-11 07:45:00+00:00,105.1,105.195,105.1,105.19,327,33.0,97.0,7600010.0,DX
2024-11-11 07:50:00+00:00,105.185,105.19,105.15,105.175,227,33.0,97.0,7600010.0,DX
2024-11-11 07:55:00+00:00,105.175,105.19,105.15,105.175,750,33.0,97.0,7600010.0,DX
2024-11-11 08:00:00+00:00,105.17,105.205,105.15,105.165,172,33.0,97.0,7600010.0,DX
2024-11-11 08:05:00+00:00,105.175,105.2,105.175,105.195,48,33.0,97.0,7600010.0,DX
2024-11-11 08:10:00+00:00,105.195,105.195,105.155,105.18,65,33.0,97.0,7600010.0,DX
2024-11-11 08:15:00+00:00,105.18,105.195,105.17,105.195,42,33.0,97.0,7600010.0,DX
2024-11-11 08:20:00+00:00,105.2,105.255,105.2,105.25,188,33.0,97.0,7600010.0,DX
2024-11-11 08:25:00+00:00,105.255,105.275,105.22,105.24,103,33.0,97.0,7600010.0,DX
2024-11-11 08:30:00+00:00,105.25,105.265,105.225,105.265,76,33.0,97.0,7600010.0,DX
2024-11-11 08:35:00+00:00,105.265,105.27,105.215,105.215,38,33.0,97.0,7600010.0,DX
2024-11-11 08:40:00+00:00,105.21,105.21,105.19,105.19,106,33.0,97.0,7600010.0,DX
2024-11-11 08:45:00+00:00,105.195,105.195,105.16,105.16,109,33.0,97.0,7600010.0,DX
2024-11-11 08:50:00+00:00,105.16,105.22,105.155,105.205,146,33.0,97.0,7600010.0,DX
2024-11-11 08:55:00+00:00,105.205,105.22,105.2,105.2,26,33.0,97.0,7600010.0,DX
2024-11-11 09:00:00+00:00,105.195,105.21,105.18,105.21,59,33.0,97.0,7600010.0,DX
2024-11-11 09:05:00+00:00,105.22,105.225,105.205,105.21,35,33.0,97.0,7600010.0,DX
2024-11-11 09:10:00+00:00,105.225,105.23,105.215,105.23,18,33.0,97.0,7600010.0,DX
2024-11-11 09:15:00+00:00,105.225,105.24,105.21,105.22,70,33.0,97.0,7600010.0,DX
2024-11-11 09:20:00+00:00,105.22,105.225,105.2,105.225,20,33.0,97.0,7600010.0,DX
2024-11-11 09:25:00+00:00,105.235,105.32,105.235,105.315,155,33.0,97.0,7600010.0,DX
2024-11-11 09:30:00+00:00,105.315,105.325,105.28,105.29,125,33.0,97.0,7600010.0,DX
2024-11-11 09:35:00+00:00,105.295,105.295,105.285,105.285,43,33.0,97.0,7600010.0,DX
2024-11-11 09:40:00+00:00,105.29,105.325,105.285,105.285,46,33.0,97.0,7600010.0,DX
2024-11-11 09:45:00+00:00,105.275,105.28,105.25,105.25,59,33.0,97.0,7600010.0,DX
2024-11-11 09:50:00+00:00,105.245,105.245,105.215,105.215,55,33.0,97.0,7600010.0,DX
2024-11-11 09:55:00+00:00,105.21,105.235,105.205,105.22,22,33.0,97.0,7600010.0,DX
2024-11-11 10:00:00+00:00,105.225,105.23,105.215,105.22,13,33.0,97.0,7600010.0,DX
2024-11-11 10:05:00+00:00,105.215,105.225,104.83,104.83,22,33.0,97.0,7600010.0,DX
2024-11-11 10:10:00+00:00,105.21,105.265,105.21,105.255,12,33.0,97.0,7600010.0,DX
2024-11-11 10:15:00+00:00,105.245,105.245,105.205,105.205,119,33.0,97.0,7600010.0,DX
2024-11-11 10:20:00+00:00,105.21,105.24,105.21,105.21,39,33.0,97.0,7600010.0,DX
2024-11-11 10:25:00+00:00,105.215,105.215,105.19,105.19,53,33.0,97.0,7600010.0,DX
2024-11-11 10:30:00+00:00,105.19,105.205,105.175,105.205,62,33.0,97.0,7600010.0,DX
2024-11-11 10:35:00+00:00,105.205,105.245,105.205,105.245,17,33.0,97.0,7600010.0,DX
2024-11-11 10:40:00+00:00,105.24,105.25,105.23,105.245,47,33.0,97.0,7600010.0,DX
2024-11-11 10:45:00+00:00,105.27,105.275,105.27,105.275,7,33.0,97.0,7600010.0,DX
2024-11-11 10:50:00+00:00,105.27,105.29,105.265,105.27,18,33.0,97.0,7600010.0,DX
2024-11-11 10:55:00+00:00,105.275,105.3,105.265,105.3,41,33.0,97.0,7600010.0,DX
2024-11-11 11:00:00+00:00,105.305,105.34,105.3,105.315,79,33.0,97.0,7600010.0,DX
2024-11-11 11:05:00+00:00,105.32,105.38,105.32,105.375,120,33.0,97.0,7600010.0,DX
2024-11-11 11:10:00+00:00,105.36,105.36,105.345,105.35,76,33.0,97.0,7600010.0,DX
2024-11-11 11:15:00+00:00,105.0,105.365,105.0,105.36,25,33.0,97.0,7698408.0,DX
2024-11-11 11:20:00+00:00,105.35,105.35,105.34,105.35,44,33.0,97.0,7600010.0,DX
2024-11-11 11:25:00+00:00,105.36,105.38,105.355,105.37,8,33.0,97.0,7600010.0,DX
2024-11-11 11:30:00+00:00,105.355,105.405,105.06,105.06,33,33.0,97.0,7600010.0,DX
2024-11-11 11:35:00+00:00,105.405,105.405,105.335,105.335,190,33.0,97.0,7600010.0,DX
2024-11-11 11:40:00+00:00,105.335,105.355,105.335,105.355,60,33.0,97.0,7600010.0,DX
2024-11-11 11:45:00+00:00,105.35,105.375,105.35,105.36,36,33.0,97.0,7600010.0,DX
2024-11-11 11:50:00+00:00,105.355,105.385,105.355,105.375,34,33.0,97.0,7600010.0,DX
2024-11-11 11:55:00+00:00,105.365,105.365,105.34,105.36,65,33.0,97.0,7600010.0,DX
2024-11-11 12:00:00+00:00,105.35,105.37,105.34,105.36,34,33.0,97.0,7600010.0,DX
2024-11-11 12:05:00+00:00,105.355,105.37,105.35,105.37,10,33.0,97.0,7600010.0,DX
2024-11-11 12:10:00+00:00,105.37,105.37,105.345,105.345,78,33.0,97.0,7600010.0,DX
2024-11-11 12:15:00+00:00,105.345,105.38,105.345,105.365,69,33.0,97.0,7600010.0,DX
2024-11-11 12:20:00+00:00,105.375,105.385,105.37,105.37,22,33.0,97.0,7600010.0,DX
2024-11-11 12:25:00+00:00,105.375,105.405,105.375,105.4,118,33.0,97.0,7600010.0,DX
2024-11-11 12:30:00+00:00,105.4,105.425,105.4,105.425,66,33.0,97.0,7600010.0,DX
2024-11-11 12:35:00+00:00,105.42,105.42,105.385,105.385,16,33.0,97.0,7600010.0,DX
2024-11-11 12:40:00+00:00,105.375,105.39,105.375,105.385,33,33.0,97.0,7600010.0,DX
2024-11-11 12:45:00+00:00,105.38,105.41,105.38,105.41,13,33.0,97.0,7600010.0,DX
2024-11-11 12:50:00+00:00,105.42,105.42,105.415,105.415,6,33.0,97.0,7600010.0,DX
2024-11-11 12:55:00+00:00,105.43,105.435,105.415,105.435,14,33.0,97.0,7600010.0,DX
2024-11-11 13:00:00+00:00,105.435,105.46,105.415,105.42,87,33.0,97.0,7600010.0,DX
2024-11-11 13:05:00+00:00,105.415,105.44,105.41,105.435,35,33.0,97.0,7600010.0,DX
2024-11-11 13:10:00+00:00,105.455,105.465,105.455,105.46,330,33.0,97.0,7600010.0,DX
2024-11-11 13:15:00+00:00,105.455,105.53,105.455,105.53,261,33.0,97.0,7600010.0,DX
2024-11-11 13:20:00+00:00,105.525,105.535,105.5,105.53,104,33.0,97.0,7600010.0,DX
2024-11-11 13:25:00+00:00,105.525,105.54,105.52,105.54,63,33.0,97.0,7600010.0,DX
2024-11-11 13:30:00+00:00,105.535,105.575,105.525,105.575,63,33.0,97.0,7600010.0,DX
2024-11-11 13:35:00+00:00,105.575,105.585,105.52,105.52,118,33.0,97.0,7600010.0,DX
2024-11-11 13:40:00+00:00,105.51,105.56,105.51,105.53,118,33.0,97.0,7600010.0,DX
2024-11-11 13:45:00+00:00,105.53,105.53,105.495,105.495,115,33.0,97.0,7600010.0,DX
2024-11-11 13:50:00+00:00,105.495,105.51,105.485,105.49,93,33.0,97.0,7600010.0,DX
2024-11-11 13:55:00+00:00,105.485,105.505,105.48,105.48,43,33.0,97.0,7600010.0,DX
2024-11-11 14:00:00+00:00,105.485,105.485,105.465,105.47,109,33.0,97.0,7600010.0,DX
2024-11-11 14:05:00+00:00,105.465,105.465,105.42,105.425,131,33.0,97.0,7600010.0,DX
2024-11-11 14:10:00+00:00,105.435,105.45,105.405,105.415,133,33.0,97.0,7600010.0,DX
2024-11-11 14:15:00+00:00,105.41,105.45,105.41,105.435,94,33.0,97.0,7600010.0,DX
2024-11-11 14:20:00+00:00,105.43,105.445,105.425,105.435,48,33.0,97.0,7600010.0,DX
2024-11-11 14:25:00+00:00,105.44,105.44,105.395,105.42,92,33.0,97.0,7600010.0,DX
2024-11-11 14:30:00+00:00,105.415,105.455,105.41,105.445,119,33.0,97.0,7600010.0,DX
2024-11-11 14:35:00+00:00,105.445,105.49,105.435,105.49,116,33.0,97.0,7600010.0,DX
2024-11-11 14:40:00+00:00,105.495,105.52,105.465,105.51,313,33.0,97.0,7600010.0,DX
2024-11-11 14:45:00+00:00,105.51,105.56,105.51,105.55,261,33.0,97.0,7600010.0,DX
2024-11-11 14:50:00+00:00,105.555,105.61,105.545,105.565,226,33.0,97.0,7600010.0,DX
2024-11-11 14:55:00+00:00,105.565,105.57,105.51,105.515,168,33.0,97.0,7600010.0,DX
2024-11-11 15:00:00+00:00,105.51,105.51,105.455,105.455,272,33.0,97.0,7600010.0,DX
2024-11-11 15:05:00+00:00,105.46,105.52,105.45,105.52,75,33.0,97.0,7600010.0,DX
2024-11-11 15:10:00+00:00,105.515,105.535,105.505,105.535,56,33.0,97.0,7600010.0,DX
2024-11-11 15:15:00+00:00,105.525,105.53,105.495,105.53,95,33.0,97.0,7600010.0,DX
2024-11-11 15:20:00+00:00,105.54,105.56,105.525,105.525,97,33.0,97.0,7600010.0,DX
2024-11-11 15:25:00+00:00,105.53,105.54,105.515,105.52,110,33.0,97.0,7600010.0,DX
2024-11-11 15:30:00+00:00,105.51,105.555,105.505,105.555,109,33.0,97.0,7600010.0,DX
2024-11-11 15:35:00+00:00,105.545,105.55,105.53,105.55,37,33.0,97.0,7600010.0,DX
2024-11-11 15:40:00+00:00,105.555,105.555,105.525,105.53,65,33.0,97.0,7600010.0,DX
2024-11-11 15:45:00+00:00,105.55,105.555,105.52,105.525,98,33.0,97.0,7600010.0,DX
2024-11-11 15:50:00+00:00,105.525,105.545,105.495,105.495,195,33.0,97.0,7600010.0,DX
2024-11-11 15:55:00+00:00,105.495,105.54,105.475,105.48,266,33.0,97.0,7600010.0,DX
2024-11-11 16:00:00+00:00,105.48,105.5,105.465,105.49,153,33.0,97.0,7600010.0,DX
2024-11-11 16:05:00+00:00,105.49,105.49,105.455,105.455,101,33.0,97.0,7600010.0,DX
2024-11-11 16:10:00+00:00,105.455,105.46,105.44,105.45,88,33.0,97.0,7600010.0,DX
2024-11-11 16:15:00+00:00,105.445,105.445,105.42,105.435,163,33.0,97.0,7600010.0,DX
2024-11-11 16:20:00+00:00,105.43,105.445,105.415,105.44,30,33.0,97.0,7600010.0,DX
2024-11-11 16:25:00+00:00,105.455,105.455,105.44,105.445,8,33.0,97.0,7600010.0,DX
2024-11-11 16:30:00+00:00,105.455,105.465,105.435,105.46,162,33.0,97.0,7600010.0,DX
2024-11-11 16:35:00+00:00,105.46,105.465,105.415,105.415,28,33.0,97.0,7600010.0,DX
2024-11-11 16:40:00+00:00,105.43,105.45,105.43,105.43,60,33.0,97.0,7600010.0,DX
2024-11-11 16:45:00+00:00,105.43,105.435,105.425,105.425,52,33.0,97.0,7600010.0,DX
2024-11-11 16:50:00+00:00,105.43,105.46,105.425,105.45,36,33.0,97.0,7600010.0,DX
2024-11-11 16:55:00+00:00,105.455,105.46,105.435,105.435,80,33.0,97.0,7600010.0,DX
2024-11-11 17:00:00+00:00,105.44,105.445,105.42,105.435,45,33.0,97.0,7600010.0,DX
2024-11-11 17:05:00+00:00,105.43,105.435,105.42,105.42,44,33.0,97.0,7600010.0,DX
2024-11-11 17:10:00+00:00,105.42,105.43,105.415,105.415,47,33.0,97.0,7600010.0,DX
2024-11-11 17:15:00+00:00,105.41,105.425,105.41,105.425,15,33.0,97.0,7600010.0,DX
2024-11-11 17:20:00+00:00,105.43,105.46,105.43,105.46,26,33.0,97.0,7600010.0,DX
2024-11-11 17:25:00+00:00,105.465,105.505,105.46,105.485,100,33.0,97.0,7600010.0,DX
2024-11-11 17:30:00+00:00,105.485,105.485,105.43,105.43,44,33.0,97.0,7600010.0,DX
2024-11-11 17:35:00+00:00,105.435,105.455,105.435,105.45,50,33.0,97.0,7600010.0,DX
2024-11-11 17:40:00+00:00,105.445,105.47,105.445,105.465,45,33.0,97.0,7600010.0,DX
2024-11-11 17:45:00+00:00,105.465,105.47,105.455,105.465,30,33.0,97.0,7600010.0,DX
2024-11-11 17:50:00+00:00,105.465,105.47,105.44,105.44,22,33.0,97.0,7600010.0,DX
2024-11-11 17:55:00+00:00,105.44,105.465,105.44,105.465,48,33.0,97.0,7600010.0,DX
2024-11-11 18:00:00+00:00,105.47,105.475,105.455,105.46,37,33.0,97.0,7600010.0,DX
2024-11-11 18:05:00+00:00,105.455,105.46,105.445,105.445,18,33.0,97.0,7600010.0,DX
2024-11-11 18:10:00+00:00,105.455,105.46,105.445,105.45,39,33.0,97.0,7600010.0,DX
2024-11-11 18:15:00+00:00,105.45,105.46,105.445,105.45,20,33.0,97.0,7600010.0,DX
2024-11-11 18:20:00+00:00,105.455,105.47,105.455,105.47,33,33.0,97.0,7600010.0,DX
2024-11-11 18:25:00+00:00,105.475,105.485,105.475,105.48,72,33.0,97.0,7600010.0,DX
2024-11-11 18:30:00+00:00,105.48,105.49,105.475,105.48,21,33.0,97.0,7600010.0,DX
2024-11-11 18:35:00+00:00,105.48,105.48,105.455,105.46,34,33.0,97.0,7600010.0,DX
2024-11-11 18:40:00+00:00,105.47,105.48,105.47,105.48,4,33.0,97.0,7600010.0,DX
2024-11-11 18:45:00+00:00,105.48,105.48,105.46,105.465,27,33.0,97.0,7600010.0,DX
2024-11-11 18:50:00+00:00,105.46,105.46,105.445,105.445,10,33.0,97.0,7600010.0,DX
2024-11-11 18:55:00+00:00,105.44,105.45,105.44,105.45,33,33.0,97.0,7600010.0,DX
2024-11-11 19:00:00+00:00,105.46,105.46,105.445,105.45,69,33.0,97.0,7600010.0,DX
2024-11-11 19:05:00+00:00,105.445,105.46,105.445,105.455,29,33.0,97.0,7600010.0,DX
2024-11-11 19:10:00+00:00,105.455,105.46,105.44,105.44,35,33.0,97.0,7600010.0,DX
2024-11-11 19:15:00+00:00,105.435,105.435,105.43,105.43,25,33.0,97.0,7600010.0,DX
2024-11-11 19:20:00+00:00,105.425,105.44,105.425,105.43,40,33.0,97.0,7600010.0,DX
2024-11-11 19:25:00+00:00,105.43,105.445,105.43,105.445,13,33.0,97.0,7600010.0,DX
2024-11-11 19:30:00+00:00,105.44,105.445,105.44,105.445,36,33.0,97.0,7600010.0,DX
2024-11-11 19:35:00+00:00,105.44,105.45,105.44,105.45,40,33.0,97.0,7600010.0,DX
2024-11-11 19:40:00+00:00,105.45,105.45,105.435,105.435,88,33.0,97.0,7600010.0,DX
2024-11-11 19:45:00+00:00,105.43,105.43,105.405,105.41,74,33.0,97.0,7600010.0,DX
2024-11-11 19:50:00+00:00,105.415,105.425,105.41,105.425,121,33.0,97.0,7600010.0,DX
2024-11-11 19:55:00+00:00,105.425,105.46,105.42,105.455,913,33.0,97.0,7600010.0,DX
2024-11-11 20:00:00+00:00,105.45,105.45,105.425,105.435,68,33.0,97.0,7600010.0,DX
2024-11-11 20:05:00+00:00,105.44,105.44,105.435,105.44,21,33.0,97.0,7600010.0,DX
2024-11-11 20:10:00+00:00,105.435,105.44,105.43,105.435,14,33.0,97.0,7600010.0,DX
2024-11-11 20:15:00+00:00,105.435,105.44,105.435,105.435,75,33.0,97.0,7600010.0,DX
2024-11-11 20:20:00+00:00,105.435,105.435,105.42,105.42,21,33.0,97.0,7600010.0,DX
2024-11-11 20:25:00+00:00,105.425,105.435,105.425,105.435,4,33.0,97.0,7600010.0,DX
2024-11-11 20:30:00+00:00,105.43,105.435,105.425,105.43,50,33.0,97.0,7600010.0,DX
2024-11-11 20:35:00+00:00,105.425,105.435,105.425,105.435,36,33.0,97.0,7600010.0,DX
2024-11-11 20:40:00+00:00,105.43,105.445,105.43,105.445,71,33.0,97.0,7600010.0,DX
2024-11-11 20:45:00+00:00,105.44,105.45,105.435,105.435,36,33.0,97.0,7600010.0,DX
2024-11-11 20:50:00+00:00,105.435,105.435,105.425,105.425,33,33.0,97.0,7600010.0,DX
2024-11-11 20:55:00+00:00,105.425,105.435,105.405,105.405,178,33.0,97.0,7600010.0,DX
2024-11-11 21:00:00+00:00,105.415,105.415,105.4,105.4,77,33.0,97.0,7600010.0,DX
2024-11-11 21:05:00+00:00,105.405,105.405,105.405,105.405,1,33.0,97.0,7600010.0,DX
2024-11-11 21:10:00+00:00,105.4,105.4,105.4,105.4,1,33.0,97.0,7600010.0,DX
2024-11-11 21:15:00+00:00,105.405,105.405,105.405,105.405,8,33.0,97.0,7600010.0,DX
2024-11-11 21:20:00+00:00,105.4,105.405,105.4,105.405,7,33.0,97.0,7600010.0,DX
2024-11-11 21:30:00+00:00,105.41,105.41,105.405,105.405,4,33.0,97.0,7600010.0,DX
2024-11-11 21:40:00+00:00,105.41,105.415,105.41,105.415,3,33.0,97.0,7600010.0,DX
2024-11-11 21:45:00+00:00,105.415,105.415,105.41,105.41,3,33.0,97.0,7600010.0,DX
2024-11-11 21:50:00+00:00,105.41,105.41,105.41,105.41,3,33.0,97.0,7600010.0,DX
2024-11-11 21:55:00+00:00,105.41,105.415,105.405,105.405,29,33.0,97.0,7600010.0,DX
2024-11-12 01:00:00+00:00,105.405,105.43,105.405,105.43,122,33.0,97.0,7600010.0,DX
2024-11-12 01:05:00+00:00,105.425,105.435,105.42,105.425,23,33.0,97.0,7600010.0,DX
2024-11-12 01:10:00+00:00,105.415,105.42,105.415,105.415,13,33.0,97.0,7600010.0,DX
2024-11-12 01:15:00+00:00,105.42,105.425,105.42,105.425,5,33.0,97.0,7600010.0,DX
2024-11-12 01:20:00+00:00,105.425,105.44,105.425,105.44,13,33.0,97.0,7600010.0,DX
2024-11-12 01:25:00+00:00,105.425,105.46,105.425,105.46,3,33.0,97.0,7600010.0,DX
2024-11-12 01:30:00+00:00,105.46,105.48,105.46,105.475,14,33.0,97.0,7600010.0,DX
2024-11-12 01:35:00+00:00,105.48,105.485,105.46,105.46,24,33.0,97.0,7600010.0,DX
2024-11-12 01:40:00+00:00,105.46,105.46,105.44,105.445,28,33.0,97.0,7600010.0,DX
2024-11-12 01:45:00+00:00,105.435,105.435,105.4,105.43,45,33.0,97.0,7600010.0,DX
2024-11-12 01:50:00+00:00,105.45,105.46,105.45,105.46,3,33.0,97.0,7600010.0,DX
2024-11-12 01:55:00+00:00,105.48,105.495,105.48,105.49,23,33.0,97.0,7600010.0,DX
2024-11-12 02:00:00+00:00,105.5,105.535,105.495,105.525,39,33.0,97.0,7600010.0,DX
2024-11-12 02:05:00+00:00,105.525,105.525,105.525,105.525,3,33.0,97.0,7600010.0,DX
2024-11-12 02:10:00+00:00,105.54,105.55,105.515,105.525,33,33.0,97.0,7600010.0,DX
2024-11-12 02:15:00+00:00,105.53,105.53,105.515,105.52,13,33.0,97.0,7600010.0,DX
2024-11-12 02:20:00+00:00,105.52,105.52,105.475,105.495,28,33.0,97.0,7600010.0,DX
2024-11-12 02:25:00+00:00,105.5,105.5,105.485,105.485,14,33.0,97.0,7600010.0,DX
2024-11-12 02:30:00+00:00,105.46,105.475,105.46,105.475,4,33.0,97.0,7600010.0,DX
2024-11-12 02:35:00+00:00,105.47,105.505,105.47,105.505,14,33.0,97.0,7600010.0,DX
2024-11-12 02:40:00+00:00,105.51,105.52,105.51,105.52,10,33.0,97.0,7600010.0,DX
2024-11-12 02:45:00+00:00,105.53,105.54,105.525,105.535,60,33.0,97.0,7600010.0,DX
2024-11-12 02:50:00+00:00,105.54,105.54,105.52,105.525,28,33.0,97.0,7600010.0,DX
2024-11-12 02:55:00+00:00,105.51,105.515,105.51,105.515,7,33.0,97.0,7600010.0,DX
2024-11-12 03:00:00+00:00,105.525,105.525,105.18,105.505,9,33.0,97.0,7600010.0,DX
2024-11-12 03:05:00+00:00,105.495,105.5,105.485,105.485,14,33.0,97.0,7600010.0,DX
2024-11-12 03:10:00+00:00,105.49,105.49,105.485,105.49,5,33.0,97.0,7600010.0,DX
2024-11-12 03:15:00+00:00,105.49,105.51,105.485,105.49,37,33.0,97.0,7600010.0,DX
2024-11-12 03:20:00+00:00,105.485,105.485,105.47,105.47,7,33.0,97.0,7600010.0,DX
2024-11-12 03:25:00+00:00,105.48,105.48,105.475,105.48,17,33.0,97.0,7600010.0,DX
2024-11-12 03:30:00+00:00,105.47,105.495,105.47,105.495,27,33.0,97.0,7600010.0,DX
2024-11-12 03:35:00+00:00,105.5,105.515,105.5,105.515,14,33.0,97.0,7600010.0,DX
2024-11-12 03:40:00+00:00,105.53,105.55,105.525,105.545,37,33.0,97.0,7600010.0,DX
2024-11-12 03:45:00+00:00,105.54,105.555,105.54,105.55,9,33.0,97.0,7600010.0,DX
2024-11-12 03:50:00+00:00,105.555,105.555,105.545,105.555,15,33.0,97.0,7600010.0,DX
2024-11-12 03:55:00+00:00,105.565,105.57,105.56,105.565,35,33.0,97.0,7600010.0,DX
2024-11-12 04:00:00+00:00,105.55,105.55,105.515,105.53,30,33.0,97.0,7600010.0,DX
2024-11-12 04:05:00+00:00,105.525,105.545,105.52,105.535,25,33.0,97.0,7600010.0,DX
2024-11-12 04:10:00+00:00,105.53,105.53,105.52,105.53,27,33.0,97.0,7600010.0,DX
2024-11-12 04:15:00+00:00,105.53,105.55,105.53,105.545,12,33.0,97.0,7600010.0,DX
2024-11-12 04:20:00+00:00,105.53,105.53,105.53,105.53,1,33.0,97.0,7600010.0,DX
2024-11-12 04:25:00+00:00,105.52,105.525,105.515,105.515,25,33.0,97.0,7600010.0,DX
2024-11-12 04:30:00+00:00,105.505,105.525,105.505,105.525,13,33.0,97.0,7600010.0,DX
2024-11-12 04:35:00+00:00,105.525,105.525,105.515,105.515,6,33.0,97.0,7600010.0,DX
2024-11-12 04:40:00+00:00,105.52,105.535,105.52,105.535,5,33.0,97.0,7600010.0,DX
2024-11-12 04:45:00+00:00,105.545,105.545,105.545,105.545,1,33.0,97.0,7600010.0,DX
2024-11-12 04:50:00+00:00,105.545,105.545,105.54,105.54,4,33.0,97.0,7600010.0,DX
2024-11-12 04:55:00+00:00,105.53,105.53,105.505,105.505,11,33.0,97.0,7600010.0,DX
2024-11-12 05:00:00+00:00,105.5,105.515,105.495,105.515,22,33.0,97.0,7600010.0,DX
2024-11-12 05:05:00+00:00,105.51,105.52,105.51,105.52,15,33.0,97.0,7600010.0,DX
2024-11-12 05:10:00+00:00,105.525,105.53,105.52,105.52,14,33.0,97.0,7600010.0,DX
2024-11-12 05:15:00+00:00,105.515,105.525,105.515,105.525,5,33.0,97.0,7600010.0,DX
2024-11-12 05:20:00+00:00,105.52,105.535,105.52,105.53,34,33.0,97.0,7600010.0,DX
2024-11-12 05:25:00+00:00,105.53,105.54,105.53,105.54,7,33.0,97.0,7600010.0,DX
2024-11-12 05:30:00+00:00,105.54,105.54,105.52,105.525,53,33.0,97.0,7600010.0,DX
2024-11-12 05:35:00+00:00,105.53,105.535,105.53,105.535,13,33.0,97.0,7600010.0,DX
2024-11-12 05:40:00+00:00,105.535,105.535,105.535,105.535,14,33.0,97.0,7600010.0,DX
2024-11-12 05:45:00+00:00,105.525,105.525,105.505,105.52,19,33.0,97.0,7600010.0,DX
2024-11-12 05:50:00+00:00,105.525,105.55,105.525,105.55,41,33.0,97.0,7600010.0,DX
2024-11-12 05:55:00+00:00,105.545,105.56,105.54,105.555,111,33.0,97.0,7600010.0,DX
2024-11-12 06:00:00+00:00,105.565,105.61,105.565,105.6,57,33.0,97.0,7600010.0,DX
2024-11-12 06:05:00+00:00,105.605,105.605,105.585,105.6,27,33.0,97.0,7600010.0,DX
2024-11-12 06:10:00+00:00,105.595,105.6,105.585,105.595,31,33.0,97.0,7600010.0,DX
2024-11-12 06:15:00+00:00,105.605,105.63,105.605,105.625,40,33.0,97.0,7600010.0,DX
2024-11-12 06:20:00+00:00,105.62,105.62,105.575,105.58,22,33.0,97.0,7600010.0,DX
2024-11-12 06:25:00+00:00,105.58,105.595,105.58,105.59,15,33.0,97.0,7600010.0,DX
2024-11-12 06:30:00+00:00,105.59,105.61,105.58,105.58,38,33.0,97.0,7600010.0,DX
2024-11-12 06:35:00+00:00,105.585,105.595,105.585,105.595,2,33.0,97.0,7600010.0,DX
2024-11-12 06:40:00+00:00,105.625,105.665,105.625,105.665,170,33.0,97.0,7600010.0,DX
2024-11-12 06:45:00+00:00,105.665,105.665,105.635,105.65,54,33.0,97.0,7600010.0,DX
2024-11-12 06:50:00+00:00,105.655,105.655,105.635,105.64,8,33.0,97.0,7600010.0,DX
2024-11-12 06:55:00+00:00,105.62,105.63,105.615,105.62,121,33.0,97.0,7600010.0,DX
2024-11-12 07:00:00+00:00,105.62,105.66,105.61,105.62,169,33.0,97.0,7600010.0,DX
2024-11-12 07:05:00+00:00,105.61,105.625,105.6,105.61,61,33.0,97.0,7600010.0,DX
2024-11-12 07:10:00+00:00,105.61,105.665,105.61,105.66,32,33.0,97.0,7600010.0,DX
2024-11-12 07:15:00+00:00,105.66,105.66,105.625,105.63,69,33.0,97.0,7600010.0,DX
2024-11-12 07:20:00+00:00,105.64,105.655,105.63,105.65,28,33.0,97.0,7600010.0,DX
2024-11-12 07:25:00+00:00,105.665,105.705,105.665,105.67,81,33.0,97.0,7600010.0,DX
2024-11-12 07:30:00+00:00,105.67,105.705,105.67,105.7,118,33.0,97.0,7600010.0,DX
2024-11-12 07:35:00+00:00,105.705,105.745,105.695,105.7,121,33.0,97.0,7600010.0,DX
2024-11-12 07:40:00+00:00,105.7,105.71,105.65,105.65,76,33.0,97.0,7600010.0,DX
2024-11-12 07:45:00+00:00,105.635,105.65,105.62,105.64,90,33.0,97.0,7600010.0,DX
2024-11-12 07:50:00+00:00,105.64,105.675,105.64,105.66,34,33.0,97.0,7600010.0,DX
2024-11-12 07:55:00+00:00,105.66,105.66,105.64,105.65,94,33.0,97.0,7600010.0,DX
2024-11-12 08:00:00+00:00,105.665,105.68,105.66,105.66,91,33.0,97.0,7600010.0,DX
2024-11-12 08:05:00+00:00,105.685,105.69,105.66,105.66,18,33.0,97.0,7600010.0,DX
2024-11-12 08:10:00+00:00,105.65,105.68,105.63,105.68,101,33.0,97.0,7600010.0,DX
2024-11-12 08:15:00+00:00,105.69,105.7,105.665,105.7,60,33.0,97.0,7600010.0,DX
2024-11-12 08:20:00+00:00,105.7,105.74,105.69,105.72,59,33.0,97.0,7600010.0,DX
2024-11-12 08:25:00+00:00,105.72,105.765,105.72,105.765,110,33.0,97.0,7600010.0,DX
2024-11-12 08:30:00+00:00,105.775,105.785,105.75,105.75,94,33.0,97.0,7600010.0,DX
2024-11-12 08:35:00+00:00,105.765,105.78,105.72,105.72,30,33.0,97.0,7600010.0,DX
2024-11-12 08:40:00+00:00,105.725,105.755,105.72,105.725,77,33.0,97.0,7600010.0,DX
2024-11-12 08:45:00+00:00,105.72,105.735,105.7,105.705,100,33.0,97.0,7600010.0,DX
2024-11-12 08:50:00+00:00,105.7,105.7,105.68,105.68,21,33.0,97.0,7600010.0,DX
2024-11-12 08:55:00+00:00,105.675,105.675,105.65,105.655,114,33.0,97.0,7600010.0,DX
2024-11-12 09:00:00+00:00,105.66,105.685,105.655,105.66,109,33.0,97.0,7600010.0,DX
2024-11-12 09:05:00+00:00,105.655,105.705,105.655,105.7,135,33.0,97.0,7600010.0,DX
2024-11-12 09:10:00+00:00,105.695,105.715,105.695,105.7,80,33.0,97.0,7600010.0,DX
2024-11-12 09:15:00+00:00,105.7,105.7,105.685,105.685,58,33.0,97.0,7600010.0,DX
2024-11-12 09:20:00+00:00,105.68,105.725,105.675,105.725,55,33.0,97.0,7600010.0,DX
2024-11-12 09:25:00+00:00,105.73,105.75,105.73,105.75,46,33.0,97.0,7600010.0,DX
2024-11-12 09:30:00+00:00,105.75,105.775,105.74,105.75,87,33.0,97.0,7600010.0,DX
2024-11-12 09:35:00+00:00,105.75,105.75,105.72,105.725,84,33.0,97.0,7600010.0,DX
2024-11-12 09:40:00+00:00,105.73,105.785,105.73,105.785,41,33.0,97.0,7600010.0,DX
2024-11-12 09:45:00+00:00,105.78,105.78,105.715,105.72,47,33.0,97.0,7600010.0,DX
2024-11-12 09:50:00+00:00,105.715,105.72,105.7,105.7,53,33.0,97.0,7600010.0,DX
2024-11-12 09:55:00+00:00,105.695,105.72,105.685,105.715,49,33.0,97.0,7600010.0,DX
2024-11-12 10:00:00+00:00,105.72,105.76,105.72,105.74,147,33.0,97.0,7600010.0,DX
2024-11-12 10:05:00+00:00,105.735,105.76,105.72,105.755,71,33.0,97.0,7600010.0,DX
2024-11-12 10:10:00+00:00,105.755,105.79,105.75,105.79,65,33.0,97.0,7600010.0,DX
2024-11-12 10:15:00+00:00,105.79,105.805,105.77,105.785,95,33.0,97.0,7600010.0,DX
2024-11-12 10:20:00+00:00,105.79,105.805,105.78,105.805,27,33.0,97.0,7600010.0,DX
2024-11-12 10:25:00+00:00,105.8,105.815,105.785,105.805,67,33.0,97.0,7600010.0,DX
2024-11-12 10:30:00+00:00,105.805,105.83,105.805,105.825,79,33.0,97.0,7600010.0,DX
2024-11-12 10:35:00+00:00,105.82,105.82,105.805,105.815,38,33.0,97.0,7600010.0,DX
2024-11-12 10:40:00+00:00,105.815,105.82,105.785,105.79,85,33.0,97.0,7600010.0,DX
2024-11-12 10:45:00+00:00,105.785,105.785,105.765,105.78,38,33.0,97.0,7600010.0,DX
2024-11-12 10:50:00+00:00,105.78,105.78,105.755,105.755,48,33.0,97.0,7600010.0,DX
2024-11-12 10:55:00+00:00,105.755,105.77,105.75,105.77,27,33.0,97.0,7600010.0,DX
2024-11-12 11:00:00+00:00,105.765,105.765,105.74,105.74,52,33.0,97.0,7600010.0,DX
2024-11-12 11:05:00+00:00,105.74,105.75,105.735,105.75,30,33.0,97.0,7600010.0,DX
2024-11-12 11:10:00+00:00,105.72,105.72,105.695,105.72,26,33.0,97.0,7600010.0,DX
2024-11-12 11:15:00+00:00,105.725,105.725,105.695,105.695,39,33.0,97.0,7600010.0,DX
2024-11-12 11:20:00+00:00,105.695,105.705,105.68,105.68,70,33.0,97.0,7600010.0,DX
2024-11-12 11:25:00+00:00,105.68,105.69,105.675,105.675,49,33.0,97.0,7600010.0,DX
2024-11-12 11:30:00+00:00,105.67,105.685,105.665,105.685,76,33.0,97.0,7600010.0,DX
2024-11-12 11:35:00+00:00,105.705,105.71,105.685,105.7,54,33.0,97.0,7600010.0,DX
2024-11-12 11:40:00+00:00,105.71,105.74,105.71,105.735,60,33.0,97.0,7600010.0,DX
2024-11-12 11:45:00+00:00,105.74,105.74,105.725,105.73,21,33.0,97.0,7600010.0,DX
2024-11-12 11:50:00+00:00,105.73,105.755,105.73,105.75,59,33.0,97.0,7600010.0,DX
2024-11-12 11:55:00+00:00,105.75,105.76,105.73,105.74,59,33.0,97.0,7600010.0,DX
2024-11-12 12:00:00+00:00,105.745,105.75,105.725,105.74,83,33.0,97.0,7600010.0,DX
2024-11-12 12:05:00+00:00,105.735,105.795,105.735,105.795,45,33.0,97.0,7600010.0,DX
2024-11-12 12:10:00+00:00,105.795,105.8,105.765,105.765,41,33.0,97.0,7600010.0,DX
2024-11-12 12:15:00+00:00,105.425,105.795,105.425,105.795,49,33.0,97.0,7698408.0,DX
2024-11-12 12:20:00+00:00,105.795,105.83,105.795,105.815,69,33.0,97.0,7600010.0,DX
2024-11-12 12:25:00+00:00,105.81,105.825,105.79,105.81,86,33.0,97.0,7600010.0,DX
2024-11-12 12:30:00+00:00,105.805,105.84,105.48,105.805,25,33.0,97.0,7600010.0,DX
2024-11-12 12:35:00+00:00,105.77,105.785,105.755,105.78,44,33.0,97.0,7600010.0,DX
2024-11-12 12:40:00+00:00,105.775,105.785,105.75,105.75,49,33.0,97.0,7600010.0,DX
2024-11-12 12:45:00+00:00,105.765,105.77,105.735,105.735,36,33.0,97.0,7600010.0,DX
2024-11-12 12:50:00+00:00,105.735,105.735,105.375,105.725,16,33.0,97.0,7600010.0,DX
2024-11-12 12:55:00+00:00,105.725,105.735,105.705,105.725,52,33.0,97.0,7600010.0,DX
2024-11-12 13:00:00+00:00,105.725,105.76,105.725,105.73,147,33.0,97.0,7600010.0,DX
2024-11-12 13:05:00+00:00,105.745,105.75,105.39,105.75,96,33.0,97.0,7600010.0,DX
2024-11-12 13:10:00+00:00,105.76,105.77,105.745,105.745,47,33.0,97.0,7600010.0,DX
2024-11-12 13:15:00+00:00,105.725,105.725,105.675,105.68,56,33.0,97.0,7600010.0,DX
2024-11-12 13:20:00+00:00,105.685,105.745,105.68,105.725,125,33.0,97.0,7600010.0,DX
2024-11-12 13:25:00+00:00,105.72,105.725,105.7,105.72,67,33.0,97.0,7600010.0,DX
2024-11-12 13:30:00+00:00,105.725,105.735,105.68,105.69,161,33.0,97.0,7600010.0,DX
2024-11-12 13:35:00+00:00,105.695,105.73,105.685,105.725,81,33.0,97.0,7600010.0,DX
2024-11-12 13:40:00+00:00,105.73,105.785,105.73,105.78,64,33.0,97.0,7600010.0,DX
2024-11-12 13:45:00+00:00,105.78,105.78,105.72,105.72,137,33.0,97.0,7600010.0,DX
2024-11-12 13:50:00+00:00,105.725,105.755,105.725,105.745,66,33.0,97.0,7600010.0,DX
2024-11-12 13:55:00+00:00,105.75,105.75,105.73,105.73,102,33.0,97.0,7600010.0,DX
2024-11-12 14:00:00+00:00,105.73,105.77,105.73,105.77,63,33.0,97.0,7600010.0,DX
2024-11-12 14:05:00+00:00,105.765,105.77,105.755,105.765,32,33.0,97.0,7600010.0,DX
2024-11-12 14:10:00+00:00,105.755,105.8,105.75,105.765,45,33.0,97.0,7600010.0,DX
2024-11-12 14:15:00+00:00,105.765,105.765,105.745,105.755,36,33.0,97.0,7600010.0,DX
2024-11-12 14:20:00+00:00,105.76,105.78,105.41,105.77,35,33.0,97.0,7600010.0,DX
2024-11-12 14:25:00+00:00,105.775,105.815,105.775,105.81,32,33.0,97.0,7600010.0,DX
2024-11-12 14:30:00+00:00,105.82,105.845,105.82,105.835,103,33.0,97.0,7600010.0,DX
2024-11-12 14:35:00+00:00,105.84,105.84,105.78,105.795,116,33.0,97.0,7600010.0,DX
2024-11-12 14:40:00+00:00,105.785,105.8,105.765,105.79,85,33.0,97.0,7600010.0,DX
2024-11-12 14:45:00+00:00,105.785,105.81,105.785,105.81,253,33.0,97.0,7600010.0,DX
2024-11-12 14:50:00+00:00,105.81,105.83,105.805,105.805,150,33.0,97.0,7600010.0,DX
2024-11-12 14:55:00+00:00,105.8,105.825,105.79,105.82,98,33.0,97.0,7600010.0,DX
2024-11-12 15:00:00+00:00,105.825,105.865,105.815,105.855,306,33.0,97.0,7600010.0,DX
2024-11-12 15:05:00+00:00,105.855,105.895,105.845,105.89,227,33.0,97.0,7600010.0,DX
2024-11-12 15:10:00+00:00,105.89,105.91,105.87,105.87,79,33.0,97.0,7600010.0,DX
2024-11-12 15:15:00+00:00,105.865,105.865,105.835,105.855,165,33.0,97.0,7600010.0,DX
2024-11-12 15:20:00+00:00,105.865,105.89,105.85,105.89,74,33.0,97.0,7600010.0,DX
2024-11-12 15:25:00+00:00,105.895,105.925,105.895,105.9,243,33.0,97.0,7600010.0,DX
2024-11-12 15:30:00+00:00,105.895,105.905,105.875,105.905,108,33.0,97.0,7600010.0,DX
2024-11-12 15:35:00+00:00,105.9,105.915,105.89,105.91,56,33.0,97.0,7600010.0,DX
2024-11-12 15:40:00+00:00,105.905,105.92,105.9,105.92,51,33.0,97.0,7600010.0,DX
2024-11-12 15:45:00+00:00,105.92,105.96,105.92,105.92,200,33.0,97.0,7600010.0,DX
2024-11-12 15:50:00+00:00,105.935,105.96,105.915,105.915,188,33.0,97.0,7600010.0,DX
2024-11-12 15:55:00+00:00,105.91,105.925,105.875,105.915,250,33.0,97.0,7600010.0,DX
2024-11-12 16:00:00+00:00,105.915,105.945,105.89,105.89,167,33.0,97.0,7600010.0,DX
2024-11-12 16:05:00+00:00,105.9,105.93,105.9,105.92,62,33.0,97.0,7600010.0,DX
2024-11-12 16:10:00+00:00,105.92,105.92,105.895,105.9,108,33.0,97.0,7600010.0,DX
2024-11-12 16:15:00+00:00,105.895,105.92,105.88,105.88,61,33.0,97.0,7600010.0,DX
2024-11-12 16:20:00+00:00,105.88,105.925,105.875,105.925,67,33.0,97.0,7600010.0,DX
2024-11-12 16:25:00+00:00,105.925,105.94,105.915,105.935,16,33.0,97.0,7600010.0,DX
2024-11-12 16:30:00+00:00,105.935,105.965,105.935,105.955,92,33.0,97.0,7600010.0,DX
2024-11-12 16:35:00+00:00,105.955,106.005,105.955,106.005,305,33.0,97.0,7600010.0,DX
2024-11-12 16:40:00+00:00,106.005,106.045,106.005,106.035,337,33.0,97.0,7600010.0,DX
2024-11-12 16:45:00+00:00,106.035,106.06,106.03,106.045,111,33.0,97.0,7600010.0,DX
2024-11-12 16:50:00+00:00,106.045,106.05,106.015,106.025,182,33.0,97.0,7600010.0,DX
2024-11-12 16:55:00+00:00,106.025,106.05,106.02,106.05,40,33.0,97.0,7600010.0,DX
2024-11-12 17:00:00+00:00,106.045,106.08,106.04,106.075,320,33.0,97.0,7600010.0,DX
2024-11-12 17:05:00+00:00,106.065,106.065,106.015,106.05,65,33.0,97.0,7600010.0,DX
2024-11-12 17:10:00+00:00,106.055,106.1,106.055,106.075,95,33.0,97.0,7600010.0,DX
2024-11-12 17:15:00+00:00,106.07,106.085,106.04,106.055,248,33.0,97.0,7600010.0,DX
2024-11-12 17:20:00+00:00,106.055,106.065,106.04,106.055,22,33.0,97.0,7600010.0,DX
2024-11-12 17:25:00+00:00,106.045,106.08,106.04,106.07,85,33.0,97.0,7600010.0,DX
2024-11-12 17:30:00+00:00,106.085,106.085,106.03,106.055,34,33.0,97.0,7600010.0,DX
2024-11-12 17:35:00+00:00,106.06,106.075,106.025,106.025,29,33.0,97.0,7600010.0,DX
2024-11-12 17:40:00+00:00,106.04,106.075,106.04,106.07,31,33.0,97.0,7600010.0,DX
2024-11-12 17:45:00+00:00,106.075,106.075,106.04,106.05,32,33.0,97.0,7600010.0,DX
2024-11-12 17:50:00+00:00,106.045,106.045,105.995,105.995,96,33.0,97.0,7600010.0,DX
2024-11-12 17:55:00+00:00,105.99,106.005,105.99,106.0,75,33.0,97.0,7600010.0,DX
2024-11-12 18:00:00+00:00,106.0,106.0,105.95,105.96,360,33.0,97.0,7600010.0,DX
2024-11-12 18:05:00+00:00,105.97,105.97,105.95,105.97,292,33.0,97.0,7600010.0,DX
2024-11-12 18:10:00+00:00,105.97,105.995,105.97,105.97,50,33.0,97.0,7600010.0,DX
2024-11-12 18:15:00+00:00,105.965,105.99,105.95,105.985,56,33.0,97.0,7600010.0,DX
2024-11-12 18:20:00+00:00,105.98,106.0,105.975,105.985,31,33.0,97.0,7600010.0,DX
2024-11-12 18:25:00+00:00,105.98,105.985,105.955,105.955,60,33.0,97.0,7600010.0,DX
2024-11-12 18:30:00+00:00,105.965,105.97,105.955,105.955,54,33.0,97.0,7600010.0,DX
2024-11-12 18:35:00+00:00,105.955,105.96,105.935,105.94,36,33.0,97.0,7600010.0,DX
2024-11-12 18:40:00+00:00,105.945,105.955,105.935,105.955,69,33.0,97.0,7600010.0,DX
2024-11-12 18:45:00+00:00,105.955,105.985,105.945,105.97,36,33.0,97.0,7600010.0,DX
2024-11-12 18:50:00+00:00,105.975,105.98,105.94,105.94,90,33.0,97.0,7600010.0,DX
2024-11-12 18:55:00+00:00,105.94,105.94,105.915,105.915,76,33.0,97.0,7600010.0,DX
2024-11-12 19:00:00+00:00,105.925,105.93,105.91,105.915,18,33.0,97.0,7600010.0,DX
2024-11-12 19:05:00+00:00,105.915,105.93,105.905,105.92,24,33.0,97.0,7600010.0,DX
2024-11-12 19:10:00+00:00,105.92,105.925,105.91,105.91,35,33.0,97.0,7600010.0,DX
2024-11-12 19:15:00+00:00,105.91,105.925,105.905,105.915,91,33.0,97.0,7600010.0,DX
2024-11-12 19:20:00+00:00,105.915,105.92,105.895,105.905,74,33.0,97.0,7600010.0,DX
2024-11-12 19:25:00+00:00,105.91,105.92,105.905,105.92,11,33.0,97.0,7600010.0,DX
2024-11-12 19:30:00+00:00,105.925,105.925,105.915,105.92,19,33.0,97.0,7600010.0,DX
2024-11-12 19:35:00+00:00,105.915,105.94,105.915,105.935,22,33.0,97.0,7600010.0,DX
2024-11-12 19:40:00+00:00,105.935,105.935,105.91,105.91,28,33.0,97.0,7600010.0,DX
2024-11-12 19:45:00+00:00,105.91,105.91,105.9,105.91,33,33.0,97.0,7600010.0,DX
2024-11-12 19:50:00+00:00,105.91,105.93,105.91,105.925,83,33.0,97.0,7600010.0,DX
2024-11-12 19:55:00+00:00,105.925,105.955,105.925,105.955,378,33.0,97.0,7600010.0,DX
2024-11-12 20:00:00+00:00,105.955,105.955,105.935,105.95,61,33.0,97.0,7600010.0,DX
2024-11-12 20:05:00+00:00,105.945,105.95,105.94,105.95,37,33.0,97.0,7600010.0,DX
2024-11-12 20:10:00+00:00,105.945,105.965,105.94,105.94,39,33.0,97.0,7600010.0,DX
2024-11-12 20:15:00+00:00,105.93,105.935,105.915,105.93,60,33.0,97.0,7600010.0,DX
2024-11-12 20:20:00+00:00,105.93,105.93,105.91,105.91,17,33.0,97.0,7600010.0,DX
2024-11-12 20:25:00+00:00,105.92,105.935,105.92,105.93,24,33.0,97.0,7600010.0,DX
2024-11-12 20:30:00+00:00,105.935,105.945,105.925,105.935,10,33.0,97.0,7600010.0,DX
2024-11-12 20:35:00+00:00,105.94,105.94,105.905,105.905,57,33.0,97.0,7600010.0,DX
2024-11-12 20:40:00+00:00,105.91,105.915,105.9,105.91,55,33.0,97.0,7600010.0,DX
2024-11-12 20:45:00+00:00,105.905,105.905,105.88,105.885,29,33.0,97.0,7600010.0,DX
2024-11-12 20:50:00+00:00,105.89,105.895,105.89,105.895,12,33.0,97.0,7600010.0,DX
2024-11-12 20:55:00+00:00,105.9,105.9,105.845,105.855,265,33.0,97.0,7600010.0,DX
2024-11-12 21:00:00+00:00,105.855,105.855,105.83,105.83,74,33.0,97.0,7600010.0,DX
2024-11-12 21:05:00+00:00,105.83,105.84,105.83,105.84,15,33.0,97.0,7600010.0,DX
2024-11-12 21:10:00+00:00,105.84,105.845,105.835,105.845,13,33.0,97.0,7600010.0,DX
2024-11-12 21:15:00+00:00,105.845,105.855,105.845,105.85,31,33.0,97.0,7600010.0,DX
2024-11-12 21:20:00+00:00,105.855,105.855,105.845,105.845,5,33.0,97.0,7600010.0,DX
2024-11-12 21:25:00+00:00,105.845,105.85,105.845,105.845,11,33.0,97.0,7600010.0,DX
2024-11-12 21:30:00+00:00,105.84,105.84,105.84,105.84,7,33.0,97.0,7600010.0,DX
2024-11-12 21:35:00+00:00,105.845,105.845,105.835,105.835,53,33.0,97.0,7600010.0,DX
2024-11-12 21:40:00+00:00,105.835,105.845,105.835,105.84,26,33.0,97.0,7600010.0,DX
2024-11-12 21:45:00+00:00,105.845,105.855,105.845,105.85,15,33.0,97.0,7600010.0,DX
2024-11-12 21:50:00+00:00,105.85,105.86,105.845,105.855,237,33.0,97.0,7600010.0,DX
2024-11-12 21:55:00+00:00,105.855,105.87,105.855,105.865,54,33.0,97.0,7600010.0,DX
2024-11-13 01:00:00+00:00,105.98,105.985,105.955,105.97,182,33.0,97.0,7600010.0,DX
2024-11-13 01:05:00+00:00,105.965,105.965,105.945,105.95,17,33.0,97.0,7600010.0,DX
2024-11-13 01:10:00+00:00,105.95,105.95,105.935,105.945,28,33.0,97.0,7600010.0,DX
2024-11-13 01:15:00+00:00,105.925,105.925,105.875,105.89,61,33.0,97.0,7600010.0,DX
2024-11-13 01:20:00+00:00,105.89,105.92,105.89,105.91,21,33.0,97.0,7600010.0,DX
2024-11-13 01:25:00+00:00,105.91,105.92,105.905,105.92,10,33.0,97.0,7600010.0,DX
2024-11-13 01:30:00+00:00,105.91,105.91,105.87,105.88,51,33.0,97.0,7600010.0,DX
2024-11-13 01:35:00+00:00,105.865,105.865,105.5,105.84,34,33.0,97.0,7600010.0,DX
2024-11-13 01:40:00+00:00,105.85,105.85,105.83,105.835,16,33.0,97.0,7600010.0,DX
2024-11-13 01:45:00+00:00,105.835,105.84,105.82,105.84,59,33.0,97.0,7600010.0,DX
2024-11-13 01:50:00+00:00,105.85,105.86,105.845,105.86,4,33.0,97.0,7600010.0,DX
2024-11-13 01:55:00+00:00,105.86,105.86,105.85,105.85,4,33.0,97.0,7600010.0,DX
2024-11-13 02:00:00+00:00,105.82,105.855,105.82,105.85,108,33.0,97.0,7600010.0,DX
2024-11-13 02:05:00+00:00,105.85,105.865,105.84,105.855,44,33.0,97.0,7600010.0,DX
2024-11-13 02:10:00+00:00,105.86,105.88,105.86,105.875,19,33.0,97.0,7600010.0,DX
2024-11-13 02:15:00+00:00,105.88,105.88,105.87,105.875,21,33.0,97.0,7600010.0,DX
2024-11-13 02:20:00+00:00,105.88,105.89,105.88,105.89,41,33.0,97.0,7600010.0,DX
2024-11-13 02:25:00+00:00,105.89,105.89,105.885,105.885,26,33.0,97.0,7600010.0,DX
2024-11-13 02:30:00+00:00,105.885,105.895,105.88,105.885,26,33.0,97.0,7600010.0,DX
2024-11-13 02:35:00+00:00,105.885,105.885,105.88,105.88,14,33.0,97.0,7600010.0,DX
2024-11-13 02:40:00+00:00,105.885,105.89,105.88,105.89,14,33.0,97.0,7600010.0,DX
2024-11-13 02:45:00+00:00,105.885,105.885,105.86,105.86,32,33.0,97.0,7600010.0,DX
2024-11-13 02:50:00+00:00,105.865,105.865,105.835,105.84,28,33.0,97.0,7600010.0,DX
2024-11-13 02:55:00+00:00,105.855,105.86,105.855,105.855,11,33.0,97.0,7600010.0,DX
2024-11-13 03:00:00+00:00,105.85,105.86,105.85,105.86,7,33.0,97.0,7600010.0,DX
2024-11-13 03:05:00+00:00,105.865,105.875,105.86,105.86,38,33.0,97.0,7600010.0,DX
2024-11-13 03:10:00+00:00,105.85,105.855,105.85,105.85,39,33.0,97.0,7600010.0,DX
2024-11-13 03:15:00+00:00,105.85,105.85,105.845,105.85,5,33.0,97.0,7600010.0,DX
2024-11-13 03:20:00+00:00,105.855,105.855,105.845,105.845,10,33.0,97.0,7600010.0,DX
2024-11-13 03:25:00+00:00,105.845,105.875,105.845,105.875,39,33.0,97.0,7600010.0,DX
2024-11-13 03:30:00+00:00,105.885,105.885,105.885,105.885,1,33.0,97.0,7600010.0,DX
2024-11-13 03:40:00+00:00,105.89,105.905,105.89,105.905,26,33.0,97.0,7600010.0,DX
2024-11-13 03:45:00+00:00,105.92,105.925,105.92,105.925,5,33.0,97.0,7600010.0,DX
2024-11-13 03:50:00+00:00,105.925,105.93,105.925,105.925,12,33.0,97.0,7600010.0,DX
2024-11-13 03:55:00+00:00,105.91,105.91,105.91,105.91,2,33.0,97.0,7600010.0,DX
2024-11-13 04:00:00+00:00,105.92,105.925,105.915,105.925,25,33.0,97.0,7600010.0,DX
2024-11-13 04:05:00+00:00,105.91,105.91,105.91,105.91,7,33.0,97.0,7600010.0,DX
2024-11-13 04:10:00+00:00,105.925,105.93,105.925,105.93,5,33.0,97.0,7600010.0,DX
2024-11-13 04:15:00+00:00,105.925,105.93,105.925,105.93,9,33.0,97.0,7600010.0,DX
2024-11-13 04:20:00+00:00,105.915,105.915,105.905,105.905,4,33.0,97.0,7600010.0,DX
2024-11-13 04:25:00+00:00,105.9,105.9,105.895,105.9,20,33.0,97.0,7600010.0,DX
2024-11-13 04:30:00+00:00,105.9,105.905,105.9,105.9,10,33.0,97.0,7600010.0,DX
2024-11-13 04:35:00+00:00,105.905,105.905,105.905,105.905,14,33.0,97.0,7600010.0,DX
2024-11-13 04:40:00+00:00,105.91,105.915,105.91,105.915,27,33.0,97.0,7600010.0,DX
2024-11-13 04:45:00+00:00,105.915,105.92,105.915,105.92,176,33.0,97.0,7600010.0,DX
2024-11-13 04:50:00+00:00,105.915,105.925,105.915,105.92,56,33.0,97.0,7600010.0,DX
2024-11-13 04:55:00+00:00,105.92,105.93,105.915,105.915,37,33.0,97.0,7600010.0,DX
2024-11-13 05:00:00+00:00,105.92,105.925,105.915,105.92,121,33.0,97.0,7600010.0,DX
2024-11-13 05:05:00+00:00,105.92,105.925,105.91,105.925,60,33.0,97.0,7600010.0,DX
2024-11-13 05:10:00+00:00,105.93,105.94,105.93,105.94,40,33.0,97.0,7600010.0,DX
2024-11-13 05:15:00+00:00,105.945,105.96,105.945,105.96,39,33.0,97.0,7600010.0,DX
2024-11-13 05:20:00+00:00,105.965,105.975,105.965,105.975,38,33.0,97.0,7600010.0,DX
2024-11-13 05:25:00+00:00,105.975,105.975,105.95,105.95,113,33.0,97.0,7600010.0,DX
2024-11-13 05:30:00+00:00,105.95,105.96,105.95,105.95,27,33.0,97.0,7600010.0,DX
2024-11-13 05:35:00+00:00,105.95,105.95,105.95,105.95,47,33.0,97.0,7600010.0,DX
2024-11-13 05:40:00+00:00,105.95,105.95,105.94,105.94,28,33.0,97.0,7600010.0,DX
2024-11-13 05:45:00+00:00,105.945,105.945,105.94,105.94,17,33.0,97.0,7600010.0,DX
2024-11-13 05:50:00+00:00,105.94,105.94,105.94,105.94,3,33.0,97.0,7600010.0,DX
2024-11-13 05:55:00+00:00,105.955,105.955,105.955,105.955,1,33.0,97.0,7600010.0,DX
2024-11-13 06:00:00+00:00,105.965,105.97,105.935,105.965,60,33.0,97.0,7600010.0,DX
2024-11-13 06:05:00+00:00,105.975,106.02,105.975,105.995,20,33.0,97.0,7600010.0,DX
2024-11-13 06:10:00+00:00,105.995,106.02,105.995,106.02,11,33.0,97.0,7600010.0,DX
2024-11-13 06:15:00+00:00,106.02,106.025,106.015,106.02,22,33.0,97.0,7600010.0,DX
2024-11-13 06:20:00+00:00,106.02,106.02,105.985,105.99,38,33.0,97.0,7600010.0,DX
2024-11-13 06:25:00+00:00,105.99,105.995,105.98,105.99,13,33.0,97.0,7600010.0,DX
2024-11-13 06:30:00+00:00,105.99,106.0,105.98,105.99,86,33.0,97.0,7600010.0,DX
2024-11-13 06:35:00+00:00,105.99,106.0,105.985,106.0,36,33.0,97.0,7600010.0,DX
2024-11-13 06:40:00+00:00,106.0,106.005,106.0,106.0,24,33.0,97.0,7600010.0,DX
2024-11-13 06:45:00+00:00,105.995,106.015,105.995,106.005,41,33.0,97.0,7600010.0,DX
2024-11-13 06:50:00+00:00,106.005,106.005,105.985,106.0,26,33.0,97.0,7600010.0,DX
2024-11-13 06:55:00+00:00,105.98,105.98,105.965,105.97,17,33.0,97.0,7600010.0,DX
2024-11-13 07:00:00+00:00,105.98,105.99,105.98,105.985,43,33.0,97.0,7600010.0,DX
2024-11-13 07:05:00+00:00,105.975,105.98,105.97,105.98,15,33.0,97.0,7600010.0,DX
2024-11-13 07:10:00+00:00,105.98,106.01,105.98,106.01,59,33.0,97.0,7600010.0,DX
2024-11-13 07:15:00+00:00,106.02,106.045,106.02,106.04,185,33.0,97.0,7600010.0,DX
2024-11-13 07:20:00+00:00,106.04,106.04,106.01,106.015,54,33.0,97.0,7600010.0,DX
2024-11-13 07:25:00+00:00,106.02,106.025,106.01,106.02,45,33.0,97.0,7600010.0,DX
2024-11-13 07:30:00+00:00,106.025,106.04,106.025,106.025,26,33.0,97.0,7600010.0,DX
2024-11-13 07:35:00+00:00,106.02,106.02,106.0,106.0,10,33.0,97.0,7600010.0,DX
2024-11-13 07:40:00+00:00,106.0,106.0,105.98,105.995,26,33.0,97.0,7600010.0,DX
2024-11-13 07:45:00+00:00,106.0,106.045,106.0,106.04,22,33.0,97.0,7600010.0,DX
2024-11-13 07:50:00+00:00,106.04,106.04,106.025,106.03,20,33.0,97.0,7600010.0,DX
2024-11-13 07:55:00+00:00,106.045,106.055,106.04,106.055,35,33.0,97.0,7600010.0,DX
2024-11-13 08:00:00+00:00,106.06,106.065,106.04,106.055,85,33.0,97.0,7600010.0,DX
2024-11-13 08:05:00+00:00,106.055,106.125,106.05,106.125,156,33.0,97.0,7600010.0,DX
2024-11-13 08:10:00+00:00,106.12,106.12,106.045,106.105,213,33.0,97.0,7600010.0,DX
2024-11-13 08:15:00+00:00,106.11,106.115,106.06,106.06,86,33.0,97.0,7600010.0,DX
2024-11-13 08:20:00+00:00,106.07,106.07,106.045,106.05,30,33.0,97.0,7600010.0,DX
2024-11-13 08:25:00+00:00,106.05,106.09,106.05,106.08,81,33.0,97.0,7600010.0,DX
2024-11-13 08:30:00+00:00,106.09,106.09,106.05,106.05,41,33.0,97.0,7600010.0,DX
2024-11-13 08:35:00+00:00,106.04,106.04,106.015,106.015,38,33.0,97.0,7600010.0,DX
2024-11-13 08:40:00+00:00,106.01,106.045,106.01,106.035,39,33.0,97.0,7600010.0,DX
2024-11-13 08:45:00+00:00,106.035,106.035,105.99,106.005,52,33.0,97.0,7600010.0,DX
2024-11-13 08:50:00+00:00,106.005,106.015,105.985,105.985,32,33.0,97.0,7600010.0,DX
2024-11-13 08:55:00+00:00,105.99,105.99,105.96,105.97,44,33.0,97.0,7600010.0,DX
2024-11-13 09:00:00+00:00,105.975,106.005,105.96,106.005,82,33.0,97.0,7600010.0,DX
2024-11-13 09:05:00+00:00,106.01,106.01,105.985,105.985,11,33.0,97.0,7600010.0,DX
2024-11-13 09:10:00+00:00,105.98,105.99,105.975,105.99,43,33.0,97.0,7600010.0,DX
2024-11-13 09:15:00+00:00,105.995,106.005,105.99,106.0,21,33.0,97.0,7600010.0,DX
2024-11-13 09:20:00+00:00,106.0,106.0,105.935,105.94,35,33.0,97.0,7600010.0,DX
2024-11-13 09:25:00+00:00,105.935,105.94,105.885,105.89,191,33.0,97.0,7600010.0,DX
2024-11-13 09:30:00+00:00,105.89,105.89,105.855,105.86,111,33.0,97.0,7600010.0,DX
2024-11-13 09:35:00+00:00,105.86,105.875,105.845,105.87,85,33.0,97.0,7600010.0,DX
2024-11-13 09:40:00+00:00,105.87,105.89,105.87,105.875,75,33.0,97.0,7600010.0,DX
2024-11-13 09:45:00+00:00,105.875,105.885,105.855,105.87,102,33.0,97.0,7600010.0,DX
2024-11-13 09:50:00+00:00,105.865,105.87,105.84,105.84,86,33.0,97.0,7600010.0,DX
2024-11-13 09:55:00+00:00,105.845,105.87,105.835,105.86,75,33.0,97.0,7600010.0,DX
2024-11-13 10:00:00+00:00,105.86,105.895,105.86,105.885,69,33.0,97.0,7600010.0,DX
2024-11-13 10:05:00+00:00,105.885,105.905,105.88,105.9,47,33.0,97.0,7600010.0,DX
2024-11-13 10:10:00+00:00,105.9,105.91,105.895,105.895,39,33.0,97.0,7600010.0,DX
2024-11-13 10:15:00+00:00,105.9,105.9,105.88,105.885,52,33.0,97.0,7600010.0,DX
2024-11-13 10:20:00+00:00,105.905,105.905,105.88,105.89,31,33.0,97.0,7600010.0,DX
2024-11-13 10:25:00+00:00,105.89,105.905,105.885,105.895,19,33.0,97.0,7600010.0,DX
2024-11-13 10:30:00+00:00,105.9,105.955,105.895,105.945,45,33.0,97.0,7600010.0,DX
2024-11-13 10:35:00+00:00,105.945,105.97,105.945,105.955,55,33.0,97.0,7600010.0,DX
2024-11-13 10:40:00+00:00,105.965,105.965,105.95,105.95,29,33.0,97.0,7600010.0,DX
2024-11-13 10:45:00+00:00,105.96,105.975,105.95,105.975,91,33.0,97.0,7600010.0,DX
2024-11-13 10:50:00+00:00,105.96,105.96,105.955,105.96,21,33.0,97.0,7600010.0,DX
2024-11-13 10:55:00+00:00,105.965,105.965,105.96,105.965,15,33.0,97.0,7600010.0,DX
2024-11-13 11:00:00+00:00,105.965,105.965,105.95,105.965,41,33.0,97.0,7600010.0,DX
2024-11-13 11:05:00+00:00,105.97,105.98,105.97,105.98,21,33.0,97.0,7600010.0,DX
2024-11-13 11:10:00+00:00,105.965,105.97,105.96,105.97,14,33.0,97.0,7600010.0,DX
2024-11-13 11:15:00+00:00,105.96,105.97,105.955,105.97,7,33.0,97.0,7600010.0,DX
2024-11-13 11:20:00+00:00,105.975,105.99,105.975,105.975,18,33.0,97.0,7600010.0,DX
2024-11-13 11:25:00+00:00,105.98,105.98,105.975,105.98,33,33.0,97.0,7600010.0,DX
2024-11-13 11:30:00+00:00,105.985,105.99,105.97,105.98,52,33.0,97.0,7600010.0,DX
2024-11-13 11:35:00+00:00,105.99,105.99,105.965,105.965,31,33.0,97.0,7600010.0,DX
2024-11-13 11:40:00+00:00,105.965,105.98,105.965,105.97,57,33.0,97.0,7600010.0,DX
2024-11-13 11:45:00+00:00,105.975,105.975,105.91,105.91,68,33.0,97.0,7600010.0,DX
2024-11-13 11:50:00+00:00,105.91,105.91,105.84,105.85,213,33.0,97.0,7600010.0,DX
2024-11-13 11:55:00+00:00,105.855,105.86,105.78,105.79,123,33.0,97.0,7600010.0,DX
2024-11-13 12:00:00+00:00,105.785,105.815,105.74,105.805,244,33.0,97.0,7600010.0,DX
2024-11-13 12:05:00+00:00,105.8,105.82,105.785,105.82,138,33.0,97.0,7600010.0,DX
2024-11-13 12:10:00+00:00,105.83,105.855,105.82,105.855,83,33.0,97.0,7600010.0,DX
2024-11-13 12:15:00+00:00,105.85,105.855,105.83,105.855,63,33.0,97.0,7600010.0,DX
2024-11-13 12:20:00+00:00,105.855,105.86,105.845,105.86,34,33.0,97.0,7600010.0,DX
2024-11-13 12:25:00+00:00,105.855,105.875,105.85,105.87,64,33.0,97.0,7600010.0,DX
2024-11-13 12:30:00+00:00,105.87,105.895,105.85,105.85,50,33.0,97.0,7600010.0,DX
2024-11-13 12:35:00+00:00,105.845,105.85,105.835,105.835,53,33.0,97.0,7600010.0,DX
2024-11-13 12:40:00+00:00,105.855,105.865,105.83,105.83,63,33.0,97.0,7600010.0,DX
2024-11-13 12:45:00+00:00,105.825,105.84,105.815,105.825,48,33.0,97.0,7600010.0,DX
2024-11-13 12:50:00+00:00,105.83,105.845,105.825,105.835,31,33.0,97.0,7600010.0,DX
2024-11-13 12:55:00+00:00,105.84,105.855,105.84,105.84,64,33.0,97.0,7600010.0,DX
2024-11-13 13:00:00+00:00,105.845,105.86,105.835,105.86,132,33.0,97.0,7600010.0,DX
2024-11-13 13:05:00+00:00,105.86,105.885,105.855,105.87,276,33.0,97.0,7600010.0,DX
2024-11-13 13:10:00+00:00,105.87,105.895,105.85,105.89,177,33.0,97.0,7600010.0,DX
2024-11-13 13:15:00+00:00,105.885,105.905,105.865,105.895,364,33.0,97.0,7600010.0,DX
2024-11-13 13:20:00+00:00,105.89,105.905,105.85,105.875,393,33.0,97.0,7600010.0,DX
2024-11-13 13:25:00+00:00,105.88,105.895,105.86,105.875,263,33.0,97.0,7600010.0,DX
2024-11-13 13:30:00+00:00,105.87,105.87,105.625,105.72,907,33.0,97.0,7600010.0,DX
2024-11-13 13:35:00+00:00,105.715,105.75,105.63,105.71,574,33.0,97.0,7600010.0,DX
2024-11-13 13:40:00+00:00,105.715,105.795,105.67,105.795,388,33.0,97.0,7600010.0,DX
2024-11-13 13:45:00+00:00,105.785,105.855,105.76,105.81,229,33.0,97.0,7600010.0,DX
2024-11-13 13:50:00+00:00,105.79,105.825,105.725,105.73,242,33.0,97.0,7600010.0,DX
2024-11-13 13:55:00+00:00,105.73,105.79,105.725,105.75,181,33.0,97.0,7600010.0,DX
2024-11-13 14:00:00+00:00,105.75,105.805,105.735,105.795,66,33.0,97.0,7600010.0,DX
2024-11-13 14:05:00+00:00,105.795,105.8,105.74,105.77,130,33.0,97.0,7600010.0,DX
2024-11-13 14:10:00+00:00,105.77,105.79,105.415,105.425,168,33.0,97.0,7600010.0,DX
2024-11-13 14:15:00+00:00,105.77,105.85,105.77,105.82,233,33.0,97.0,7600010.0,DX
2024-11-13 14:20:00+00:00,105.83,105.85,105.805,105.81,56,33.0,97.0,7600010.0,DX
2024-11-13 14:25:00+00:00,105.805,105.9,105.805,105.885,167,33.0,97.0,7600010.0,DX
2024-11-13 14:30:00+00:00,105.88,106.01,105.88,105.99,963,33.0,97.0,7600010.0,DX
2024-11-13 14:35:00+00:00,105.99,106.05,105.98,106.0,215,33.0,97.0,7600010.0,DX
2024-11-13 14:40:00+00:00,106.0,106.035,105.94,105.94,176,33.0,97.0,7600010.0,DX
2024-11-13 14:45:00+00:00,105.945,106.045,105.945,106.035,279,33.0,97.0,7600010.0,DX
2024-11-13 14:50:00+00:00,106.035,106.24,106.035,106.155,528,33.0,97.0,7600010.0,DX
2024-11-13 14:55:00+00:00,106.16,106.215,106.15,106.175,338,33.0,97.0,7600010.0,DX
2024-11-13 15:00:00+00:00,106.175,106.235,106.155,106.235,258,33.0,97.0,7600010.0,DX
2024-11-13 15:05:00+00:00,106.225,106.41,106.22,106.365,1240,33.0,97.0,7600010.0,DX
2024-11-13 15:10:00+00:00,106.355,106.355,106.3,106.325,304,33.0,97.0,7600010.0,DX
2024-11-13 15:15:00+00:00,106.32,106.325,106.275,106.28,343,33.0,97.0,7600010.0,DX
2024-11-13 15:20:00+00:00,106.285,106.35,106.285,106.29,345,33.0,97.0,7600010.0,DX
2024-11-13 15:25:00+00:00,106.285,106.355,106.285,106.31,224,33.0,97.0,7600010.0,DX
2024-11-13 15:30:00+00:00,106.315,106.32,106.16,106.2,495,33.0,97.0,7600010.0,DX
2024-11-13 15:35:00+00:00,106.205,106.235,106.165,106.215,241,33.0,97.0,7600010.0,DX
2024-11-13 15:40:00+00:00,106.215,106.28,106.21,106.23,314,33.0,97.0,7600010.0,DX
2024-11-13 15:45:00+00:00,106.23,106.27,106.19,106.22,224,33.0,97.0,7600010.0,DX
2024-11-13 15:50:00+00:00,106.215,106.22,106.13,106.18,174,33.0,97.0,7600010.0,DX
2024-11-13 15:55:00+00:00,106.18,106.18,106.125,106.155,159,33.0,97.0,7600010.0,DX
2024-11-13 16:00:00+00:00,106.15,106.185,106.135,106.185,177,33.0,97.0,7600010.0,DX
2024-11-13 16:05:00+00:00,106.185,106.23,106.185,106.205,96,33.0,97.0,7600010.0,DX
2024-11-13 16:10:00+00:00,106.205,106.3,106.205,106.28,103,33.0,97.0,7600010.0,DX
2024-11-13 16:15:00+00:00,106.29,106.32,106.265,106.3,144,33.0,97.0,7600010.0,DX
2024-11-13 16:20:00+00:00,106.31,106.32,106.265,106.265,57,33.0,97.0,7600010.0,DX
2024-11-13 16:25:00+00:00,106.26,106.26,106.225,106.255,52,33.0,97.0,7600010.0,DX
2024-11-13 16:30:00+00:00,106.26,106.285,106.235,106.275,157,33.0,97.0,7600010.0,DX
2024-11-13 16:35:00+00:00,106.275,106.3,106.27,106.295,200,33.0,97.0,7600010.0,DX
2024-11-13 16:40:00+00:00,106.3,106.33,106.29,106.325,79,33.0,97.0,7600010.0,DX
2024-11-13 16:45:00+00:00,106.325,106.325,106.3,106.31,77,33.0,97.0,7600010.0,DX
2024-11-13 16:50:00+00:00,106.31,106.345,106.31,106.335,94,33.0,97.0,7600010.0,DX
2024-11-13 16:55:00+00:00,106.335,106.38,106.335,106.345,73,33.0,97.0,7600010.0,DX
2024-11-13 17:00:00+00:00,106.345,106.385,106.33,106.385,53,33.0,97.0,7600010.0,DX
2024-11-13 17:05:00+00:00,106.39,106.4,106.295,106.325,157,33.0,97.0,7600010.0,DX
2024-11-13 17:10:00+00:00,106.325,106.345,106.285,106.29,98,33.0,97.0,7600010.0,DX
2024-11-13 17:15:00+00:00,106.29,106.305,106.26,106.305,96,33.0,97.0,7600010.0,DX
2024-11-13 17:20:00+00:00,106.31,106.32,106.305,106.32,56,33.0,97.0,7600010.0,DX
2024-11-13 17:25:00+00:00,106.315,106.385,106.315,106.375,44,33.0,97.0,7600010.0,DX
2024-11-13 17:30:00+00:00,106.37,106.38,106.325,106.345,66,33.0,97.0,7600010.0,DX
2024-11-13 17:35:00+00:00,106.345,106.345,106.325,106.345,27,33.0,97.0,7600010.0,DX
2024-11-13 17:40:00+00:00,106.335,106.35,106.33,106.35,96,33.0,97.0,7600010.0,DX
2024-11-13 17:45:00+00:00,106.355,106.355,106.3,106.31,64,33.0,97.0,7600010.0,DX
2024-11-13 17:50:00+00:00,106.31,106.355,106.31,106.345,62,33.0,97.0,7600010.0,DX
2024-11-13 17:55:00+00:00,106.345,106.365,106.345,106.345,67,33.0,97.0,7600010.0,DX
2024-11-13 18:00:00+00:00,106.345,106.38,106.34,106.365,117,33.0,97.0,7600010.0,DX
2024-11-13 18:05:00+00:00,106.365,106.425,106.365,106.425,153,33.0,97.0,7600010.0,DX
2024-11-13 18:10:00+00:00,106.425,106.425,106.375,106.38,60,33.0,97.0,7600010.0,DX
2024-11-13 18:15:00+00:00,106.375,106.415,106.375,106.415,39,33.0,97.0,7600010.0,DX
2024-11-13 18:20:00+00:00,106.41,106.43,106.4,106.405,54,33.0,97.0,7600010.0,DX
2024-11-13 18:25:00+00:00,106.405,106.425,106.4,106.425,117,33.0,97.0,7600010.0,DX
2024-11-13 18:30:00+00:00,106.425,106.425,106.405,106.415,41,33.0,97.0,7600010.0,DX
2024-11-13 18:35:00+00:00,106.41,106.425,106.4,106.425,31,33.0,97.0,7600010.0,DX
2024-11-13 18:40:00+00:00,106.43,106.435,106.415,106.415,18,33.0,97.0,7600010.0,DX
2024-11-13 18:45:00+00:00,106.395,106.435,106.39,106.43,57,33.0,97.0,7600010.0,DX
2024-11-13 18:50:00+00:00,106.425,106.425,106.405,106.41,32,33.0,97.0,7600010.0,DX
2024-11-13 18:55:00+00:00,106.4,106.44,106.4,106.435,11,33.0,97.0,7600010.0,DX
2024-11-13 19:00:00+00:00,106.43,106.44,106.415,106.425,35,33.0,97.0,7600010.0,DX
2024-11-13 19:05:00+00:00,106.42,106.425,106.39,106.4,50,33.0,97.0,7600010.0,DX
2024-11-13 19:10:00+00:00,106.395,106.405,106.37,106.37,282,33.0,97.0,7600010.0,DX
2024-11-13 19:15:00+00:00,106.365,106.365,106.325,106.335,43,33.0,97.0,7600010.0,DX
2024-11-13 19:20:00+00:00,106.34,106.34,106.325,106.325,17,33.0,97.0,7600010.0,DX
2024-11-13 19:25:00+00:00,106.325,106.325,106.3,106.31,45,33.0,97.0,7600010.0,DX
2024-11-13 19:30:00+00:00,106.305,106.33,106.3,106.325,118,33.0,97.0,7600010.0,DX
2024-11-13 19:35:00+00:00,106.33,106.335,106.315,106.335,36,33.0,97.0,7600010.0,DX
2024-11-13 19:40:00+00:00,106.34,106.355,106.325,106.33,46,33.0,97.0,7600010.0,DX
2024-11-13 19:45:00+00:00,106.325,106.355,106.32,106.355,28,33.0,97.0,7600010.0,DX
2024-11-13 19:50:00+00:00,106.36,106.38,106.36,106.38,75,33.0,97.0,7600010.0,DX
2024-11-13 19:55:00+00:00,106.38,106.39,106.375,106.385,1106,33.0,97.0,7600010.0,DX
2024-11-13 20:00:00+00:00,106.385,106.4,106.365,106.4,58,33.0,97.0,7600010.0,DX
2024-11-13 20:05:00+00:00,106.4,106.4,106.365,106.365,49,33.0,97.0,7600010.0,DX
2024-11-13 20:10:00+00:00,106.38,106.405,106.38,106.4,10,33.0,97.0,7600010.0,DX
2024-11-13 20:15:00+00:00,106.395,106.395,106.385,106.395,18,33.0,97.0,7600010.0,DX
2024-11-13 20:20:00+00:00,106.41,106.41,106.39,106.39,30,33.0,97.0,7600010.0,DX
2024-11-13 20:25:00+00:00,106.39,106.405,106.39,106.39,9,33.0,97.0,7600010.0,DX
2024-11-13 20:30:00+00:00,106.4,106.42,106.4,106.42,17,33.0,97.0,7600010.0,DX
2024-11-13 20:35:00+00:00,106.41,106.415,106.39,106.39,19,33.0,97.0,7600010.0,DX
2024-11-13 20:40:00+00:00,106.405,106.41,106.405,106.405,36,33.0,97.0,7600010.0,DX
2024-11-13 20:45:00+00:00,106.41,106.415,106.405,106.41,36,33.0,97.0,7600010.0,DX
2024-11-13 20:50:00+00:00,106.41,106.43,106.405,106.43,42,33.0,97.0,7600010.0,DX
2024-11-13 20:55:00+00:00,106.435,106.44,106.415,106.42,92,33.0,97.0,7600010.0,DX
2024-11-13 21:00:00+00:00,106.42,106.42,106.04,106.04,39,33.0,97.0,7600010.0,DX
2024-11-13 21:05:00+00:00,106.39,106.39,106.39,106.39,3,33.0,97.0,7600010.0,DX
2024-11-13 21:10:00+00:00,106.4,106.4,106.39,106.39,4,33.0,97.0,7600010.0,DX
2024-11-13 21:15:00+00:00,106.39,106.39,106.39,106.39,2,33.0,97.0,7600010.0,DX
2024-11-13 21:20:00+00:00,106.4,106.4,106.39,106.39,15,33.0,97.0,7600010.0,DX
2024-11-13 21:25:00+00:00,106.395,106.4,106.395,106.4,7,33.0,97.0,7600010.0,DX
2024-11-13 21:30:00+00:00,106.39,106.39,106.39,106.39,4,33.0,97.0,7600010.0,DX
2024-11-13 21:35:00+00:00,106.395,106.395,106.395,106.395,4,33.0,97.0,7600010.0,DX
2024-11-13 21:45:00+00:00,106.405,106.405,106.4,106.4,17,33.0,97.0,7600010.0,DX
2024-11-13 21:50:00+00:00,106.395,106.395,106.39,106.39,4,33.0,97.0,7600010.0,DX
2024-11-13 21:55:00+00:00,106.39,106.4,106.38,106.4,12,33.0,97.0,7600010.0,DX
2024-11-14 01:00:00+00:00,106.42,106.465,106.41,106.46,167,33.0,97.0,7600010.0,DX
2024-11-14 01:05:00+00:00,106.455,106.47,106.455,106.47,19,33.0,97.0,7600010.0,DX
2024-11-14 01:10:00+00:00,106.47,106.485,106.46,106.47,20,33.0,97.0,7600010.0,DX
2024-11-14 01:15:00+00:00,106.455,106.48,106.445,106.475,20,33.0,97.0,7600010.0,DX
2024-11-14 01:20:00+00:00,106.47,106.485,106.47,106.485,13,33.0,97.0,7600010.0,DX
2024-11-14 01:25:00+00:00,106.485,106.49,106.47,106.475,14,33.0,97.0,7600010.0,DX
2024-11-14 01:30:00+00:00,106.47,106.495,106.47,106.495,12,33.0,97.0,7600010.0,DX
2024-11-14 01:35:00+00:00,106.5,106.525,106.5,106.525,17,33.0,97.0,7600010.0,DX
2024-11-14 01:40:00+00:00,106.53,106.535,106.515,106.535,32,33.0,97.0,7600010.0,DX
2024-11-14 01:45:00+00:00,106.515,106.515,106.49,106.495,38,33.0,97.0,7600010.0,DX
2024-11-14 01:50:00+00:00,106.495,106.495,106.48,106.485,20,33.0,97.0,7600010.0,DX
2024-11-14 01:55:00+00:00,106.49,106.51,106.49,106.505,23,33.0,97.0,7600010.0,DX
2024-11-14 02:00:00+00:00,106.515,106.52,106.505,106.52,56,33.0,97.0,7600010.0,DX
2024-11-14 02:05:00+00:00,106.525,106.54,106.515,106.52,28,33.0,97.0,7600010.0,DX
2024-11-14 02:10:00+00:00,106.515,106.525,106.505,106.505,16,33.0,97.0,7600010.0,DX
2024-11-14 02:15:00+00:00,106.505,106.515,106.505,106.515,10,33.0,97.0,7600010.0,DX
2024-11-14 02:20:00+00:00,106.51,106.525,106.51,106.525,3,33.0,97.0,7600010.0,DX
2024-11-14 02:25:00+00:00,106.53,106.535,106.525,106.53,10,33.0,97.0,7600010.0,DX
2024-11-14 02:30:00+00:00,106.53,106.53,106.52,106.525,70,33.0,97.0,7600010.0,DX
2024-11-14 02:35:00+00:00,106.535,106.555,106.535,106.545,37,33.0,97.0,7600010.0,DX
2024-11-14 02:40:00+00:00,106.55,106.555,106.55,106.55,43,33.0,97.0,7600010.0,DX
2024-11-14 02:45:00+00:00,106.555,106.56,106.54,106.56,55,33.0,97.0,7600010.0,DX
2024-11-14 02:50:00+00:00,106.56,106.585,106.555,106.565,55,33.0,97.0,7600010.0,DX
2024-11-14 02:55:00+00:00,106.57,106.59,106.57,106.58,21,33.0,97.0,7600010.0,DX
2024-11-14 03:00:00+00:00,106.58,106.58,106.555,106.555,45,33.0,97.0,7600010.0,DX
2024-11-14 03:05:00+00:00,106.55,106.55,106.535,106.54,48,33.0,97.0,7600010.0,DX
2024-11-14 03:10:00+00:00,106.545,106.555,106.525,106.525,28,33.0,97.0,7600010.0,DX
2024-11-14 03:15:00+00:00,106.515,106.55,106.515,106.55,60,33.0,97.0,7600010.0,DX
2024-11-14 03:20:00+00:00,106.535,106.54,106.52,106.52,21,33.0,97.0,7600010.0,DX
2024-11-14 03:25:00+00:00,106.525,106.54,106.525,106.535,41,33.0,97.0,7600010.0,DX
2024-11-14 03:30:00+00:00,106.545,106.55,106.545,106.545,10,33.0,97.0,7600010.0,DX
2024-11-14 03:35:00+00:00,106.54,106.555,106.54,106.555,15,33.0,97.0,7600010.0,DX
2024-11-14 03:40:00+00:00,106.555,106.57,106.55,106.565,48,33.0,97.0,7600010.0,DX
2024-11-14 03:45:00+00:00,106.575,106.58,106.57,106.58,13,33.0,97.0,7600010.0,DX
2024-11-14 03:50:00+00:00,106.585,106.6,106.585,106.59,30,33.0,97.0,7600010.0,DX
2024-11-14 03:55:00+00:00,106.585,106.59,106.58,106.585,27,33.0,97.0,7600010.0,DX
2024-11-14 04:00:00+00:00,106.585,106.6,106.585,106.6,7,33.0,97.0,7600010.0,DX
2024-11-14 04:05:00+00:00,106.595,106.595,106.59,106.59,22,33.0,97.0,7600010.0,DX
2024-11-14 04:10:00+00:00,106.59,106.6,106.59,106.6,39,33.0,97.0,7600010.0,DX
2024-11-14 04:15:00+00:00,106.6,106.6,106.6,106.6,6,33.0,97.0,7600010.0,DX
2024-11-14 04:20:00+00:00,106.605,106.605,106.595,106.595,21,33.0,97.0,7600010.0,DX
2024-11-14 04:25:00+00:00,106.59,106.59,106.575,106.585,20,33.0,97.0,7600010.0,DX
2024-11-14 04:30:00+00:00,106.585,106.6,106.585,106.595,40,33.0,97.0,7600010.0,DX
2024-11-14 04:35:00+00:00,106.59,106.61,106.59,106.605,25,33.0,97.0,7600010.0,DX
2024-11-14 04:40:00+00:00,106.61,106.61,106.605,106.61,27,33.0,97.0,7600010.0,DX
2024-11-14 04:45:00+00:00,106.615,106.62,106.605,106.605,38,33.0,97.0,7600010.0,DX
2024-11-14 04:50:00+00:00,106.595,106.595,106.59,106.595,45,33.0,97.0,7600010.0,DX
2024-11-14 04:55:00+00:00,106.59,106.595,106.585,106.595,7,33.0,97.0,7600010.0,DX
2024-11-14 05:00:00+00:00,106.595,106.625,106.595,106.625,12,33.0,97.0,7600010.0,DX
2024-11-14 05:05:00+00:00,106.62,106.64,106.285,106.63,9,33.0,97.0,7600010.0,DX
2024-11-14 05:10:00+00:00,106.63,106.655,106.63,106.655,84,33.0,97.0,7600010.0,DX
2024-11-14 05:15:00+00:00,106.66,106.695,106.66,106.67,178,33.0,97.0,7600010.0,DX
2024-11-14 05:20:00+00:00,106.665,106.68,106.665,106.675,79,33.0,97.0,7600010.0,DX
2024-11-14 05:25:00+00:00,106.655,106.66,106.65,106.655,28,33.0,97.0,7600010.0,DX
2024-11-14 05:30:00+00:00,106.655,106.655,106.64,106.64,13,33.0,97.0,7600010.0,DX
2024-11-14 05:35:00+00:00,106.645,106.645,106.615,106.615,13,33.0,97.0,7600010.0,DX
2024-11-14 05:40:00+00:00,106.615,106.615,106.605,106.605,24,33.0,97.0,7600010.0,DX
2024-11-14 05:45:00+00:00,106.61,106.62,106.61,106.615,29,33.0,97.0,7600010.0,DX
2024-11-14 05:50:00+00:00,106.61,106.62,106.255,106.255,8,33.0,97.0,7600010.0,DX
2024-11-14 05:55:00+00:00,106.605,106.605,106.595,106.6,26,33.0,97.0,7600010.0,DX
2024-11-14 06:00:00+00:00,106.6,106.605,106.555,106.555,69,33.0,97.0,7600010.0,DX
2024-11-14 06:05:00+00:00,106.55,106.55,106.54,106.54,11,33.0,97.0,7600010.0,DX
2024-11-14 06:10:00+00:00,106.54,106.545,106.535,106.545,6,33.0,97.0,7600010.0,DX
2024-11-14 06:15:00+00:00,106.545,106.55,106.53,106.54,21,33.0,97.0,7600010.0,DX
2024-11-14 06:20:00+00:00,106.54,106.54,106.53,106.535,15,33.0,97.0,7600010.0,DX
2024-11-14 06:25:00+00:00,106.535,106.56,106.525,106.56,33,33.0,97.0,7600010.0,DX
2024-11-14 06:30:00+00:00,106.555,106.555,106.54,106.545,24,33.0,97.0,7600010.0,DX
2024-11-14 06:35:00+00:00,106.545,106.56,106.54,106.56,27,33.0,97.0,7600010.0,DX
2024-11-14 06:40:00+00:00,106.555,106.56,106.545,106.545,16,33.0,97.0,7600010.0,DX
2024-11-14 06:45:00+00:00,106.545,106.585,106.54,106.585,66,33.0,97.0,7600010.0,DX
2024-11-14 06:50:00+00:00,106.58,106.605,106.58,106.595,33,33.0,97.0,7600010.0,DX
2024-11-14 06:55:00+00:00,106.59,106.615,106.58,106.59,220,33.0,97.0,7600010.0,DX
2024-11-14 07:00:00+00:00,106.595,106.625,106.585,106.615,108,33.0,97.0,7600010.0,DX
2024-11-14 07:05:00+00:00,106.615,106.62,106.585,106.59,108,33.0,97.0,7600010.0,DX
2024-11-14 07:10:00+00:00,106.595,106.61,106.585,106.61,42,33.0,97.0,7600010.0,DX
2024-11-14 07:15:00+00:00,106.605,106.605,106.575,106.58,27,33.0,97.0,7600010.0,DX
2024-11-14 07:20:00+00:00,106.58,106.605,106.575,106.605,11,33.0,97.0,7600010.0,DX
2024-11-14 07:25:00+00:00,106.6,106.63,106.595,106.63,12,33.0,97.0,7600010.0,DX
2024-11-14 07:30:00+00:00,106.6,106.6,106.545,106.545,18,33.0,97.0,7600010.0,DX
2024-11-14 07:35:00+00:00,106.545,106.545,106.53,106.545,36,33.0,97.0,7600010.0,DX
2024-11-14 07:40:00+00:00,106.55,106.57,106.55,106.57,52,33.0,97.0,7600010.0,DX
2024-11-14 07:45:00+00:00,106.575,106.575,106.53,106.53,39,33.0,97.0,7600010.0,DX
2024-11-14 07:50:00+00:00,106.525,106.535,106.495,106.535,98,33.0,97.0,7600010.0,DX
2024-11-14 07:55:00+00:00,106.54,106.555,106.535,106.545,45,33.0,97.0,7600010.0,DX
2024-11-14 08:00:00+00:00,106.54,106.555,106.505,106.51,138,33.0,97.0,7600010.0,DX
2024-11-14 08:05:00+00:00,106.515,106.525,106.485,106.49,46,33.0,97.0,7600010.0,DX
2024-11-14 08:10:00+00:00,106.485,106.535,106.485,106.535,49,33.0,97.0,7600010.0,DX
2024-11-14 08:15:00+00:00,106.54,106.545,106.525,106.545,59,33.0,97.0,7600010.0,DX
2024-11-14 08:20:00+00:00,106.54,106.59,106.54,106.585,106,33.0,97.0,7600010.0,DX
2024-11-14 08:25:00+00:00,106.585,106.585,106.56,106.57,73,33.0,97.0,7600010.0,DX
2024-11-14 08:30:00+00:00,106.57,106.61,106.555,106.57,59,33.0,97.0,7600010.0,DX
2024-11-14 08:35:00+00:00,106.575,106.6,106.575,106.585,29,33.0,97.0,7600010.0,DX
2024-11-14 08:40:00+00:00,106.585,106.59,106.55,106.585,52,33.0,97.0,7600010.0,DX
2024-11-14 08:45:00+00:00,106.575,106.63,106.575,106.625,159,33.0,97.0,7600010.0,DX
2024-11-14 08:50:00+00:00,106.62,106.65,106.605,106.65,50,33.0,97.0,7600010.0,DX
2024-11-14 08:55:00+00:00,106.655,106.69,106.65,106.665,68,33.0,97.0,7600010.0,DX
2024-11-14 09:00:00+00:00,106.665,106.665,106.64,106.64,38,33.0,97.0,7600010.0,DX
2024-11-14 09:05:00+00:00,106.635,106.66,106.62,106.65,56,33.0,97.0,7600010.0,DX
2024-11-14 09:10:00+00:00,106.645,106.7,106.64,106.695,37,33.0,97.0,7600010.0,DX
2024-11-14 09:15:00+00:00,106.7,106.735,106.7,106.72,162,33.0,97.0,7600010.0,DX
2024-11-14 09:20:00+00:00,106.715,106.725,106.7,106.72,57,33.0,97.0,7600010.0,DX
2024-11-14 09:25:00+00:00,106.725,106.775,106.725,106.77,142,33.0,97.0,7600010.0,DX
2024-11-14 09:30:00+00:00,106.775,106.8,106.765,106.8,139,33.0,97.0,7600010.0,DX
2024-11-14 09:35:00+00:00,106.805,106.81,106.775,106.775,157,33.0,97.0,7600010.0,DX
2024-11-14 09:40:00+00:00,106.77,106.79,106.755,106.78,38,33.0,97.0,7600010.0,DX
2024-11-14 09:45:00+00:00,106.78,106.8,106.77,106.775,115,33.0,97.0,7600010.0,DX
2024-11-14 09:50:00+00:00,106.775,106.825,106.775,106.8,63,33.0,97.0,7600010.0,DX
2024-11-14 09:55:00+00:00,106.79,106.815,106.775,106.815,62,33.0,97.0,7600010.0,DX
2024-11-14 10:00:00+00:00,106.815,106.84,106.8,106.83,154,33.0,97.0,7600010.0,DX
2024-11-14 10:05:00+00:00,106.835,106.87,106.825,106.855,108,33.0,97.0,7600010.0,DX
2024-11-14 10:10:00+00:00,106.86,106.87,106.835,106.855,95,33.0,97.0,7600010.0,DX
2024-11-14 10:15:00+00:00,106.865,106.885,106.86,106.885,35,33.0,97.0,7600010.0,DX
2024-11-14 10:20:00+00:00,106.885,106.925,106.885,106.905,234,33.0,97.0,7600010.0,DX
2024-11-14 10:25:00+00:00,106.905,106.94,106.9,106.915,118,33.0,97.0,7600010.0,DX
2024-11-14 10:30:00+00:00,106.915,106.945,106.905,106.935,227,33.0,97.0,7600010.0,DX
2024-11-14 10:35:00+00:00,106.945,106.97,106.93,106.94,147,33.0,97.0,7600010.0,DX
2024-11-14 10:40:00+00:00,106.935,106.95,106.88,106.89,108,33.0,97.0,7600010.0,DX
2024-11-14 10:45:00+00:00,106.885,106.885,106.835,106.855,120,33.0,97.0,7600010.0,DX
2024-11-14 10:50:00+00:00,106.86,106.875,106.85,106.85,33,33.0,97.0,7600010.0,DX
2024-11-14 10:55:00+00:00,106.845,106.875,106.845,106.875,43,33.0,97.0,7600010.0,DX
2024-11-14 11:00:00+00:00,106.88,106.95,106.875,106.95,111,33.0,97.0,7600010.0,DX
2024-11-14 11:05:00+00:00,106.92,106.925,106.895,106.905,69,33.0,97.0,7600010.0,DX
2024-11-14 11:10:00+00:00,106.895,106.99,106.89,106.955,113,33.0,97.0,7600010.0,DX
2024-11-14 11:15:00+00:00,106.955,106.955,106.9,106.93,97,33.0,97.0,7600010.0,DX
2024-11-14 11:20:00+00:00,106.94,106.94,106.9,106.915,51,33.0,97.0,7600010.0,DX
2024-11-14 11:25:00+00:00,106.915,106.935,106.905,106.905,32,33.0,97.0,7600010.0,DX
2024-11-14 11:30:00+00:00,106.9,106.93,106.9,106.915,17,33.0,97.0,7600010.0,DX
2024-11-14 11:35:00+00:00,106.91,106.91,106.86,106.87,92,33.0,97.0,7600010.0,DX
2024-11-14 11:40:00+00:00,106.865,106.865,106.81,106.82,286,33.0,97.0,7600010.0,DX
2024-11-14 11:45:00+00:00,106.81,106.81,106.755,106.765,114,33.0,97.0,7600010.0,DX
2024-11-14 11:50:00+00:00,106.77,106.78,106.715,106.755,139,33.0,97.0,7600010.0,DX
2024-11-14 11:55:00+00:00,106.745,106.77,106.73,106.745,65,33.0,97.0,7600010.0,DX
2024-11-14 12:00:00+00:00,106.74,106.76,106.74,106.745,42,33.0,97.0,7600010.0,DX
2024-11-14 12:05:00+00:00,106.75,106.78,106.74,106.78,24,33.0,97.0,7600010.0,DX
2024-11-14 12:10:00+00:00,106.785,106.795,106.735,106.735,46,33.0,97.0,7600010.0,DX
2024-11-14 12:15:00+00:00,106.745,106.745,106.72,106.74,168,33.0,97.0,7600010.0,DX
2024-11-14 12:20:00+00:00,106.735,106.75,106.73,106.745,51,33.0,97.0,7600010.0,DX
2024-11-14 12:25:00+00:00,106.74,106.75,106.725,106.735,171,33.0,97.0,7600010.0,DX
2024-11-14 12:30:00+00:00,106.74,106.74,106.715,106.72,108,33.0,97.0,7600010.0,DX
2024-11-14 12:35:00+00:00,106.71,106.725,106.675,106.675,109,33.0,97.0,7600010.0,DX
2024-11-14 12:40:00+00:00,106.675,106.69,106.655,106.665,158,33.0,97.0,7600010.0,DX
2024-11-14 12:45:00+00:00,106.665,106.685,106.62,106.685,42,33.0,97.0,7600010.0,DX
2024-11-14 12:50:00+00:00,106.695,106.715,106.67,106.71,32,33.0,97.0,7600010.0,DX
2024-11-14 12:55:00+00:00,106.69,106.695,106.665,106.69,48,33.0,97.0,7600010.0,DX
2024-11-14 13:00:00+00:00,106.71,106.725,106.68,106.71,153,33.0,97.0,7600010.0,DX
2024-11-14 13:05:00+00:00,106.685,106.705,106.685,106.705,59,33.0,97.0,7600010.0,DX
2024-11-14 13:10:00+00:00,106.705,106.73,106.68,106.68,358,33.0,97.0,7600010.0,DX
2024-11-14 13:15:00+00:00,106.68,106.685,106.64,106.655,118,33.0,97.0,7600010.0,DX
2024-11-14 13:20:00+00:00,106.65,106.68,106.61,106.63,232,33.0,97.0,7600010.0,DX
2024-11-14 13:25:00+00:00,106.63,106.66,106.62,106.625,98,33.0,97.0,7600010.0,DX
2024-11-14 13:30:00+00:00,106.635,106.805,106.635,106.79,525,33.0,97.0,7600010.0,DX
2024-11-14 13:35:00+00:00,106.79,106.885,106.78,106.81,530,33.0,97.0,7600010.0,DX
2024-11-14 13:40:00+00:00,106.815,106.845,106.76,106.805,298,33.0,97.0,7600010.0,DX
2024-11-14 13:45:00+00:00,106.825,106.83,106.715,106.745,151,33.0,97.0,7600010.0,DX
2024-11-14 13:50:00+00:00,106.745,106.76,106.685,106.705,96,33.0,97.0,7600010.0,DX
2024-11-14 13:55:00+00:00,106.71,106.79,106.71,106.745,124,33.0,97.0,7600010.0,DX
2024-11-14 14:00:00+00:00,106.755,106.76,106.675,106.675,237,33.0,97.0,7600010.0,DX
2024-11-14 14:05:00+00:00,106.69,106.695,106.64,106.67,119,33.0,97.0,7600010.0,DX
2024-11-14 14:10:00+00:00,106.685,106.695,106.62,106.635,91,33.0,97.0,7600010.0,DX
2024-11-14 14:15:00+00:00,106.625,106.625,106.555,106.565,624,33.0,97.0,7600010.0,DX
2024-11-14 14:20:00+00:00,106.565,106.62,106.56,106.58,178,33.0,97.0,7600010.0,DX
2024-11-14 14:25:00+00:00,106.575,106.575,106.5,106.535,236,33.0,97.0,7600010.0,DX
2024-11-14 14:30:00+00:00,106.535,106.555,106.505,106.52,153,33.0,97.0,7600010.0,DX
2024-11-14 14:35:00+00:00,106.52,106.52,106.4,106.42,295,33.0,97.0,7600010.0,DX
2024-11-14 14:40:00+00:00,106.42,106.51,106.42,106.5,218,33.0,97.0,7600010.0,DX
2024-11-14 14:45:00+00:00,106.505,106.525,106.49,106.515,133,33.0,97.0,7600010.0,DX
2024-11-14 14:50:00+00:00,106.515,106.56,106.5,106.555,239,33.0,97.0,7600010.0,DX
2024-11-14 14:55:00+00:00,106.555,106.59,106.535,106.54,150,33.0,97.0,7600010.0,DX
2024-11-14 15:00:00+00:00,106.545,106.545,106.505,106.525,434,33.0,97.0,7600010.0,DX
2024-11-14 15:05:00+00:00,106.52,106.535,106.455,106.51,93,33.0,97.0,7600010.0,DX
2024-11-14 15:10:00+00:00,106.505,106.51,106.425,106.495,131,33.0,97.0,7600010.0,DX
2024-11-14 15:15:00+00:00,106.48,106.5,106.4,106.42,124,33.0,97.0,7600010.0,DX
2024-11-14 15:20:00+00:00,106.42,106.44,106.37,106.4,473,33.0,97.0,7600010.0,DX
2024-11-14 15:25:00+00:00,106.405,106.43,106.38,106.43,71,33.0,97.0,7600010.0,DX
2024-11-14 15:30:00+00:00,106.44,106.48,106.435,106.48,107,33.0,97.0,7600010.0,DX
2024-11-14 15:35:00+00:00,106.48,106.535,106.48,106.505,84,33.0,97.0,7600010.0,DX
2024-11-14 15:40:00+00:00,106.5,106.53,106.49,106.49,206,33.0,97.0,7600010.0,DX
2024-11-14 15:45:00+00:00,106.485,106.485,106.42,106.465,150,33.0,97.0,7600010.0,DX
2024-11-14 15:50:00+00:00,106.465,106.465,106.385,106.41,65,33.0,97.0,7600010.0,DX
2024-11-14 15:55:00+00:00,106.41,106.415,106.375,106.385,134,33.0,97.0,7600010.0,DX
2024-11-14 16:00:00+00:00,106.395,106.435,106.39,106.435,106,33.0,97.0,7600010.0,DX
2024-11-14 16:05:00+00:00,106.45,106.46,106.42,106.46,43,33.0,97.0,7600010.0,DX
2024-11-14 16:10:00+00:00,106.46,106.46,106.43,106.445,53,33.0,97.0,7600010.0,DX
2024-11-14 16:15:00+00:00,106.44,106.44,106.36,106.36,247,33.0,97.0,7600010.0,DX
2024-11-14 16:20:00+00:00,106.365,106.365,106.31,106.315,201,33.0,97.0,7600010.0,DX
2024-11-14 16:25:00+00:00,106.32,106.36,106.295,106.35,89,33.0,97.0,7600010.0,DX
2024-11-14 16:30:00+00:00,106.35,106.4,106.35,106.395,38,33.0,97.0,7600010.0,DX
2024-11-14 16:35:00+00:00,106.39,106.39,106.355,106.385,102,33.0,97.0,7600010.0,DX
2024-11-14 16:40:00+00:00,106.385,106.425,106.38,106.405,53,33.0,97.0,7600010.0,DX
2024-11-14 16:45:00+00:00,106.405,106.42,106.395,106.41,41,33.0,97.0,7600010.0,DX
2024-11-14 16:50:00+00:00,106.415,106.485,106.415,106.485,91,33.0,97.0,7600010.0,DX
2024-11-14 16:55:00+00:00,106.485,106.495,106.475,106.485,79,33.0,97.0,7600010.0,DX
2024-11-14 17:00:00+00:00,106.49,106.5,106.465,106.49,48,33.0,97.0,7600010.0,DX
2024-11-14 17:05:00+00:00,106.495,106.5,106.48,106.495,38,33.0,97.0,7600010.0,DX
2024-11-14 17:10:00+00:00,106.495,106.505,106.485,106.495,57,33.0,97.0,7600010.0,DX
2024-11-14 17:15:00+00:00,106.505,106.525,106.5,106.505,77,33.0,97.0,7600010.0,DX
2024-11-14 17:20:00+00:00,106.51,106.52,106.5,106.505,42,33.0,97.0,7600010.0,DX
2024-11-14 17:25:00+00:00,106.495,106.5,106.455,106.48,181,33.0,97.0,7600010.0,DX
2024-11-14 17:30:00+00:00,106.48,106.52,106.46,106.47,62,33.0,97.0,7600010.0,DX
2024-11-14 17:35:00+00:00,106.465,106.505,106.465,106.505,21,33.0,97.0,7600010.0,DX
2024-11-14 17:40:00+00:00,106.505,106.51,106.495,106.505,26,33.0,97.0,7600010.0,DX
2024-11-14 17:45:00+00:00,106.49,106.5,106.48,106.48,15,33.0,97.0,7600010.0,DX
2024-11-14 17:50:00+00:00,106.49,106.49,106.465,106.48,30,33.0,97.0,7600010.0,DX
2024-11-14 17:55:00+00:00,106.48,106.5,106.475,106.48,41,33.0,97.0,7600010.0,DX
2024-11-14 18:00:00+00:00,106.475,106.495,106.47,106.485,24,33.0,97.0,7600010.0,DX
2024-11-14 18:05:00+00:00,106.48,106.495,106.475,106.495,21,33.0,97.0,7600010.0,DX
2024-11-14 18:10:00+00:00,106.495,106.52,106.495,106.52,19,33.0,97.0,7600010.0,DX
2024-11-14 18:15:00+00:00,106.52,106.55,106.52,106.55,92,33.0,97.0,7600010.0,DX
2024-11-14 18:20:00+00:00,106.545,106.57,106.545,106.57,64,33.0,97.0,7600010.0,DX
2024-11-14 18:25:00+00:00,106.575,106.6,106.56,106.6,59,33.0,97.0,7600010.0,DX
2024-11-14 18:30:00+00:00,106.605,106.605,106.575,106.595,59,33.0,97.0,7600010.0,DX
2024-11-14 18:35:00+00:00,106.59,106.595,106.57,106.58,24,33.0,97.0,7600010.0,DX
2024-11-14 18:40:00+00:00,106.585,106.585,106.57,106.575,8,33.0,97.0,7600010.0,DX
2024-11-14 18:45:00+00:00,106.57,106.6,106.56,106.6,29,33.0,97.0,7600010.0,DX
2024-11-14 18:50:00+00:00,106.6,106.6,106.57,106.57,11,33.0,97.0,7600010.0,DX
2024-11-14 18:55:00+00:00,106.58,106.6,106.58,106.595,29,33.0,97.0,7600010.0,DX
2024-11-14 19:00:00+00:00,106.595,106.595,106.245,106.585,81,33.0,97.0,7600010.0,DX
2024-11-14 19:05:00+00:00,106.59,106.595,106.575,106.595,43,33.0,97.0,7600010.0,DX
2024-11-14 19:10:00+00:00,106.6,106.61,106.585,106.59,32,33.0,97.0,7600010.0,DX
2024-11-14 19:15:00+00:00,106.585,106.585,106.56,106.56,20,33.0,97.0,7600010.0,DX
2024-11-14 19:20:00+00:00,106.56,106.59,106.56,106.59,57,33.0,97.0,7600010.0,DX
2024-11-14 19:25:00+00:00,106.59,106.59,106.58,106.58,13,33.0,97.0,7600010.0,DX
2024-11-14 19:30:00+00:00,106.24,106.59,106.24,106.575,9,33.0,97.0,7698408.0,DX
2024-11-14 19:35:00+00:00,106.59,106.595,106.575,106.575,26,33.0,97.0,7600010.0,DX
2024-11-14 19:40:00+00:00,106.57,106.6,106.57,106.6,13,33.0,97.0,7600010.0,DX
2024-11-14 19:45:00+00:00,106.61,106.645,106.61,106.61,60,33.0,97.0,7600010.0,DX
2024-11-14 19:50:00+00:00,106.605,106.61,106.57,106.575,65,33.0,97.0,7600010.0,DX
2024-11-14 19:55:00+00:00,106.57,106.61,106.565,106.6,245,33.0,97.0,7600010.0,DX
2024-11-14 20:00:00+00:00,106.6,106.77,106.58,106.77,2060,33.0,97.0,7600010.0,DX
2024-11-14 20:05:00+00:00,106.785,106.905,106.785,106.905,220,33.0,97.0,7600010.0,DX
2024-11-14 20:10:00+00:00,106.9,106.915,106.83,106.87,89,33.0,97.0,7600010.0,DX
2024-11-14 20:15:00+00:00,106.86,106.86,106.785,106.8,146,33.0,97.0,7600010.0,DX
2024-11-14 20:20:00+00:00,106.8,106.83,106.77,106.77,103,33.0,97.0,7600010.0,DX
2024-11-14 20:25:00+00:00,106.77,106.775,106.735,106.76,165,33.0,97.0,7600010.0,DX
2024-11-14 20:30:00+00:00,106.77,106.85,106.745,106.85,137,33.0,97.0,7600010.0,DX
2024-11-14 20:35:00+00:00,106.85,106.85,106.805,106.805,107,33.0,97.0,7600010.0,DX
2024-11-14 20:40:00+00:00,106.8,106.825,106.775,106.825,49,33.0,97.0,7600010.0,DX
2024-11-14 20:45:00+00:00,106.835,106.87,106.835,106.87,82,33.0,97.0,7600010.0,DX
2024-11-14 20:50:00+00:00,106.865,106.94,106.865,106.935,56,33.0,97.0,7600010.0,DX
2024-11-14 20:55:00+00:00,106.94,106.94,106.85,106.86,106,33.0,97.0,7600010.0,DX
2024-11-14 21:00:00+00:00,106.86,106.86,106.815,106.825,78,33.0,97.0,7600010.0,DX
2024-11-14 21:05:00+00:00,106.835,106.88,106.83,106.875,40,33.0,97.0,7600010.0,DX
2024-11-14 21:10:00+00:00,106.88,106.88,106.865,106.865,22,33.0,97.0,7600010.0,DX
2024-11-14 21:15:00+00:00,106.875,106.875,106.85,106.87,32,33.0,97.0,7600010.0,DX
2024-11-14 21:20:00+00:00,106.885,106.885,106.865,106.87,30,33.0,97.0,7600010.0,DX
2024-11-14 21:25:00+00:00,106.525,106.845,106.525,106.845,3,33.0,97.0,7698408.0,DX
2024-11-14 21:30:00+00:00,106.855,106.855,106.845,106.845,9,33.0,97.0,7600010.0,DX
2024-11-14 21:35:00+00:00,106.845,106.845,106.845,106.845,11,33.0,97.0,7600010.0,DX
2024-11-14 21:40:00+00:00,106.835,106.84,106.83,106.83,20,33.0,97.0,7600010.0,DX
2024-11-14 21:45:00+00:00,106.825,106.825,106.805,106.805,19,33.0,97.0,7600010.0,DX
2024-11-14 21:50:00+00:00,106.81,106.81,106.8,106.8,4,33.0,97.0,7600010.0,DX
2024-11-14 21:55:00+00:00,106.805,106.805,106.79,106.795,19,33.0,97.0,7600010.0,DX
2024-11-15 01:00:00+00:00,106.82,106.855,106.82,106.835,86,33.0,97.0,7600010.0,DX
2024-11-15 01:05:00+00:00,106.83,106.83,106.78,106.785,46,33.0,97.0,7600010.0,DX
2024-11-15 01:10:00+00:00,106.785,106.8,106.775,106.775,29,33.0,97.0,7600010.0,DX
2024-11-15 01:15:00+00:00,106.78,106.79,106.765,106.79,66,33.0,97.0,7600010.0,DX
2024-11-15 01:20:00+00:00,106.79,106.795,106.76,106.76,13,33.0,97.0,7600010.0,DX
2024-11-15 01:25:00+00:00,106.74,106.745,106.735,106.735,15,33.0,97.0,7600010.0,DX
2024-11-15 01:30:00+00:00,106.735,106.78,106.735,106.78,72,33.0,97.0,7600010.0,DX
2024-11-15 01:35:00+00:00,106.775,106.775,106.77,106.77,6,33.0,97.0,7600010.0,DX
2024-11-15 01:40:00+00:00,106.79,106.835,106.79,106.835,30,33.0,97.0,7600010.0,DX
2024-11-15 01:45:00+00:00,106.83,106.83,106.795,106.805,13,33.0,97.0,7600010.0,DX
2024-11-15 01:50:00+00:00,106.815,106.815,106.8,106.805,14,33.0,97.0,7600010.0,DX
2024-11-15 01:55:00+00:00,106.8,106.81,106.785,106.805,12,33.0,97.0,7600010.0,DX
2024-11-15 02:00:00+00:00,106.79,106.79,106.765,106.77,13,33.0,97.0,7600010.0,DX
2024-11-15 02:05:00+00:00,106.77,106.775,106.77,106.775,7,33.0,97.0,7600010.0,DX
2024-11-15 02:10:00+00:00,106.76,106.765,106.76,106.765,10,33.0,97.0,7600010.0,DX
2024-11-15 02:15:00+00:00,106.75,106.75,106.725,106.75,45,33.0,97.0,7600010.0,DX
2024-11-15 02:20:00+00:00,106.74,106.745,106.735,106.735,6,33.0,97.0,7600010.0,DX
2024-11-15 02:25:00+00:00,106.72,106.735,106.71,106.73,8,33.0,97.0,7600010.0,DX
2024-11-15 02:30:00+00:00,106.735,106.745,106.73,106.74,33,33.0,97.0,7600010.0,DX
2024-11-15 02:35:00+00:00,106.735,106.74,106.735,106.74,14,33.0,97.0,7600010.0,DX
2024-11-15 02:40:00+00:00,106.745,106.755,106.74,106.75,32,33.0,97.0,7600010.0,DX
2024-11-15 02:45:00+00:00,106.74,106.74,106.705,106.72,13,33.0,97.0,7600010.0,DX
2024-11-15 02:50:00+00:00,106.72,106.72,106.72,106.72,9,33.0,97.0,7600010.0,DX
2024-11-15 02:55:00+00:00,106.715,106.725,106.715,106.725,24,33.0,97.0,7600010.0,DX
2024-11-15 03:00:00+00:00,106.71,106.72,106.69,106.695,19,33.0,97.0,7600010.0,DX
2024-11-15 03:05:00+00:00,106.685,106.69,106.68,106.69,5,33.0,97.0,7600010.0,DX
2024-11-15 03:10:00+00:00,106.69,106.69,106.675,106.685,12,33.0,97.0,7600010.0,DX
2024-11-15 03:15:00+00:00,106.685,106.695,106.685,106.69,5,33.0,97.0,7600010.0,DX
2024-11-15 03:20:00+00:00,106.69,106.695,106.69,106.695,3,33.0,97.0,7600010.0,DX
2024-11-15 03:25:00+00:00,106.69,106.69,106.69,106.69,5,33.0,97.0,7600010.0,DX
2024-11-15 03:30:00+00:00,106.715,106.715,106.715,106.715,2,33.0,97.0,7600010.0,DX
2024-11-15 03:35:00+00:00,106.71,106.715,106.7,106.705,14,33.0,97.0,7600010.0,DX
2024-11-15 03:40:00+00:00,106.705,106.705,106.69,106.695,7,33.0,97.0,7600010.0,DX
2024-11-15 03:45:00+00:00,106.705,106.705,106.695,106.695,21,33.0,97.0,7600010.0,DX
2024-11-15 03:50:00+00:00,106.71,106.735,106.71,106.735,5,33.0,97.0,7600010.0,DX
2024-11-15 03:55:00+00:00,106.735,106.74,106.73,106.74,18,33.0,97.0,7600010.0,DX
2024-11-15 04:00:00+00:00,106.75,106.75,106.725,106.725,21,33.0,97.0,7600010.0,DX
2024-11-15 04:05:00+00:00,106.72,106.72,106.715,106.72,12,33.0,97.0,7600010.0,DX
2024-11-15 04:10:00+00:00,106.725,106.725,106.695,106.705,13,33.0,97.0,7600010.0,DX
2024-11-15 04:15:00+00:00,106.71,106.71,106.7,106.7,2,33.0,97.0,7600010.0,DX
2024-11-15 04:20:00+00:00,106.685,106.695,106.685,106.695,16,33.0,97.0,7600010.0,DX
2024-11-15 04:25:00+00:00,106.695,106.705,106.69,106.705,35,33.0,97.0,7600010.0,DX
2024-11-15 04:30:00+00:00,106.705,106.72,106.705,106.71,17,33.0,97.0,7600010.0,DX
2024-11-15 04:35:00+00:00,106.71,106.71,106.7,106.7,10,33.0,97.0,7600010.0,DX
2024-11-15 04:40:00+00:00,106.715,106.715,106.71,106.715,4,33.0,97.0,7600010.0,DX
2024-11-15 04:45:00+00:00,106.72,106.72,106.72,106.72,17,33.0,97.0,7600010.0,DX
2024-11-15 04:50:00+00:00,106.72,106.725,106.715,106.715,12,33.0,97.0,7600010.0,DX
2024-11-15 04:55:00+00:00,106.705,106.705,106.705,106.705,2,33.0,97.0,7600010.0,DX
2024-11-15 05:00:00+00:00,106.72,106.72,106.715,106.72,6,33.0,97.0,7600010.0,DX
2024-11-15 05:05:00+00:00,106.72,106.725,106.715,106.725,5,33.0,97.0,7600010.0,DX
2024-11-15 05:10:00+00:00,106.72,106.74,106.72,106.74,11,33.0,97.0,7600010.0,DX
2024-11-15 05:20:00+00:00,106.735,106.735,106.735,106.735,2,33.0,97.0,7600010.0,DX
2024-11-15 05:25:00+00:00,106.73,106.73,106.73,106.73,2,33.0,97.0,7600010.0,DX
2024-11-15 05:30:00+00:00,106.73,106.745,106.73,106.74,11,33.0,97.0,7600010.0,DX
2024-11-15 05:35:00+00:00,106.73,106.73,106.715,106.73,11,33.0,97.0,7600010.0,DX
2024-11-15 05:40:00+00:00,106.74,106.75,106.74,106.74,16,33.0,97.0,7600010.0,DX
2024-11-15 05:45:00+00:00,106.73,106.735,106.73,106.735,4,33.0,97.0,7600010.0,DX
2024-11-15 05:50:00+00:00,106.74,106.74,106.735,106.735,16,33.0,97.0,7600010.0,DX
2024-11-15 05:55:00+00:00,106.735,106.735,106.725,106.735,9,33.0,97.0,7600010.0,DX
2024-11-15 06:00:00+00:00,106.745,106.76,106.74,106.74,28,33.0,97.0,7600010.0,DX
2024-11-15 06:05:00+00:00,106.74,106.745,106.735,106.74,35,33.0,97.0,7600010.0,DX
2024-11-15 06:10:00+00:00,106.745,106.75,106.735,106.74,44,33.0,97.0,7600010.0,DX
2024-11-15 06:15:00+00:00,106.75,106.76,106.75,106.76,20,33.0,97.0,7600010.0,DX
2024-11-15 06:20:00+00:00,106.78,106.79,106.755,106.76,43,33.0,97.0,7600010.0,DX
2024-11-15 06:25:00+00:00,106.755,106.765,106.75,106.75,27,33.0,97.0,7600010.0,DX
2024-11-15 06:30:00+00:00,106.75,106.75,106.695,106.705,56,33.0,97.0,7600010.0,DX
2024-11-15 06:35:00+00:00,106.7,106.7,106.665,106.665,42,33.0,97.0,7600010.0,DX
2024-11-15 06:40:00+00:00,106.665,106.67,106.65,106.655,26,33.0,97.0,7600010.0,DX
2024-11-15 06:45:00+00:00,106.65,106.65,106.545,106.585,288,33.0,97.0,7600010.0,DX
2024-11-15 06:50:00+00:00,106.58,106.615,106.58,106.59,74,33.0,97.0,7600010.0,DX
2024-11-15 06:55:00+00:00,106.59,106.62,106.59,106.6,17,33.0,97.0,7600010.0,DX
2024-11-15 07:00:00+00:00,106.615,106.635,106.59,106.6,84,33.0,97.0,7600010.0,DX
2024-11-15 07:05:00+00:00,106.605,106.625,106.595,106.625,29,33.0,97.0,7600010.0,DX
2024-11-15 07:10:00+00:00,106.605,106.605,106.57,106.58,28,33.0,97.0,7600010.0,DX
2024-11-15 07:15:00+00:00,106.585,106.585,106.535,106.54,64,33.0,97.0,7600010.0,DX
2024-11-15 07:20:00+00:00,106.545,106.575,106.545,106.575,56,33.0,97.0,7600010.0,DX
2024-11-15 07:25:00+00:00,106.57,106.57,106.55,106.56,15,33.0,97.0,7600010.0,DX
2024-11-15 07:30:00+00:00,106.565,106.585,106.565,106.57,13,33.0,97.0,7600010.0,DX
2024-11-15 07:35:00+00:00,106.555,106.555,106.51,106.535,330,33.0,97.0,7600010.0,DX
2024-11-15 07:40:00+00:00,106.555,106.57,106.555,106.565,29,33.0,97.0,7600010.0,DX
2024-11-15 07:45:00+00:00,106.57,106.595,106.57,106.585,67,33.0,97.0,7600010.0,DX
2024-11-15 07:50:00+00:00,106.585,106.585,106.555,106.565,19,33.0,97.0,7600010.0,DX
2024-11-15 07:55:00+00:00,106.565,106.575,106.555,106.575,28,33.0,97.0,7600010.0,DX
2024-11-15 08:00:00+00:00,106.585,106.59,106.565,106.58,85,33.0,97.0,7600010.0,DX
2024-11-15 08:05:00+00:00,106.59,106.605,106.575,106.575,43,33.0,97.0,7600010.0,DX
2024-11-15 08:10:00+00:00,106.565,106.575,106.545,106.575,69,33.0,97.0,7600010.0,DX
2024-11-15 08:15:00+00:00,106.575,106.59,106.57,106.59,48,33.0,97.0,7600010.0,DX
2024-11-15 08:20:00+00:00,106.585,106.585,106.56,106.565,89,33.0,97.0,7600010.0,DX
2024-11-15 08:25:00+00:00,106.57,106.59,106.55,106.55,63,33.0,97.0,7600010.0,DX
2024-11-15 08:30:00+00:00,106.55,106.55,106.51,106.515,55,33.0,97.0,7600010.0,DX
2024-11-15 08:35:00+00:00,106.515,106.535,106.465,106.485,310,33.0,97.0,7600010.0,DX
2024-11-15 08:40:00+00:00,106.505,106.505,106.455,106.455,67,33.0,97.0,7600010.0,DX
2024-11-15 08:45:00+00:00,106.455,106.485,106.445,106.475,19,33.0,97.0,7600010.0,DX
2024-11-15 08:50:00+00:00,106.465,106.48,106.45,106.465,45,33.0,97.0,7600010.0,DX
2024-11-15 08:55:00+00:00,106.465,106.48,106.45,106.47,35,33.0,97.0,7600010.0,DX
2024-11-15 09:00:00+00:00,106.475,106.5,106.47,106.47,147,33.0,97.0,7600010.0,DX
2024-11-15 09:05:00+00:00,106.46,106.465,106.445,106.445,47,33.0,97.0,7600010.0,DX
2024-11-15 09:10:00+00:00,106.44,106.44,106.41,106.415,224,33.0,97.0,7600010.0,DX
2024-11-15 09:15:00+00:00,106.415,106.44,106.395,106.435,67,33.0,97.0,7600010.0,DX
2024-11-15 09:20:00+00:00,106.44,106.48,106.42,106.48,175,33.0,97.0,7600010.0,DX
2024-11-15 09:25:00+00:00,106.48,106.495,106.475,106.475,59,33.0,97.0,7600010.0,DX
2024-11-15 09:30:00+00:00,106.475,106.485,106.455,106.465,53,33.0,97.0,7600010.0,DX
2024-11-15 09:35:00+00:00,106.47,106.47,106.425,106.435,42,33.0,97.0,7600010.0,DX
2024-11-15 09:40:00+00:00,106.435,106.46,106.425,106.46,10,33.0,97.0,7600010.0,DX
2024-11-15 09:45:00+00:00,106.47,106.485,106.465,106.47,17,33.0,97.0,7600010.0,DX
2024-11-15 09:50:00+00:00,106.48,106.5,106.47,106.49,42,33.0,97.0,7600010.0,DX
2024-11-15 09:55:00+00:00,106.49,106.525,106.475,106.515,38,33.0,97.0,7600010.0,DX
2024-11-15 10:00:00+00:00,106.52,106.525,106.475,106.475,40,33.0,97.0,7600010.0,DX
2024-11-15 10:05:00+00:00,106.475,106.475,106.465,106.47,13,33.0,97.0,7600010.0,DX
2024-11-15 10:10:00+00:00,106.48,106.49,106.475,106.475,10,33.0,97.0,7600010.0,DX
2024-11-15 10:15:00+00:00,106.48,106.5,106.47,106.5,15,33.0,97.0,7600010.0,DX
2024-11-15 10:20:00+00:00,106.5,106.5,106.465,106.475,16,33.0,97.0,7600010.0,DX
2024-11-15 10:25:00+00:00,106.45,106.46,106.45,106.46,7,33.0,97.0,7600010.0,DX
2024-11-15 10:30:00+00:00,106.485,106.535,106.45,106.455,147,33.0,97.0,7600010.0,DX
2024-11-15 10:35:00+00:00,106.465,106.47,106.415,106.415,54,33.0,97.0,7600010.0,DX
2024-11-15 10:40:00+00:00,106.415,106.425,106.405,106.415,39,33.0,97.0,7600010.0,DX
2024-11-15 10:45:00+00:00,106.41,106.42,106.375,106.375,37,33.0,97.0,7600010.0,DX
2024-11-15 10:50:00+00:00,106.38,106.4,106.38,106.4,16,33.0,97.0,7600010.0,DX
2024-11-15 10:55:00+00:00,106.415,106.415,106.4,106.4,8,33.0,97.0,7600010.0,DX
2024-11-15 11:00:00+00:00,106.41,106.425,106.41,106.42,36,33.0,97.0,7600010.0,DX
2024-11-15 11:05:00+00:00,106.43,106.445,106.42,106.435,54,33.0,97.0,7600010.0,DX
2024-11-15 11:10:00+00:00,106.435,106.44,106.41,106.42,54,33.0,97.0,7600010.0,DX
2024-11-15 11:15:00+00:00,106.405,106.415,106.405,106.415,11,33.0,97.0,7600010.0,DX
2024-11-15 11:20:00+00:00,106.42,106.42,106.4,106.405,51,33.0,97.0,7600010.0,DX
2024-11-15 11:25:00+00:00,106.395,106.4,106.365,106.365,179,33.0,97.0,7600010.0,DX
2024-11-15 11:30:00+00:00,106.36,106.38,106.36,106.375,50,33.0,97.0,7600010.0,DX
2024-11-15 11:35:00+00:00,106.37,106.38,106.35,106.35,85,33.0,97.0,7600010.0,DX
2024-11-15 11:40:00+00:00,106.355,106.37,106.355,106.365,49,33.0,97.0,7600010.0,DX
2024-11-15 11:45:00+00:00,106.365,106.37,106.355,106.36,72,33.0,97.0,7600010.0,DX
2024-11-15 11:50:00+00:00,106.365,106.385,106.365,106.38,29,33.0,97.0,7600010.0,DX
2024-11-15 11:55:00+00:00,106.38,106.395,106.38,106.385,29,33.0,97.0,7600010.0,DX
2024-11-15 12:00:00+00:00,106.385,106.385,106.365,106.365,100,33.0,97.0,7600010.0,DX
2024-11-15 12:05:00+00:00,106.37,106.405,106.37,106.405,24,33.0,97.0,7600010.0,DX
2024-11-15 12:10:00+00:00,106.41,106.445,106.41,106.43,53,33.0,97.0,7600010.0,DX
2024-11-15 12:15:00+00:00,106.435,106.45,106.435,106.445,36,33.0,97.0,7600010.0,DX
2024-11-15 12:20:00+00:00,106.44,106.44,106.43,106.43,16,33.0,97.0,7600010.0,DX
2024-11-15 12:25:00+00:00,106.43,106.465,106.43,106.455,86,33.0,97.0,7600010.0,DX
2024-11-15 12:30:00+00:00,106.45,106.485,106.45,106.485,20,33.0,97.0,7600010.0,DX
2024-11-15 12:35:00+00:00,106.475,106.5,106.475,106.5,22,33.0,97.0,7600010.0,DX
2024-11-15 12:40:00+00:00,106.495,106.505,106.49,106.49,37,33.0,97.0,7600010.0,DX
2024-11-15 12:45:00+00:00,106.485,106.49,106.135,106.465,26,33.0,97.0,7600010.0,DX
2024-11-15 12:50:00+00:00,106.46,106.46,106.4,106.405,72,33.0,97.0,7600010.0,DX
2024-11-15 12:55:00+00:00,106.405,106.41,106.39,106.39,61,33.0,97.0,7600010.0,DX
2024-11-15 13:00:00+00:00,106.385,106.39,106.37,106.38,102,33.0,97.0,7600010.0,DX
2024-11-15 13:05:00+00:00,106.38,106.38,106.34,106.34,480,33.0,97.0,7600010.0,DX
2024-11-15 13:10:00+00:00,106.335,106.34,106.255,106.305,444,33.0,97.0,7600010.0,DX
2024-11-15 13:15:00+00:00,106.315,106.335,106.29,106.33,151,33.0,97.0,7600010.0,DX
2024-11-15 13:20:00+00:00,106.335,106.345,106.3,106.3,110,33.0,97.0,7600010.0,DX
2024-11-15 13:25:00+00:00,106.32,106.33,106.295,106.305,111,33.0,97.0,7600010.0,DX
2024-11-15 13:30:00+00:00,106.375,106.61,106.28,106.55,898,33.0,97.0,7600010.0,DX
2024-11-15 13:35:00+00:00,106.54,106.585,106.44,106.51,513,33.0,97.0,7600010.0,DX
2024-11-15 13:40:00+00:00,106.505,106.535,106.455,106.52,423,33.0,97.0,7600010.0,DX
2024-11-15 13:45:00+00:00,106.515,106.52,106.425,106.425,487,33.0,97.0,7600010.0,DX
2024-11-15 13:50:00+00:00,106.43,106.56,106.39,106.55,538,33.0,97.0,7600010.0,DX
2024-11-15 13:55:00+00:00,106.535,106.565,106.51,106.54,172,33.0,97.0,7600010.0,DX
2024-11-15 14:00:00+00:00,106.545,106.56,106.495,106.54,157,33.0,97.0,7600010.0,DX
2024-11-15 14:05:00+00:00,106.545,106.615,106.49,106.615,151,33.0,97.0,7600010.0,DX
2024-11-15 14:10:00+00:00,106.62,106.64,106.575,106.62,239,33.0,97.0,7600010.0,DX
2024-11-15 14:15:00+00:00,106.62,106.67,106.61,106.665,88,33.0,97.0,7600010.0,DX
2024-11-15 14:20:00+00:00,106.665,106.685,106.61,106.63,146,33.0,97.0,7600010.0,DX
2024-11-15 14:25:00+00:00,106.615,106.645,106.6,106.635,75,33.0,97.0,7600010.0,DX
2024-11-15 14:30:00+00:00,106.63,106.73,106.615,106.72,364,33.0,97.0,7600010.0,DX
2024-11-15 14:35:00+00:00,106.725,106.81,106.7,106.805,338,33.0,97.0,7600010.0,DX
2024-11-15 14:40:00+00:00,106.81,106.81,106.73,106.74,264,33.0,97.0,7600010.0,DX
2024-11-15 14:45:00+00:00,106.755,106.755,106.7,106.755,75,33.0,97.0,7600010.0,DX
2024-11-15 14:50:00+00:00,106.785,106.825,106.76,106.825,204,33.0,97.0,7600010.0,DX
2024-11-15 14:55:00+00:00,106.825,106.835,106.745,106.76,319,33.0,97.0,7600010.0,DX
2024-11-15 15:00:00+00:00,106.78,106.8,106.75,106.76,158,33.0,97.0,7600010.0,DX
2024-11-15 15:05:00+00:00,106.755,106.78,106.685,106.695,347,33.0,97.0,7600010.0,DX
2024-11-15 15:10:00+00:00,106.695,106.76,106.695,106.755,190,33.0,97.0,7600010.0,DX
2024-11-15 15:15:00+00:00,106.74,106.775,106.72,106.74,71,33.0,97.0,7600010.0,DX
2024-11-15 15:20:00+00:00,106.76,106.795,106.73,106.735,52,33.0,97.0,7600010.0,DX
2024-11-15 15:25:00+00:00,106.73,106.77,106.725,106.725,37,33.0,97.0,7600010.0,DX
2024-11-15 15:30:00+00:00,106.715,106.75,106.685,106.735,134,33.0,97.0,7600010.0,DX
2024-11-15 15:35:00+00:00,106.74,106.785,106.7,106.74,182,33.0,97.0,7600010.0,DX
2024-11-15 15:40:00+00:00,106.75,106.8,106.72,106.79,84,33.0,97.0,7600010.0,DX
2024-11-15 15:45:00+00:00,106.78,106.78,106.7,106.71,102,33.0,97.0,7600010.0,DX
2024-11-15 15:50:00+00:00,106.71,106.725,106.675,106.71,125,33.0,97.0,7600010.0,DX
2024-11-15 15:55:00+00:00,106.705,106.71,106.685,106.685,65,33.0,97.0,7600010.0,DX
2024-11-15 16:00:00+00:00,106.685,106.7,106.605,106.62,89,33.0,97.0,7600010.0,DX
2024-11-15 16:05:00+00:00,106.625,106.63,106.585,106.62,96,33.0,97.0,7600010.0,DX
2024-11-15 16:10:00+00:00,106.625,106.635,106.6,106.6,75,33.0,97.0,7600010.0,DX
2024-11-15 16:15:00+00:00,106.595,106.65,106.595,106.6,127,33.0,97.0,7600010.0,DX
2024-11-15 16:20:00+00:00,106.605,106.61,106.555,106.565,183,33.0,97.0,7600010.0,DX
2024-11-15 16:25:00+00:00,106.555,106.6,106.555,106.59,160,33.0,97.0,7600010.0,DX
2024-11-15 16:30:00+00:00,106.6,106.63,106.595,106.605,97,33.0,97.0,7600010.0,DX
2024-11-15 16:35:00+00:00,106.595,106.625,106.57,106.61,71,33.0,97.0,7600010.0,DX
2024-11-15 16:40:00+00:00,106.595,106.615,106.58,106.615,93,33.0,97.0,7600010.0,DX
2024-11-15 16:45:00+00:00,106.61,106.62,106.58,106.59,76,33.0,97.0,7600010.0,DX
2024-11-15 16:50:00+00:00,106.575,106.58,106.555,106.56,66,33.0,97.0,7600010.0,DX
2024-11-15 16:55:00+00:00,106.57,106.58,106.555,106.555,74,33.0,97.0,7600010.0,DX
2024-11-15 17:00:00+00:00,106.545,106.545,106.485,106.49,505,33.0,97.0,7600010.0,DX
2024-11-15 17:05:00+00:00,106.495,106.53,106.485,106.52,120,33.0,97.0,7600010.0,DX
2024-11-15 17:10:00+00:00,106.525,106.53,106.16,106.49,25,33.0,97.0,7600010.0,DX
2024-11-15 17:15:00+00:00,106.5,106.515,106.145,106.51,73,33.0,97.0,7600010.0,DX
2024-11-15 17:20:00+00:00,106.51,106.515,106.475,106.515,55,33.0,97.0,7600010.0,DX
2024-11-15 17:25:00+00:00,106.51,106.53,106.5,106.525,39,33.0,97.0,7600010.0,DX
2024-11-15 17:30:00+00:00,106.525,106.555,106.52,106.52,64,33.0,97.0,7600010.0,DX
2024-11-15 17:35:00+00:00,106.51,106.525,106.47,106.48,111,33.0,97.0,7600010.0,DX
2024-11-15 17:40:00+00:00,106.49,106.495,106.475,106.485,28,33.0,97.0,7600010.0,DX
2024-11-15 17:45:00+00:00,106.48,106.515,106.48,106.515,59,33.0,97.0,7600010.0,DX
2024-11-15 17:50:00+00:00,106.52,106.525,106.5,106.505,38,33.0,97.0,7600010.0,DX
2024-11-15 17:55:00+00:00,106.505,106.525,106.5,106.525,57,33.0,97.0,7600010.0,DX
2024-11-15 18:00:00+00:00,106.525,106.555,106.525,106.545,251,33.0,97.0,7600010.0,DX
2024-11-15 18:05:00+00:00,106.54,106.54,106.505,106.515,115,33.0,97.0,7600010.0,DX
2024-11-15 18:10:00+00:00,106.52,106.525,106.485,106.525,36,33.0,97.0,7600010.0,DX
2024-11-15 18:15:00+00:00,106.525,106.54,106.525,106.535,45,33.0,97.0,7600010.0,DX
2024-11-15 18:20:00+00:00,106.535,106.535,106.515,106.525,31,33.0,97.0,7600010.0,DX
2024-11-15 18:25:00+00:00,106.525,106.525,106.51,106.51,14,33.0,97.0,7600010.0,DX
2024-11-15 18:30:00+00:00,106.52,106.56,106.515,106.56,116,33.0,97.0,7600010.0,DX
2024-11-15 18:35:00+00:00,106.555,106.59,106.555,106.585,286,33.0,97.0,7600010.0,DX
2024-11-15 18:40:00+00:00,106.58,106.58,106.54,106.55,111,33.0,97.0,7600010.0,DX
2024-11-15 18:45:00+00:00,106.555,106.555,106.505,106.505,74,33.0,97.0,7600010.0,DX
2024-11-15 18:50:00+00:00,106.495,106.495,106.45,106.475,45,33.0,97.0,7600010.0,DX
2024-11-15 18:55:00+00:00,106.485,106.49,106.475,106.49,17,33.0,97.0,7600010.0,DX
2024-11-15 19:00:00+00:00,106.48,106.535,106.48,106.515,39,33.0,97.0,7600010.0,DX
2024-11-15 19:05:00+00:00,106.51,106.535,106.505,106.535,21,33.0,97.0,7600010.0,DX
2024-11-15 19:10:00+00:00,106.555,106.56,106.54,106.545,129,33.0,97.0,7600010.0,DX
2024-11-15 19:15:00+00:00,106.55,106.555,106.535,106.535,6,33.0,97.0,7600010.0,DX
2024-11-15 19:20:00+00:00,106.55,106.59,106.55,106.59,40,33.0,97.0,7600010.0,DX
2024-11-15 19:25:00+00:00,106.59,106.605,106.56,106.6,42,33.0,97.0,7600010.0,DX
2024-11-15 19:30:00+00:00,106.595,106.6,106.59,106.6,8,33.0,97.0,7600010.0,DX
2024-11-15 19:35:00+00:00,106.6,106.6,106.59,106.59,102,33.0,97.0,7600010.0,DX
2024-11-15 19:40:00+00:00,106.59,106.605,106.575,106.605,101,33.0,97.0,7600010.0,DX
2024-11-15 19:45:00+00:00,106.62,106.64,106.605,106.605,67,33.0,97.0,7600010.0,DX
2024-11-15 19:50:00+00:00,106.61,106.625,106.59,106.59,36,33.0,97.0,7600010.0,DX
2024-11-15 19:55:00+00:00,106.585,106.63,106.585,106.62,103,33.0,97.0,7600010.0,DX
2024-11-15 20:00:00+00:00,106.625,106.665,106.62,106.66,257,33.0,97.0,7600010.0,DX
2024-11-15 20:05:00+00:00,106.665,106.675,106.66,106.67,43,33.0,97.0,7600010.0,DX
2024-11-15 20:10:00+00:00,106.655,106.67,106.64,106.67,55,33.0,97.0,7600010.0,DX
2024-11-15 20:15:00+00:00,106.67,106.71,106.665,106.71,101,33.0,97.0,7600010.0,DX
2024-11-15 20:20:00+00:00,106.7,106.715,106.695,106.71,38,33.0,97.0,7600010.0,DX
2024-11-15 20:25:00+00:00,106.71,106.745,106.71,106.735,56,33.0,97.0,7600010.0,DX
2024-11-15 20:30:00+00:00,106.74,106.76,106.735,106.74,49,33.0,97.0,7600010.0,DX
2024-11-15 20:35:00+00:00,106.745,106.79,106.745,106.79,81,33.0,97.0,7600010.0,DX
2024-11-15 20:40:00+00:00,106.78,106.78,106.74,106.745,37,33.0,97.0,7600010.0,DX
2024-11-15 20:45:00+00:00,106.74,106.74,106.73,106.735,56,33.0,97.0,7600010.0,DX
2024-11-15 20:50:00+00:00,106.725,106.725,106.705,106.705,41,33.0,97.0,7600010.0,DX
2024-11-15 20:55:00+00:00,106.71,106.72,106.685,106.685,479,33.0,97.0,7600010.0,DX
2024-11-15 21:00:00+00:00,106.685,106.73,106.685,106.725,127,33.0,97.0,7600010.0,DX
2024-11-15 21:05:00+00:00,106.725,106.73,106.71,106.72,31,33.0,97.0,7600010.0,DX
2024-11-15 21:10:00+00:00,106.725,106.725,106.705,106.705,9,33.0,97.0,7600010.0,DX
2024-11-15 21:15:00+00:00,106.705,106.705,106.695,106.695,19,33.0,97.0,7600010.0,DX
2024-11-15 21:20:00+00:00,106.695,106.71,106.695,106.695,48,33.0,97.0,7600010.0,DX
2024-11-15 21:25:00+00:00,106.695,106.695,106.685,106.685,37,33.0,97.0,7600010.0,DX
2024-11-15 21:30:00+00:00,106.685,106.685,106.665,106.67,15,33.0,97.0,7600010.0,DX
2024-11-15 21:35:00+00:00,106.665,106.67,106.665,106.67,98,33.0,97.0,7600010.0,DX
2024-11-15 21:40:00+00:00,106.67,106.675,106.67,106.675,8,33.0,97.0,7600010.0,DX
2024-11-15 21:45:00+00:00,106.675,106.675,106.675,106.675,3,33.0,97.0,7600010.0,DX
2024-11-15 21:50:00+00:00,106.685,106.69,106.685,106.69,3,33.0,97.0,7600010.0,DX
2024-11-15 21:55:00+00:00,106.675,106.675,106.575,106.575,214,33.0,97.0,7600010.0,DX
2024-11-17 23:00:00+00:00,106.705,106.705,106.66,106.66,19,33.0,98.0,7600010.0,DX
2024-11-17 23:05:00+00:00,106.66,106.665,106.66,106.665,12,33.0,97.0,7600010.0,DX
2024-11-17 23:10:00+00:00,106.67,106.69,106.67,106.69,6,33.0,97.0,7600010.0,DX
2024-11-17 23:15:00+00:00,106.68,106.68,106.665,106.665,8,33.0,97.0,7600010.0,DX
2024-11-17 23:25:00+00:00,106.68,106.69,106.68,106.69,7,33.0,97.0,7600010.0,DX
2024-11-17 23:30:00+00:00,106.695,106.695,106.68,106.68,2,33.0,97.0,7600010.0,DX
2024-11-17 23:35:00+00:00,106.665,106.665,106.655,106.66,20,33.0,97.0,7600010.0,DX
2024-11-17 23:45:00+00:00,106.645,106.655,106.645,106.655,11,33.0,97.0,7600010.0,DX
2024-11-17 23:50:00+00:00,106.67,106.675,106.66,106.67,8,33.0,97.0,7600010.0,DX
2024-11-17 23:55:00+00:00,106.685,106.69,106.67,106.67,19,33.0,97.0,7600010.0,DX
2024-11-18 00:00:00+00:00,106.66,106.66,106.66,106.66,2,33.0,97.0,7600010.0,DX
2024-11-18 00:05:00+00:00,106.655,106.655,106.645,106.65,14,33.0,97.0,7600010.0,DX
2024-11-18 00:10:00+00:00,106.65,106.655,106.63,106.63,11,33.0,97.0,7600010.0,DX
2024-11-18 00:15:00+00:00,106.615,106.615,106.615,106.615,12,33.0,97.0,7600010.0,DX
2024-11-18 00:25:00+00:00,106.625,106.625,106.6,106.6,3,33.0,97.0,7600010.0,DX
2024-11-18 00:30:00+00:00,106.595,106.595,106.57,106.575,68,33.0,97.0,7600010.0,DX
2024-11-18 00:35:00+00:00,106.565,106.565,106.55,106.55,44,33.0,97.0,7600010.0,DX
2024-11-18 00:40:00+00:00,106.55,106.55,106.525,106.525,15,33.0,97.0,7600010.0,DX
2024-11-18 00:45:00+00:00,106.515,106.515,106.485,106.49,173,33.0,97.0,7600010.0,DX
2024-11-18 00:50:00+00:00,106.505,106.525,106.5,106.525,40,33.0,97.0,7600010.0,DX
2024-11-18 00:55:00+00:00,106.52,106.52,106.51,106.51,4,33.0,97.0,7600010.0,DX
2024-11-18 01:00:00+00:00,106.53,106.545,106.51,106.515,47,33.0,97.0,7600010.0,DX
2024-11-18 01:05:00+00:00,106.515,106.62,106.485,106.595,504,33.0,97.0,7600010.0,DX
2024-11-18 01:10:00+00:00,106.6,106.6,106.545,106.57,174,33.0,97.0,7600010.0,DX
2024-11-18 01:15:00+00:00,106.57,106.58,106.525,106.575,130,33.0,97.0,7600010.0,DX
2024-11-18 01:20:00+00:00,106.57,106.6,106.57,106.59,47,33.0,97.0,7600010.0,DX
2024-11-18 01:25:00+00:00,106.595,106.655,106.595,106.645,35,33.0,97.0,7600010.0,DX
2024-11-18 01:30:00+00:00,106.645,106.645,106.615,106.615,6,33.0,97.0,7600010.0,DX
2024-11-18 01:35:00+00:00,106.61,106.61,106.59,106.595,9,33.0,97.0,7600010.0,DX
2024-11-18 01:40:00+00:00,106.595,106.6,106.585,106.585,21,33.0,97.0,7600010.0,DX
2024-11-18 01:45:00+00:00,106.57,106.61,106.57,106.61,23,33.0,97.0,7600010.0,DX
2024-11-18 01:50:00+00:00,106.605,106.605,106.555,106.555,152,33.0,97.0,7600010.0,DX
2024-11-18 01:55:00+00:00,106.56,106.585,106.55,106.585,92,33.0,97.0,7600010.0,DX
2024-11-18 02:00:00+00:00,106.59,106.62,106.59,106.62,25,33.0,97.0,7600010.0,DX
2024-11-18 02:05:00+00:00,106.625,106.625,106.6,106.615,22,33.0,97.0,7600010.0,DX
2024-11-18 02:10:00+00:00,106.585,106.6,106.585,106.585,22,33.0,97.0,7600010.0,DX
2024-11-18 02:15:00+00:00,106.575,106.58,106.575,106.58,15,33.0,97.0,7600010.0,DX
2024-11-18 02:20:00+00:00,106.56,106.565,106.555,106.56,16,33.0,97.0,7600010.0,DX
2024-11-18 02:25:00+00:00,106.565,106.57,106.555,106.57,20,33.0,97.0,7600010.0,DX
2024-11-18 02:30:00+00:00,106.57,106.58,106.565,106.58,57,33.0,97.0,7600010.0,DX
2024-11-18 02:35:00+00:00,106.58,106.605,106.58,106.605,17,33.0,97.0,7600010.0,DX
2024-11-18 02:40:00+00:00,106.615,106.625,106.615,106.625,2,33.0,97.0,7600010.0,DX
2024-11-18 02:45:00+00:00,106.62,106.625,106.62,106.62,7,33.0,97.0,7600010.0,DX
2024-11-18 02:50:00+00:00,106.625,106.63,106.62,106.625,48,33.0,97.0,7600010.0,DX
2024-11-18 02:55:00+00:00,106.625,106.635,106.605,106.605,77,33.0,97.0,7600010.0,DX
2024-11-18 03:00:00+00:00,106.6,106.6,106.595,106.595,22,33.0,97.0,7600010.0,DX
2024-11-18 03:05:00+00:00,106.58,106.59,106.58,106.59,10,33.0,97.0,7600010.0,DX
2024-11-18 03:10:00+00:00,106.595,106.62,106.595,106.62,24,33.0,97.0,7600010.0,DX
2024-11-18 03:15:00+00:00,106.615,106.62,106.6,106.62,22,33.0,97.0,7600010.0,DX
2024-11-18 03:20:00+00:00,106.625,106.635,106.605,106.635,33,33.0,97.0,7600010.0,DX
2024-11-18 03:25:00+00:00,106.635,106.645,106.635,106.635,15,33.0,97.0,7600010.0,DX
2024-11-18 03:30:00+00:00,106.635,106.68,106.635,106.675,38,33.0,97.0,7600010.0,DX
2024-11-18 03:35:00+00:00,106.675,106.68,106.675,106.675,10,33.0,97.0,7600010.0,DX
2024-11-18 03:40:00+00:00,106.68,106.685,106.68,106.685,7,33.0,97.0,7600010.0,DX
2024-11-18 03:45:00+00:00,106.69,106.71,106.69,106.69,116,33.0,97.0,7600010.0,DX
2024-11-18 03:50:00+00:00,106.68,106.68,106.67,106.68,10,33.0,97.0,7600010.0,DX
2024-11-18 03:55:00+00:00,106.67,106.675,106.655,106.665,30,33.0,97.0,7600010.0,DX
2024-11-18 04:00:00+00:00,106.665,106.675,106.65,106.65,45,33.0,97.0,7600010.0,DX
2024-11-18 04:05:00+00:00,106.645,106.65,106.635,106.645,42,33.0,97.0,7600010.0,DX
2024-11-18 04:10:00+00:00,106.645,106.655,106.645,106.655,7,33.0,97.0,7600010.0,DX
2024-11-18 04:15:00+00:00,106.65,106.65,106.635,106.635,11,33.0,97.0,7600010.0,DX
2024-11-18 04:20:00+00:00,106.63,106.63,106.615,106.62,14,33.0,97.0,7600010.0,DX
2024-11-18 04:25:00+00:00,106.62,106.625,106.615,106.615,17,33.0,97.0,7600010.0,DX
2024-11-18 04:30:00+00:00,106.615,106.64,106.61,106.64,24,33.0,97.0,7600010.0,DX
2024-11-18 04:35:00+00:00,106.635,106.635,106.615,106.615,13,33.0,97.0,7600010.0,DX
2024-11-18 04:40:00+00:00,106.615,106.63,106.615,106.62,13,33.0,97.0,7600010.0,DX
2024-11-18 04:45:00+00:00,106.61,106.61,106.595,106.595,19,33.0,97.0,7600010.0,DX
2024-11-18 04:50:00+00:00,106.6,106.6,106.585,106.585,17,33.0,97.0,7600010.0,DX
2024-11-18 04:55:00+00:00,106.59,106.6,106.59,106.6,12,33.0,97.0,7600010.0,DX
2024-11-18 05:00:00+00:00,106.61,106.635,106.61,106.63,13,33.0,97.0,7600010.0,DX
2024-11-18 05:05:00+00:00,106.625,106.65,106.625,106.65,22,33.0,97.0,7600010.0,DX
2024-11-18 05:10:00+00:00,106.66,106.66,106.635,106.635,36,33.0,97.0,7600010.0,DX
2024-11-18 05:15:00+00:00,106.63,106.65,106.63,106.65,34,33.0,97.0,7600010.0,DX
2024-11-18 05:20:00+00:00,106.655,106.655,106.64,106.64,14,33.0,97.0,7600010.0,DX
2024-11-18 05:25:00+00:00,106.64,106.645,106.635,106.645,8,33.0,97.0,7600010.0,DX
2024-11-18 05:30:00+00:00,106.65,106.66,106.645,106.65,18,33.0,97.0,7600010.0,DX
2024-11-18 05:35:00+00:00,106.65,106.65,106.635,106.64,16,33.0,97.0,7600010.0,DX
2024-11-18 05:40:00+00:00,106.63,106.63,106.6,106.6,22,33.0,97.0,7600010.0,DX
2024-11-18 05:45:00+00:00,106.59,106.59,106.575,106.58,47,33.0,97.0,7600010.0,DX
2024-11-18 05:50:00+00:00,106.585,106.615,106.585,106.615,12,33.0,97.0,7600010.0,DX
2024-11-18 05:55:00+00:00,106.61,106.635,106.61,106.63,21,33.0,97.0,7600010.0,DX
2024-11-18 06:00:00+00:00,106.635,106.645,106.625,106.645,34,33.0,97.0,7600010.0,DX
2024-11-18 06:05:00+00:00,106.635,106.635,106.605,106.61,31,33.0,97.0,7600010.0,DX
2024-11-18 06:10:00+00:00,106.615,106.615,106.6,106.6,3,33.0,97.0,7600010.0,DX
2024-11-18 06:15:00+00:00,106.595,106.595,106.565,106.565,60,33.0,97.0,7600010.0,DX
2024-11-18 06:20:00+00:00,106.57,106.57,106.56,106.565,26,33.0,97.0,7600010.0,DX
2024-11-18 06:25:00+00:00,106.56,106.585,106.555,106.58,48,33.0,97.0,7600010.0,DX
2024-11-18 06:30:00+00:00,106.58,106.58,106.545,106.55,31,33.0,97.0,7600010.0,DX
2024-11-18 06:35:00+00:00,106.55,106.56,106.54,106.56,34,33.0,97.0,7600010.0,DX
2024-11-18 06:40:00+00:00,106.565,106.565,106.555,106.56,6,33.0,97.0,7600010.0,DX
2024-11-18 06:45:00+00:00,106.565,106.565,106.555,106.56,39,33.0,97.0,7600010.0,DX
2024-11-18 06:50:00+00:00,106.56,106.59,106.56,106.58,35,33.0,97.0,7600010.0,DX
2024-11-18 06:55:00+00:00,106.58,106.595,106.575,106.59,28,33.0,97.0,7600010.0,DX
2024-11-18 07:00:00+00:00,106.6,106.61,106.595,106.61,10,33.0,97.0,7600010.0,DX
2024-11-18 07:05:00+00:00,106.61,106.62,106.595,106.62,37,33.0,97.0,7600010.0,DX
2024-11-18 07:10:00+00:00,106.625,106.625,106.605,106.61,33,33.0,97.0,7600010.0,DX
2024-11-18 07:15:00+00:00,106.61,106.615,106.59,106.595,24,33.0,97.0,7600010.0,DX
2024-11-18 07:20:00+00:00,106.6,106.655,106.59,106.65,52,33.0,97.0,7600010.0,DX
2024-11-18 07:25:00+00:00,106.65,106.655,106.645,106.65,42,33.0,97.0,7600010.0,DX
2024-11-18 07:30:00+00:00,106.665,106.665,106.63,106.655,58,33.0,97.0,7600010.0,DX
2024-11-18 07:35:00+00:00,106.655,106.655,106.63,106.63,18,33.0,97.0,7600010.0,DX
2024-11-18 07:40:00+00:00,106.625,106.625,106.61,106.61,44,33.0,97.0,7600010.0,DX
2024-11-18 07:45:00+00:00,106.605,106.61,106.59,106.605,52,33.0,97.0,7600010.0,DX
2024-11-18 07:50:00+00:00,106.595,106.595,106.58,106.58,34,33.0,97.0,7600010.0,DX
2024-11-18 07:55:00+00:00,106.58,106.595,106.575,106.58,48,33.0,97.0,7600010.0,DX
2024-11-18 08:00:00+00:00,106.58,106.6,106.57,106.59,62,33.0,97.0,7600010.0,DX
2024-11-18 08:05:00+00:00,106.585,106.625,106.57,106.62,46,33.0,97.0,7600010.0,DX
2024-11-18 08:10:00+00:00,106.62,106.64,106.615,106.635,30,33.0,97.0,7600010.0,DX
2024-11-18 08:15:00+00:00,106.62,106.62,106.58,106.6,62,33.0,97.0,7600010.0,DX
2024-11-18 08:20:00+00:00,106.595,106.61,106.575,106.575,92,33.0,97.0,7600010.0,DX
2024-11-18 08:25:00+00:00,106.565,106.565,106.53,106.54,59,33.0,97.0,7600010.0,DX
2024-11-18 08:30:00+00:00,106.545,106.61,106.545,106.61,51,33.0,97.0,7600010.0,DX
2024-11-18 08:35:00+00:00,106.62,106.625,106.595,106.605,55,33.0,97.0,7600010.0,DX
2024-11-18 08:40:00+00:00,106.6,106.62,106.6,106.605,43,33.0,97.0,7600010.0,DX
2024-11-18 08:45:00+00:00,106.62,106.625,106.61,106.62,17,33.0,97.0,7600010.0,DX
2024-11-18 08:50:00+00:00,106.62,106.655,106.62,106.63,32,33.0,97.0,7600010.0,DX
2024-11-18 08:55:00+00:00,106.65,106.65,106.625,106.635,22,33.0,97.0,7600010.0,DX
2024-11-18 09:00:00+00:00,106.645,106.645,106.61,106.62,27,33.0,97.0,7600010.0,DX
2024-11-18 09:05:00+00:00,106.62,106.66,106.615,106.635,112,33.0,97.0,7600010.0,DX
2024-11-18 09:10:00+00:00,106.62,106.62,106.575,106.58,38,33.0,97.0,7600010.0,DX
2024-11-18 09:15:00+00:00,106.585,106.585,106.555,106.56,56,33.0,97.0,7600010.0,DX
2024-11-18 09:20:00+00:00,106.55,106.55,106.46,106.465,167,33.0,97.0,7600010.0,DX
2024-11-18 09:25:00+00:00,106.485,106.485,106.445,106.46,62,33.0,97.0,7600010.0,DX
2024-11-18 09:30:00+00:00,106.455,106.505,106.43,106.475,219,33.0,97.0,7600010.0,DX
2024-11-18 09:35:00+00:00,106.485,106.505,106.475,106.475,102,33.0,97.0,7600010.0,DX
2024-11-18 09:40:00+00:00,106.475,106.5,106.475,106.495,12,33.0,97.0,7600010.0,DX
2024-11-18 09:45:00+00:00,106.495,106.505,106.485,106.495,22,33.0,97.0,7600010.0,DX
2024-11-18 09:50:00+00:00,106.485,106.485,106.465,106.47,25,33.0,97.0,7600010.0,DX
2024-11-18 09:55:00+00:00,106.465,106.485,106.455,106.475,28,33.0,97.0,7600010.0,DX
2024-11-18 10:00:00+00:00,106.475,106.505,106.475,106.495,195,33.0,97.0,7600010.0,DX
2024-11-18 10:05:00+00:00,106.5,106.54,106.5,106.53,226,33.0,97.0,7600010.0,DX
2024-11-18 10:10:00+00:00,106.535,106.575,106.535,106.575,49,33.0,97.0,7600010.0,DX
2024-11-18 10:15:00+00:00,106.545,106.57,106.535,106.57,10,33.0,97.0,7600010.0,DX
2024-11-18 10:20:00+00:00,106.57,106.605,106.57,106.595,96,33.0,97.0,7600010.0,DX
2024-11-18 10:25:00+00:00,106.6,106.615,106.59,106.605,11,33.0,97.0,7600010.0,DX
2024-11-18 10:30:00+00:00,106.605,106.635,106.605,106.625,52,33.0,97.0,7600010.0,DX
2024-11-18 10:35:00+00:00,106.625,106.625,106.605,106.62,30,33.0,97.0,7600010.0,DX
2024-11-18 10:40:00+00:00,106.61,106.63,106.61,106.63,8,33.0,97.0,7600010.0,DX
2024-11-18 10:50:00+00:00,106.62,106.625,106.62,106.625,14,33.0,97.0,7600010.0,DX
2024-11-18 10:55:00+00:00,106.635,106.635,106.605,106.61,27,33.0,97.0,7600010.0,DX
2024-11-18 11:00:00+00:00,106.62,106.675,106.62,106.675,139,33.0,97.0,7600010.0,DX
2024-11-18 11:05:00+00:00,106.675,106.685,106.645,106.685,78,33.0,97.0,7600010.0,DX
2024-11-18 11:10:00+00:00,106.69,106.705,106.675,106.675,18,33.0,97.0,7600010.0,DX
2024-11-18 11:15:00+00:00,106.68,106.685,106.67,106.67,37,33.0,97.0,7600010.0,DX
2024-11-18 11:20:00+00:00,106.675,106.675,106.67,106.67,2,33.0,97.0,7600010.0,DX
2024-11-18 11:25:00+00:00,106.68,106.71,106.68,106.71,29,33.0,97.0,7600010.0,DX
2024-11-18 11:30:00+00:00,106.705,106.715,106.7,106.705,26,33.0,97.0,7600010.0,DX
2024-11-18 11:35:00+00:00,106.72,106.75,106.71,106.71,73,33.0,97.0,7600010.0,DX
2024-11-18 11:40:00+00:00,106.71,106.72,106.68,106.695,189,33.0,97.0,7600010.0,DX
2024-11-18 11:45:00+00:00,106.68,106.69,106.67,106.69,48,33.0,97.0,7600010.0,DX
2024-11-18 11:50:00+00:00,106.67,106.69,106.67,106.675,53,33.0,97.0,7600010.0,DX
2024-11-18 11:55:00+00:00,106.68,106.69,106.66,106.675,355,33.0,97.0,7600010.0,DX
2024-11-18 12:00:00+00:00,106.67,106.685,106.655,106.665,84,33.0,97.0,7600010.0,DX
2024-11-18 12:05:00+00:00,106.675,106.695,106.675,106.68,45,33.0,97.0,7600010.0,DX
2024-11-18 12:10:00+00:00,106.69,106.72,106.335,106.695,13,33.0,97.0,7600010.0,DX
2024-11-18 12:15:00+00:00,106.685,106.705,106.685,106.705,14,33.0,97.0,7600010.0,DX
2024-11-18 12:20:00+00:00,106.36,106.72,106.36,106.695,23,33.0,97.0,7698408.0,DX
2024-11-18 12:25:00+00:00,106.7,106.715,106.7,106.7,25,33.0,97.0,7600010.0,DX
2024-11-18 12:30:00+00:00,106.695,106.715,106.695,106.71,7,33.0,97.0,7600010.0,DX
2024-11-18 12:35:00+00:00,106.695,106.705,106.69,106.69,96,33.0,97.0,7600010.0,DX
2024-11-18 12:40:00+00:00,106.685,106.685,106.655,106.655,54,33.0,97.0,7600010.0,DX
2024-11-18 12:45:00+00:00,106.66,106.675,106.645,106.665,311,33.0,97.0,7600010.0,DX
2024-11-18 12:50:00+00:00,106.675,106.69,106.665,106.665,91,33.0,97.0,7600010.0,DX
2024-11-18 12:55:00+00:00,106.665,106.675,106.645,106.66,50,33.0,97.0,7600010.0,DX
2024-11-18 13:00:00+00:00,106.665,106.675,106.655,106.655,81,33.0,97.0,7600010.0,DX
2024-11-18 13:05:00+00:00,106.66,106.68,106.615,106.615,162,33.0,97.0,7600010.0,DX
2024-11-18 13:10:00+00:00,106.62,106.63,106.61,106.63,81,33.0,97.0,7600010.0,DX
2024-11-18 13:15:00+00:00,106.625,106.645,106.625,106.64,15,33.0,97.0,7600010.0,DX
2024-11-18 13:20:00+00:00,106.64,106.645,106.6,106.6,99,33.0,97.0,7600010.0,DX
2024-11-18 13:25:00+00:00,106.595,106.6,106.555,106.565,239,33.0,97.0,7600010.0,DX
2024-11-18 13:30:00+00:00,106.56,106.585,106.535,106.55,255,33.0,97.0,7600010.0,DX
2024-11-18 13:35:00+00:00,106.555,106.59,106.545,106.57,83,33.0,97.0,7600010.0,DX
2024-11-18 13:40:00+00:00,106.565,106.57,106.525,106.525,136,33.0,97.0,7600010.0,DX
2024-11-18 13:45:00+00:00,106.53,106.54,106.515,106.525,71,33.0,97.0,7600010.0,DX
2024-11-18 13:50:00+00:00,106.52,106.52,106.475,106.495,80,33.0,97.0,7600010.0,DX
2024-11-18 13:55:00+00:00,106.495,106.51,106.475,106.48,65,33.0,97.0,7600010.0,DX
2024-11-18 14:00:00+00:00,106.475,106.49,106.45,106.465,176,33.0,97.0,7600010.0,DX
2024-11-18 14:05:00+00:00,106.47,106.505,106.47,106.475,67,33.0,97.0,7600010.0,DX
2024-11-18 14:10:00+00:00,106.475,106.52,106.475,106.5,140,33.0,97.0,7600010.0,DX
2024-11-18 14:15:00+00:00,106.495,106.53,106.485,106.5,86,33.0,97.0,7600010.0,DX
2024-11-18 14:20:00+00:00,106.51,106.51,106.135,106.5,32,33.0,97.0,7600010.0,DX
2024-11-18 14:25:00+00:00,106.485,106.51,106.485,106.51,31,33.0,97.0,7600010.0,DX
2024-11-18 14:30:00+00:00,106.51,106.52,106.475,106.48,91,33.0,97.0,7600010.0,DX
2024-11-18 14:35:00+00:00,106.48,106.48,106.415,106.415,107,33.0,97.0,7600010.0,DX
2024-11-18 14:40:00+00:00,106.405,106.45,106.39,106.45,245,33.0,97.0,7600010.0,DX
2024-11-18 14:45:00+00:00,106.44,106.45,106.405,106.425,57,33.0,97.0,7600010.0,DX
2024-11-18 14:50:00+00:00,106.425,106.47,106.425,106.46,171,33.0,97.0,7600010.0,DX
2024-11-18 14:55:00+00:00,106.455,106.455,106.425,106.445,146,33.0,97.0,7600010.0,DX
2024-11-18 15:00:00+00:00,106.45,106.455,106.415,106.43,59,33.0,97.0,7600010.0,DX
2024-11-18 15:05:00+00:00,106.425,106.44,106.41,106.44,30,33.0,97.0,7600010.0,DX
2024-11-18 15:10:00+00:00,106.445,106.475,106.435,106.46,165,33.0,97.0,7600010.0,DX
2024-11-18 15:15:00+00:00,106.46,106.48,106.435,106.475,109,33.0,97.0,7600010.0,DX
2024-11-18 15:20:00+00:00,106.48,106.52,106.475,106.515,96,33.0,97.0,7600010.0,DX
2024-11-18 15:25:00+00:00,106.515,106.52,106.495,106.51,163,33.0,97.0,7600010.0,DX
2024-11-18 15:30:00+00:00,106.505,106.505,106.425,106.425,566,33.0,97.0,7600010.0,DX
2024-11-18 15:35:00+00:00,106.425,106.455,106.41,106.445,101,33.0,97.0,7600010.0,DX
2024-11-18 15:40:00+00:00,106.445,106.47,106.43,106.46,75,33.0,97.0,7600010.0,DX
2024-11-18 15:45:00+00:00,106.47,106.47,106.425,106.43,72,33.0,97.0,7600010.0,DX
2024-11-18 15:50:00+00:00,106.43,106.43,106.375,106.39,356,33.0,97.0,7600010.0,DX
2024-11-18 15:55:00+00:00,106.385,106.41,106.385,106.405,200,33.0,97.0,7600010.0,DX
2024-11-18 16:00:00+00:00,106.4,106.435,106.4,106.435,208,33.0,97.0,7600010.0,DX
2024-11-18 16:05:00+00:00,106.44,106.445,106.405,106.415,69,33.0,97.0,7600010.0,DX
2024-11-18 16:10:00+00:00,106.405,106.42,106.395,106.42,56,33.0,97.0,7600010.0,DX
2024-11-18 16:15:00+00:00,106.42,106.44,106.4,106.405,98,33.0,97.0,7600010.0,DX
2024-11-18 16:20:00+00:00,106.405,106.435,106.405,106.43,22,33.0,97.0,7600010.0,DX
2024-11-18 16:25:00+00:00,106.415,106.445,106.41,106.435,106,33.0,97.0,7600010.0,DX
2024-11-18 16:30:00+00:00,106.43,106.435,106.415,106.43,31,33.0,97.0,7600010.0,DX
2024-11-18 16:35:00+00:00,106.425,106.43,106.4,106.41,18,33.0,97.0,7600010.0,DX
2024-11-18 16:40:00+00:00,106.395,106.405,106.38,106.395,224,33.0,97.0,7600010.0,DX
2024-11-18 16:45:00+00:00,106.4,106.4,106.35,106.36,77,33.0,97.0,7600010.0,DX
2024-11-18 16:50:00+00:00,106.345,106.345,106.335,106.34,20,33.0,97.0,7600010.0,DX
2024-11-18 16:55:00+00:00,106.335,106.335,106.27,106.27,247,33.0,97.0,7600010.0,DX
2024-11-18 17:00:00+00:00,106.265,106.275,106.235,106.26,109,33.0,97.0,7600010.0,DX
2024-11-18 17:05:00+00:00,106.26,106.28,106.235,106.235,80,33.0,97.0,7600010.0,DX
2024-11-18 17:10:00+00:00,106.24,106.305,106.24,106.305,38,33.0,97.0,7600010.0,DX
2024-11-18 17:15:00+00:00,106.305,106.31,106.29,106.3,59,33.0,97.0,7600010.0,DX
2024-11-18 17:20:00+00:00,106.3,106.305,106.27,106.305,27,33.0,97.0,7600010.0,DX
2024-11-18 17:25:00+00:00,106.3,106.3,106.29,106.3,62,33.0,97.0,7600010.0,DX
2024-11-18 17:30:00+00:00,106.29,106.305,106.275,106.275,28,33.0,97.0,7600010.0,DX
2024-11-18 17:35:00+00:00,106.265,106.265,106.245,106.25,31,33.0,97.0,7600010.0,DX
2024-11-18 17:40:00+00:00,106.245,106.25,106.205,106.22,123,33.0,97.0,7600010.0,DX
2024-11-18 17:45:00+00:00,106.22,106.23,106.215,106.225,129,33.0,97.0,7600010.0,DX
2024-11-18 17:50:00+00:00,106.22,106.22,106.195,106.195,148,33.0,97.0,7600010.0,DX
2024-11-18 17:55:00+00:00,106.195,106.205,106.175,106.2,277,33.0,97.0,7600010.0,DX
2024-11-18 18:00:00+00:00,106.21,106.215,106.205,106.205,17,33.0,97.0,7600010.0,DX
2024-11-18 18:05:00+00:00,106.21,106.225,106.21,106.225,96,33.0,97.0,7600010.0,DX
2024-11-18 18:10:00+00:00,106.225,106.24,106.215,106.215,41,33.0,97.0,7600010.0,DX
2024-11-18 18:15:00+00:00,106.215,106.22,106.21,106.215,13,33.0,97.0,7600010.0,DX
2024-11-18 18:20:00+00:00,106.205,106.205,106.19,106.2,70,33.0,97.0,7600010.0,DX
2024-11-18 18:25:00+00:00,106.205,106.205,106.175,106.175,161,33.0,97.0,7600010.0,DX
2024-11-18 18:30:00+00:00,106.18,106.195,106.165,106.18,57,33.0,97.0,7600010.0,DX
2024-11-18 18:35:00+00:00,106.18,106.19,106.16,106.18,194,33.0,97.0,7600010.0,DX
2024-11-18 18:40:00+00:00,106.18,106.185,106.15,106.18,269,33.0,97.0,7600010.0,DX
2024-11-18 18:45:00+00:00,106.185,106.185,106.155,106.155,55,33.0,97.0,7600010.0,DX
2024-11-18 18:50:00+00:00,106.15,106.155,106.135,106.14,63,33.0,97.0,7600010.0,DX
2024-11-18 18:55:00+00:00,106.14,106.14,106.13,106.13,42,33.0,97.0,7600010.0,DX
2024-11-18 19:00:00+00:00,106.13,106.13,106.105,106.12,81,33.0,97.0,7600010.0,DX
2024-11-18 19:05:00+00:00,106.125,106.125,106.065,106.07,214,33.0,97.0,7600010.0,DX
2024-11-18 19:10:00+00:00,106.07,106.1,106.07,106.1,17,33.0,97.0,7600010.0,DX
2024-11-18 19:15:00+00:00,106.095,106.135,106.095,106.13,143,33.0,97.0,7600010.0,DX
2024-11-18 19:20:00+00:00,106.135,106.16,106.135,106.16,109,33.0,97.0,7600010.0,DX
2024-11-18 19:25:00+00:00,106.16,106.17,106.15,106.16,59,33.0,97.0,7600010.0,DX
2024-11-18 19:30:00+00:00,106.165,106.175,106.155,106.165,93,33.0,97.0,7600010.0,DX
2024-11-18 19:35:00+00:00,106.17,106.2,106.17,106.19,59,33.0,97.0,7600010.0,DX
2024-11-18 19:40:00+00:00,106.195,106.2,106.195,106.2,39,33.0,97.0,7600010.0,DX
2024-11-18 19:45:00+00:00,106.21,106.21,106.185,106.19,39,33.0,97.0,7600010.0,DX
2024-11-18 19:50:00+00:00,106.19,106.195,106.18,106.195,39,33.0,97.0,7600010.0,DX
2024-11-18 19:55:00+00:00,106.2,106.21,106.19,106.2,119,33.0,97.0,7600010.0,DX
2024-11-18 20:00:00+00:00,106.2,106.2,106.155,106.17,33,33.0,97.0,7600010.0,DX
2024-11-18 20:05:00+00:00,106.175,106.175,106.165,106.175,9,33.0,97.0,7600010.0,DX
2024-11-18 20:10:00+00:00,106.17,106.17,106.155,106.16,7,33.0,97.0,7600010.0,DX
2024-11-18 20:15:00+00:00,106.165,106.175,106.165,106.165,91,33.0,97.0,7600010.0,DX
2024-11-18 20:20:00+00:00,106.16,106.175,106.16,106.16,32,33.0,97.0,7600010.0,DX
2024-11-18 20:25:00+00:00,106.155,106.165,106.15,106.165,21,33.0,97.0,7600010.0,DX
2024-11-18 20:30:00+00:00,106.175,106.19,106.175,106.19,55,33.0,97.0,7600010.0,DX
2024-11-18 20:35:00+00:00,106.195,106.2,106.195,106.195,45,33.0,97.0,7600010.0,DX
2024-11-18 20:40:00+00:00,106.195,106.205,106.19,106.205,99,33.0,97.0,7600010.0,DX
2024-11-18 20:45:00+00:00,106.21,106.215,106.205,106.205,83,33.0,97.0,7600010.0,DX
2024-11-18 20:50:00+00:00,106.205,106.205,106.19,106.195,354,33.0,97.0,7600010.0,DX
2024-11-18 20:55:00+00:00,106.185,106.195,106.17,106.175,117,33.0,97.0,7600010.0,DX
2024-11-18 21:00:00+00:00,106.175,106.185,106.175,106.185,51,33.0,97.0,7600010.0,DX
2024-11-18 21:05:00+00:00,106.16,106.165,106.16,106.16,68,33.0,97.0,7600010.0,DX
2024-11-18 21:10:00+00:00,106.155,106.165,106.155,106.165,6,33.0,97.0,7600010.0,DX
2024-11-18 21:15:00+00:00,106.17,106.17,106.16,106.16,16,33.0,97.0,7600010.0,DX
2024-11-18 21:20:00+00:00,106.16,106.16,106.14,106.14,15,33.0,97.0,7600010.0,DX
2024-11-18 21:25:00+00:00,106.14,106.155,106.14,106.15,12,33.0,97.0,7600010.0,DX
2024-11-18 21:30:00+00:00,106.145,106.155,106.145,106.155,47,33.0,97.0,7600010.0,DX
2024-11-18 21:35:00+00:00,106.135,106.135,106.13,106.13,17,33.0,97.0,7600010.0,DX
2024-11-18 21:40:00+00:00,106.14,106.14,106.13,106.135,34,33.0,97.0,7600010.0,DX
2024-11-18 21:45:00+00:00,106.13,106.135,106.13,106.13,4,33.0,97.0,7600010.0,DX
2024-11-18 21:50:00+00:00,106.13,106.13,106.125,106.13,12,33.0,97.0,7600010.0,DX
2024-11-18 21:55:00+00:00,106.14,106.15,106.14,106.145,39,33.0,97.0,7600010.0,DX
2024-11-19 01:00:00+00:00,106.18,106.2,106.175,106.18,61,33.0,97.0,7600010.0,DX
2024-11-19 01:05:00+00:00,106.17,106.17,106.17,106.17,27,33.0,97.0,7600010.0,DX
2024-11-19 01:10:00+00:00,106.165,106.165,106.115,106.12,40,33.0,97.0,7600010.0,DX
2024-11-19 01:15:00+00:00,106.115,106.155,106.11,106.15,12,33.0,97.0,7600010.0,DX
2024-11-19 01:20:00+00:00,106.135,106.14,106.135,106.14,8,33.0,97.0,7600010.0,DX
2024-11-19 01:25:00+00:00,106.14,106.14,106.13,106.135,6,33.0,97.0,7600010.0,DX
2024-11-19 01:30:00+00:00,106.14,106.16,106.135,106.14,45,33.0,97.0,7600010.0,DX
2024-11-19 01:35:00+00:00,106.14,106.17,106.14,106.165,16,33.0,97.0,7600010.0,DX
2024-11-19 01:40:00+00:00,106.155,106.155,106.145,106.15,23,33.0,97.0,7600010.0,DX
2024-11-19 01:45:00+00:00,106.155,106.155,105.78,105.78,9,33.0,97.0,7600010.0,DX
2024-11-19 01:50:00+00:00,106.13,106.14,106.13,106.14,3,33.0,97.0,7600010.0,DX
2024-11-19 01:55:00+00:00,106.135,106.135,106.12,106.12,17,33.0,97.0,7600010.0,DX
2024-11-19 02:00:00+00:00,106.12,106.13,106.12,106.125,9,33.0,97.0,7600010.0,DX
2024-11-19 02:05:00+00:00,106.115,106.115,106.095,106.11,72,33.0,97.0,7600010.0,DX
2024-11-19 02:10:00+00:00,106.11,106.15,106.11,106.145,13,33.0,97.0,7600010.0,DX
2024-11-19 02:15:00+00:00,106.135,106.17,106.135,106.17,30,33.0,97.0,7600010.0,DX
2024-11-19 02:20:00+00:00,106.17,106.17,106.16,106.16,3,33.0,97.0,7600010.0,DX
2024-11-19 02:25:00+00:00,106.15,106.17,106.15,106.16,27,33.0,97.0,7600010.0,DX
2024-11-19 02:30:00+00:00,106.145,106.15,106.14,106.145,13,33.0,97.0,7600010.0,DX
2024-11-19 02:35:00+00:00,106.155,106.155,106.135,106.15,9,33.0,97.0,7600010.0,DX
2024-11-19 02:40:00+00:00,106.155,106.155,106.15,106.155,18,33.0,97.0,7600010.0,DX
2024-11-19 02:45:00+00:00,105.79,105.79,105.79,105.79,12,33.0,97.0,7698408.0,DX
2024-11-19 02:50:00+00:00,106.135,106.135,106.135,106.135,3,33.0,97.0,7600010.0,DX
2024-11-19 02:55:00+00:00,106.145,106.145,106.145,106.145,2,33.0,97.0,7600010.0,DX
2024-11-19 03:00:00+00:00,106.14,106.14,106.1,106.105,14,33.0,97.0,7600010.0,DX
2024-11-19 03:05:00+00:00,106.105,106.125,106.1,106.125,16,33.0,97.0,7600010.0,DX
2024-11-19 03:10:00+00:00,106.125,106.125,106.12,106.12,5,33.0,97.0,7600010.0,DX
2024-11-19 03:15:00+00:00,106.1,106.105,106.055,106.065,96,33.0,97.0,7600010.0,DX
2024-11-19 03:20:00+00:00,106.07,106.085,106.07,106.085,21,33.0,97.0,7600010.0,DX
2024-11-19 03:25:00+00:00,106.08,106.085,106.07,106.075,20,33.0,97.0,7600010.0,DX
2024-11-19 03:30:00+00:00,106.075,106.075,106.075,106.075,23,33.0,97.0,7600010.0,DX
2024-11-19 03:35:00+00:00,106.09,106.1,106.09,106.1,14,33.0,97.0,7600010.0,DX
2024-11-19 03:40:00+00:00,106.1,106.11,106.095,106.095,18,33.0,97.0,7600010.0,DX
2024-11-19 03:45:00+00:00,106.1,106.105,106.09,106.105,32,33.0,97.0,7600010.0,DX
2024-11-19 03:50:00+00:00,106.105,106.12,106.105,106.12,29,33.0,97.0,7600010.0,DX
2024-11-19 03:55:00+00:00,106.12,106.125,106.095,106.1,70,33.0,97.0,7600010.0,DX
2024-11-19 04:00:00+00:00,106.095,106.095,106.065,106.09,18,33.0,97.0,7600010.0,DX
2024-11-19 04:05:00+00:00,106.095,106.095,106.09,106.09,4,33.0,97.0,7600010.0,DX
2024-11-19 04:10:00+00:00,106.095,106.12,106.09,106.115,23,33.0,97.0,7600010.0,DX
2024-11-19 04:15:00+00:00,106.115,106.135,106.11,106.13,36,33.0,97.0,7600010.0,DX
2024-11-19 04:20:00+00:00,106.135,106.15,106.135,106.15,26,33.0,97.0,7600010.0,DX
2024-11-19 04:25:00+00:00,106.15,106.16,106.15,106.155,42,33.0,97.0,7600010.0,DX
2024-11-19 04:30:00+00:00,106.16,106.185,106.16,106.18,23,33.0,97.0,7600010.0,DX
2024-11-19 04:35:00+00:00,106.18,106.18,105.805,105.805,2,33.0,97.0,7600010.0,DX
2024-11-19 04:40:00+00:00,106.17,106.175,106.155,106.155,11,33.0,97.0,7600010.0,DX
2024-11-19 04:45:00+00:00,106.165,106.17,106.165,106.165,11,33.0,97.0,7600010.0,DX
2024-11-19 04:50:00+00:00,106.17,106.205,106.17,106.2,381,33.0,97.0,7600010.0,DX
2024-11-19 04:55:00+00:00,106.19,106.205,106.19,106.205,26,33.0,97.0,7600010.0,DX
2024-11-19 05:00:00+00:00,106.21,106.225,106.21,106.21,28,33.0,97.0,7600010.0,DX
2024-11-19 05:05:00+00:00,106.205,106.205,106.195,106.2,14,33.0,97.0,7600010.0,DX
2024-11-19 05:10:00+00:00,106.2,106.205,105.845,105.845,5,33.0,97.0,7600010.0,DX
2024-11-19 05:15:00+00:00,106.19,106.2,106.19,106.2,30,33.0,97.0,7600010.0,DX
2024-11-19 05:20:00+00:00,106.2,106.215,106.2,106.215,19,33.0,97.0,7600010.0,DX
2024-11-19 05:25:00+00:00,106.215,106.23,106.215,106.215,14,33.0,97.0,7600010.0,DX
2024-11-19 05:30:00+00:00,106.225,106.235,106.225,106.23,29,33.0,97.0,7600010.0,DX
2024-11-19 05:35:00+00:00,106.23,106.23,106.215,106.215,9,33.0,97.0,7600010.0,DX
2024-11-19 05:40:00+00:00,106.215,106.225,106.215,106.225,9,33.0,97.0,7600010.0,DX
2024-11-19 05:45:00+00:00,106.225,106.23,106.225,106.23,11,33.0,97.0,7600010.0,DX
2024-11-19 05:50:00+00:00,106.235,106.245,106.235,106.24,17,33.0,97.0,7600010.0,DX
2024-11-19 05:55:00+00:00,106.24,106.24,106.22,106.23,31,33.0,97.0,7600010.0,DX
2024-11-19 06:00:00+00:00,106.23,106.23,106.2,106.205,29,33.0,97.0,7600010.0,DX
2024-11-19 06:05:00+00:00,106.205,106.215,106.2,106.205,22,33.0,97.0,7600010.0,DX
2024-11-19 06:10:00+00:00,106.215,106.23,106.215,106.23,11,33.0,97.0,7600010.0,DX
2024-11-19 06:15:00+00:00,106.23,106.23,106.22,106.225,61,33.0,97.0,7600010.0,DX
2024-11-19 06:20:00+00:00,106.23,106.23,106.205,106.21,47,33.0,97.0,7600010.0,DX
2024-11-19 06:25:00+00:00,106.215,106.22,106.21,106.22,31,33.0,97.0,7600010.0,DX
2024-11-19 06:30:00+00:00,106.21,106.21,106.2,106.2,34,33.0,97.0,7600010.0,DX
2024-11-19 06:35:00+00:00,106.2,106.2,106.18,106.18,20,33.0,97.0,7600010.0,DX
2024-11-19 06:40:00+00:00,106.18,106.18,106.155,106.155,85,33.0,97.0,7600010.0,DX
2024-11-19 06:45:00+00:00,106.16,106.175,106.155,106.155,26,33.0,97.0,7600010.0,DX
2024-11-19 06:50:00+00:00,106.15,106.155,106.135,106.15,123,33.0,97.0,7600010.0,DX
2024-11-19 06:55:00+00:00,106.145,106.16,106.135,106.16,195,33.0,97.0,7600010.0,DX
2024-11-19 07:00:00+00:00,106.16,106.2,106.145,106.19,29,33.0,97.0,7600010.0,DX
2024-11-19 07:05:00+00:00,106.2,106.26,106.195,106.26,190,33.0,97.0,7600010.0,DX
2024-11-19 07:10:00+00:00,106.26,106.305,106.26,106.3,118,33.0,97.0,7600010.0,DX
2024-11-19 07:15:00+00:00,106.3,106.31,106.26,106.27,28,33.0,97.0,7600010.0,DX
2024-11-19 07:20:00+00:00,106.26,106.28,106.255,106.275,80,33.0,97.0,7600010.0,DX
2024-11-19 07:25:00+00:00,106.265,106.275,106.245,106.275,74,33.0,97.0,7600010.0,DX
2024-11-19 07:30:00+00:00,106.27,106.295,106.245,106.25,94,33.0,97.0,7600010.0,DX
2024-11-19 07:35:00+00:00,106.24,106.255,106.22,106.225,53,33.0,97.0,7600010.0,DX
2024-11-19 07:40:00+00:00,106.23,106.245,106.225,106.23,168,33.0,97.0,7600010.0,DX
2024-11-19 07:45:00+00:00,106.23,106.25,106.22,106.25,30,33.0,97.0,7600010.0,DX
2024-11-19 07:50:00+00:00,106.25,106.26,106.225,106.235,89,33.0,97.0,7600010.0,DX
2024-11-19 07:55:00+00:00,106.25,106.275,106.25,106.275,48,33.0,97.0,7600010.0,DX
2024-11-19 08:00:00+00:00,106.285,106.285,106.215,106.24,94,33.0,97.0,7600010.0,DX
2024-11-19 08:05:00+00:00,106.255,106.255,106.235,106.235,34,33.0,97.0,7600010.0,DX
2024-11-19 08:10:00+00:00,106.245,106.245,106.19,106.235,60,33.0,97.0,7600010.0,DX
2024-11-19 08:15:00+00:00,106.225,106.225,106.18,106.19,48,33.0,97.0,7600010.0,DX
2024-11-19 08:20:00+00:00,106.18,106.2,106.17,106.2,69,33.0,97.0,7600010.0,DX
2024-11-19 08:25:00+00:00,106.195,106.2,106.17,106.175,41,33.0,97.0,7600010.0,DX
2024-11-19 08:30:00+00:00,106.18,106.205,106.175,106.185,54,33.0,97.0,7600010.0,DX
2024-11-19 08:35:00+00:00,106.19,106.285,106.16,106.28,188,33.0,97.0,7600010.0,DX
2024-11-19 08:40:00+00:00,106.275,106.29,106.2,106.23,172,33.0,97.0,7600010.0,DX
2024-11-19 08:45:00+00:00,106.205,106.245,106.195,106.24,162,33.0,97.0,7600010.0,DX
2024-11-19 08:50:00+00:00,106.245,106.275,106.23,106.245,165,33.0,97.0,7600010.0,DX
2024-11-19 08:55:00+00:00,106.255,106.285,106.255,106.26,31,33.0,97.0,7600010.0,DX
2024-11-19 09:00:00+00:00,106.26,106.26,106.22,106.22,33,33.0,97.0,7600010.0,DX
2024-11-19 09:05:00+00:00,106.23,106.28,106.23,106.265,23,33.0,97.0,7600010.0,DX
2024-11-19 09:10:00+00:00,106.26,106.28,105.88,105.88,26,33.0,97.0,7600010.0,DX
2024-11-19 09:15:00+00:00,106.27,106.425,106.27,106.425,260,33.0,97.0,7600010.0,DX
2024-11-19 09:20:00+00:00,106.43,106.57,106.43,106.46,532,33.0,97.0,7600010.0,DX
2024-11-19 09:25:00+00:00,106.465,106.53,106.445,106.495,114,33.0,97.0,7600010.0,DX
2024-11-19 09:30:00+00:00,106.5,106.545,106.47,106.475,156,33.0,97.0,7600010.0,DX
2024-11-19 09:35:00+00:00,106.485,106.495,106.43,106.445,205,33.0,97.0,7600010.0,DX
2024-11-19 09:40:00+00:00,106.44,106.48,106.44,106.455,45,33.0,97.0,7600010.0,DX
2024-11-19 09:45:00+00:00,106.46,106.51,106.45,106.485,48,33.0,97.0,7600010.0,DX
2024-11-19 09:50:00+00:00,106.495,106.495,106.435,106.45,18,33.0,97.0,7600010.0,DX
2024-11-19 09:55:00+00:00,106.465,106.465,106.415,106.43,94,33.0,97.0,7600010.0,DX
2024-11-19 10:00:00+00:00,106.42,106.46,106.42,106.435,54,33.0,97.0,7600010.0,DX
2024-11-19 10:05:00+00:00,106.43,106.43,106.37,106.38,62,33.0,97.0,7600010.0,DX
2024-11-19 10:10:00+00:00,106.375,106.395,106.34,106.345,123,33.0,97.0,7600010.0,DX
2024-11-19 10:15:00+00:00,106.34,106.375,106.34,106.375,30,33.0,97.0,7600010.0,DX
2024-11-19 10:20:00+00:00,106.375,106.375,106.345,106.345,83,33.0,97.0,7600010.0,DX
2024-11-19 10:25:00+00:00,106.33,106.345,106.31,106.33,73,33.0,97.0,7600010.0,DX
2024-11-19 10:30:00+00:00,106.335,106.35,106.305,106.335,86,33.0,97.0,7600010.0,DX
2024-11-19 10:35:00+00:00,106.34,106.34,106.285,106.285,69,33.0,97.0,7600010.0,DX
2024-11-19 10:40:00+00:00,106.28,106.315,106.275,106.31,63,33.0,97.0,7600010.0,DX
2024-11-19 10:45:00+00:00,106.315,106.33,106.305,106.33,47,33.0,97.0,7600010.0,DX
2024-11-19 10:50:00+00:00,106.32,106.345,106.32,106.34,74,33.0,97.0,7600010.0,DX
2024-11-19 10:55:00+00:00,106.34,106.37,106.34,106.35,68,33.0,97.0,7600010.0,DX
2024-11-19 11:00:00+00:00,106.345,106.35,106.31,106.35,58,33.0,97.0,7600010.0,DX
2024-11-19 11:05:00+00:00,106.365,106.365,106.33,106.34,21,33.0,97.0,7600010.0,DX
2024-11-19 11:10:00+00:00,106.345,106.365,106.345,106.355,41,33.0,97.0,7600010.0,DX
2024-11-19 11:15:00+00:00,106.365,106.395,106.36,106.39,31,33.0,97.0,7600010.0,DX
2024-11-19 11:20:00+00:00,106.39,106.4,106.385,106.395,40,33.0,97.0,7600010.0,DX
2024-11-19 11:25:00+00:00,106.4,106.42,106.395,106.395,34,33.0,97.0,7600010.0,DX
2024-11-19 11:30:00+00:00,106.4,106.42,106.395,106.42,49,33.0,97.0,7600010.0,DX
2024-11-19 11:35:00+00:00,106.41,106.41,106.4,106.4,12,33.0,97.0,7600010.0,DX
2024-11-19 11:40:00+00:00,106.4,106.425,106.38,106.415,36,33.0,97.0,7600010.0,DX
2024-11-19 11:45:00+00:00,106.41,106.41,106.38,106.39,51,33.0,97.0,7600010.0,DX
2024-11-19 11:50:00+00:00,106.4,106.41,106.385,106.39,42,33.0,97.0,7600010.0,DX
2024-11-19 11:55:00+00:00,106.38,106.395,106.35,106.38,82,33.0,97.0,7600010.0,DX
2024-11-19 12:00:00+00:00,106.38,106.385,106.36,106.365,23,33.0,97.0,7600010.0,DX
2024-11-19 12:05:00+00:00,106.365,106.365,106.345,106.365,47,33.0,97.0,7600010.0,DX
2024-11-19 12:10:00+00:00,106.37,106.39,106.37,106.37,30,33.0,97.0,7600010.0,DX
2024-11-19 12:15:00+00:00,106.375,106.38,106.355,106.38,21,33.0,97.0,7600010.0,DX
2024-11-19 12:20:00+00:00,106.38,106.38,106.365,106.37,77,33.0,97.0,7600010.0,DX
2024-11-19 12:25:00+00:00,106.375,106.375,106.325,106.33,239,33.0,97.0,7600010.0,DX
2024-11-19 12:30:00+00:00,106.325,106.34,106.325,106.335,23,33.0,97.0,7600010.0,DX
2024-11-19 12:35:00+00:00,106.335,106.335,106.315,106.325,8,33.0,97.0,7600010.0,DX
2024-11-19 12:40:00+00:00,106.315,106.34,106.315,106.335,17,33.0,97.0,7600010.0,DX
2024-11-19 12:45:00+00:00,106.34,106.34,106.33,106.33,3,33.0,97.0,7600010.0,DX
2024-11-19 12:50:00+00:00,106.315,106.325,106.315,106.315,17,33.0,97.0,7600010.0,DX
2024-11-19 12:55:00+00:00,106.31,106.31,106.285,106.285,36,33.0,97.0,7600010.0,DX
2024-11-19 13:00:00+00:00,106.285,106.285,106.245,106.27,170,33.0,97.0,7600010.0,DX
2024-11-19 13:05:00+00:00,106.265,106.265,106.23,106.235,106,33.0,97.0,7600010.0,DX
2024-11-19 13:10:00+00:00,106.225,106.24,106.21,106.215,101,33.0,97.0,7600010.0,DX
2024-11-19 13:15:00+00:00,106.225,106.24,106.18,106.18,113,33.0,97.0,7600010.0,DX
2024-11-19 13:20:00+00:00,106.185,106.23,106.18,106.215,121,33.0,97.0,7600010.0,DX
2024-11-19 13:25:00+00:00,106.215,106.23,106.185,106.205,160,33.0,97.0,7600010.0,DX
2024-11-19 13:30:00+00:00,106.195,106.215,106.14,106.14,246,33.0,97.0,7600010.0,DX
2024-11-19 13:35:00+00:00,106.14,106.145,106.06,106.095,119,33.0,97.0,7600010.0,DX
2024-11-19 13:40:00+00:00,106.09,106.11,106.035,106.09,325,33.0,97.0,7600010.0,DX
2024-11-19 13:45:00+00:00,106.08,106.18,106.075,106.165,353,33.0,97.0,7600010.0,DX
2024-11-19 13:50:00+00:00,106.165,106.215,106.13,106.19,169,33.0,97.0,7600010.0,DX
2024-11-19 13:55:00+00:00,106.185,106.215,106.18,106.19,137,33.0,97.0,7600010.0,DX
2024-11-19 14:00:00+00:00,106.2,106.25,106.18,106.25,183,33.0,97.0,7600010.0,DX
2024-11-19 14:05:00+00:00,106.245,106.275,106.19,106.205,480,33.0,97.0,7600010.0,DX
2024-11-19 14:10:00+00:00,106.195,106.245,106.14,106.145,113,33.0,97.0,7600010.0,DX
2024-11-19 14:15:00+00:00,106.145,106.16,106.1,106.145,291,33.0,97.0,7600010.0,DX
2024-11-19 14:20:00+00:00,106.14,106.165,106.115,106.165,139,33.0,97.0,7600010.0,DX
2024-11-19 14:25:00+00:00,106.165,106.185,106.145,106.15,153,33.0,97.0,7600010.0,DX
2024-11-19 14:30:00+00:00,106.135,106.185,106.11,106.145,212,33.0,97.0,7600010.0,DX
2024-11-19 14:35:00+00:00,106.145,106.195,106.145,106.195,112,33.0,97.0,7600010.0,DX
2024-11-19 14:40:00+00:00,106.17,106.2,106.155,106.185,57,33.0,97.0,7600010.0,DX
2024-11-19 14:45:00+00:00,106.175,106.195,106.155,106.19,80,33.0,97.0,7600010.0,DX
2024-11-19 14:50:00+00:00,106.195,106.255,106.185,106.255,98,33.0,97.0,7600010.0,DX
2024-11-19 14:55:00+00:00,106.245,106.29,106.245,106.275,301,33.0,97.0,7600010.0,DX
2024-11-19 15:00:00+00:00,106.285,106.345,106.285,106.345,318,33.0,97.0,7600010.0,DX
2024-11-19 15:05:00+00:00,106.34,106.34,106.3,106.305,86,33.0,97.0,7600010.0,DX
2024-11-19 15:10:00+00:00,106.3,106.325,106.275,106.28,91,33.0,97.0,7600010.0,DX
2024-11-19 15:15:00+00:00,106.275,106.3,106.27,106.285,86,33.0,97.0,7600010.0,DX
2024-11-19 15:20:00+00:00,106.29,106.315,106.255,106.255,54,33.0,97.0,7600010.0,DX
2024-11-19 15:25:00+00:00,106.26,106.26,106.195,106.21,221,33.0,97.0,7600010.0,DX
2024-11-19 15:30:00+00:00,106.2,106.21,106.16,106.2,196,33.0,97.0,7600010.0,DX
2024-11-19 15:35:00+00:00,106.185,106.195,106.13,106.135,157,33.0,97.0,7600010.0,DX
2024-11-19 15:40:00+00:00,106.135,106.145,106.04,106.085,140,33.0,97.0,7600010.0,DX
2024-11-19 15:45:00+00:00,106.1,106.125,106.09,106.125,74,33.0,97.0,7600010.0,DX
2024-11-19 15:50:00+00:00,106.125,106.16,106.12,106.15,192,33.0,97.0,7600010.0,DX
2024-11-19 15:55:00+00:00,106.15,106.16,106.135,106.14,34,33.0,97.0,7600010.0,DX
2024-11-19 16:00:00+00:00,106.14,106.17,106.14,106.15,116,33.0,97.0,7600010.0,DX
2024-11-19 16:05:00+00:00,106.145,106.15,106.09,106.1,581,33.0,97.0,7600010.0,DX
2024-11-19 16:10:00+00:00,106.11,106.135,106.1,106.135,183,33.0,97.0,7600010.0,DX
2024-11-19 16:15:00+00:00,106.13,106.13,106.1,106.115,33,33.0,97.0,7600010.0,DX
2024-11-19 16:20:00+00:00,106.12,106.13,106.1,106.13,43,33.0,97.0,7600010.0,DX
2024-11-19 16:25:00+00:00,106.145,106.185,106.145,106.175,61,33.0,97.0,7600010.0,DX
2024-11-19 16:30:00+00:00,106.185,106.235,106.18,106.235,94,33.0,97.0,7600010.0,DX
2024-11-19 16:35:00+00:00,106.24,106.285,106.225,106.23,384,33.0,97.0,7600010.0,DX
2024-11-19 16:40:00+00:00,106.24,106.24,106.2,106.23,92,33.0,97.0,7600010.0,DX
2024-11-19 16:45:00+00:00,106.245,106.255,106.23,106.235,47,33.0,97.0,7600010.0,DX
2024-11-19 16:50:00+00:00,106.24,106.24,106.195,106.195,56,33.0,97.0,7600010.0,DX
2024-11-19 16:55:00+00:00,106.2,106.23,106.2,106.23,142,33.0,97.0,7600010.0,DX
2024-11-19 17:00:00+00:00,106.235,106.245,106.19,106.195,114,33.0,97.0,7600010.0,DX
2024-11-19 17:05:00+00:00,106.185,106.185,106.145,106.15,54,33.0,97.0,7600010.0,DX
2024-11-19 17:10:00+00:00,106.155,106.16,106.145,106.145,44,33.0,97.0,7600010.0,DX
2024-11-19 17:15:00+00:00,106.145,106.18,106.145,106.15,37,33.0,97.0,7600010.0,DX
2024-11-19 17:20:00+00:00,106.165,106.175,106.135,106.15,42,33.0,97.0,7600010.0,DX
2024-11-19 17:25:00+00:00,106.155,106.17,106.145,106.16,37,33.0,97.0,7600010.0,DX
2024-11-19 17:30:00+00:00,106.16,106.17,106.145,106.17,49,33.0,97.0,7600010.0,DX
2024-11-19 17:35:00+00:00,106.17,106.2,106.17,106.2,22,33.0,97.0,7600010.0,DX
2024-11-19 17:40:00+00:00,106.2,106.215,106.195,106.195,20,33.0,97.0,7600010.0,DX
2024-11-19 17:45:00+00:00,106.2,106.2,106.185,106.19,9,33.0,97.0,7600010.0,DX
2024-11-19 17:50:00+00:00,106.19,106.215,106.19,106.215,22,33.0,97.0,7600010.0,DX
2024-11-19 17:55:00+00:00,106.21,106.245,106.21,106.24,60,33.0,97.0,7600010.0,DX
2024-11-19 18:00:00+00:00,106.26,106.305,106.26,106.3,41,33.0,97.0,7600010.0,DX
2024-11-19 18:05:00+00:00,106.31,106.32,106.295,106.315,29,33.0,97.0,7600010.0,DX
2024-11-19 18:10:00+00:00,106.31,106.31,106.295,106.3,36,33.0,97.0,7600010.0,DX
2024-11-19 18:15:00+00:00,106.295,106.3,106.29,106.295,34,33.0,97.0,7600010.0,DX
2024-11-19 18:20:00+00:00,106.305,106.305,106.29,106.3,19,33.0,97.0,7600010.0,DX
2024-11-19 18:25:00+00:00,106.29,106.305,106.275,106.275,24,33.0,97.0,7600010.0,DX
2024-11-19 18:30:00+00:00,106.275,106.29,106.27,106.27,23,33.0,97.0,7600010.0,DX
2024-11-19 18:35:00+00:00,106.26,106.265,106.235,106.235,12,33.0,97.0,7600010.0,DX
2024-11-19 18:40:00+00:00,106.235,106.25,106.23,106.235,13,33.0,97.0,7600010.0,DX
2024-11-19 18:45:00+00:00,106.22,106.22,106.195,106.195,5,33.0,97.0,7600010.0,DX
2024-11-19 18:50:00+00:00,106.2,106.2,106.165,106.165,111,33.0,97.0,7600010.0,DX
2024-11-19 18:55:00+00:00,106.175,106.18,106.16,106.16,18,33.0,97.0,7600010.0,DX
2024-11-19 19:00:00+00:00,106.16,106.17,106.155,106.17,15,33.0,97.0,7600010.0,DX
2024-11-19 19:05:00+00:00,106.165,106.195,106.165,106.195,25,33.0,97.0,7600010.0,DX
2024-11-19 19:10:00+00:00,106.175,106.18,106.16,106.165,30,33.0,97.0,7600010.0,DX
2024-11-19 19:15:00+00:00,106.165,106.21,106.165,106.205,80,33.0,97.0,7600010.0,DX
2024-11-19 19:20:00+00:00,106.21,106.21,106.175,106.18,44,33.0,97.0,7600010.0,DX
2024-11-19 19:25:00+00:00,106.19,106.2,106.19,106.19,57,33.0,97.0,7600010.0,DX
2024-11-19 19:30:00+00:00,106.195,106.205,106.19,106.2,33,33.0,97.0,7600010.0,DX
2024-11-19 19:35:00+00:00,106.205,106.21,106.19,106.21,13,33.0,97.0,7600010.0,DX
2024-11-19 19:40:00+00:00,106.21,106.215,106.195,106.195,21,33.0,97.0,7600010.0,DX
2024-11-19 19:45:00+00:00,106.195,106.195,106.155,106.155,12,33.0,97.0,7600010.0,DX
2024-11-19 19:50:00+00:00,106.155,106.175,106.155,106.17,53,33.0,97.0,7600010.0,DX
2024-11-19 19:55:00+00:00,106.165,106.165,0.01,106.15,165,33.0,97.0,7600010.0,DX
2024-11-19 20:00:00+00:00,106.15,106.165,106.14,106.145,40,33.0,97.0,7600010.0,DX
2024-11-19 20:05:00+00:00,106.145,106.145,106.14,106.14,17,33.0,97.0,7600010.0,DX
2024-11-19 20:10:00+00:00,106.135,106.14,106.12,106.13,66,33.0,97.0,7600010.0,DX
2024-11-19 20:15:00+00:00,106.12,106.14,106.12,106.135,21,33.0,97.0,7600010.0,DX
2024-11-19 20:20:00+00:00,106.14,106.145,106.125,106.145,51,33.0,97.0,7600010.0,DX
2024-11-19 20:25:00+00:00,106.145,106.15,106.14,106.15,27,33.0,97.0,7600010.0,DX
2024-11-19 20:30:00+00:00,106.15,106.16,106.14,106.14,18,33.0,97.0,7600010.0,DX
2024-11-19 20:35:00+00:00,106.135,106.15,106.135,106.14,24,33.0,97.0,7600010.0,DX
2024-11-19 20:40:00+00:00,106.135,106.135,106.125,106.13,20,33.0,97.0,7600010.0,DX
2024-11-19 20:45:00+00:00,106.14,106.14,106.125,106.125,16,33.0,97.0,7600010.0,DX
2024-11-19 20:50:00+00:00,106.125,106.13,106.105,106.125,133,33.0,97.0,7600010.0,DX
2024-11-19 20:55:00+00:00,106.13,106.15,106.125,106.15,430,33.0,97.0,7600010.0,DX
2024-11-19 21:00:00+00:00,106.15,106.155,106.125,106.13,105,33.0,97.0,7600010.0,DX
2024-11-19 21:05:00+00:00,106.135,106.135,106.12,106.12,5,33.0,97.0,7600010.0,DX
2024-11-19 21:10:00+00:00,106.12,106.12,106.12,106.12,30,33.0,97.0,7600010.0,DX
2024-11-19 21:15:00+00:00,106.125,106.13,106.125,106.125,29,33.0,97.0,7600010.0,DX
2024-11-19 21:25:00+00:00,106.12,106.12,106.12,106.12,3,33.0,97.0,7600010.0,DX
2024-11-19 21:30:00+00:00,106.115,106.115,106.11,106.11,7,33.0,97.0,7600010.0,DX
2024-11-19 21:35:00+00:00,106.115,106.115,106.11,106.11,6,33.0,97.0,7600010.0,DX
2024-11-19 21:40:00+00:00,106.11,106.11,106.11,106.11,4,33.0,97.0,7600010.0,DX
2024-11-19 21:45:00+00:00,106.105,106.11,106.1,106.11,6,33.0,97.0,7600010.0,DX
2024-11-19 21:50:00+00:00,105.735,105.735,105.735,105.735,1,33.0,97.0,7698408.0,DX
2024-11-19 21:55:00+00:00,106.115,106.115,106.105,106.115,19,33.0,97.0,7600010.0,DX
2024-11-20 01:00:00+00:00,106.11,106.11,106.075,106.08,91,33.0,97.0,7600010.0,DX
2024-11-20 01:05:00+00:00,106.085,106.11,106.085,106.105,60,33.0,97.0,7600010.0,DX
2024-11-20 01:10:00+00:00,106.105,106.12,106.095,106.12,71,33.0,97.0,7600010.0,DX
2024-11-20 01:15:00+00:00,106.125,106.135,106.11,106.125,23,33.0,97.0,7600010.0,DX
2024-11-20 01:20:00+00:00,106.125,106.135,106.125,106.135,7,33.0,97.0,7600010.0,DX
2024-11-20 01:25:00+00:00,106.125,106.135,106.125,106.135,10,33.0,97.0,7600010.0,DX
2024-11-20 01:30:00+00:00,106.14,106.145,106.13,106.13,8,33.0,97.0,7600010.0,DX
2024-11-20 01:35:00+00:00,106.135,106.135,106.1,106.105,13,33.0,97.0,7600010.0,DX
2024-11-20 01:40:00+00:00,106.11,106.11,106.11,106.11,1,33.0,97.0,7600010.0,DX
2024-11-20 01:45:00+00:00,106.105,106.11,106.1,106.105,11,33.0,97.0,7600010.0,DX
2024-11-20 01:50:00+00:00,106.12,106.125,106.11,106.11,7,33.0,97.0,7600010.0,DX
2024-11-20 01:55:00+00:00,106.11,106.115,106.105,106.11,17,33.0,97.0,7600010.0,DX
2024-11-20 02:00:00+00:00,106.095,106.1,106.085,106.1,9,33.0,97.0,7600010.0,DX
2024-11-20 02:05:00+00:00,106.105,106.105,106.08,106.1,8,33.0,97.0,7600010.0,DX
2024-11-20 02:10:00+00:00,106.1,106.1,106.085,106.1,24,33.0,97.0,7600010.0,DX
2024-11-20 02:15:00+00:00,106.105,106.105,106.095,106.095,27,33.0,97.0,7600010.0,DX
2024-11-20 02:20:00+00:00,106.1,106.115,106.09,106.09,26,33.0,97.0,7600010.0,DX
2024-11-20 02:25:00+00:00,106.08,106.085,106.075,106.085,15,33.0,97.0,7600010.0,DX
2024-11-20 02:30:00+00:00,106.075,106.105,106.075,106.105,36,33.0,97.0,7600010.0,DX
2024-11-20 02:35:00+00:00,106.11,106.125,106.11,106.125,15,33.0,97.0,7600010.0,DX
2024-11-20 02:40:00+00:00,106.13,106.14,106.13,106.13,28,33.0,97.0,7600010.0,DX
2024-11-20 02:45:00+00:00,106.13,106.13,106.115,106.12,11,33.0,97.0,7600010.0,DX
2024-11-20 02:50:00+00:00,106.135,106.135,106.13,106.13,2,33.0,97.0,7600010.0,DX
2024-11-20 02:55:00+00:00,106.125,106.135,106.125,106.135,11,33.0,97.0,7600010.0,DX
2024-11-20 03:00:00+00:00,106.13,106.135,106.125,106.125,27,33.0,97.0,7600010.0,DX
2024-11-20 03:05:00+00:00,106.125,106.125,106.12,106.12,11,33.0,97.0,7600010.0,DX
2024-11-20 03:10:00+00:00,106.115,106.115,106.115,106.115,2,33.0,97.0,7600010.0,DX
2024-11-20 03:15:00+00:00,106.13,106.135,106.13,106.13,13,33.0,97.0,7600010.0,DX
2024-11-20 03:25:00+00:00,106.145,106.16,106.145,106.155,9,33.0,97.0,7600010.0,DX
2024-11-20 03:30:00+00:00,106.165,106.165,106.16,106.16,4,33.0,97.0,7600010.0,DX
2024-11-20 03:35:00+00:00,106.165,106.17,106.16,106.17,16,33.0,97.0,7600010.0,DX
2024-11-20 03:40:00+00:00,106.175,106.19,106.175,106.185,17,33.0,97.0,7600010.0,DX
2024-11-20 03:45:00+00:00,106.185,106.19,106.185,106.19,14,33.0,97.0,7600010.0,DX
2024-11-20 03:50:00+00:00,106.2,106.205,106.2,106.205,6,33.0,97.0,7600010.0,DX
2024-11-20 03:55:00+00:00,106.21,106.21,106.2,106.2,18,33.0,97.0,7600010.0,DX
2024-11-20 04:00:00+00:00,106.2,106.2,106.2,106.2,5,33.0,97.0,7600010.0,DX
2024-11-20 04:05:00+00:00,106.21,106.22,106.21,106.22,4,33.0,97.0,7600010.0,DX
2024-11-20 04:10:00+00:00,106.205,106.215,106.2,106.215,31,33.0,97.0,7600010.0,DX
2024-11-20 04:15:00+00:00,106.215,106.215,106.205,106.205,3,33.0,97.0,7600010.0,DX
2024-11-20 04:20:00+00:00,106.215,106.215,106.215,106.215,2,33.0,97.0,7600010.0,DX
2024-11-20 04:25:00+00:00,106.215,106.22,106.215,106.22,2,33.0,97.0,7600010.0,DX
2024-11-20 04:35:00+00:00,106.2,106.2,106.2,106.2,1,33.0,97.0,7600010.0,DX
2024-11-20 04:40:00+00:00,106.195,106.195,106.195,106.195,2,33.0,97.0,7600010.0,DX
2024-11-20 04:45:00+00:00,106.185,106.185,106.155,106.165,6,33.0,97.0,7600010.0,DX
2024-11-20 04:50:00+00:00,106.18,106.18,106.18,106.18,1,33.0,97.0,7600010.0,DX
2024-11-20 04:55:00+00:00,106.17,106.17,106.17,106.17,1,33.0,97.0,7600010.0,DX
2024-11-20 05:00:00+00:00,106.175,106.175,106.175,106.175,2,33.0,97.0,7600010.0,DX
2024-11-20 05:15:00+00:00,106.165,106.175,106.165,106.175,13,33.0,97.0,7600010.0,DX
2024-11-20 05:20:00+00:00,106.17,106.17,106.17,106.17,7,33.0,97.0,7600010.0,DX
2024-11-20 05:25:00+00:00,106.185,106.195,106.185,106.195,14,33.0,97.0,7600010.0,DX
2024-11-20 05:30:00+00:00,106.2,106.21,106.2,106.205,22,33.0,97.0,7600010.0,DX
2024-11-20 05:35:00+00:00,106.21,106.21,106.195,106.21,23,33.0,97.0,7600010.0,DX
2024-11-20 05:40:00+00:00,106.21,106.21,106.205,106.205,9,33.0,97.0,7600010.0,DX
2024-11-20 05:45:00+00:00,106.2,106.21,106.195,106.205,47,33.0,97.0,7600010.0,DX
2024-11-20 05:50:00+00:00,106.21,106.215,106.21,106.215,4,33.0,97.0,7600010.0,DX
2024-11-20 05:55:00+00:00,106.225,106.23,106.22,106.225,22,33.0,97.0,7600010.0,DX
2024-11-20 06:00:00+00:00,106.23,106.24,106.21,106.22,34,33.0,97.0,7600010.0,DX
2024-11-20 06:05:00+00:00,106.225,106.245,106.225,106.245,11,33.0,97.0,7600010.0,DX
2024-11-20 06:10:00+00:00,106.26,106.265,106.245,106.255,43,33.0,97.0,7600010.0,DX
2024-11-20 06:15:00+00:00,106.26,106.26,106.25,106.25,15,33.0,97.0,7600010.0,DX
2024-11-20 06:20:00+00:00,106.255,106.255,106.245,106.25,4,33.0,97.0,7600010.0,DX
2024-11-20 06:25:00+00:00,106.255,106.255,106.22,106.23,63,33.0,97.0,7600010.0,DX
2024-11-20 06:30:00+00:00,106.23,106.235,106.2,106.2,30,33.0,97.0,7600010.0,DX
2024-11-20 06:35:00+00:00,106.2,106.2,106.175,106.2,43,33.0,97.0,7600010.0,DX
2024-11-20 06:40:00+00:00,106.185,106.185,106.185,106.185,3,33.0,97.0,7600010.0,DX
2024-11-20 06:45:00+00:00,106.19,106.24,106.19,106.24,49,33.0,97.0,7600010.0,DX
2024-11-20 06:50:00+00:00,106.235,106.235,106.23,106.235,7,33.0,97.0,7600010.0,DX
2024-11-20 06:55:00+00:00,106.235,106.245,106.225,106.235,39,33.0,97.0,7600010.0,DX
2024-11-20 07:00:00+00:00,106.24,106.25,106.195,106.22,356,33.0,97.0,7600010.0,DX
2024-11-20 07:05:00+00:00,106.22,106.24,106.205,106.235,47,33.0,97.0,7600010.0,DX
2024-11-20 07:10:00+00:00,106.22,106.23,106.21,106.21,45,33.0,97.0,7600010.0,DX
2024-11-20 07:15:00+00:00,106.19,106.22,106.18,106.22,99,33.0,97.0,7600010.0,DX
2024-11-20 07:20:00+00:00,106.205,106.23,106.185,106.19,48,33.0,97.0,7600010.0,DX
2024-11-20 07:25:00+00:00,106.205,106.26,106.205,106.26,34,33.0,97.0,7600010.0,DX
2024-11-20 07:30:00+00:00,106.27,106.3,106.27,106.295,130,33.0,97.0,7600010.0,DX
2024-11-20 07:35:00+00:00,106.29,106.3,106.275,106.295,33,33.0,97.0,7600010.0,DX
2024-11-20 07:40:00+00:00,106.305,106.31,106.28,106.295,133,33.0,97.0,7600010.0,DX
2024-11-20 07:45:00+00:00,106.295,106.295,106.26,106.26,65,33.0,97.0,7600010.0,DX
2024-11-20 07:50:00+00:00,106.27,106.29,106.26,106.29,53,33.0,97.0,7600010.0,DX
2024-11-20 07:55:00+00:00,106.29,106.33,106.29,106.32,29,33.0,97.0,7600010.0,DX
2024-11-20 08:00:00+00:00,106.325,106.365,106.315,106.365,61,33.0,97.0,7600010.0,DX
2024-11-20 08:05:00+00:00,106.365,106.4,106.35,106.38,148,33.0,97.0,7600010.0,DX
2024-11-20 08:10:00+00:00,106.385,106.415,106.385,106.395,29,33.0,97.0,7600010.0,DX
2024-11-20 08:15:00+00:00,106.385,106.385,106.35,106.36,67,33.0,97.0,7600010.0,DX
2024-11-20 08:20:00+00:00,106.36,106.36,106.345,106.36,38,33.0,97.0,7600010.0,DX
2024-11-20 08:25:00+00:00,106.36,106.385,106.35,106.36,122,33.0,97.0,7600010.0,DX
2024-11-20 08:30:00+00:00,106.365,106.385,106.36,106.37,187,33.0,97.0,7600010.0,DX
2024-11-20 08:35:00+00:00,106.365,106.405,106.35,106.405,139,33.0,97.0,7600010.0,DX
2024-11-20 08:40:00+00:00,106.405,106.435,106.4,106.43,71,33.0,97.0,7600010.0,DX
2024-11-20 08:45:00+00:00,106.425,106.435,106.415,106.425,53,33.0,97.0,7600010.0,DX
2024-11-20 08:50:00+00:00,106.425,106.46,106.425,106.455,60,33.0,97.0,7600010.0,DX
2024-11-20 08:55:00+00:00,106.45,106.45,106.425,106.445,43,33.0,97.0,7600010.0,DX
2024-11-20 09:00:00+00:00,106.44,106.47,106.44,106.455,57,33.0,97.0,7600010.0,DX
2024-11-20 09:05:00+00:00,106.455,106.49,106.45,106.49,96,33.0,97.0,7600010.0,DX
2024-11-20 09:10:00+00:00,106.485,106.485,106.41,106.415,265,33.0,97.0,7600010.0,DX
2024-11-20 09:15:00+00:00,106.415,106.465,106.415,106.45,110,33.0,97.0,7600010.0,DX
2024-11-20 09:20:00+00:00,106.455,106.49,106.45,106.49,44,33.0,97.0,7600010.0,DX
2024-11-20 09:25:00+00:00,106.5,106.51,106.485,106.505,45,33.0,97.0,7600010.0,DX
2024-11-20 09:30:00+00:00,106.505,106.55,106.505,106.55,39,33.0,97.0,7600010.0,DX
2024-11-20 09:35:00+00:00,106.52,106.52,106.465,106.47,242,33.0,97.0,7600010.0,DX
2024-11-20 09:40:00+00:00,106.465,106.485,106.465,106.485,43,33.0,97.0,7600010.0,DX
2024-11-20 09:45:00+00:00,106.485,106.5,106.465,106.475,62,33.0,97.0,7600010.0,DX
2024-11-20 09:50:00+00:00,106.47,106.51,106.47,106.51,43,33.0,97.0,7600010.0,DX
2024-11-20 09:55:00+00:00,106.51,106.54,106.51,106.525,44,33.0,97.0,7600010.0,DX
2024-11-20 10:00:00+00:00,106.525,106.53,106.495,106.515,179,33.0,97.0,7600010.0,DX
2024-11-20 10:05:00+00:00,106.515,106.525,106.48,106.48,10,33.0,97.0,7600010.0,DX
2024-11-20 10:10:00+00:00,106.48,106.515,106.48,106.49,84,33.0,97.0,7600010.0,DX
2024-11-20 10:15:00+00:00,106.505,106.53,106.495,106.53,39,33.0,97.0,7600010.0,DX
2024-11-20 10:20:00+00:00,106.53,106.55,106.52,106.54,73,33.0,97.0,7600010.0,DX
2024-11-20 10:25:00+00:00,106.545,106.545,106.515,106.545,40,33.0,97.0,7600010.0,DX
2024-11-20 10:30:00+00:00,106.56,106.575,106.53,106.565,95,33.0,97.0,7600010.0,DX
2024-11-20 10:35:00+00:00,106.565,106.605,106.2,106.2,37,33.0,97.0,7600010.0,DX
2024-11-20 10:40:00+00:00,106.575,106.59,106.57,106.585,22,33.0,97.0,7600010.0,DX
2024-11-20 10:45:00+00:00,106.575,106.6,106.575,106.6,51,33.0,97.0,7600010.0,DX
2024-11-20 10:50:00+00:00,106.605,106.62,106.575,106.585,107,33.0,97.0,7600010.0,DX
2024-11-20 10:55:00+00:00,106.57,106.59,106.565,106.585,34,33.0,97.0,7600010.0,DX
2024-11-20 11:00:00+00:00,106.585,106.605,106.585,106.605,104,33.0,97.0,7600010.0,DX
2024-11-20 11:05:00+00:00,106.605,106.615,106.585,106.585,25,33.0,97.0,7600010.0,DX
2024-11-20 11:10:00+00:00,106.595,106.61,106.595,106.605,56,33.0,97.0,7600010.0,DX
2024-11-20 11:15:00+00:00,106.615,106.645,106.27,106.27,34,33.0,97.0,7600010.0,DX
2024-11-20 11:20:00+00:00,106.635,106.65,106.61,106.61,20,33.0,97.0,7600010.0,DX
2024-11-20 11:25:00+00:00,106.595,106.595,106.59,106.595,15,33.0,97.0,7600010.0,DX
2024-11-20 11:30:00+00:00,106.6,106.6,106.57,106.57,34,33.0,97.0,7600010.0,DX
2024-11-20 11:35:00+00:00,106.56,106.585,106.55,106.575,36,33.0,97.0,7600010.0,DX
2024-11-20 11:40:00+00:00,106.575,106.59,106.545,106.57,59,33.0,97.0,7600010.0,DX
2024-11-20 11:45:00+00:00,106.585,106.59,106.555,106.555,69,33.0,97.0,7600010.0,DX
2024-11-20 11:50:00+00:00,106.555,106.58,106.555,106.565,55,33.0,97.0,7600010.0,DX
2024-11-20 11:55:00+00:00,106.55,106.57,106.55,106.56,33,33.0,97.0,7600010.0,DX
2024-11-20 12:00:00+00:00,106.555,106.565,106.505,106.505,232,33.0,97.0,7600010.0,DX
2024-11-20 12:05:00+00:00,106.515,106.56,106.515,106.56,14,33.0,97.0,7600010.0,DX
2024-11-20 12:10:00+00:00,106.56,106.565,106.54,106.55,15,33.0,97.0,7600010.0,DX
2024-11-20 12:15:00+00:00,106.55,106.555,106.545,106.545,14,33.0,97.0,7600010.0,DX
2024-11-20 12:20:00+00:00,106.545,106.545,106.52,106.525,36,33.0,97.0,7600010.0,DX
2024-11-20 12:25:00+00:00,106.525,106.525,106.5,106.5,16,33.0,97.0,7600010.0,DX
2024-11-20 12:30:00+00:00,106.51,106.51,106.48,106.505,70,33.0,97.0,7600010.0,DX
2024-11-20 12:35:00+00:00,106.485,106.505,106.48,106.505,14,33.0,97.0,7600010.0,DX
2024-11-20 12:40:00+00:00,106.495,106.495,106.1,106.1,27,33.0,97.0,7600010.0,DX
2024-11-20 12:45:00+00:00,106.455,106.46,106.44,106.45,43,33.0,97.0,7600010.0,DX
2024-11-20 12:50:00+00:00,106.465,106.475,106.465,106.475,22,33.0,97.0,7600010.0,DX
2024-11-20 12:55:00+00:00,106.48,106.495,106.48,106.495,55,33.0,97.0,7600010.0,DX
2024-11-20 13:00:00+00:00,106.485,106.495,106.47,106.47,96,33.0,97.0,7600010.0,DX
2024-11-20 13:05:00+00:00,106.485,106.485,106.465,106.475,139,33.0,97.0,7600010.0,DX
2024-11-20 13:10:00+00:00,106.48,106.505,106.48,106.49,95,33.0,97.0,7600010.0,DX
2024-11-20 13:15:00+00:00,106.505,106.52,106.495,106.52,16,33.0,97.0,7600010.0,DX
2024-11-20 13:20:00+00:00,106.515,106.515,106.475,106.505,137,33.0,97.0,7600010.0,DX
2024-11-20 13:25:00+00:00,106.5,106.53,106.485,106.51,169,33.0,97.0,7600010.0,DX
2024-11-20 13:30:00+00:00,106.52,106.54,106.505,106.505,53,33.0,97.0,7600010.0,DX
2024-11-20 13:35:00+00:00,106.5,106.515,106.485,106.515,163,33.0,97.0,7600010.0,DX
2024-11-20 13:40:00+00:00,106.515,106.54,106.51,106.525,131,33.0,97.0,7600010.0,DX
2024-11-20 13:45:00+00:00,106.53,106.53,106.485,106.485,101,33.0,97.0,7600010.0,DX
2024-11-20 13:50:00+00:00,106.485,106.51,106.485,106.505,81,33.0,97.0,7600010.0,DX
2024-11-20 13:55:00+00:00,106.515,106.52,106.51,106.515,62,33.0,97.0,7600010.0,DX
2024-11-20 14:00:00+00:00,106.51,106.54,106.505,106.535,74,33.0,97.0,7600010.0,DX
2024-11-20 14:05:00+00:00,106.535,106.565,106.53,106.55,149,33.0,97.0,7600010.0,DX
2024-11-20 14:10:00+00:00,106.555,106.565,106.535,106.55,126,33.0,97.0,7600010.0,DX
2024-11-20 14:15:00+00:00,106.555,106.62,106.555,106.62,107,33.0,97.0,7600010.0,DX
2024-11-20 14:20:00+00:00,106.625,106.73,106.62,106.665,578,33.0,97.0,7600010.0,DX
2024-11-20 14:25:00+00:00,106.67,106.685,106.645,106.655,196,33.0,97.0,7600010.0,DX
2024-11-20 14:30:00+00:00,106.655,106.66,106.605,106.635,120,33.0,97.0,7600010.0,DX
2024-11-20 14:35:00+00:00,106.635,106.68,106.635,106.645,114,33.0,97.0,7600010.0,DX
2024-11-20 14:40:00+00:00,106.645,106.665,106.61,106.625,140,33.0,97.0,7600010.0,DX
2024-11-20 14:45:00+00:00,106.62,106.65,106.615,106.65,92,33.0,97.0,7600010.0,DX
2024-11-20 14:50:00+00:00,106.66,106.74,106.66,106.74,382,33.0,97.0,7600010.0,DX
2024-11-20 14:55:00+00:00,106.745,106.77,106.72,106.75,262,33.0,97.0,7600010.0,DX
2024-11-20 15:00:00+00:00,106.745,106.745,106.695,106.705,264,33.0,97.0,7600010.0,DX
2024-11-20 15:05:00+00:00,106.705,106.72,106.675,106.68,116,33.0,97.0,7600010.0,DX
2024-11-20 15:10:00+00:00,106.68,106.68,106.64,106.67,306,33.0,97.0,7600010.0,DX
2024-11-20 15:15:00+00:00,106.685,106.705,106.66,106.68,87,33.0,97.0,7600010.0,DX
2024-11-20 15:20:00+00:00,106.69,106.705,106.66,106.69,117,33.0,97.0,7600010.0,DX
2024-11-20 15:25:00+00:00,106.685,106.69,106.62,106.62,241,33.0,97.0,7600010.0,DX
2024-11-20 15:30:00+00:00,106.615,106.655,106.605,106.64,71,33.0,97.0,7600010.0,DX
2024-11-20 15:35:00+00:00,106.64,106.685,106.64,106.67,88,33.0,97.0,7600010.0,DX
2024-11-20 15:40:00+00:00,106.655,106.695,106.655,106.695,115,33.0,97.0,7600010.0,DX
2024-11-20 15:45:00+00:00,106.7,106.745,106.695,106.735,441,33.0,97.0,7600010.0,DX
2024-11-20 15:50:00+00:00,106.735,106.795,106.735,106.76,142,33.0,97.0,7600010.0,DX
2024-11-20 15:55:00+00:00,106.75,106.79,106.745,106.765,107,33.0,97.0,7600010.0,DX
2024-11-20 16:00:00+00:00,106.755,106.78,106.735,106.75,152,33.0,97.0,7600010.0,DX
2024-11-20 16:05:00+00:00,106.755,106.845,106.755,106.785,206,33.0,97.0,7600010.0,DX
2024-11-20 16:10:00+00:00,106.79,106.865,106.79,106.8,194,33.0,97.0,7600010.0,DX
2024-11-20 16:15:00+00:00,106.79,106.815,106.775,106.815,56,33.0,97.0,7600010.0,DX
2024-11-20 16:20:00+00:00,106.815,106.82,106.775,106.79,164,33.0,97.0,7600010.0,DX
2024-11-20 16:25:00+00:00,106.8,106.84,106.8,106.815,190,33.0,97.0,7600010.0,DX
2024-11-20 16:30:00+00:00,106.81,106.82,106.805,106.82,89,33.0,97.0,7600010.0,DX
2024-11-20 16:35:00+00:00,106.82,106.835,106.805,106.805,90,33.0,97.0,7600010.0,DX
2024-11-20 16:40:00+00:00,106.785,106.815,106.775,106.775,209,33.0,97.0,7600010.0,DX
2024-11-20 16:45:00+00:00,106.77,106.785,106.765,106.765,62,33.0,97.0,7600010.0,DX
2024-11-20 16:50:00+00:00,106.755,106.77,106.725,106.745,168,33.0,97.0,7600010.0,DX
2024-11-20 16:55:00+00:00,106.745,106.77,106.745,106.76,88,33.0,97.0,7600010.0,DX
2024-11-20 17:00:00+00:00,106.77,106.805,106.76,106.795,85,33.0,97.0,7600010.0,DX
2024-11-20 17:05:00+00:00,106.795,106.795,106.765,106.765,21,33.0,97.0,7600010.0,DX
2024-11-20 17:10:00+00:00,106.76,106.76,106.73,106.73,92,33.0,97.0,7600010.0,DX
2024-11-20 17:15:00+00:00,106.735,106.735,106.675,106.675,325,33.0,97.0,7600010.0,DX
2024-11-20 17:20:00+00:00,106.68,106.69,106.335,106.69,138,33.0,97.0,7600010.0,DX
2024-11-20 17:25:00+00:00,106.685,106.69,106.32,106.675,85,33.0,97.0,7600010.0,DX
2024-11-20 17:30:00+00:00,106.68,106.69,106.665,106.68,60,33.0,97.0,7600010.0,DX
2024-11-20 17:35:00+00:00,106.69,106.69,106.65,106.65,53,33.0,97.0,7600010.0,DX
2024-11-20 17:40:00+00:00,106.645,106.665,106.635,106.645,45,33.0,97.0,7600010.0,DX
2024-11-20 17:45:00+00:00,106.625,106.64,106.615,106.625,47,33.0,97.0,7600010.0,DX
2024-11-20 17:50:00+00:00,106.62,106.65,106.62,106.645,52,33.0,97.0,7600010.0,DX
2024-11-20 17:55:00+00:00,106.65,106.665,106.65,106.65,72,33.0,97.0,7600010.0,DX
2024-11-20 18:00:00+00:00,106.645,106.69,106.64,106.67,395,33.0,97.0,7600010.0,DX
2024-11-20 18:05:00+00:00,106.67,106.685,106.655,106.685,60,33.0,97.0,7600010.0,DX
2024-11-20 18:10:00+00:00,106.685,106.695,106.685,106.695,30,33.0,97.0,7600010.0,DX
2024-11-20 18:15:00+00:00,106.7,106.705,106.68,106.68,85,33.0,97.0,7600010.0,DX
2024-11-20 18:20:00+00:00,106.68,106.71,106.66,106.69,718,33.0,97.0,7600010.0,DX
2024-11-20 18:25:00+00:00,106.69,106.725,106.69,106.71,367,33.0,97.0,7600010.0,DX
2024-11-20 18:30:00+00:00,106.705,106.715,106.69,106.7,63,33.0,97.0,7600010.0,DX
2024-11-20 18:35:00+00:00,106.69,106.725,106.68,106.71,70,33.0,97.0,7600010.0,DX
2024-11-20 18:40:00+00:00,106.71,106.72,106.705,106.705,147,33.0,97.0,7600010.0,DX
2024-11-20 18:45:00+00:00,106.71,106.71,106.655,106.67,281,33.0,97.0,7600010.0,DX
2024-11-20 18:50:00+00:00,106.67,106.675,106.65,106.66,53,33.0,97.0,7600010.0,DX
2024-11-20 18:55:00+00:00,106.66,106.66,106.635,106.64,66,33.0,97.0,7600010.0,DX
2024-11-20 19:00:00+00:00,106.635,106.635,106.62,106.625,79,33.0,97.0,7600010.0,DX
2024-11-20 19:05:00+00:00,106.625,106.635,106.615,106.63,70,33.0,97.0,7600010.0,DX
2024-11-20 19:10:00+00:00,106.635,106.635,106.61,106.615,143,33.0,97.0,7600010.0,DX
2024-11-20 19:15:00+00:00,106.615,106.62,106.61,106.62,71,33.0,97.0,7600010.0,DX
2024-11-20 19:20:00+00:00,106.625,106.63,106.62,106.625,28,33.0,97.0,7600010.0,DX
2024-11-20 19:25:00+00:00,106.625,106.625,106.615,106.625,9,33.0,97.0,7600010.0,DX
2024-11-20 19:30:00+00:00,106.625,106.635,106.625,106.635,8,33.0,97.0,7600010.0,DX
2024-11-20 19:35:00+00:00,106.63,106.63,106.62,106.62,20,33.0,97.0,7600010.0,DX
2024-11-20 19:40:00+00:00,106.625,106.635,106.595,106.595,86,33.0,97.0,7600010.0,DX
2024-11-20 19:45:00+00:00,106.6,106.61,106.6,106.6,70,33.0,97.0,7600010.0,DX
2024-11-20 19:50:00+00:00,106.595,106.615,106.595,106.605,42,33.0,97.0,7600010.0,DX
2024-11-20 19:55:00+00:00,106.61,106.63,106.61,106.615,148,33.0,97.0,7600010.0,DX
2024-11-20 20:00:00+00:00,106.63,106.65,106.63,106.64,28,33.0,97.0,7600010.0,DX
2024-11-20 20:05:00+00:00,106.635,106.645,106.63,106.635,33,33.0,97.0,7600010.0,DX
2024-11-20 20:10:00+00:00,106.64,106.64,106.63,106.63,37,33.0,97.0,7600010.0,DX
2024-11-20 20:15:00+00:00,106.625,106.64,106.62,106.635,27,33.0,97.0,7600010.0,DX
2024-11-20 20:20:00+00:00,106.64,106.655,106.635,106.64,51,33.0,97.0,7600010.0,DX
2024-11-20 20:25:00+00:00,106.64,106.645,106.635,106.635,20,33.0,97.0,7600010.0,DX
2024-11-20 20:30:00+00:00,106.64,106.645,106.635,106.64,20,33.0,97.0,7600010.0,DX
2024-11-20 20:35:00+00:00,106.645,106.655,106.64,106.655,18,33.0,97.0,7600010.0,DX
2024-11-20 20:40:00+00:00,106.645,106.645,106.635,106.635,24,33.0,97.0,7600010.0,DX
2024-11-20 20:45:00+00:00,106.64,106.655,106.635,106.645,24,33.0,97.0,7600010.0,DX
2024-11-20 20:50:00+00:00,106.64,106.64,106.63,106.63,15,33.0,97.0,7600010.0,DX
2024-11-20 20:55:00+00:00,106.635,106.645,106.63,106.64,26,33.0,97.0,7600010.0,DX
2024-11-20 21:00:00+00:00,106.63,106.645,106.63,106.635,22,33.0,97.0,7600010.0,DX
2024-11-20 21:05:00+00:00,106.635,106.635,106.63,106.63,9,33.0,97.0,7600010.0,DX
2024-11-20 21:10:00+00:00,106.63,106.63,106.615,106.615,18,33.0,97.0,7600010.0,DX
2024-11-20 21:15:00+00:00,106.62,106.625,106.615,106.62,21,33.0,97.0,7600010.0,DX
2024-11-20 21:20:00+00:00,106.62,106.62,106.615,106.615,5,33.0,97.0,7600010.0,DX
2024-11-20 21:25:00+00:00,106.605,106.605,106.595,106.6,5,33.0,97.0,7600010.0,DX
2024-11-20 21:30:00+00:00,106.605,106.62,106.605,106.62,28,33.0,97.0,7600010.0,DX
2024-11-20 21:35:00+00:00,106.63,106.635,106.63,106.63,19,33.0,97.0,7600010.0,DX
2024-11-20 21:40:00+00:00,106.635,106.635,106.635,106.635,7,33.0,97.0,7600010.0,DX
2024-11-20 21:45:00+00:00,106.625,106.625,106.59,106.59,16,33.0,97.0,7600010.0,DX
2024-11-20 21:50:00+00:00,106.595,106.6,106.59,106.6,9,33.0,97.0,7600010.0,DX
2024-11-20 21:55:00+00:00,106.595,106.6,106.59,106.6,15,33.0,97.0,7600010.0,DX
2024-11-21 01:00:00+00:00,106.555,106.555,106.525,106.535,49,33.0,97.0,7600010.0,DX
2024-11-21 01:05:00+00:00,106.535,106.545,106.535,106.535,22,33.0,97.0,7600010.0,DX
2024-11-21 01:10:00+00:00,106.535,106.535,106.52,106.525,18,33.0,97.0,7600010.0,DX
2024-11-21 01:15:00+00:00,106.52,106.53,106.5,106.51,41,33.0,97.0,7600010.0,DX
2024-11-21 01:20:00+00:00,106.515,106.515,106.505,106.51,6,33.0,97.0,7600010.0,DX
2024-11-21 01:25:00+00:00,106.505,106.53,106.505,106.53,13,33.0,97.0,7600010.0,DX
2024-11-21 01:30:00+00:00,106.525,106.54,106.525,106.54,17,33.0,97.0,7600010.0,DX
2024-11-21 01:35:00+00:00,106.54,106.54,106.52,106.53,17,33.0,97.0,7600010.0,DX
2024-11-21 01:40:00+00:00,106.53,106.53,106.51,106.515,32,33.0,97.0,7600010.0,DX
2024-11-21 01:45:00+00:00,106.515,106.52,106.51,106.52,9,33.0,97.0,7600010.0,DX
2024-11-21 01:50:00+00:00,106.525,106.55,106.525,106.55,17,33.0,97.0,7600010.0,DX
2024-11-21 01:55:00+00:00,106.55,106.555,106.55,106.55,26,33.0,97.0,7600010.0,DX
2024-11-21 02:00:00+00:00,106.54,106.54,106.18,106.535,40,33.0,97.0,7600010.0,DX
2024-11-21 02:05:00+00:00,106.535,106.535,106.52,106.525,42,33.0,97.0,7600010.0,DX
2024-11-21 02:10:00+00:00,106.52,106.525,106.51,106.51,37,33.0,97.0,7600010.0,DX
2024-11-21 02:15:00+00:00,106.51,106.53,106.51,106.53,61,33.0,97.0,7600010.0,DX
2024-11-21 02:20:00+00:00,106.53,106.53,106.515,106.525,24,33.0,97.0,7600010.0,DX
2024-11-21 02:25:00+00:00,106.525,106.525,106.515,106.52,19,33.0,97.0,7600010.0,DX
2024-11-21 02:30:00+00:00,106.515,106.53,106.515,106.53,8,33.0,97.0,7600010.0,DX
2024-11-21 02:35:00+00:00,106.525,106.53,106.525,106.525,23,33.0,97.0,7600010.0,DX
2024-11-21 02:40:00+00:00,106.525,106.53,106.515,106.515,26,33.0,97.0,7600010.0,DX
2024-11-21 02:45:00+00:00,106.52,106.52,106.51,106.51,30,33.0,97.0,7600010.0,DX
2024-11-21 02:50:00+00:00,106.515,106.52,106.51,106.52,46,33.0,97.0,7600010.0,DX
2024-11-21 02:55:00+00:00,106.515,106.515,106.51,106.515,8,33.0,97.0,7600010.0,DX
2024-11-21 03:00:00+00:00,106.515,106.515,106.505,106.515,33,33.0,97.0,7600010.0,DX
2024-11-21 03:05:00+00:00,106.515,106.53,106.515,106.53,60,33.0,97.0,7600010.0,DX
2024-11-21 03:10:00+00:00,106.535,106.535,106.53,106.53,24,33.0,97.0,7600010.0,DX
2024-11-21 03:15:00+00:00,106.525,106.53,106.525,106.525,14,33.0,97.0,7600010.0,DX
2024-11-21 03:20:00+00:00,106.53,106.535,106.52,106.52,16,33.0,97.0,7600010.0,DX
2024-11-21 03:30:00+00:00,106.51,106.52,106.51,106.51,11,33.0,97.0,7600010.0,DX
2024-11-21 03:35:00+00:00,106.5,106.5,106.485,106.49,26,33.0,97.0,7600010.0,DX
2024-11-21 03:40:00+00:00,106.485,106.5,106.48,106.5,101,33.0,97.0,7600010.0,DX
2024-11-21 03:45:00+00:00,106.505,106.505,106.5,106.5,17,33.0,97.0,7600010.0,DX
2024-11-21 03:50:00+00:00,106.495,106.495,106.48,106.48,61,33.0,97.0,7600010.0,DX
2024-11-21 03:55:00+00:00,106.475,106.48,106.475,106.475,23,33.0,97.0,7600010.0,DX
2024-11-21 04:00:00+00:00,106.475,106.475,106.46,106.465,38,33.0,97.0,7600010.0,DX
2024-11-21 04:05:00+00:00,106.47,106.485,106.47,106.48,32,33.0,97.0,7600010.0,DX
2024-11-21 04:10:00+00:00,106.48,106.485,106.475,106.48,10,33.0,97.0,7600010.0,DX
2024-11-21 04:15:00+00:00,106.495,106.5,106.495,106.5,14,33.0,97.0,7600010.0,DX
2024-11-21 04:20:00+00:00,106.5,106.505,106.5,106.5,4,33.0,97.0,7600010.0,DX
2024-11-21 04:25:00+00:00,106.505,106.505,106.505,106.505,14,33.0,97.0,7600010.0,DX
2024-11-21 04:30:00+00:00,106.5,106.5,106.49,106.49,8,33.0,97.0,7600010.0,DX
2024-11-21 04:35:00+00:00,106.485,106.5,106.485,106.5,16,33.0,97.0,7600010.0,DX
2024-11-21 04:40:00+00:00,106.505,106.505,106.5,106.5,7,33.0,97.0,7600010.0,DX
2024-11-21 04:45:00+00:00,106.51,106.51,106.505,106.505,18,33.0,97.0,7600010.0,DX
2024-11-21 04:50:00+00:00,106.51,106.525,106.51,106.525,20,33.0,97.0,7600010.0,DX
2024-11-21 04:55:00+00:00,106.505,106.505,106.5,106.5,14,33.0,97.0,7600010.0,DX
2024-11-21 05:00:00+00:00,106.5,106.505,106.5,106.505,19,33.0,97.0,7600010.0,DX
2024-11-21 05:05:00+00:00,106.505,106.515,106.5,106.515,15,33.0,97.0,7600010.0,DX
2024-11-21 05:10:00+00:00,106.51,106.52,106.51,106.52,10,33.0,97.0,7600010.0,DX
2024-11-21 05:15:00+00:00,106.53,106.53,106.52,106.525,8,33.0,97.0,7600010.0,DX
2024-11-21 05:20:00+00:00,106.525,106.525,106.525,106.525,1,33.0,97.0,7600010.0,DX
2024-11-21 05:25:00+00:00,106.51,106.525,106.51,106.515,13,33.0,97.0,7600010.0,DX
2024-11-21 05:30:00+00:00,106.52,106.53,106.52,106.53,6,33.0,97.0,7600010.0,DX
2024-11-21 05:35:00+00:00,106.54,106.55,106.54,106.545,8,33.0,97.0,7600010.0,DX
2024-11-21 05:40:00+00:00,106.545,106.545,106.535,106.545,12,33.0,97.0,7600010.0,DX
2024-11-21 05:45:00+00:00,106.54,106.545,106.53,106.545,23,33.0,97.0,7600010.0,DX
2024-11-21 05:50:00+00:00,106.54,106.54,106.535,106.54,7,33.0,97.0,7600010.0,DX
2024-11-21 05:55:00+00:00,106.54,106.54,106.53,106.54,5,33.0,97.0,7600010.0,DX
2024-11-21 06:00:00+00:00,106.55,106.555,106.535,106.535,17,33.0,97.0,7600010.0,DX
2024-11-21 06:05:00+00:00,106.53,106.545,106.53,106.53,19,33.0,97.0,7600010.0,DX
2024-11-21 06:10:00+00:00,106.525,106.525,106.445,106.445,226,33.0,97.0,7600010.0,DX
2024-11-21 06:15:00+00:00,106.445,106.465,106.43,106.455,70,33.0,97.0,7600010.0,DX
2024-11-21 06:20:00+00:00,106.46,106.495,106.455,106.495,33,33.0,97.0,7600010.0,DX
2024-11-21 06:25:00+00:00,106.495,106.505,106.49,106.5,17,33.0,97.0,7600010.0,DX
2024-11-21 06:30:00+00:00,106.5,106.53,106.5,106.53,129,33.0,97.0,7600010.0,DX
2024-11-21 06:35:00+00:00,106.525,106.55,106.525,106.535,78,33.0,97.0,7600010.0,DX
2024-11-21 06:40:00+00:00,106.52,106.52,106.49,106.495,54,33.0,97.0,7600010.0,DX
2024-11-21 06:45:00+00:00,106.495,106.525,106.49,106.525,92,33.0,97.0,7600010.0,DX
2024-11-21 06:50:00+00:00,106.53,106.53,106.51,106.52,21,33.0,97.0,7600010.0,DX
2024-11-21 06:55:00+00:00,106.525,106.53,106.525,106.53,17,33.0,97.0,7600010.0,DX
2024-11-21 07:00:00+00:00,106.515,106.55,106.51,106.535,34,33.0,97.0,7600010.0,DX
2024-11-21 07:05:00+00:00,106.535,106.59,106.515,106.59,55,33.0,97.0,7600010.0,DX
2024-11-21 07:10:00+00:00,106.585,106.61,106.585,106.605,100,33.0,97.0,7600010.0,DX
2024-11-21 07:15:00+00:00,106.605,106.61,106.58,106.61,69,33.0,97.0,7600010.0,DX
2024-11-21 07:20:00+00:00,106.605,106.615,106.575,106.585,47,33.0,97.0,7600010.0,DX
2024-11-21 07:25:00+00:00,106.575,106.605,106.57,106.595,325,33.0,97.0,7600010.0,DX
2024-11-21 07:30:00+00:00,106.6,106.625,106.585,106.615,146,33.0,97.0,7600010.0,DX
2024-11-21 07:35:00+00:00,106.615,106.625,106.59,106.61,55,33.0,97.0,7600010.0,DX
2024-11-21 07:40:00+00:00,106.61,106.615,106.585,106.585,82,33.0,97.0,7600010.0,DX
2024-11-21 07:45:00+00:00,106.58,106.595,106.575,106.58,114,33.0,97.0,7600010.0,DX
2024-11-21 07:50:00+00:00,106.58,106.6,106.57,106.575,78,33.0,97.0,7600010.0,DX
2024-11-21 07:55:00+00:00,106.575,106.6,106.56,106.59,66,33.0,97.0,7600010.0,DX
2024-11-21 08:00:00+00:00,106.59,106.6,106.58,106.58,84,33.0,97.0,7600010.0,DX
2024-11-21 08:05:00+00:00,106.58,106.6,106.575,106.58,101,33.0,97.0,7600010.0,DX
2024-11-21 08:10:00+00:00,106.585,106.59,106.58,106.58,58,33.0,97.0,7600010.0,DX
2024-11-21 08:15:00+00:00,106.585,106.585,106.555,106.575,55,33.0,97.0,7600010.0,DX
2024-11-21 08:20:00+00:00,106.575,106.605,106.57,106.605,145,33.0,97.0,7600010.0,DX
2024-11-21 08:25:00+00:00,106.61,106.625,106.6,106.625,93,33.0,97.0,7600010.0,DX
2024-11-21 08:30:00+00:00,106.625,106.63,106.605,106.62,81,33.0,97.0,7600010.0,DX
2024-11-21 08:35:00+00:00,106.62,106.635,106.605,106.62,105,33.0,97.0,7600010.0,DX
2024-11-21 08:40:00+00:00,106.615,106.62,106.575,106.59,93,33.0,97.0,7600010.0,DX
2024-11-21 08:45:00+00:00,106.58,106.58,106.55,106.55,51,33.0,97.0,7600010.0,DX
2024-11-21 08:50:00+00:00,106.545,106.56,106.51,106.52,82,33.0,97.0,7600010.0,DX
2024-11-21 08:55:00+00:00,106.52,106.52,106.495,106.515,227,33.0,97.0,7600010.0,DX
2024-11-21 09:00:00+00:00,106.52,106.54,106.51,106.525,113,33.0,97.0,7600010.0,DX
2024-11-21 09:05:00+00:00,106.53,106.555,106.515,106.545,185,33.0,97.0,7600010.0,DX
2024-11-21 09:10:00+00:00,106.54,106.555,106.52,106.55,83,33.0,97.0,7600010.0,DX
2024-11-21 09:15:00+00:00,106.555,106.58,106.54,106.58,139,33.0,97.0,7600010.0,DX
2024-11-21 09:20:00+00:00,106.59,106.675,106.585,106.675,90,33.0,97.0,7600010.0,DX
2024-11-21 09:25:00+00:00,106.67,106.67,106.62,106.64,145,33.0,97.0,7600010.0,DX
2024-11-21 09:30:00+00:00,106.635,106.675,106.615,106.665,137,33.0,97.0,7600010.0,DX
2024-11-21 09:35:00+00:00,106.685,106.685,106.64,106.64,65,33.0,97.0,7600010.0,DX
2024-11-21 09:40:00+00:00,106.64,106.69,106.635,106.68,55,33.0,97.0,7600010.0,DX
2024-11-21 09:45:00+00:00,106.69,106.695,106.66,106.66,113,33.0,97.0,7600010.0,DX
2024-11-21 09:50:00+00:00,106.665,106.685,106.66,106.68,70,33.0,97.0,7600010.0,DX
2024-11-21 09:55:00+00:00,106.67,106.695,106.665,106.68,24,33.0,97.0,7600010.0,DX
2024-11-21 10:00:00+00:00,106.69,106.695,106.65,106.68,46,33.0,97.0,7600010.0,DX
2024-11-21 10:05:00+00:00,106.68,106.68,106.65,106.665,22,33.0,97.0,7600010.0,DX
2024-11-21 10:10:00+00:00,106.67,106.695,106.67,106.695,25,33.0,97.0,7600010.0,DX
2024-11-21 10:15:00+00:00,106.665,106.68,106.655,106.655,10,33.0,97.0,7600010.0,DX
2024-11-21 10:20:00+00:00,106.665,106.67,106.66,106.66,21,33.0,97.0,7600010.0,DX
2024-11-21 10:25:00+00:00,106.655,106.69,106.655,106.675,50,33.0,97.0,7600010.0,DX
2024-11-21 10:30:00+00:00,106.68,106.685,106.655,106.655,31,33.0,97.0,7600010.0,DX
2024-11-21 10:35:00+00:00,106.65,106.65,106.625,106.625,149,33.0,97.0,7600010.0,DX
2024-11-21 10:40:00+00:00,106.62,106.62,106.585,106.61,77,33.0,97.0,7600010.0,DX
2024-11-21 10:45:00+00:00,106.635,106.665,106.625,106.665,39,33.0,97.0,7600010.0,DX
2024-11-21 10:50:00+00:00,106.675,106.68,106.655,106.665,48,33.0,97.0,7600010.0,DX
2024-11-21 10:55:00+00:00,106.67,106.68,106.655,106.655,36,33.0,97.0,7600010.0,DX
2024-11-21 11:00:00+00:00,106.645,106.675,106.645,106.67,56,33.0,97.0,7600010.0,DX
2024-11-21 11:05:00+00:00,106.665,106.68,106.66,106.68,17,33.0,97.0,7600010.0,DX
2024-11-21 11:10:00+00:00,106.685,106.685,106.64,106.64,30,33.0,97.0,7600010.0,DX
2024-11-21 11:15:00+00:00,106.64,106.64,106.61,106.62,115,33.0,97.0,7600010.0,DX
2024-11-21 11:20:00+00:00,106.615,106.615,106.6,106.61,30,33.0,97.0,7600010.0,DX
2024-11-21 11:25:00+00:00,106.615,106.615,106.565,106.585,63,33.0,97.0,7600010.0,DX
2024-11-21 11:30:00+00:00,106.58,106.615,106.575,106.61,79,33.0,97.0,7600010.0,DX
2024-11-21 11:35:00+00:00,106.61,106.645,106.61,106.64,115,33.0,97.0,7600010.0,DX
2024-11-21 11:40:00+00:00,106.63,106.655,106.63,106.65,315,33.0,97.0,7600010.0,DX
2024-11-21 11:45:00+00:00,106.65,106.68,106.635,106.665,78,33.0,97.0,7600010.0,DX
2024-11-21 11:50:00+00:00,106.66,106.685,106.655,106.685,36,33.0,97.0,7600010.0,DX
2024-11-21 11:55:00+00:00,106.685,106.685,106.66,106.665,93,33.0,97.0,7600010.0,DX
2024-11-21 12:00:00+00:00,106.66,106.675,106.64,106.655,188,33.0,97.0,7600010.0,DX
2024-11-21 12:05:00+00:00,106.655,106.66,106.65,106.655,63,33.0,97.0,7600010.0,DX
2024-11-21 12:10:00+00:00,106.655,106.665,106.65,106.665,15,33.0,97.0,7600010.0,DX
2024-11-21 12:15:00+00:00,106.655,106.685,106.655,106.675,40,33.0,97.0,7600010.0,DX
2024-11-21 12:20:00+00:00,106.675,106.69,106.67,106.68,55,33.0,97.0,7600010.0,DX
2024-11-21 12:25:00+00:00,106.675,106.69,106.67,106.68,31,33.0,97.0,7600010.0,DX
2024-11-21 12:30:00+00:00,106.68,106.68,106.655,106.655,73,33.0,97.0,7600010.0,DX
2024-11-21 12:35:00+00:00,106.66,106.66,106.625,106.635,85,33.0,97.0,7600010.0,DX
2024-11-21 12:40:00+00:00,106.635,106.635,106.59,106.59,36,33.0,97.0,7600010.0,DX
2024-11-21 12:45:00+00:00,106.59,106.605,106.555,106.555,206,33.0,97.0,7600010.0,DX
2024-11-21 12:50:00+00:00,106.555,106.555,106.53,106.535,64,33.0,97.0,7600010.0,DX
2024-11-21 12:55:00+00:00,106.55,106.615,106.55,106.6,94,33.0,97.0,7600010.0,DX
2024-11-21 13:00:00+00:00,106.6,106.635,106.6,106.625,54,33.0,97.0,7600010.0,DX
2024-11-21 13:05:00+00:00,106.625,106.625,106.605,106.62,45,33.0,97.0,7600010.0,DX
2024-11-21 13:10:00+00:00,106.625,106.625,106.595,106.6,52,33.0,97.0,7600010.0,DX
2024-11-21 13:15:00+00:00,106.59,106.625,106.585,106.625,67,33.0,97.0,7600010.0,DX
2024-11-21 13:20:00+00:00,106.625,106.655,106.615,106.615,91,33.0,97.0,7600010.0,DX
2024-11-21 13:25:00+00:00,106.63,106.66,106.63,106.66,25,33.0,97.0,7600010.0,DX
2024-11-21 13:30:00+00:00,106.67,106.7,106.56,106.565,280,33.0,97.0,7600010.0,DX
2024-11-21 13:35:00+00:00,106.565,106.565,106.485,106.5,194,33.0,97.0,7600010.0,DX
2024-11-21 13:40:00+00:00,106.5,106.54,106.49,106.525,128,33.0,97.0,7600010.0,DX
2024-11-21 13:45:00+00:00,106.53,106.555,106.51,106.54,215,33.0,97.0,7600010.0,DX
2024-11-21 13:50:00+00:00,106.53,106.58,106.49,106.545,180,33.0,97.0,7600010.0,DX
2024-11-21 13:55:00+00:00,106.535,106.545,106.52,106.545,158,33.0,97.0,7600010.0,DX
2024-11-21 14:00:00+00:00,106.545,106.56,106.53,106.56,223,33.0,97.0,7600010.0,DX
2024-11-21 14:05:00+00:00,106.565,106.625,106.56,106.625,105,33.0,97.0,7600010.0,DX
2024-11-21 14:10:00+00:00,106.625,106.64,106.61,106.625,161,33.0,97.0,7600010.0,DX
2024-11-21 14:15:00+00:00,106.625,106.66,106.6,106.615,229,33.0,97.0,7600010.0,DX
2024-11-21 14:20:00+00:00,106.61,106.635,106.6,106.61,203,33.0,97.0,7600010.0,DX
2024-11-21 14:25:00+00:00,106.61,106.62,106.59,106.62,67,33.0,97.0,7600010.0,DX
2024-11-21 14:30:00+00:00,106.61,106.62,106.59,106.59,111,33.0,97.0,7600010.0,DX
2024-11-21 14:35:00+00:00,106.59,106.625,106.57,106.62,147,33.0,97.0,7600010.0,DX
2024-11-21 14:40:00+00:00,106.62,106.63,106.55,106.55,128,33.0,97.0,7600010.0,DX
2024-11-21 14:45:00+00:00,106.55,106.59,106.545,106.59,170,33.0,97.0,7600010.0,DX
2024-11-21 14:50:00+00:00,106.595,106.6,106.535,106.55,100,33.0,97.0,7600010.0,DX
2024-11-21 14:55:00+00:00,106.55,106.555,106.51,106.51,102,33.0,97.0,7600010.0,DX
2024-11-21 15:00:00+00:00,106.5,106.515,106.455,106.465,114,33.0,97.0,7600010.0,DX
2024-11-21 15:05:00+00:00,106.46,106.48,106.41,106.42,149,33.0,97.0,7600010.0,DX
2024-11-21 15:10:00+00:00,106.425,106.505,106.42,106.49,159,33.0,97.0,7600010.0,DX
2024-11-21 15:15:00+00:00,106.485,106.51,106.455,106.48,259,33.0,97.0,7600010.0,DX
2024-11-21 15:20:00+00:00,106.495,106.5,106.465,106.465,90,33.0,97.0,7600010.0,DX
2024-11-21 15:25:00+00:00,106.46,106.51,106.46,106.51,153,33.0,97.0,7600010.0,DX
2024-11-21 15:30:00+00:00,106.51,106.55,106.5,106.51,280,33.0,97.0,7600010.0,DX
2024-11-21 15:35:00+00:00,106.51,106.52,106.49,106.515,89,33.0,97.0,7600010.0,DX
2024-11-21 15:40:00+00:00,106.515,106.55,106.51,106.55,76,33.0,97.0,7600010.0,DX
2024-11-21 15:45:00+00:00,106.55,106.63,106.55,106.61,116,33.0,97.0,7600010.0,DX
2024-11-21 15:50:00+00:00,106.605,106.69,106.605,106.665,189,33.0,97.0,7600010.0,DX
2024-11-21 15:55:00+00:00,106.66,106.715,106.655,106.715,343,33.0,97.0,7600010.0,DX
2024-11-21 16:00:00+00:00,106.715,106.735,106.685,106.72,299,33.0,97.0,7600010.0,DX
2024-11-21 16:05:00+00:00,106.72,106.81,106.72,106.77,296,33.0,97.0,7600010.0,DX
2024-11-21 16:10:00+00:00,106.765,106.825,106.72,106.775,531,33.0,97.0,7600010.0,DX
2024-11-21 16:15:00+00:00,106.78,107.005,106.78,106.925,1234,33.0,97.0,7600010.0,DX
2024-11-21 16:20:00+00:00,106.92,106.985,106.875,106.885,953,33.0,97.0,7600010.0,DX
2024-11-21 16:25:00+00:00,106.89,106.93,106.885,106.895,261,33.0,97.0,7600010.0,DX
2024-11-21 16:30:00+00:00,106.88,106.91,106.87,106.905,382,33.0,97.0,7600010.0,DX
2024-11-21 16:35:00+00:00,106.915,106.94,106.895,106.895,180,33.0,97.0,7600010.0,DX
2024-11-21 16:40:00+00:00,106.885,106.985,106.88,106.98,275,33.0,97.0,7600010.0,DX
2024-11-21 16:45:00+00:00,106.99,107.025,106.975,107.005,361,33.0,97.0,7600010.0,DX
2024-11-21 16:50:00+00:00,106.995,107.015,106.965,106.98,167,33.0,97.0,7600010.0,DX
2024-11-21 16:55:00+00:00,106.97,107.045,106.97,107.02,145,33.0,97.0,7600010.0,DX
2024-11-21 17:00:00+00:00,107.025,107.115,107.025,107.1,219,33.0,97.0,7600010.0,DX
2024-11-21 17:05:00+00:00,107.1,107.115,107.055,107.065,96,33.0,97.0,7600010.0,DX
2024-11-21 17:10:00+00:00,107.06,107.07,107.01,107.07,406,33.0,97.0,7600010.0,DX
2024-11-21 17:15:00+00:00,107.07,107.105,107.055,107.055,160,33.0,97.0,7600010.0,DX
2024-11-21 17:20:00+00:00,107.05,107.05,106.985,106.99,210,33.0,97.0,7600010.0,DX
2024-11-21 17:25:00+00:00,106.995,107.02,106.985,107.0,114,33.0,97.0,7600010.0,DX
2024-11-21 17:30:00+00:00,106.995,107.005,106.96,107.0,74,33.0,97.0,7600010.0,DX
2024-11-21 17:35:00+00:00,106.64,107.005,106.64,106.965,149,33.0,97.0,7698408.0,DX
2024-11-21 17:40:00+00:00,106.965,106.965,106.925,106.94,179,33.0,97.0,7600010.0,DX
2024-11-21 17:45:00+00:00,106.945,106.955,106.895,106.91,131,33.0,97.0,7600010.0,DX
2024-11-21 17:50:00+00:00,106.92,106.93,106.9,106.9,84,33.0,97.0,7600010.0,DX
2024-11-21 17:55:00+00:00,106.9,106.91,106.89,106.895,81,33.0,97.0,7600010.0,DX
2024-11-21 18:00:00+00:00,106.9,106.935,106.89,106.935,50,33.0,97.0,7600010.0,DX
2024-11-21 18:05:00+00:00,106.945,106.985,106.94,106.95,112,33.0,97.0,7600010.0,DX
2024-11-21 18:10:00+00:00,106.95,106.95,106.905,106.905,71,33.0,97.0,7600010.0,DX
2024-11-21 18:15:00+00:00,106.9,106.905,106.885,106.89,89,33.0,97.0,7600010.0,DX
2024-11-21 18:20:00+00:00,106.895,106.92,106.89,106.905,49,33.0,97.0,7600010.0,DX
2024-11-21 18:25:00+00:00,106.905,106.945,106.905,106.945,43,33.0,97.0,7600010.0,DX
2024-11-21 18:30:00+00:00,106.955,106.96,106.925,106.925,75,33.0,97.0,7600010.0,DX
2024-11-21 18:35:00+00:00,106.92,106.95,106.92,106.945,55,33.0,97.0,7600010.0,DX
2024-11-21 18:40:00+00:00,106.95,106.95,106.91,106.925,45,33.0,97.0,7600010.0,DX
2024-11-21 18:45:00+00:00,106.93,106.945,106.925,106.935,47,33.0,97.0,7600010.0,DX
2024-11-21 18:50:00+00:00,106.94,106.945,106.915,106.915,144,33.0,97.0,7600010.0,DX
2024-11-21 18:55:00+00:00,106.905,106.92,106.9,106.92,25,33.0,97.0,7600010.0,DX
2024-11-21 19:00:00+00:00,106.92,106.935,106.91,106.935,79,33.0,97.0,7600010.0,DX
2024-11-21 19:05:00+00:00,106.935,106.96,106.935,106.955,36,33.0,97.0,7600010.0,DX
2024-11-21 19:10:00+00:00,106.965,107.0,106.96,106.975,68,33.0,97.0,7600010.0,DX
2024-11-21 19:15:00+00:00,106.98,106.995,106.98,106.995,30,33.0,97.0,7600010.0,DX
2024-11-21 19:20:00+00:00,107.005,107.025,106.99,106.99,131,33.0,97.0,7600010.0,DX
2024-11-21 19:25:00+00:00,106.985,107.005,106.965,106.995,65,33.0,97.0,7600010.0,DX
2024-11-21 19:30:00+00:00,107.0,107.005,106.99,106.995,23,33.0,97.0,7600010.0,DX
2024-11-21 19:35:00+00:00,107.0,107.005,106.97,106.97,71,33.0,97.0,7600010.0,DX
2024-11-21 19:40:00+00:00,106.97,106.97,106.94,106.94,45,33.0,97.0,7600010.0,DX
2024-11-21 19:45:00+00:00,106.94,106.965,106.94,106.96,38,33.0,97.0,7600010.0,DX
2024-11-21 19:50:00+00:00,106.95,106.95,106.935,106.94,70,33.0,97.0,7600010.0,DX
2024-11-21 19:55:00+00:00,106.94,106.94,106.915,106.93,164,33.0,97.0,7600010.0,DX
2024-11-21 20:00:00+00:00,106.93,106.93,106.905,106.915,59,33.0,97.0,7600010.0,DX
2024-11-21 20:05:00+00:00,106.91,106.935,106.91,106.935,98,33.0,97.0,7600010.0,DX
2024-11-21 20:10:00+00:00,106.93,106.945,106.925,106.94,19,33.0,97.0,7600010.0,DX
2024-11-21 20:15:00+00:00,106.945,106.975,106.945,106.97,41,33.0,97.0,7600010.0,DX
2024-11-21 20:20:00+00:00,106.975,106.975,106.965,106.97,173,33.0,97.0,7600010.0,DX
2024-11-21 20:25:00+00:00,106.975,106.98,106.965,106.97,100,33.0,97.0,7600010.0,DX
2024-11-21 20:30:00+00:00,106.97,106.98,106.955,106.965,26,33.0,97.0,7600010.0,DX
2024-11-21 20:35:00+00:00,106.975,106.98,106.97,106.98,19,33.0,97.0,7600010.0,DX
2024-11-21 20:40:00+00:00,106.975,106.99,106.975,106.99,71,33.0,97.0,7600010.0,DX
2024-11-21 20:45:00+00:00,106.985,106.99,106.98,106.98,40,33.0,97.0,7600010.0,DX
2024-11-21 20:50:00+00:00,106.98,106.98,106.95,106.955,41,33.0,97.0,7600010.0,DX
2024-11-21 20:55:00+00:00,106.955,106.985,106.95,106.975,84,33.0,97.0,7600010.0,DX
2024-11-21 21:00:00+00:00,106.98,106.98,106.965,106.975,51,33.0,97.0,7600010.0,DX
2024-11-21 21:05:00+00:00,106.98,106.98,106.975,106.98,16,33.0,97.0,7600010.0,DX
2024-11-21 21:10:00+00:00,106.985,107.005,106.985,107.005,31,33.0,97.0,7600010.0,DX
2024-11-21 21:15:00+00:00,107.005,107.005,107.0,107.0,11,33.0,97.0,7600010.0,DX
2024-11-21 21:20:00+00:00,107.005,107.01,107.005,107.01,22,33.0,97.0,7600010.0,DX
2024-11-21 21:25:00+00:00,107.01,107.015,107.01,107.015,10,33.0,97.0,7600010.0,DX
2024-11-21 21:30:00+00:00,107.02,107.025,107.02,107.025,11,33.0,97.0,7600010.0,DX
2024-11-21 21:35:00+00:00,107.025,107.035,107.025,107.035,14,33.0,97.0,7600010.0,DX
2024-11-21 21:40:00+00:00,107.035,107.035,107.03,107.03,9,33.0,97.0,7600010.0,DX
2024-11-21 21:45:00+00:00,107.03,107.035,107.03,107.035,14,33.0,97.0,7600010.0,DX
2024-11-21 21:50:00+00:00,107.035,107.04,107.035,107.035,26,33.0,97.0,7600010.0,DX
2024-11-21 21:55:00+00:00,107.035,107.04,107.02,107.03,18,33.0,97.0,7600010.0,DX
2024-11-22 01:00:00+00:00,106.995,107.005,106.98,106.98,107,33.0,97.0,7600010.0,DX
2024-11-22 01:05:00+00:00,106.99,107.005,106.975,107.005,27,33.0,97.0,7600010.0,DX
2024-11-22 01:10:00+00:00,107.005,107.005,106.985,106.99,15,33.0,97.0,7600010.0,DX
2024-11-22 01:15:00+00:00,106.98,106.99,106.975,106.98,20,33.0,97.0,7600010.0,DX
2024-11-22 01:20:00+00:00,106.99,107.005,106.985,107.005,27,33.0,97.0,7600010.0,DX
2024-11-22 01:25:00+00:00,106.995,107.01,106.99,107.0,27,33.0,97.0,7600010.0,DX
2024-11-22 01:30:00+00:00,107.005,107.015,106.99,106.99,25,33.0,97.0,7600010.0,DX
2024-11-22 01:35:00+00:00,106.995,107.015,106.99,107.015,19,33.0,97.0,7600010.0,DX
2024-11-22 01:40:00+00:00,107.0,107.0,107.0,107.0,1,33.0,97.0,7600010.0,DX
2024-11-22 01:45:00+00:00,107.01,107.01,107.0,107.0,2,33.0,97.0,7600010.0,DX
2024-11-22 01:50:00+00:00,106.98,106.985,106.975,106.985,12,33.0,97.0,7600010.0,DX
2024-11-22 01:55:00+00:00,106.99,107.045,106.99,107.03,25,33.0,97.0,7600010.0,DX
2024-11-22 02:00:00+00:00,107.03,107.035,107.025,107.03,12,33.0,97.0,7600010.0,DX
2024-11-22 02:05:00+00:00,107.025,107.045,107.02,107.045,13,33.0,97.0,7600010.0,DX
2024-11-22 02:10:00+00:00,107.05,107.065,106.685,107.065,26,33.0,97.0,7600010.0,DX
2024-11-22 02:15:00+00:00,107.065,107.065,107.03,107.03,29,33.0,97.0,7600010.0,DX
2024-11-22 02:20:00+00:00,107.03,107.035,107.025,107.03,38,33.0,97.0,7600010.0,DX
2024-11-22 02:25:00+00:00,107.035,107.045,107.03,107.035,34,33.0,97.0,7600010.0,DX
2024-11-22 02:30:00+00:00,107.045,107.055,107.035,107.055,21,33.0,97.0,7600010.0,DX
2024-11-22 02:35:00+00:00,107.065,107.075,107.05,107.055,157,33.0,97.0,7600010.0,DX
2024-11-22 02:40:00+00:00,107.05,107.06,107.045,107.05,51,33.0,97.0,7600010.0,DX
2024-11-22 02:45:00+00:00,107.05,107.055,107.05,107.055,20,33.0,97.0,7600010.0,DX
2024-11-22 02:50:00+00:00,107.04,107.04,107.025,107.025,30,33.0,97.0,7600010.0,DX
2024-11-22 02:55:00+00:00,107.02,107.03,107.015,107.015,39,33.0,97.0,7600010.0,DX
2024-11-22 03:00:00+00:00,107.015,107.02,107.005,107.02,39,33.0,97.0,7600010.0,DX
2024-11-22 03:05:00+00:00,107.02,107.02,107.01,107.01,25,33.0,97.0,7600010.0,DX
2024-11-22 03:10:00+00:00,107.015,107.015,107.005,107.01,17,33.0,97.0,7600010.0,DX
2024-11-22 03:15:00+00:00,107.01,107.01,107.01,107.01,12,33.0,97.0,7600010.0,DX
2024-11-22 03:20:00+00:00,107.015,107.015,106.975,106.98,39,33.0,97.0,7600010.0,DX
2024-11-22 03:25:00+00:00,106.975,106.975,106.96,106.965,11,33.0,97.0,7600010.0,DX
2024-11-22 03:30:00+00:00,106.98,107.005,106.98,107.005,22,33.0,97.0,7600010.0,DX
2024-11-22 03:35:00+00:00,107.0,107.0,106.97,106.97,13,33.0,97.0,7600010.0,DX
2024-11-22 03:40:00+00:00,106.975,107.0,106.97,107.0,26,33.0,97.0,7600010.0,DX
2024-11-22 03:45:00+00:00,107.005,107.005,106.995,106.995,4,33.0,97.0,7600010.0,DX
2024-11-22 03:50:00+00:00,106.995,107.0,106.99,107.0,14,33.0,97.0,7600010.0,DX
2024-11-22 03:55:00+00:00,106.99,106.99,106.98,106.98,8,33.0,97.0,7600010.0,DX
2024-11-22 04:00:00+00:00,107.0,107.0,106.985,106.995,24,33.0,97.0,7600010.0,DX
2024-11-22 04:05:00+00:00,106.99,107.005,106.985,107.005,16,33.0,97.0,7600010.0,DX
2024-11-22 04:10:00+00:00,107.01,107.02,107.005,107.02,9,33.0,97.0,7600010.0,DX
2024-11-22 04:15:00+00:00,107.025,107.025,107.01,107.01,10,33.0,97.0,7600010.0,DX
2024-11-22 04:20:00+00:00,107.015,107.015,107.015,107.015,3,33.0,97.0,7600010.0,DX
2024-11-22 04:25:00+00:00,107.01,107.01,107.01,107.01,1,33.0,97.0,7600010.0,DX
2024-11-22 04:30:00+00:00,107.01,107.01,107.01,107.01,1,33.0,97.0,7600010.0,DX
2024-11-22 04:35:00+00:00,107.02,107.025,107.02,107.025,4,33.0,97.0,7600010.0,DX
2024-11-22 04:40:00+00:00,107.025,107.04,107.025,107.04,17,33.0,97.0,7600010.0,DX
2024-11-22 04:45:00+00:00,107.05,107.05,107.01,107.01,32,33.0,97.0,7600010.0,DX
2024-11-22 04:50:00+00:00,107.005,107.005,107.0,107.005,19,33.0,97.0,7600010.0,DX
2024-11-22 04:55:00+00:00,107.01,107.015,106.655,106.655,20,33.0,97.0,7600010.0,DX
2024-11-22 05:00:00+00:00,107.015,107.045,107.015,107.045,22,33.0,97.0,7600010.0,DX
2024-11-22 05:05:00+00:00,107.06,107.075,107.06,107.065,21,33.0,97.0,7600010.0,DX
2024-11-22 05:10:00+00:00,107.07,107.075,107.07,107.07,18,33.0,97.0,7600010.0,DX
2024-11-22 05:15:00+00:00,107.075,107.105,107.075,107.105,31,33.0,97.0,7600010.0,DX
2024-11-22 05:20:00+00:00,107.095,107.1,107.085,107.09,35,33.0,97.0,7600010.0,DX
2024-11-22 05:25:00+00:00,107.09,107.11,107.09,107.105,23,33.0,97.0,7600010.0,DX
2024-11-22 05:30:00+00:00,107.1,107.125,107.1,107.115,61,33.0,97.0,7600010.0,DX
2024-11-22 05:35:00+00:00,107.1,107.115,107.1,107.115,19,33.0,97.0,7600010.0,DX
2024-11-22 05:40:00+00:00,107.115,107.135,107.115,107.135,22,33.0,97.0,7600010.0,DX
2024-11-22 05:45:00+00:00,107.14,107.145,107.135,107.14,14,33.0,97.0,7600010.0,DX
2024-11-22 05:50:00+00:00,107.13,107.14,107.125,107.135,41,33.0,97.0,7600010.0,DX
2024-11-22 05:55:00+00:00,107.13,107.14,107.12,107.14,34,33.0,97.0,7600010.0,DX
2024-11-22 06:00:00+00:00,107.14,107.15,107.13,107.13,81,33.0,97.0,7600010.0,DX
2024-11-22 06:05:00+00:00,107.13,107.13,107.11,107.115,19,33.0,97.0,7600010.0,DX
2024-11-22 06:10:00+00:00,107.105,107.125,107.105,107.11,32,33.0,97.0,7600010.0,DX
2024-11-22 06:15:00+00:00,107.12,107.125,107.12,107.125,5,33.0,97.0,7600010.0,DX
2024-11-22 06:20:00+00:00,107.12,107.155,107.12,107.145,62,33.0,97.0,7600010.0,DX
2024-11-22 06:25:00+00:00,107.145,107.16,107.14,107.14,47,33.0,97.0,7600010.0,DX
2024-11-22 06:30:00+00:00,107.135,107.135,107.115,107.12,23,33.0,97.0,7600010.0,DX
2024-11-22 06:35:00+00:00,107.12,107.14,107.12,107.135,17,33.0,97.0,7600010.0,DX
2024-11-22 06:40:00+00:00,107.135,107.135,106.78,106.78,4,33.0,97.0,7600010.0,DX
2024-11-22 06:45:00+00:00,107.125,107.125,106.76,107.125,21,33.0,97.0,7600010.0,DX
2024-11-22 06:50:00+00:00,107.12,107.13,107.12,107.13,4,33.0,97.0,7600010.0,DX
2024-11-22 06:55:00+00:00,107.11,107.125,107.105,107.105,107,33.0,97.0,7600010.0,DX
2024-11-22 07:00:00+00:00,107.115,107.16,107.11,107.16,192,33.0,97.0,7600010.0,DX
2024-11-22 07:05:00+00:00,107.165,107.175,107.15,107.15,46,33.0,97.0,7600010.0,DX
2024-11-22 07:10:00+00:00,107.145,107.16,107.125,107.15,66,33.0,97.0,7600010.0,DX
2024-11-22 07:15:00+00:00,107.15,107.15,107.095,107.095,58,33.0,97.0,7600010.0,DX
2024-11-22 07:20:00+00:00,107.105,107.11,107.055,107.06,50,33.0,97.0,7600010.0,DX
2024-11-22 07:25:00+00:00,107.06,107.06,107.035,107.035,93,33.0,97.0,7600010.0,DX
2024-11-22 07:30:00+00:00,107.03,107.06,107.01,107.03,163,33.0,97.0,7600010.0,DX
2024-11-22 07:35:00+00:00,107.025,107.025,106.99,106.99,151,33.0,97.0,7600010.0,DX
2024-11-22 07:40:00+00:00,106.99,106.99,106.965,106.985,105,33.0,97.0,7600010.0,DX
2024-11-22 07:45:00+00:00,106.99,107.0,106.975,106.99,22,33.0,97.0,7600010.0,DX
2024-11-22 07:50:00+00:00,106.995,106.995,106.95,106.95,35,33.0,97.0,7600010.0,DX
2024-11-22 07:55:00+00:00,106.955,106.975,106.955,106.975,37,33.0,97.0,7600010.0,DX
2024-11-22 08:00:00+00:00,106.975,106.975,106.94,106.94,86,33.0,97.0,7600010.0,DX
2024-11-22 08:05:00+00:00,106.945,106.95,106.915,106.915,74,33.0,97.0,7600010.0,DX
2024-11-22 08:10:00+00:00,106.915,106.93,106.885,106.91,76,33.0,97.0,7600010.0,DX
2024-11-22 08:15:00+00:00,106.915,107.085,106.915,107.005,386,33.0,97.0,7600010.0,DX
2024-11-22 08:20:00+00:00,106.99,107.025,106.965,107.025,126,33.0,97.0,7600010.0,DX
2024-11-22 08:25:00+00:00,107.02,107.025,106.98,107.005,89,33.0,97.0,7600010.0,DX
2024-11-22 08:30:00+00:00,107.015,107.08,106.945,107.015,159,33.0,97.0,7600010.0,DX
2024-11-22 08:35:00+00:00,106.995,107.04,106.99,107.03,83,33.0,97.0,7600010.0,DX
2024-11-22 08:40:00+00:00,107.035,107.06,107.02,107.04,95,33.0,97.0,7600010.0,DX
2024-11-22 08:45:00+00:00,107.04,107.14,107.03,107.135,77,33.0,97.0,7600010.0,DX
2024-11-22 08:50:00+00:00,107.135,107.18,107.125,107.13,239,33.0,97.0,7600010.0,DX
2024-11-22 08:55:00+00:00,107.125,107.26,107.125,107.24,198,33.0,97.0,7600010.0,DX
2024-11-22 09:00:00+00:00,107.24,107.33,107.23,107.325,486,33.0,97.0,7600010.0,DX
2024-11-22 09:05:00+00:00,107.33,107.45,107.295,107.45,840,33.0,97.0,7600010.0,DX
2024-11-22 09:10:00+00:00,107.45,108.07,107.445,108.015,3484,33.0,97.0,7600010.0,DX
2024-11-22 09:15:00+00:00,108.01,108.025,107.69,107.72,2307,33.0,97.0,7600010.0,DX
2024-11-22 09:20:00+00:00,107.715,107.755,107.64,107.68,843,33.0,97.0,7600010.0,DX
2024-11-22 09:25:00+00:00,107.68,107.71,107.555,107.555,443,33.0,97.0,7600010.0,DX
2024-11-22 09:30:00+00:00,107.555,107.635,107.505,107.535,527,33.0,97.0,7600010.0,DX
2024-11-22 09:35:00+00:00,107.53,107.53,107.47,107.495,284,33.0,97.0,7600010.0,DX
2024-11-22 09:40:00+00:00,107.5,107.515,107.415,107.47,60,33.0,97.0,7600010.0,DX
2024-11-22 09:45:00+00:00,107.44,107.51,107.435,107.505,137,33.0,97.0,7600010.0,DX
2024-11-22 09:50:00+00:00,107.545,107.545,107.465,107.485,93,33.0,97.0,7600010.0,DX
2024-11-22 09:55:00+00:00,107.485,107.58,107.485,107.58,58,33.0,97.0,7600010.0,DX
2024-11-22 10:00:00+00:00,107.595,107.71,107.595,107.68,381,33.0,97.0,7600010.0,DX
2024-11-22 10:05:00+00:00,107.675,107.73,107.635,107.64,206,33.0,97.0,7600010.0,DX
2024-11-22 10:10:00+00:00,107.63,107.66,107.6,107.635,116,33.0,97.0,7600010.0,DX
2024-11-22 10:15:00+00:00,107.63,107.63,107.57,107.57,101,33.0,97.0,7600010.0,DX
2024-11-22 10:20:00+00:00,107.575,107.605,107.53,107.55,62,33.0,97.0,7600010.0,DX
2024-11-22 10:25:00+00:00,107.525,107.525,107.46,107.47,61,33.0,97.0,7600010.0,DX
2024-11-22 10:30:00+00:00,107.475,107.495,107.39,107.4,460,33.0,97.0,7600010.0,DX
2024-11-22 10:35:00+00:00,107.39,107.425,107.37,107.39,168,33.0,97.0,7600010.0,DX
2024-11-22 10:40:00+00:00,107.39,107.435,107.385,107.385,60,33.0,97.0,7600010.0,DX
2024-11-22 10:45:00+00:00,107.375,107.42,107.375,107.395,43,33.0,97.0,7600010.0,DX
2024-11-22 10:50:00+00:00,107.395,107.43,107.32,107.325,228,33.0,97.0,7600010.0,DX
2024-11-22 10:55:00+00:00,107.325,107.33,107.265,107.33,1676,33.0,97.0,7600010.0,DX
2024-11-22 11:00:00+00:00,107.33,107.45,107.33,107.43,137,33.0,97.0,7600010.0,DX
2024-11-22 11:05:00+00:00,107.43,107.43,107.39,107.395,181,33.0,97.0,7600010.0,DX
2024-11-22 11:10:00+00:00,107.42,107.43,107.37,107.4,86,33.0,97.0,7600010.0,DX
2024-11-22 11:15:00+00:00,107.395,107.44,107.395,107.44,161,33.0,97.0,7600010.0,DX
2024-11-22 11:20:00+00:00,107.445,107.45,107.41,107.42,93,33.0,97.0,7600010.0,DX
2024-11-22 11:25:00+00:00,107.415,107.42,107.38,107.42,59,33.0,97.0,7600010.0,DX
2024-11-22 11:30:00+00:00,107.4,107.43,107.38,107.42,47,33.0,97.0,7600010.0,DX
2024-11-22 11:35:00+00:00,107.43,107.435,107.415,107.425,45,33.0,97.0,7600010.0,DX
2024-11-22 11:40:00+00:00,107.425,107.49,107.42,107.49,82,33.0,97.0,7600010.0,DX
2024-11-22 11:45:00+00:00,107.47,107.51,107.46,107.51,91,33.0,97.0,7600010.0,DX
2024-11-22 11:50:00+00:00,107.49,107.515,107.46,107.465,210,33.0,97.0,7600010.0,DX
2024-11-22 11:55:00+00:00,107.455,107.49,107.445,107.46,61,33.0,97.0,7600010.0,DX
2024-11-22 12:00:00+00:00,107.44,107.46,107.425,107.46,70,33.0,97.0,7600010.0,DX
2024-11-22 12:05:00+00:00,107.46,107.485,107.445,107.46,136,33.0,97.0,7600010.0,DX
2024-11-22 12:10:00+00:00,107.465,107.49,107.445,107.485,74,33.0,97.0,7600010.0,DX
2024-11-22 12:15:00+00:00,107.485,107.525,107.475,107.52,58,33.0,97.0,7600010.0,DX
2024-11-22 12:20:00+00:00,107.51,107.57,107.505,107.56,96,33.0,97.0,7600010.0,DX
2024-11-22 12:25:00+00:00,107.565,107.585,107.565,107.585,116,33.0,97.0,7600010.0,DX
2024-11-22 12:30:00+00:00,107.585,107.61,107.535,107.545,97,33.0,97.0,7600010.0,DX
2024-11-22 12:35:00+00:00,107.545,107.575,107.535,107.545,149,33.0,97.0,7600010.0,DX
2024-11-22 12:40:00+00:00,107.545,107.57,107.52,107.525,198,33.0,97.0,7600010.0,DX
2024-11-22 12:45:00+00:00,107.525,107.545,107.49,107.535,212,33.0,97.0,7600010.0,DX
2024-11-22 12:50:00+00:00,107.53,107.555,107.52,107.53,46,33.0,97.0,7600010.0,DX
2024-11-22 12:55:00+00:00,107.51,107.58,107.51,107.53,78,33.0,97.0,7600010.0,DX
2024-11-22 13:00:00+00:00,107.525,107.535,107.5,107.51,108,33.0,97.0,7600010.0,DX
2024-11-22 13:05:00+00:00,107.52,107.52,107.495,107.495,26,33.0,97.0,7600010.0,DX
2024-11-22 13:10:00+00:00,107.5,107.535,107.45,107.45,172,33.0,97.0,7600010.0,DX
2024-11-22 13:15:00+00:00,107.445,107.45,107.4,107.41,80,33.0,97.0,7600010.0,DX
2024-11-22 13:20:00+00:00,107.41,107.41,107.39,107.4,70,33.0,97.0,7600010.0,DX
2024-11-22 13:25:00+00:00,107.395,107.435,107.365,107.43,69,33.0,97.0,7600010.0,DX
2024-11-22 13:30:00+00:00,107.435,107.445,107.395,107.425,164,33.0,97.0,7600010.0,DX
2024-11-22 13:35:00+00:00,107.415,107.415,107.375,107.385,84,33.0,97.0,7600010.0,DX
2024-11-22 13:40:00+00:00,107.385,107.385,107.325,107.325,120,33.0,97.0,7600010.0,DX
2024-11-22 13:45:00+00:00,107.325,107.37,107.325,107.365,129,33.0,97.0,7600010.0,DX
2024-11-22 13:50:00+00:00,107.36,107.42,107.35,107.395,120,33.0,97.0,7600010.0,DX
2024-11-22 13:55:00+00:00,107.395,107.395,107.35,107.355,78,33.0,97.0,7600010.0,DX
2024-11-22 14:00:00+00:00,107.36,107.36,107.32,107.34,69,33.0,97.0,7600010.0,DX
2024-11-22 14:05:00+00:00,107.34,107.385,107.34,107.345,41,33.0,97.0,7600010.0,DX
2024-11-22 14:10:00+00:00,107.37,107.425,107.37,107.425,67,33.0,97.0,7600010.0,DX
2024-11-22 14:15:00+00:00,107.415,107.445,107.39,107.43,69,33.0,97.0,7600010.0,DX
2024-11-22 14:20:00+00:00,107.435,107.495,107.415,107.48,103,33.0,97.0,7600010.0,DX
2024-11-22 14:25:00+00:00,107.475,107.52,107.11,107.515,381,33.0,97.0,7600010.0,DX
2024-11-22 14:30:00+00:00,107.515,107.525,107.47,107.485,250,33.0,97.0,7600010.0,DX
2024-11-22 14:35:00+00:00,107.48,107.485,107.425,107.425,284,33.0,97.0,7600010.0,DX
2024-11-22 14:40:00+00:00,107.42,107.6,107.405,107.445,247,33.0,97.0,7600010.0,DX
2024-11-22 14:45:00+00:00,107.45,107.6,107.45,107.575,347,33.0,97.0,7600010.0,DX
2024-11-22 14:50:00+00:00,107.59,107.6,107.515,107.595,106,33.0,97.0,7600010.0,DX
2024-11-22 14:55:00+00:00,107.59,107.605,107.555,107.595,143,33.0,97.0,7600010.0,DX
2024-11-22 15:00:00+00:00,107.58,107.645,107.525,107.525,247,33.0,97.0,7600010.0,DX
2024-11-22 15:05:00+00:00,107.525,107.535,107.445,107.515,138,33.0,97.0,7600010.0,DX
2024-11-22 15:10:00+00:00,107.505,107.55,107.445,107.495,178,33.0,97.0,7600010.0,DX
2024-11-22 15:15:00+00:00,107.505,107.52,107.46,107.485,61,33.0,97.0,7600010.0,DX
2024-11-22 15:20:00+00:00,107.495,107.52,107.475,107.49,117,33.0,97.0,7600010.0,DX
2024-11-22 15:25:00+00:00,107.485,107.51,107.445,107.505,156,33.0,97.0,7600010.0,DX
2024-11-22 15:30:00+00:00,107.495,107.56,107.495,107.53,170,33.0,97.0,7600010.0,DX
2024-11-22 15:35:00+00:00,107.555,107.57,107.52,107.53,78,33.0,97.0,7600010.0,DX
2024-11-22 15:40:00+00:00,107.535,107.545,107.49,107.49,58,33.0,97.0,7600010.0,DX
2024-11-22 15:45:00+00:00,107.495,107.505,107.44,107.485,53,33.0,97.0,7600010.0,DX
2024-11-22 15:50:00+00:00,107.485,107.575,107.485,107.565,126,33.0,97.0,7600010.0,DX
2024-11-22 15:55:00+00:00,107.565,107.575,107.525,107.525,87,33.0,97.0,7600010.0,DX
2024-11-22 16:00:00+00:00,107.515,107.56,107.515,107.555,67,33.0,97.0,7600010.0,DX
2024-11-22 16:05:00+00:00,107.55,107.59,107.55,107.575,132,33.0,97.0,7600010.0,DX
2024-11-22 16:10:00+00:00,107.575,107.575,107.525,107.575,71,33.0,97.0,7600010.0,DX
2024-11-22 16:15:00+00:00,107.575,107.635,107.575,107.625,116,33.0,97.0,7600010.0,DX
2024-11-22 16:20:00+00:00,107.63,107.675,107.62,107.665,343,33.0,97.0,7600010.0,DX
2024-11-22 16:25:00+00:00,107.66,107.68,107.645,107.65,110,33.0,97.0,7600010.0,DX
2024-11-22 16:30:00+00:00,107.65,107.66,107.625,107.625,54,33.0,97.0,7600010.0,DX
2024-11-22 16:35:00+00:00,107.625,107.65,107.625,107.635,28,33.0,97.0,7600010.0,DX
2024-11-22 16:40:00+00:00,107.645,107.655,107.255,107.27,119,33.0,97.0,7600010.0,DX
2024-11-22 16:45:00+00:00,107.63,107.63,107.61,107.625,37,33.0,97.0,7600010.0,DX
2024-11-22 16:50:00+00:00,107.625,107.655,107.625,107.655,190,33.0,97.0,7600010.0,DX
2024-11-22 16:55:00+00:00,107.655,107.66,107.61,107.61,71,33.0,97.0,7600010.0,DX
2024-11-22 17:00:00+00:00,107.605,107.605,107.565,107.595,18,33.0,97.0,7600010.0,DX
2024-11-22 17:05:00+00:00,107.595,107.61,107.595,107.605,10,33.0,97.0,7600010.0,DX
2024-11-22 17:10:00+00:00,107.615,107.615,107.545,107.545,96,33.0,97.0,7600010.0,DX
2024-11-22 17:15:00+00:00,107.555,107.575,107.545,107.575,50,33.0,97.0,7600010.0,DX
2024-11-22 17:20:00+00:00,107.58,107.58,107.56,107.56,13,33.0,97.0,7600010.0,DX
2024-11-22 17:25:00+00:00,107.54,107.54,107.525,107.535,63,33.0,97.0,7600010.0,DX
2024-11-22 17:30:00+00:00,107.53,107.535,107.51,107.525,29,33.0,97.0,7600010.0,DX
2024-11-22 17:35:00+00:00,107.515,107.52,107.495,107.515,77,33.0,97.0,7600010.0,DX
2024-11-22 17:40:00+00:00,107.515,107.515,107.48,107.48,77,33.0,97.0,7600010.0,DX
2024-11-22 17:45:00+00:00,107.485,107.49,107.48,107.485,28,33.0,97.0,7600010.0,DX
2024-11-22 17:50:00+00:00,107.49,107.49,107.45,107.455,94,33.0,97.0,7600010.0,DX
2024-11-22 17:55:00+00:00,107.45,107.45,107.45,107.45,4,33.0,97.0,7600010.0,DX
2024-11-22 18:00:00+00:00,107.45,107.46,107.41,107.41,46,33.0,97.0,7600010.0,DX
2024-11-22 18:05:00+00:00,107.41,107.445,107.405,107.42,34,33.0,97.0,7600010.0,DX
2024-11-22 18:10:00+00:00,107.42,107.43,107.405,107.43,59,33.0,97.0,7600010.0,DX
2024-11-22 18:15:00+00:00,107.43,107.445,107.425,107.445,45,33.0,97.0,7600010.0,DX
2024-11-22 18:20:00+00:00,107.45,107.45,107.425,107.435,35,33.0,97.0,7600010.0,DX
2024-11-22 18:25:00+00:00,107.445,107.45,107.435,107.445,25,33.0,97.0,7600010.0,DX
2024-11-22 18:30:00+00:00,107.44,107.465,107.065,107.465,23,33.0,97.0,7600010.0,DX
2024-11-22 18:35:00+00:00,107.46,107.48,107.46,107.475,19,33.0,97.0,7600010.0,DX
2024-11-22 18:40:00+00:00,107.475,107.475,107.46,107.475,32,33.0,97.0,7600010.0,DX
2024-11-22 18:45:00+00:00,107.465,107.47,107.455,107.455,35,33.0,97.0,7600010.0,DX
2024-11-22 18:50:00+00:00,107.445,107.48,107.445,107.475,21,33.0,97.0,7600010.0,DX
2024-11-22 18:55:00+00:00,107.475,107.485,107.47,107.485,15,33.0,97.0,7600010.0,DX
2024-11-22 19:00:00+00:00,107.475,107.48,107.465,107.47,28,33.0,97.0,7600010.0,DX
2024-11-22 19:05:00+00:00,107.475,107.475,107.46,107.47,23,33.0,97.0,7600010.0,DX
2024-11-22 19:10:00+00:00,107.465,107.49,107.465,107.485,26,33.0,97.0,7600010.0,DX
2024-11-22 19:15:00+00:00,107.48,107.5,107.48,107.49,20,33.0,97.0,7600010.0,DX
2024-11-22 19:20:00+00:00,107.48,107.48,107.465,107.48,20,33.0,97.0,7600010.0,DX
2024-11-22 19:25:00+00:00,107.485,107.49,107.485,107.485,3,33.0,97.0,7600010.0,DX
2024-11-22 19:30:00+00:00,107.495,107.495,107.49,107.495,6,33.0,97.0,7600010.0,DX
2024-11-22 19:35:00+00:00,107.5,107.53,107.5,107.52,29,33.0,97.0,7600010.0,DX
2024-11-22 19:40:00+00:00,107.505,107.51,107.13,107.145,17,33.0,97.0,7600010.0,DX
2024-11-22 19:45:00+00:00,107.515,107.525,107.125,107.51,14,33.0,97.0,7600010.0,DX
2024-11-22 19:50:00+00:00,107.515,107.525,107.51,107.51,18,33.0,97.0,7600010.0,DX
2024-11-22 19:55:00+00:00,107.51,107.52,107.5,107.515,151,33.0,97.0,7600010.0,DX
2024-11-22 20:00:00+00:00,107.51,107.525,107.51,107.525,23,33.0,97.0,7600010.0,DX
2024-11-22 20:05:00+00:00,107.515,107.515,107.51,107.51,3,33.0,97.0,7600010.0,DX
2024-11-22 20:10:00+00:00,107.525,107.54,107.525,107.54,3,33.0,97.0,7600010.0,DX
2024-11-22 20:15:00+00:00,107.53,107.54,107.53,107.535,24,33.0,97.0,7600010.0,DX
2024-11-22 20:20:00+00:00,107.53,107.535,107.525,107.535,12,33.0,97.0,7600010.0,DX
2024-11-22 20:25:00+00:00,107.52,107.52,107.49,107.5,111,33.0,97.0,7600010.0,DX
2024-11-22 20:30:00+00:00,107.485,107.5,107.485,107.495,36,33.0,97.0,7600010.0,DX
2024-11-22 20:35:00+00:00,107.495,107.5,107.49,107.5,44,33.0,97.0,7600010.0,DX
2024-11-22 20:40:00+00:00,107.495,107.495,107.485,107.495,15,33.0,97.0,7600010.0,DX
2024-11-22 20:45:00+00:00,107.49,107.495,107.485,107.49,23,33.0,97.0,7600010.0,DX
2024-11-22 20:50:00+00:00,107.5,107.51,107.5,107.505,23,33.0,97.0,7600010.0,DX
2024-11-22 20:55:00+00:00,107.505,107.505,107.48,107.485,57,33.0,97.0,7600010.0,DX
2024-11-22 21:00:00+00:00,107.49,107.49,107.475,107.48,118,33.0,97.0,7600010.0,DX
2024-11-22 21:05:00+00:00,107.485,107.49,107.48,107.48,7,33.0,97.0,7600010.0,DX
2024-11-22 21:10:00+00:00,107.475,107.48,107.47,107.47,13,33.0,97.0,7600010.0,DX
2024-11-22 21:15:00+00:00,107.465,107.475,107.465,107.475,11,33.0,97.0,7600010.0,DX
2024-11-22 21:20:00+00:00,107.47,107.475,107.09,107.09,7,33.0,97.0,7600010.0,DX
2024-11-22 21:25:00+00:00,107.47,107.47,107.465,107.47,3,33.0,97.0,7600010.0,DX
2024-11-22 21:30:00+00:00,107.465,107.47,107.465,107.47,5,33.0,97.0,7600010.0,DX
2024-11-22 21:45:00+00:00,107.47,107.475,107.47,107.475,6,33.0,97.0,7600010.0,DX
2024-11-22 21:50:00+00:00,107.49,107.49,107.46,107.46,10,33.0,97.0,7600010.0,DX
2024-11-22 21:55:00+00:00,107.45,107.455,107.45,107.455,10,33.0,97.0,7600010.0,DX
2024-11-24 23:00:00+00:00,106.895,107.055,106.88,106.9,201,33.0,97.0,7600010.0,DX
2024-11-24 23:05:00+00:00,106.915,106.99,106.91,106.96,43,33.0,97.0,7600010.0,DX
2024-11-24 23:10:00+00:00,106.98,106.98,106.565,106.9,23,33.0,97.0,7600010.0,DX
2024-11-24 23:15:00+00:00,106.895,106.895,106.84,106.86,165,33.0,97.0,7600010.0,DX
2024-11-24 23:20:00+00:00,106.87,106.87,106.855,106.865,6,33.0,97.0,7600010.0,DX
2024-11-24 23:25:00+00:00,106.855,106.855,106.755,106.77,198,33.0,97.0,7600010.0,DX
2024-11-24 23:30:00+00:00,106.775,106.84,106.755,106.81,69,33.0,97.0,7600010.0,DX
2024-11-24 23:35:00+00:00,106.85,106.86,106.845,106.85,10,33.0,97.0,7600010.0,DX
2024-11-24 23:40:00+00:00,106.83,106.895,106.83,106.895,10,33.0,97.0,7600010.0,DX
2024-11-24 23:45:00+00:00,106.885,106.93,106.885,106.92,6,33.0,97.0,7600010.0,DX
2024-11-24 23:50:00+00:00,106.905,106.905,106.895,106.9,39,33.0,97.0,7600010.0,DX
2024-11-24 23:55:00+00:00,106.905,106.905,106.885,106.89,9,33.0,97.0,7600010.0,DX
2024-11-25 00:00:00+00:00,106.9,106.915,106.89,106.905,69,33.0,97.0,7600010.0,DX
2024-11-25 00:05:00+00:00,106.915,106.925,106.89,106.925,11,33.0,97.0,7600010.0,DX
2024-11-25 00:10:00+00:00,106.925,106.925,106.89,106.89,4,33.0,97.0,7600010.0,DX
2024-11-25 00:15:00+00:00,106.87,106.87,106.825,106.84,85,33.0,97.0,7600010.0,DX
2024-11-25 00:20:00+00:00,106.845,106.87,106.845,106.86,16,33.0,97.0,7600010.0,DX
2024-11-25 00:25:00+00:00,106.89,106.91,106.88,106.885,4,33.0,97.0,7600010.0,DX
2024-11-25 00:30:00+00:00,106.92,106.92,106.9,106.9,21,33.0,97.0,7600010.0,DX
2024-11-25 00:35:00+00:00,106.89,106.91,106.89,106.9,17,33.0,97.0,7600010.0,DX
2024-11-25 00:40:00+00:00,106.885,106.905,106.88,106.885,64,33.0,97.0,7600010.0,DX
2024-11-25 00:45:00+00:00,106.89,106.91,106.885,106.91,22,33.0,97.0,7600010.0,DX
2024-11-25 00:50:00+00:00,106.905,106.905,106.86,106.87,97,33.0,97.0,7600010.0,DX
2024-11-25 00:55:00+00:00,106.865,106.865,106.855,106.86,15,33.0,97.0,7600010.0,DX
2024-11-25 01:00:00+00:00,106.89,106.9,106.865,106.895,115,33.0,97.0,7600010.0,DX
2024-11-25 01:05:00+00:00,106.885,106.9,106.855,106.87,102,33.0,97.0,7600010.0,DX
2024-11-25 01:10:00+00:00,106.875,106.925,106.875,106.925,215,33.0,97.0,7600010.0,DX
2024-11-25 01:15:00+00:00,106.925,106.93,106.9,106.905,51,33.0,97.0,7600010.0,DX
2024-11-25 01:20:00+00:00,106.89,106.89,106.84,106.85,38,33.0,97.0,7600010.0,DX
2024-11-25 01:25:00+00:00,106.84,106.855,106.795,106.8,222,33.0,97.0,7600010.0,DX
2024-11-25 01:30:00+00:00,106.795,106.815,106.785,106.805,95,33.0,97.0,7600010.0,DX
2024-11-25 01:35:00+00:00,106.8,106.805,106.77,106.8,37,33.0,97.0,7600010.0,DX
2024-11-25 01:40:00+00:00,106.805,106.84,106.805,106.83,41,33.0,97.0,7600010.0,DX
2024-11-25 01:45:00+00:00,106.825,106.825,106.815,106.82,13,33.0,97.0,7600010.0,DX
2024-11-25 01:50:00+00:00,106.805,106.825,106.8,106.825,16,33.0,97.0,7600010.0,DX
2024-11-25 01:55:00+00:00,106.82,106.88,106.82,106.875,27,33.0,97.0,7600010.0,DX
2024-11-25 02:00:00+00:00,106.87,106.875,106.845,106.865,22,33.0,97.0,7600010.0,DX
2024-11-25 02:05:00+00:00,106.87,106.885,106.86,106.865,28,33.0,97.0,7600010.0,DX
2024-11-25 02:10:00+00:00,106.85,106.855,106.84,106.84,30,33.0,97.0,7600010.0,DX
2024-11-25 02:15:00+00:00,106.84,106.845,106.84,106.845,5,33.0,97.0,7600010.0,DX
2024-11-25 02:20:00+00:00,106.84,106.84,106.82,106.83,56,33.0,97.0,7600010.0,DX
2024-11-25 02:25:00+00:00,106.84,106.84,106.815,106.825,19,33.0,97.0,7600010.0,DX
2024-11-25 02:30:00+00:00,106.82,106.825,106.78,106.785,71,33.0,97.0,7600010.0,DX
2024-11-25 02:35:00+00:00,106.77,106.78,106.765,106.77,33,33.0,97.0,7600010.0,DX
2024-11-25 02:40:00+00:00,106.775,106.8,106.775,106.8,49,33.0,97.0,7600010.0,DX
2024-11-25 02:45:00+00:00,106.8,106.81,106.8,106.8,36,33.0,97.0,7600010.0,DX
2024-11-25 02:50:00+00:00,106.8,106.82,106.8,106.82,35,33.0,97.0,7600010.0,DX
2024-11-25 02:55:00+00:00,106.82,106.82,106.795,106.805,24,33.0,97.0,7600010.0,DX
2024-11-25 03:00:00+00:00,106.81,106.845,106.81,106.815,42,33.0,97.0,7600010.0,DX
2024-11-25 03:05:00+00:00,106.82,106.835,106.82,106.82,41,33.0,97.0,7600010.0,DX
2024-11-25 03:10:00+00:00,106.82,106.83,106.815,106.82,35,33.0,97.0,7600010.0,DX
2024-11-25 03:15:00+00:00,106.82,106.82,106.79,106.79,4,33.0,97.0,7600010.0,DX
2024-11-25 03:20:00+00:00,106.815,106.815,106.805,106.805,8,33.0,97.0,7600010.0,DX
2024-11-25 03:25:00+00:00,106.815,106.85,106.815,106.845,28,33.0,97.0,7600010.0,DX
2024-11-25 03:30:00+00:00,106.835,106.85,106.82,106.85,42,33.0,97.0,7600010.0,DX
2024-11-25 03:35:00+00:00,106.85,106.865,106.845,106.855,111,33.0,97.0,7600010.0,DX
2024-11-25 03:40:00+00:00,106.85,106.87,106.85,106.87,15,33.0,97.0,7600010.0,DX
2024-11-25 03:45:00+00:00,106.875,106.89,106.87,106.875,28,33.0,97.0,7600010.0,DX
2024-11-25 03:50:00+00:00,106.875,106.915,106.875,106.91,154,33.0,97.0,7600010.0,DX
2024-11-25 03:55:00+00:00,106.905,106.905,106.895,106.895,23,33.0,97.0,7600010.0,DX
2024-11-25 04:00:00+00:00,106.905,106.905,106.89,106.9,23,33.0,97.0,7600010.0,DX
2024-11-25 04:05:00+00:00,106.905,106.91,106.89,106.89,22,33.0,97.0,7600010.0,DX
2024-11-25 04:10:00+00:00,106.895,106.905,106.895,106.905,5,33.0,97.0,7600010.0,DX
2024-11-25 04:15:00+00:00,106.925,106.935,106.925,106.93,19,33.0,97.0,7600010.0,DX
2024-11-25 04:20:00+00:00,106.94,106.945,106.94,106.945,13,33.0,97.0,7600010.0,DX
2024-11-25 04:25:00+00:00,106.93,106.93,106.915,106.915,9,33.0,97.0,7600010.0,DX
2024-11-25 04:30:00+00:00,106.915,106.915,106.9,106.9,16,33.0,97.0,7600010.0,DX
2024-11-25 04:35:00+00:00,106.9,106.9,106.89,106.895,24,33.0,97.0,7600010.0,DX
2024-11-25 04:40:00+00:00,106.89,106.9,106.89,106.9,20,33.0,97.0,7600010.0,DX
2024-11-25 04:45:00+00:00,106.9,106.91,106.9,106.91,21,33.0,97.0,7600010.0,DX
2024-11-25 04:50:00+00:00,106.915,106.93,106.91,106.91,16,33.0,97.0,7600010.0,DX
2024-11-25 04:55:00+00:00,106.91,106.925,106.91,106.915,16,33.0,97.0,7600010.0,DX
2024-11-25 05:00:00+00:00,106.905,106.93,106.905,106.93,19,33.0,97.0,7600010.0,DX
2024-11-25 05:05:00+00:00,106.57,106.925,106.57,106.92,7,33.0,97.0,7698408.0,DX
2024-11-25 05:10:00+00:00,106.905,106.91,106.905,106.91,14,33.0,97.0,7600010.0,DX
2024-11-25 05:15:00+00:00,106.91,106.925,106.91,106.915,17,33.0,97.0,7600010.0,DX
2024-11-25 05:20:00+00:00,106.915,106.945,106.915,106.945,20,33.0,97.0,7600010.0,DX
2024-11-25 05:25:00+00:00,106.945,106.965,106.94,106.94,24,33.0,97.0,7600010.0,DX
2024-11-25 05:30:00+00:00,106.94,106.945,106.935,106.945,4,33.0,97.0,7600010.0,DX
2024-11-25 05:35:00+00:00,106.94,106.945,106.935,106.94,19,33.0,97.0,7600010.0,DX
2024-11-25 05:40:00+00:00,106.94,106.95,106.93,106.95,30,33.0,97.0,7600010.0,DX
2024-11-25 05:45:00+00:00,106.955,106.96,106.95,106.96,20,33.0,97.0,7600010.0,DX
2024-11-25 05:50:00+00:00,106.96,106.965,106.945,106.955,30,33.0,97.0,7600010.0,DX
2024-11-25 05:55:00+00:00,106.93,106.93,106.91,106.925,33,33.0,97.0,7600010.0,DX
2024-11-25 06:00:00+00:00,106.92,106.96,106.915,106.95,231,33.0,97.0,7600010.0,DX
2024-11-25 06:05:00+00:00,106.94,106.97,106.94,106.965,33,33.0,97.0,7600010.0,DX
2024-11-25 06:10:00+00:00,106.965,106.975,106.95,106.95,8,33.0,97.0,7600010.0,DX
2024-11-25 06:15:00+00:00,106.95,106.96,106.95,106.95,10,33.0,97.0,7600010.0,DX
2024-11-25 06:20:00+00:00,106.91,106.91,106.875,106.875,99,33.0,97.0,7600010.0,DX
2024-11-25 06:25:00+00:00,106.88,106.88,106.86,106.87,81,33.0,97.0,7600010.0,DX
2024-11-25 06:30:00+00:00,106.885,106.895,106.87,106.89,45,33.0,97.0,7600010.0,DX
2024-11-25 06:35:00+00:00,106.89,106.89,106.515,106.885,12,33.0,97.0,7600010.0,DX
2024-11-25 06:40:00+00:00,106.88,106.88,106.85,106.855,15,33.0,97.0,7600010.0,DX
2024-11-25 06:45:00+00:00,106.865,106.9,106.865,106.9,83,33.0,97.0,7600010.0,DX
2024-11-25 06:50:00+00:00,106.9,106.91,106.88,106.885,89,33.0,97.0,7600010.0,DX
2024-11-25 06:55:00+00:00,106.89,106.9,106.875,106.89,188,33.0,97.0,7600010.0,DX
2024-11-25 07:00:00+00:00,106.89,106.95,106.89,106.95,56,33.0,97.0,7600010.0,DX
2024-11-25 07:05:00+00:00,106.93,106.935,106.905,106.905,45,33.0,97.0,7600010.0,DX
2024-11-25 07:10:00+00:00,106.9,106.945,106.89,106.945,50,33.0,97.0,7600010.0,DX
2024-11-25 07:15:00+00:00,106.95,106.985,106.95,106.965,28,33.0,97.0,7600010.0,DX
2024-11-25 07:20:00+00:00,106.975,107.0,106.975,107.0,57,33.0,97.0,7600010.0,DX
2024-11-25 07:25:00+00:00,107.0,107.0,106.985,107.0,20,33.0,97.0,7600010.0,DX
2024-11-25 07:30:00+00:00,106.995,107.025,106.995,107.025,125,33.0,97.0,7600010.0,DX
2024-11-25 07:35:00+00:00,107.015,107.035,107.015,107.035,58,33.0,97.0,7600010.0,DX
2024-11-25 07:40:00+00:00,107.03,107.035,107.015,107.025,30,33.0,97.0,7600010.0,DX
2024-11-25 07:45:00+00:00,107.03,107.07,107.03,107.03,84,33.0,97.0,7600010.0,DX
2024-11-25 07:50:00+00:00,107.03,107.08,107.025,107.08,60,33.0,97.0,7600010.0,DX
2024-11-25 07:55:00+00:00,107.085,107.16,107.085,107.16,94,33.0,97.0,7600010.0,DX
2024-11-25 08:00:00+00:00,107.16,107.175,107.115,107.165,166,33.0,97.0,7600010.0,DX
2024-11-25 08:05:00+00:00,107.155,107.16,107.12,107.16,124,33.0,97.0,7600010.0,DX
2024-11-25 08:10:00+00:00,107.16,107.195,107.15,107.17,42,33.0,97.0,7600010.0,DX
2024-11-25 08:15:00+00:00,107.175,107.195,107.165,107.195,82,33.0,97.0,7600010.0,DX
2024-11-25 08:20:00+00:00,107.195,107.205,107.18,107.185,78,33.0,97.0,7600010.0,DX
2024-11-25 08:25:00+00:00,107.19,107.205,107.165,107.165,38,33.0,97.0,7600010.0,DX
2024-11-25 08:30:00+00:00,107.175,107.19,107.155,107.16,102,33.0,97.0,7600010.0,DX
2024-11-25 08:35:00+00:00,107.165,107.175,107.145,107.165,104,33.0,97.0,7600010.0,DX
2024-11-25 08:40:00+00:00,107.165,107.205,107.15,107.195,83,33.0,97.0,7600010.0,DX
2024-11-25 08:45:00+00:00,107.195,107.215,107.16,107.18,122,33.0,97.0,7600010.0,DX
2024-11-25 08:50:00+00:00,107.185,107.185,107.16,107.165,86,33.0,97.0,7600010.0,DX
2024-11-25 08:55:00+00:00,107.16,107.16,107.085,107.11,74,33.0,97.0,7600010.0,DX
2024-11-25 09:00:00+00:00,107.115,107.125,106.945,106.965,337,33.0,97.0,7600010.0,DX
2024-11-25 09:05:00+00:00,106.97,107.04,106.965,107.0,136,33.0,97.0,7600010.0,DX
2024-11-25 09:10:00+00:00,107.0,107.0,106.965,106.965,62,33.0,97.0,7600010.0,DX
2024-11-25 09:15:00+00:00,106.965,106.99,106.965,106.99,56,33.0,97.0,7600010.0,DX
2024-11-25 09:20:00+00:00,106.98,107.01,106.98,106.995,76,33.0,97.0,7600010.0,DX
2024-11-25 09:25:00+00:00,107.02,107.055,107.02,107.035,63,33.0,97.0,7600010.0,DX
2024-11-25 09:30:00+00:00,107.01,107.02,106.975,107.005,54,33.0,97.0,7600010.0,DX
2024-11-25 09:35:00+00:00,107.005,107.025,106.995,107.02,38,33.0,97.0,7600010.0,DX
2024-11-25 09:40:00+00:00,107.015,107.03,106.99,106.995,45,33.0,97.0,7600010.0,DX
2024-11-25 09:45:00+00:00,106.995,106.995,106.905,106.905,86,33.0,97.0,7600010.0,DX
2024-11-25 09:50:00+00:00,106.92,106.935,106.875,106.875,59,33.0,97.0,7600010.0,DX
2024-11-25 09:55:00+00:00,106.865,106.91,106.85,106.905,102,33.0,97.0,7600010.0,DX
2024-11-25 10:00:00+00:00,106.91,106.925,106.89,106.89,80,33.0,97.0,7600010.0,DX
2024-11-25 10:05:00+00:00,106.905,106.905,106.885,106.9,24,33.0,97.0,7600010.0,DX
2024-11-25 10:10:00+00:00,106.89,106.93,106.89,106.93,71,33.0,97.0,7600010.0,DX
2024-11-25 10:15:00+00:00,106.92,106.92,106.89,106.89,43,33.0,97.0,7600010.0,DX
2024-11-25 10:20:00+00:00,106.92,106.92,106.895,106.895,5,33.0,97.0,7600010.0,DX
2024-11-25 10:25:00+00:00,106.895,106.895,106.865,106.885,21,33.0,97.0,7600010.0,DX
2024-11-25 10:30:00+00:00,106.89,106.895,106.875,106.875,43,33.0,97.0,7600010.0,DX
2024-11-25 10:35:00+00:00,106.875,106.89,106.845,106.87,79,33.0,97.0,7600010.0,DX
2024-11-25 10:40:00+00:00,106.875,106.92,106.875,106.92,40,33.0,97.0,7600010.0,DX
2024-11-25 10:45:00+00:00,106.91,106.93,106.895,106.905,46,33.0,97.0,7600010.0,DX
2024-11-25 10:50:00+00:00,106.91,106.94,106.91,106.925,51,33.0,97.0,7600010.0,DX
2024-11-25 10:55:00+00:00,106.92,106.93,106.91,106.92,37,33.0,97.0,7600010.0,DX
2024-11-25 11:00:00+00:00,106.895,106.905,106.895,106.9,15,33.0,97.0,7600010.0,DX
2024-11-25 11:05:00+00:00,106.905,106.935,106.9,106.935,13,33.0,97.0,7600010.0,DX
2024-11-25 11:10:00+00:00,106.925,106.935,106.92,106.935,28,33.0,97.0,7600010.0,DX
2024-11-25 11:15:00+00:00,106.935,106.96,106.92,106.92,51,33.0,97.0,7600010.0,DX
2024-11-25 11:20:00+00:00,106.905,106.915,106.88,106.915,18,33.0,97.0,7600010.0,DX
2024-11-25 11:25:00+00:00,106.93,106.96,106.925,106.955,12,33.0,97.0,7600010.0,DX
2024-11-25 11:30:00+00:00,106.955,106.96,106.945,106.945,37,33.0,97.0,7600010.0,DX
2024-11-25 11:35:00+00:00,106.955,106.98,106.955,106.955,45,33.0,97.0,7600010.0,DX
2024-11-25 11:40:00+00:00,106.96,107.0,106.96,107.0,22,33.0,97.0,7600010.0,DX
2024-11-25 11:45:00+00:00,106.995,107.015,106.98,107.015,102,33.0,97.0,7600010.0,DX
2024-11-25 11:50:00+00:00,106.995,106.995,106.975,106.995,29,33.0,97.0,7600010.0,DX
2024-11-25 11:55:00+00:00,106.635,107.02,106.635,106.995,52,33.0,97.0,7698408.0,DX
2024-11-25 12:00:00+00:00,106.995,107.005,106.985,107.0,15,33.0,97.0,7600010.0,DX
2024-11-25 12:05:00+00:00,106.995,107.005,106.965,106.985,42,33.0,97.0,7600010.0,DX
2024-11-25 12:10:00+00:00,106.98,107.02,106.98,107.0,13,33.0,97.0,7600010.0,DX
2024-11-25 12:15:00+00:00,107.005,107.03,107.005,107.03,19,33.0,97.0,7600010.0,DX
2024-11-25 12:20:00+00:00,107.035,107.05,107.03,107.045,11,33.0,97.0,7600010.0,DX
2024-11-25 12:25:00+00:00,107.05,107.05,107.025,107.025,20,33.0,97.0,7600010.0,DX
2024-11-25 12:30:00+00:00,107.025,107.025,106.99,106.99,13,33.0,97.0,7600010.0,DX
2024-11-25 12:35:00+00:00,106.98,106.98,106.955,106.97,392,33.0,97.0,7600010.0,DX
2024-11-25 12:40:00+00:00,106.95,106.95,106.915,106.945,44,33.0,97.0,7600010.0,DX
2024-11-25 12:45:00+00:00,106.945,106.945,106.88,106.88,16,33.0,97.0,7600010.0,DX
2024-11-25 12:50:00+00:00,106.89,106.89,106.865,106.865,34,33.0,97.0,7600010.0,DX
2024-11-25 12:55:00+00:00,106.485,106.885,106.485,106.88,46,33.0,97.0,7698408.0,DX
2024-11-25 13:00:00+00:00,106.88,106.88,106.805,106.835,109,33.0,97.0,7600010.0,DX
2024-11-25 13:05:00+00:00,106.84,106.845,106.44,106.44,145,33.0,97.0,7600010.0,DX
2024-11-25 13:10:00+00:00,106.82,106.83,106.755,106.755,178,33.0,97.0,7600010.0,DX
2024-11-25 13:15:00+00:00,106.775,106.79,106.645,106.645,202,33.0,97.0,7600010.0,DX
2024-11-25 13:20:00+00:00,106.665,106.7,106.645,106.65,111,33.0,97.0,7600010.0,DX
2024-11-25 13:25:00+00:00,106.645,106.65,106.57,106.6,728,33.0,97.0,7600010.0,DX
2024-11-25 13:30:00+00:00,106.58,106.615,106.545,106.605,256,33.0,97.0,7600010.0,DX
2024-11-25 13:35:00+00:00,106.625,106.635,106.595,106.62,223,33.0,97.0,7600010.0,DX
2024-11-25 13:40:00+00:00,106.635,106.635,106.58,106.6,152,33.0,97.0,7600010.0,DX
2024-11-25 13:45:00+00:00,106.605,106.66,106.6,106.625,113,33.0,97.0,7600010.0,DX
2024-11-25 13:50:00+00:00,106.62,106.645,106.595,106.6,130,33.0,97.0,7600010.0,DX
2024-11-25 13:55:00+00:00,106.585,106.59,106.18,106.18,107,33.0,97.0,7600010.0,DX
2024-11-25 14:00:00+00:00,106.55,106.605,106.535,106.605,300,33.0,97.0,7600010.0,DX
2024-11-25 14:05:00+00:00,106.605,106.62,106.58,106.605,191,33.0,97.0,7600010.0,DX
2024-11-25 14:10:00+00:00,106.595,106.615,106.56,106.575,142,33.0,97.0,7600010.0,DX
2024-11-25 14:15:00+00:00,106.555,106.605,106.55,106.59,69,33.0,97.0,7600010.0,DX
2024-11-25 14:20:00+00:00,106.59,106.655,106.59,106.645,82,33.0,97.0,7600010.0,DX
2024-11-25 14:25:00+00:00,106.64,106.64,106.56,106.57,213,33.0,97.0,7600010.0,DX
2024-11-25 14:30:00+00:00,106.575,106.615,106.55,106.585,120,33.0,97.0,7600010.0,DX
2024-11-25 14:35:00+00:00,106.59,106.685,106.585,106.685,130,33.0,97.0,7600010.0,DX
2024-11-25 14:40:00+00:00,106.69,106.735,106.65,106.73,120,33.0,97.0,7600010.0,DX
2024-11-25 14:45:00+00:00,106.725,106.725,106.675,106.71,120,33.0,97.0,7600010.0,DX
2024-11-25 14:50:00+00:00,106.725,106.725,106.68,106.685,104,33.0,97.0,7600010.0,DX
2024-11-25 14:55:00+00:00,106.685,106.715,106.675,106.7,135,33.0,97.0,7600010.0,DX
2024-11-25 15:00:00+00:00,106.7,106.81,106.695,106.81,123,33.0,97.0,7600010.0,DX
2024-11-25 15:05:00+00:00,106.81,106.88,106.81,106.85,342,33.0,97.0,7600010.0,DX
2024-11-25 15:10:00+00:00,106.85,106.86,106.805,106.81,130,33.0,97.0,7600010.0,DX
2024-11-25 15:15:00+00:00,106.81,106.815,106.775,106.785,109,33.0,97.0,7600010.0,DX
2024-11-25 15:20:00+00:00,106.775,106.775,106.74,106.74,168,33.0,97.0,7600010.0,DX
2024-11-25 15:25:00+00:00,106.73,106.73,106.65,106.66,97,33.0,97.0,7600010.0,DX
2024-11-25 15:30:00+00:00,106.655,106.66,106.63,106.64,119,33.0,97.0,7600010.0,DX
2024-11-25 15:35:00+00:00,106.635,106.66,106.61,106.655,143,33.0,97.0,7600010.0,DX
2024-11-25 15:40:00+00:00,106.65,106.715,106.65,106.69,118,33.0,97.0,7600010.0,DX
2024-11-25 15:45:00+00:00,106.69,106.765,106.685,106.755,158,33.0,97.0,7600010.0,DX
2024-11-25 15:50:00+00:00,106.755,106.845,106.755,106.84,270,33.0,97.0,7600010.0,DX
2024-11-25 15:55:00+00:00,106.845,106.955,106.845,106.945,496,33.0,97.0,7600010.0,DX
2024-11-25 16:00:00+00:00,106.94,106.945,106.885,106.9,700,33.0,97.0,7600010.0,DX
2024-11-25 16:05:00+00:00,106.895,106.935,106.89,106.925,130,33.0,97.0,7600010.0,DX
2024-11-25 16:10:00+00:00,106.93,106.945,106.895,106.915,86,33.0,97.0,7600010.0,DX
2024-11-25 16:15:00+00:00,106.915,106.95,106.895,106.915,157,33.0,97.0,7600010.0,DX
2024-11-25 16:20:00+00:00,106.925,106.98,106.915,106.97,87,33.0,97.0,7600010.0,DX
2024-11-25 16:25:00+00:00,106.97,106.975,106.94,106.96,114,33.0,97.0,7600010.0,DX
2024-11-25 16:30:00+00:00,106.96,106.96,106.93,106.94,62,33.0,97.0,7600010.0,DX
2024-11-25 16:35:00+00:00,106.93,106.955,106.92,106.955,36,33.0,97.0,7600010.0,DX
2024-11-25 16:40:00+00:00,106.95,107.035,106.93,107.035,117,33.0,97.0,7600010.0,DX
2024-11-25 16:45:00+00:00,107.035,107.095,107.035,107.08,412,33.0,97.0,7600010.0,DX
2024-11-25 16:50:00+00:00,107.08,107.095,107.01,107.015,94,33.0,97.0,7600010.0,DX
2024-11-25 16:55:00+00:00,107.01,107.025,106.995,107.005,66,33.0,97.0,7600010.0,DX
2024-11-25 17:00:00+00:00,107.005,107.035,106.99,106.995,73,33.0,97.0,7600010.0,DX
2024-11-25 17:05:00+00:00,107.015,107.02,106.995,106.995,40,33.0,97.0,7600010.0,DX
2024-11-25 17:10:00+00:00,107.01,107.045,106.995,107.045,113,33.0,97.0,7600010.0,DX
2024-11-25 17:15:00+00:00,107.04,107.07,107.02,107.07,49,33.0,97.0,7600010.0,DX
2024-11-25 17:20:00+00:00,107.065,107.075,107.005,107.025,158,33.0,97.0,7600010.0,DX
2024-11-25 17:25:00+00:00,107.02,107.03,107.02,107.03,242,33.0,97.0,7600010.0,DX
2024-11-25 17:30:00+00:00,107.025,107.025,106.97,106.97,104,33.0,97.0,7600010.0,DX
2024-11-25 17:35:00+00:00,106.97,106.975,106.95,106.96,169,33.0,97.0,7600010.0,DX
2024-11-25 17:40:00+00:00,106.955,106.975,106.955,106.97,84,33.0,97.0,7600010.0,DX
2024-11-25 17:45:00+00:00,106.96,106.98,106.96,106.96,94,33.0,97.0,7600010.0,DX
2024-11-25 17:50:00+00:00,106.96,106.97,106.96,106.96,36,33.0,97.0,7600010.0,DX
2024-11-25 17:55:00+00:00,106.955,106.965,106.94,106.95,86,33.0,97.0,7600010.0,DX
2024-11-25 18:00:00+00:00,106.955,106.955,106.86,106.86,339,33.0,97.0,7600010.0,DX
2024-11-25 18:05:00+00:00,106.865,106.875,106.84,106.87,87,33.0,97.0,7600010.0,DX
2024-11-25 18:10:00+00:00,106.88,106.89,106.865,106.885,60,33.0,97.0,7600010.0,DX
2024-11-25 18:15:00+00:00,106.875,106.89,106.855,106.88,92,33.0,97.0,7600010.0,DX
2024-11-25 18:20:00+00:00,106.51,106.895,106.51,106.895,78,33.0,97.0,7698408.0,DX
2024-11-25 18:25:00+00:00,106.89,106.89,106.85,106.85,69,33.0,97.0,7600010.0,DX
2024-11-25 18:30:00+00:00,106.845,106.845,106.81,106.815,138,33.0,97.0,7600010.0,DX
2024-11-25 18:35:00+00:00,106.805,106.81,106.79,106.81,95,33.0,97.0,7600010.0,DX
2024-11-25 18:40:00+00:00,106.805,106.835,106.8,106.835,119,33.0,97.0,7600010.0,DX
2024-11-25 18:45:00+00:00,106.835,106.845,106.815,106.835,128,33.0,97.0,7600010.0,DX
2024-11-25 18:50:00+00:00,106.815,106.815,106.785,106.785,31,33.0,97.0,7600010.0,DX
2024-11-25 18:55:00+00:00,106.775,106.78,106.75,106.755,44,33.0,97.0,7600010.0,DX
2024-11-25 19:00:00+00:00,106.75,106.755,106.725,106.74,55,33.0,97.0,7600010.0,DX
2024-11-25 19:05:00+00:00,106.74,106.75,106.735,106.735,42,33.0,97.0,7600010.0,DX
2024-11-25 19:10:00+00:00,106.735,106.74,106.72,106.735,30,33.0,97.0,7600010.0,DX
2024-11-25 19:15:00+00:00,106.73,106.76,106.73,106.76,44,33.0,97.0,7600010.0,DX
2024-11-25 19:20:00+00:00,106.755,106.76,106.74,106.755,61,33.0,97.0,7600010.0,DX
2024-11-25 19:25:00+00:00,106.76,106.76,106.72,106.725,42,33.0,97.0,7600010.0,DX
2024-11-25 19:30:00+00:00,106.73,106.745,106.73,106.73,23,33.0,97.0,7600010.0,DX
2024-11-25 19:35:00+00:00,106.735,106.76,106.735,106.755,48,33.0,97.0,7600010.0,DX
2024-11-25 19:40:00+00:00,106.755,106.76,106.745,106.76,111,33.0,97.0,7600010.0,DX
2024-11-25 19:45:00+00:00,106.765,106.785,106.76,106.77,39,33.0,97.0,7600010.0,DX
2024-11-25 19:50:00+00:00,106.775,106.795,106.77,106.78,78,33.0,97.0,7600010.0,DX
2024-11-25 19:55:00+00:00,106.785,106.8,106.76,106.77,276,33.0,97.0,7600010.0,DX
2024-11-25 20:00:00+00:00,106.765,106.775,106.75,106.77,46,33.0,97.0,7600010.0,DX
2024-11-25 20:05:00+00:00,106.765,106.77,106.755,106.755,36,33.0,97.0,7600010.0,DX
2024-11-25 20:10:00+00:00,106.755,106.755,106.74,106.74,54,33.0,97.0,7600010.0,DX
2024-11-25 20:15:00+00:00,106.735,106.755,106.735,106.755,48,33.0,97.0,7600010.0,DX
2024-11-25 20:20:00+00:00,106.755,106.79,106.755,106.785,90,33.0,97.0,7600010.0,DX
2024-11-25 20:25:00+00:00,106.785,106.805,106.78,106.78,46,33.0,97.0,7600010.0,DX
2024-11-25 20:30:00+00:00,106.785,106.805,106.78,106.8,82,33.0,97.0,7600010.0,DX
2024-11-25 20:35:00+00:00,106.795,106.805,106.795,106.805,37,33.0,97.0,7600010.0,DX
2024-11-25 20:40:00+00:00,106.805,106.805,106.795,106.8,27,33.0,97.0,7600010.0,DX
2024-11-25 20:45:00+00:00,106.79,106.825,106.78,106.825,57,33.0,97.0,7600010.0,DX
2024-11-25 20:50:00+00:00,106.825,106.845,106.82,106.84,76,33.0,97.0,7600010.0,DX
2024-11-25 20:55:00+00:00,106.845,106.865,106.845,106.855,80,33.0,97.0,7600010.0,DX
2024-11-25 21:00:00+00:00,106.86,106.87,106.835,106.835,36,33.0,97.0,7600010.0,DX
2024-11-25 21:05:00+00:00,106.84,106.84,106.84,106.84,1,33.0,97.0,7600010.0,DX
2024-11-25 21:10:00+00:00,106.85,106.85,106.84,106.845,7,33.0,97.0,7600010.0,DX
2024-11-25 21:15:00+00:00,106.84,106.84,106.84,106.84,15,33.0,97.0,7600010.0,DX
2024-11-25 21:25:00+00:00,106.845,106.855,106.84,106.855,8,33.0,97.0,7600010.0,DX
2024-11-25 21:30:00+00:00,106.86,106.86,106.855,106.855,28,33.0,97.0,7600010.0,DX
2024-11-25 21:35:00+00:00,106.855,106.865,106.855,106.865,2,33.0,97.0,7600010.0,DX
2024-11-25 21:40:00+00:00,106.52,106.52,106.52,106.52,1,33.0,97.0,7698408.0,DX
2024-11-25 21:45:00+00:00,106.87,106.87,106.87,106.87,1,33.0,97.0,7600010.0,DX
2024-11-25 21:50:00+00:00,106.875,106.88,106.875,106.88,5,33.0,97.0,7600010.0,DX
2024-11-25 21:55:00+00:00,106.87,106.87,106.84,106.84,24,33.0,97.0,7600010.0,DX
2024-11-26 01:00:00+00:00,107.435,107.47,107.36,107.465,460,33.0,97.0,7600010.0,DX
2024-11-26 01:05:00+00:00,107.465,107.465,107.37,107.395,102,33.0,97.0,7600010.0,DX
2024-11-26 01:10:00+00:00,107.39,107.39,107.315,107.335,70,33.0,97.0,7600010.0,DX
2024-11-26 01:15:00+00:00,107.325,107.35,107.27,107.27,50,33.0,97.0,7600010.0,DX
2024-11-26 01:20:00+00:00,106.92,107.275,106.915,107.26,48,33.0,97.0,7698408.0,DX
2024-11-26 01:25:00+00:00,107.25,107.275,107.24,107.26,44,33.0,97.0,7600010.0,DX
2024-11-26 01:30:00+00:00,107.255,107.26,107.19,107.2,57,33.0,97.0,7600010.0,DX
2024-11-26 01:35:00+00:00,107.19,107.245,107.175,107.245,44,33.0,97.0,7600010.0,DX
2024-11-26 01:40:00+00:00,107.26,107.27,107.25,107.27,23,33.0,97.0,7600010.0,DX
2024-11-26 01:45:00+00:00,107.27,107.28,106.9,106.9,9,33.0,97.0,7600010.0,DX
2024-11-26 01:50:00+00:00,107.27,107.27,107.22,107.255,29,33.0,97.0,7600010.0,DX
2024-11-26 01:55:00+00:00,107.245,107.3,107.245,107.27,16,33.0,97.0,7600010.0,DX
2024-11-26 02:00:00+00:00,107.275,107.305,107.26,107.3,85,33.0,97.0,7600010.0,DX
2024-11-26 02:05:00+00:00,107.295,107.3,107.27,107.27,30,33.0,97.0,7600010.0,DX
2024-11-26 02:10:00+00:00,107.26,107.26,107.235,107.235,47,33.0,97.0,7600010.0,DX
2024-11-26 02:15:00+00:00,107.245,107.245,107.22,107.225,34,33.0,97.0,7600010.0,DX
2024-11-26 02:20:00+00:00,107.235,107.235,107.185,107.205,114,33.0,97.0,7600010.0,DX
2024-11-26 02:25:00+00:00,107.205,107.235,107.205,107.225,44,33.0,97.0,7600010.0,DX
2024-11-26 02:30:00+00:00,107.215,107.235,107.215,107.235,16,33.0,97.0,7600010.0,DX
2024-11-26 02:35:00+00:00,107.23,107.245,107.215,107.22,68,33.0,97.0,7600010.0,DX
2024-11-26 02:40:00+00:00,107.235,107.25,107.215,107.24,76,33.0,97.0,7600010.0,DX
2024-11-26 02:45:00+00:00,107.235,107.235,107.185,107.22,44,33.0,97.0,7600010.0,DX
2024-11-26 02:50:00+00:00,107.21,107.225,107.2,107.2,27,33.0,97.0,7600010.0,DX
2024-11-26 02:55:00+00:00,107.195,107.2,107.185,107.2,34,33.0,97.0,7600010.0,DX
2024-11-26 03:00:00+00:00,107.21,107.215,107.2,107.21,43,33.0,97.0,7600010.0,DX
2024-11-26 03:05:00+00:00,107.21,107.21,107.145,107.145,63,33.0,97.0,7600010.0,DX
2024-11-26 03:10:00+00:00,107.14,107.165,107.12,107.125,261,33.0,97.0,7600010.0,DX
2024-11-26 03:15:00+00:00,107.12,107.15,107.11,107.14,84,33.0,97.0,7600010.0,DX
2024-11-26 03:20:00+00:00,107.14,107.14,107.11,107.12,21,33.0,97.0,7600010.0,DX
2024-11-26 03:25:00+00:00,107.115,107.135,107.115,107.135,36,33.0,97.0,7600010.0,DX
2024-11-26 03:30:00+00:00,107.14,107.145,107.115,107.12,52,33.0,97.0,7600010.0,DX
2024-11-26 03:35:00+00:00,107.12,107.13,107.115,107.115,32,33.0,97.0,7600010.0,DX
2024-11-26 03:40:00+00:00,107.115,107.115,107.08,107.09,46,33.0,97.0,7600010.0,DX
2024-11-26 03:45:00+00:00,107.095,107.095,107.055,107.07,75,33.0,97.0,7600010.0,DX
2024-11-26 03:50:00+00:00,107.055,107.055,107.04,107.04,34,33.0,97.0,7600010.0,DX
2024-11-26 03:55:00+00:00,107.035,107.055,107.035,107.05,9,33.0,97.0,7600010.0,DX
2024-11-26 04:00:00+00:00,107.02,107.02,106.965,106.965,76,33.0,97.0,7600010.0,DX
2024-11-26 04:05:00+00:00,106.965,106.985,106.935,106.94,75,33.0,97.0,7600010.0,DX
2024-11-26 04:10:00+00:00,106.935,106.98,106.93,106.98,43,33.0,97.0,7600010.0,DX
2024-11-26 04:15:00+00:00,106.99,107.005,106.985,106.99,18,33.0,97.0,7600010.0,DX
2024-11-26 04:20:00+00:00,106.975,106.99,106.965,106.99,29,33.0,97.0,7600010.0,DX
2024-11-26 04:25:00+00:00,106.995,107.0,106.99,106.995,28,33.0,97.0,7600010.0,DX
2024-11-26 04:30:00+00:00,107.0,107.03,107.0,107.03,60,33.0,97.0,7600010.0,DX
2024-11-26 04:35:00+00:00,107.03,107.05,107.02,107.02,42,33.0,97.0,7600010.0,DX
2024-11-26 04:40:00+00:00,107.02,107.04,107.02,107.04,9,33.0,97.0,7600010.0,DX
2024-11-26 04:45:00+00:00,107.04,107.06,107.04,107.045,26,33.0,97.0,7600010.0,DX
2024-11-26 04:50:00+00:00,107.045,107.045,106.685,107.04,23,33.0,97.0,7600010.0,DX
2024-11-26 04:55:00+00:00,107.035,107.045,107.035,107.035,40,33.0,97.0,7600010.0,DX
2024-11-26 05:00:00+00:00,107.035,107.04,107.015,107.015,13,33.0,97.0,7600010.0,DX
2024-11-26 05:05:00+00:00,107.025,107.035,107.025,107.035,16,33.0,97.0,7600010.0,DX
2024-11-26 05:10:00+00:00,107.035,107.05,107.015,107.04,32,33.0,97.0,7600010.0,DX
2024-11-26 05:15:00+00:00,107.035,107.04,107.025,107.035,23,33.0,97.0,7600010.0,DX
2024-11-26 05:20:00+00:00,107.04,107.04,107.04,107.04,1,33.0,97.0,7600010.0,DX
2024-11-26 05:25:00+00:00,107.05,107.05,107.03,107.05,38,33.0,97.0,7600010.0,DX
2024-11-26 05:30:00+00:00,107.045,107.045,107.005,107.01,41,33.0,97.0,7600010.0,DX
2024-11-26 05:35:00+00:00,107.015,107.02,107.005,107.02,30,33.0,97.0,7600010.0,DX
2024-11-26 05:40:00+00:00,107.015,107.015,107.015,107.015,4,33.0,97.0,7600010.0,DX
2024-11-26 05:45:00+00:00,107.035,107.065,107.035,107.05,27,33.0,97.0,7600010.0,DX
2024-11-26 05:50:00+00:00,107.055,107.065,107.055,107.065,17,33.0,97.0,7600010.0,DX
2024-11-26 05:55:00+00:00,107.06,107.065,107.05,107.055,10,33.0,97.0,7600010.0,DX
2024-11-26 06:00:00+00:00,107.06,107.06,107.035,107.035,16,33.0,97.0,7600010.0,DX
2024-11-26 06:05:00+00:00,107.025,107.045,107.015,107.015,24,33.0,97.0,7600010.0,DX
2024-11-26 06:10:00+00:00,107.005,107.01,106.99,107.01,26,33.0,97.0,7600010.0,DX
2024-11-26 06:15:00+00:00,107.015,107.03,107.01,107.03,24,33.0,97.0,7600010.0,DX
2024-11-26 06:20:00+00:00,107.05,107.05,107.045,107.05,7,33.0,97.0,7600010.0,DX
2024-11-26 06:25:00+00:00,107.05,107.05,107.035,107.035,16,33.0,97.0,7600010.0,DX
2024-11-26 06:30:00+00:00,107.05,107.06,107.035,107.055,25,33.0,97.0,7600010.0,DX
2024-11-26 06:35:00+00:00,107.055,107.055,107.02,107.02,39,33.0,97.0,7600010.0,DX
2024-11-26 06:40:00+00:00,107.03,107.035,107.02,107.025,30,33.0,97.0,7600010.0,DX
2024-11-26 06:45:00+00:00,107.04,107.075,107.04,107.075,34,33.0,97.0,7600010.0,DX
2024-11-26 06:50:00+00:00,107.085,107.09,107.07,107.075,40,33.0,97.0,7600010.0,DX
2024-11-26 06:55:00+00:00,107.075,107.09,107.065,107.08,138,33.0,97.0,7600010.0,DX
2024-11-26 07:00:00+00:00,107.075,107.125,107.07,107.105,212,33.0,97.0,7600010.0,DX
2024-11-26 07:05:00+00:00,107.1,107.1,107.075,107.095,60,33.0,97.0,7600010.0,DX
2024-11-26 07:10:00+00:00,107.08,107.1,107.05,107.06,72,33.0,97.0,7600010.0,DX
2024-11-26 07:15:00+00:00,107.075,107.09,107.06,107.07,78,33.0,97.0,7600010.0,DX
2024-11-26 07:20:00+00:00,107.075,107.09,107.06,107.08,38,33.0,97.0,7600010.0,DX
2024-11-26 07:25:00+00:00,107.1,107.12,107.085,107.11,292,33.0,97.0,7600010.0,DX
2024-11-26 07:30:00+00:00,107.115,107.115,107.075,107.085,113,33.0,97.0,7600010.0,DX
2024-11-26 07:35:00+00:00,107.1,107.11,107.045,107.075,162,33.0,97.0,7600010.0,DX
2024-11-26 07:40:00+00:00,107.075,107.095,107.075,107.075,31,33.0,97.0,7600010.0,DX
2024-11-26 07:45:00+00:00,107.075,107.075,107.055,107.07,50,33.0,97.0,7600010.0,DX
2024-11-26 07:50:00+00:00,107.075,107.09,107.07,107.08,59,33.0,97.0,7600010.0,DX
2024-11-26 07:55:00+00:00,107.08,107.13,107.08,107.13,39,33.0,97.0,7600010.0,DX
2024-11-26 08:00:00+00:00,107.125,107.135,107.09,107.095,142,33.0,97.0,7600010.0,DX
2024-11-26 08:05:00+00:00,107.105,107.11,107.055,107.065,115,33.0,97.0,7600010.0,DX
2024-11-26 08:10:00+00:00,107.06,107.125,107.055,107.125,63,33.0,97.0,7600010.0,DX
2024-11-26 08:15:00+00:00,107.115,107.115,107.03,107.03,94,33.0,97.0,7600010.0,DX
2024-11-26 08:20:00+00:00,107.03,107.03,106.995,107.0,70,33.0,97.0,7600010.0,DX
2024-11-26 08:25:00+00:00,107.0,107.05,107.0,107.04,48,33.0,97.0,7600010.0,DX
2024-11-26 08:30:00+00:00,107.03,107.045,107.02,107.02,50,33.0,97.0,7600010.0,DX
2024-11-26 08:35:00+00:00,107.04,107.075,107.025,107.075,78,33.0,97.0,7600010.0,DX
2024-11-26 08:40:00+00:00,107.08,107.085,107.055,107.07,40,33.0,97.0,7600010.0,DX
2024-11-26 08:45:00+00:00,107.06,107.06,107.015,107.015,105,33.0,97.0,7600010.0,DX
2024-11-26 08:50:00+00:00,107.015,107.03,106.97,106.97,179,33.0,97.0,7600010.0,DX
2024-11-26 08:55:00+00:00,106.965,106.99,106.95,106.99,63,33.0,97.0,7600010.0,DX
2024-11-26 09:00:00+00:00,106.99,106.99,106.835,106.865,133,33.0,97.0,7600010.0,DX
2024-11-26 09:05:00+00:00,106.855,106.89,106.83,106.87,137,33.0,97.0,7600010.0,DX
2024-11-26 09:10:00+00:00,106.885,106.885,106.775,106.805,214,33.0,97.0,7600010.0,DX
2024-11-26 09:15:00+00:00,106.8,106.86,106.8,106.86,78,33.0,97.0,7600010.0,DX
2024-11-26 09:20:00+00:00,106.865,106.87,106.85,106.865,60,33.0,97.0,7600010.0,DX
2024-11-26 09:25:00+00:00,106.875,106.935,106.875,106.935,42,33.0,97.0,7600010.0,DX
2024-11-26 09:30:00+00:00,106.935,106.965,106.91,106.965,101,33.0,97.0,7600010.0,DX
2024-11-26 09:35:00+00:00,106.96,106.97,106.905,106.93,49,33.0,97.0,7600010.0,DX
2024-11-26 09:40:00+00:00,106.93,106.93,106.855,106.86,56,33.0,97.0,7600010.0,DX
2024-11-26 09:45:00+00:00,106.86,106.87,106.83,106.84,42,33.0,97.0,7600010.0,DX
2024-11-26 09:50:00+00:00,106.835,106.89,106.835,106.845,37,33.0,97.0,7600010.0,DX
2024-11-26 09:55:00+00:00,106.86,106.87,106.845,106.845,62,33.0,97.0,7600010.0,DX
2024-11-26 10:00:00+00:00,106.835,106.845,106.805,106.84,52,33.0,97.0,7600010.0,DX
2024-11-26 10:05:00+00:00,106.835,106.855,106.835,106.835,27,33.0,97.0,7600010.0,DX
2024-11-26 10:10:00+00:00,106.825,106.835,106.81,106.825,31,33.0,97.0,7600010.0,DX
2024-11-26 10:15:00+00:00,106.82,106.83,106.8,106.8,60,33.0,97.0,7600010.0,DX
2024-11-26 10:20:00+00:00,106.795,106.8,106.765,106.77,33,33.0,97.0,7600010.0,DX
2024-11-26 10:25:00+00:00,106.77,106.79,106.77,106.785,25,33.0,97.0,7600010.0,DX
2024-11-26 10:30:00+00:00,106.81,106.81,106.76,106.76,13,33.0,97.0,7600010.0,DX
2024-11-26 10:35:00+00:00,106.755,106.765,106.74,106.745,46,33.0,97.0,7600010.0,DX
2024-11-26 10:40:00+00:00,106.76,106.77,106.75,106.755,93,33.0,97.0,7600010.0,DX
2024-11-26 10:45:00+00:00,106.755,106.755,106.72,106.73,73,33.0,97.0,7600010.0,DX
2024-11-26 10:50:00+00:00,106.73,106.745,106.715,106.735,57,33.0,97.0,7600010.0,DX
2024-11-26 10:55:00+00:00,106.715,106.75,106.705,106.735,57,33.0,97.0,7600010.0,DX
2024-11-26 11:00:00+00:00,106.74,106.76,106.725,106.76,103,33.0,97.0,7600010.0,DX
2024-11-26 11:05:00+00:00,106.765,106.77,106.735,106.74,43,33.0,97.0,7600010.0,DX
2024-11-26 11:10:00+00:00,106.735,106.755,106.735,106.755,13,33.0,97.0,7600010.0,DX
2024-11-26 11:15:00+00:00,106.745,106.785,106.745,106.78,101,33.0,97.0,7600010.0,DX
2024-11-26 11:20:00+00:00,106.79,106.835,106.79,106.835,60,33.0,97.0,7600010.0,DX
2024-11-26 11:25:00+00:00,106.825,106.825,106.81,106.815,15,33.0,97.0,7600010.0,DX
2024-11-26 11:30:00+00:00,106.825,106.83,106.77,106.77,102,33.0,97.0,7600010.0,DX
2024-11-26 11:35:00+00:00,106.765,106.765,106.75,106.755,36,33.0,97.0,7600010.0,DX
2024-11-26 11:40:00+00:00,106.75,106.755,106.715,106.715,9,33.0,97.0,7600010.0,DX
2024-11-26 11:45:00+00:00,106.71,106.73,106.71,106.725,18,33.0,97.0,7600010.0,DX
2024-11-26 11:50:00+00:00,106.725,106.74,106.72,106.73,59,33.0,97.0,7600010.0,DX
2024-11-26 11:55:00+00:00,106.73,106.77,106.72,106.765,46,33.0,97.0,7600010.0,DX
2024-11-26 12:00:00+00:00,106.775,106.79,106.755,106.76,43,33.0,97.0,7600010.0,DX
2024-11-26 12:05:00+00:00,106.765,106.77,106.74,106.76,116,33.0,97.0,7600010.0,DX
2024-11-26 12:10:00+00:00,106.755,106.755,106.655,106.655,82,33.0,97.0,7600010.0,DX
2024-11-26 12:15:00+00:00,106.655,106.67,106.475,106.54,316,33.0,97.0,7600010.0,DX
2024-11-26 12:20:00+00:00,106.545,106.57,106.51,106.55,136,33.0,97.0,7600010.0,DX
2024-11-26 12:25:00+00:00,106.545,106.595,106.54,106.57,132,33.0,97.0,7600010.0,DX
2024-11-26 12:30:00+00:00,106.57,106.575,106.505,106.53,156,33.0,97.0,7600010.0,DX
2024-11-26 12:35:00+00:00,106.52,106.53,106.46,106.485,54,33.0,97.0,7600010.0,DX
2024-11-26 12:40:00+00:00,106.48,106.545,106.48,106.525,59,33.0,97.0,7600010.0,DX
2024-11-26 12:45:00+00:00,106.15,106.575,106.15,106.575,210,33.0,97.0,7698408.0,DX
2024-11-26 12:50:00+00:00,106.58,106.59,106.545,106.59,82,33.0,97.0,7600010.0,DX
2024-11-26 12:55:00+00:00,106.595,106.645,106.595,106.625,108,33.0,97.0,7600010.0,DX
2024-11-26 13:00:00+00:00,106.62,106.675,106.595,106.595,969,33.0,97.0,7600010.0,DX
2024-11-26 13:05:00+00:00,106.595,106.67,106.595,106.62,110,33.0,97.0,7600010.0,DX
2024-11-26 13:10:00+00:00,106.635,106.69,106.635,106.65,139,33.0,97.0,7600010.0,DX
2024-11-26 13:15:00+00:00,106.635,106.7,106.63,106.695,114,33.0,97.0,7600010.0,DX
2024-11-26 13:20:00+00:00,106.695,106.81,106.695,106.78,214,33.0,97.0,7600010.0,DX
2024-11-26 13:25:00+00:00,106.795,106.815,106.76,106.815,138,33.0,97.0,7600010.0,DX
2024-11-26 13:30:00+00:00,106.805,106.83,106.74,106.745,183,33.0,97.0,7600010.0,DX
2024-11-26 13:35:00+00:00,106.75,106.78,106.735,106.755,88,33.0,97.0,7600010.0,DX
2024-11-26 13:40:00+00:00,106.755,106.77,106.72,106.73,80,33.0,97.0,7600010.0,DX
2024-11-26 13:45:00+00:00,106.715,106.745,106.695,106.745,135,33.0,97.0,7600010.0,DX
2024-11-26 13:50:00+00:00,106.725,106.78,106.72,106.765,104,33.0,97.0,7600010.0,DX
2024-11-26 13:55:00+00:00,106.775,106.845,106.77,106.815,59,33.0,97.0,7600010.0,DX
2024-11-26 14:00:00+00:00,106.815,106.885,106.805,106.875,385,33.0,97.0,7600010.0,DX
2024-11-26 14:05:00+00:00,106.89,106.93,106.875,106.88,206,33.0,97.0,7600010.0,DX
2024-11-26 14:10:00+00:00,106.885,106.915,106.875,106.89,171,33.0,97.0,7600010.0,DX
2024-11-26 14:15:00+00:00,106.9,106.925,106.845,106.845,98,33.0,97.0,7600010.0,DX
2024-11-26 14:20:00+00:00,106.855,106.88,106.805,106.81,219,33.0,97.0,7600010.0,DX
2024-11-26 14:25:00+00:00,106.805,106.85,106.805,106.85,69,33.0,97.0,7600010.0,DX
2024-11-26 14:30:00+00:00,106.85,106.91,106.85,106.89,103,33.0,97.0,7600010.0,DX
2024-11-26 14:35:00+00:00,106.895,106.92,106.87,106.87,135,33.0,97.0,7600010.0,DX
2024-11-26 14:40:00+00:00,106.875,106.925,106.84,106.845,200,33.0,97.0,7600010.0,DX
2024-11-26 14:45:00+00:00,106.84,106.895,106.84,106.85,52,33.0,97.0,7600010.0,DX
2024-11-26 14:50:00+00:00,106.855,106.875,106.845,106.85,147,33.0,97.0,7600010.0,DX
2024-11-26 14:55:00+00:00,106.85,106.86,106.815,106.815,133,33.0,97.0,7600010.0,DX
2024-11-26 15:00:00+00:00,106.81,106.87,106.755,106.87,193,33.0,97.0,7600010.0,DX
2024-11-26 15:05:00+00:00,106.855,106.885,106.805,106.87,79,33.0,97.0,7600010.0,DX
2024-11-26 15:10:00+00:00,106.86,106.875,106.84,106.845,36,33.0,97.0,7600010.0,DX
2024-11-26 15:15:00+00:00,106.84,106.84,106.81,106.835,59,33.0,97.0,7600010.0,DX
2024-11-26 15:20:00+00:00,106.83,106.94,106.825,106.92,106,33.0,97.0,7600010.0,DX
2024-11-26 15:25:00+00:00,106.915,106.975,106.915,106.975,151,33.0,97.0,7600010.0,DX
2024-11-26 15:30:00+00:00,106.98,106.985,106.935,106.95,93,33.0,97.0,7600010.0,DX
2024-11-26 15:35:00+00:00,106.945,106.97,106.93,106.935,155,33.0,97.0,7600010.0,DX
2024-11-26 15:40:00+00:00,106.935,106.935,106.895,106.93,37,33.0,97.0,7600010.0,DX
2024-11-26 15:45:00+00:00,106.92,106.925,106.825,106.84,109,33.0,97.0,7600010.0,DX
2024-11-26 15:50:00+00:00,106.855,106.9,106.82,106.9,117,33.0,97.0,7600010.0,DX
2024-11-26 15:55:00+00:00,106.9,106.965,106.875,106.955,322,33.0,97.0,7600010.0,DX
2024-11-26 16:00:00+00:00,106.955,106.96,106.92,106.945,465,33.0,97.0,7600010.0,DX
2024-11-26 16:05:00+00:00,106.94,107.03,106.94,107.0,169,33.0,97.0,7600010.0,DX
2024-11-26 16:10:00+00:00,106.985,107.095,106.985,107.085,178,33.0,97.0,7600010.0,DX
2024-11-26 16:15:00+00:00,107.08,107.09,107.05,107.08,35,33.0,97.0,7600010.0,DX
2024-11-26 16:20:00+00:00,107.075,107.11,107.045,107.045,125,33.0,97.0,7600010.0,DX
2024-11-26 16:25:00+00:00,107.04,107.07,107.03,107.03,131,33.0,97.0,7600010.0,DX
2024-11-26 16:30:00+00:00,107.04,107.045,106.995,106.995,102,33.0,97.0,7600010.0,DX
2024-11-26 16:35:00+00:00,106.995,107.005,106.955,106.96,47,33.0,97.0,7600010.0,DX
2024-11-26 16:40:00+00:00,106.96,107.01,106.935,107.01,101,33.0,97.0,7600010.0,DX
2024-11-26 16:45:00+00:00,107.015,107.015,106.975,107.0,71,33.0,97.0,7600010.0,DX
2024-11-26 16:50:00+00:00,107.005,107.005,106.96,106.96,200,33.0,97.0,7600010.0,DX
2024-11-26 16:55:00+00:00,106.965,106.98,106.955,106.98,69,33.0,97.0,7600010.0,DX
2024-11-26 17:00:00+00:00,106.985,107.005,106.98,106.98,48,33.0,97.0,7600010.0,DX
2024-11-26 17:05:00+00:00,107.005,107.04,107.0,107.02,71,33.0,97.0,7600010.0,DX
2024-11-26 17:10:00+00:00,107.005,107.03,106.99,107.03,40,33.0,97.0,7600010.0,DX
2024-11-26 17:15:00+00:00,107.035,107.055,107.035,107.035,13,33.0,97.0,7600010.0,DX
2024-11-26 17:20:00+00:00,107.045,107.06,107.045,107.045,13,33.0,97.0,7600010.0,DX
2024-11-26 17:25:00+00:00,107.06,107.06,107.055,107.06,20,33.0,97.0,7600010.0,DX
2024-11-26 17:30:00+00:00,107.055,107.055,107.03,107.05,41,33.0,97.0,7600010.0,DX
2024-11-26 17:35:00+00:00,107.035,107.075,107.035,107.065,40,33.0,97.0,7600010.0,DX
2024-11-26 17:40:00+00:00,107.055,107.08,107.04,107.08,72,33.0,97.0,7600010.0,DX
2024-11-26 17:45:00+00:00,107.075,107.08,107.075,107.08,9,33.0,97.0,7600010.0,DX
2024-11-26 17:50:00+00:00,107.075,107.075,107.05,107.055,58,33.0,97.0,7600010.0,DX
2024-11-26 17:55:00+00:00,107.045,107.05,107.04,107.04,65,33.0,97.0,7600010.0,DX
2024-11-26 18:00:00+00:00,107.035,107.045,107.015,107.025,82,33.0,97.0,7600010.0,DX
2024-11-26 18:05:00+00:00,107.05,107.065,107.04,107.045,70,33.0,97.0,7600010.0,DX
2024-11-26 18:10:00+00:00,107.05,107.06,107.035,107.055,52,33.0,97.0,7600010.0,DX
2024-11-26 18:15:00+00:00,107.045,107.08,107.035,107.08,46,33.0,97.0,7600010.0,DX
2024-11-26 18:20:00+00:00,107.08,107.085,107.06,107.085,35,33.0,97.0,7600010.0,DX
2024-11-26 18:25:00+00:00,107.09,107.125,107.085,107.125,194,33.0,97.0,7600010.0,DX
2024-11-26 18:30:00+00:00,107.125,107.16,107.11,107.15,82,33.0,97.0,7600010.0,DX
2024-11-26 18:35:00+00:00,107.16,107.16,107.12,107.135,31,33.0,97.0,7600010.0,DX
2024-11-26 18:40:00+00:00,107.14,107.14,107.075,107.075,65,33.0,97.0,7600010.0,DX
2024-11-26 18:45:00+00:00,107.075,107.085,107.055,107.08,31,33.0,97.0,7600010.0,DX
2024-11-26 18:50:00+00:00,107.085,107.095,107.07,107.095,119,33.0,97.0,7600010.0,DX
2024-11-26 18:55:00+00:00,107.105,107.105,107.07,107.07,59,33.0,97.0,7600010.0,DX
2024-11-26 19:00:00+00:00,107.065,107.095,107.015,107.02,167,33.0,97.0,7600010.0,DX
2024-11-26 19:05:00+00:00,107.005,107.055,107.0,107.04,52,33.0,97.0,7600010.0,DX
2024-11-26 19:10:00+00:00,107.035,107.07,106.945,107.035,525,33.0,97.0,7600010.0,DX
2024-11-26 19:15:00+00:00,107.05,107.075,107.04,107.05,99,33.0,97.0,7600010.0,DX
2024-11-26 19:20:00+00:00,107.055,107.095,107.055,107.09,54,33.0,97.0,7600010.0,DX
2024-11-26 19:25:00+00:00,107.085,107.11,107.08,107.11,31,33.0,97.0,7600010.0,DX
2024-11-26 19:30:00+00:00,107.115,107.125,107.085,107.09,150,33.0,97.0,7600010.0,DX
2024-11-26 19:35:00+00:00,107.095,107.11,107.07,107.07,44,33.0,97.0,7600010.0,DX
2024-11-26 19:40:00+00:00,107.07,107.07,107.045,107.06,63,33.0,97.0,7600010.0,DX
2024-11-26 19:45:00+00:00,107.04,107.04,107.01,107.015,50,33.0,97.0,7600010.0,DX
2024-11-26 19:50:00+00:00,107.015,107.02,106.965,106.97,40,33.0,97.0,7600010.0,DX
2024-11-26 19:55:00+00:00,106.965,106.98,106.95,106.975,127,33.0,97.0,7600010.0,DX
2024-11-26 20:00:00+00:00,106.975,106.98,106.95,106.965,113,33.0,97.0,7600010.0,DX
2024-11-26 20:05:00+00:00,106.965,106.98,106.96,106.96,53,33.0,97.0,7600010.0,DX
2024-11-26 20:10:00+00:00,106.965,106.975,106.95,106.97,33,33.0,97.0,7600010.0,DX
2024-11-26 20:15:00+00:00,106.96,106.965,106.935,106.95,95,33.0,97.0,7600010.0,DX
2024-11-26 20:20:00+00:00,106.985,106.985,106.955,106.96,19,33.0,97.0,7600010.0,DX
2024-11-26 20:25:00+00:00,106.97,106.985,106.965,106.985,61,33.0,97.0,7600010.0,DX
2024-11-26 20:30:00+00:00,106.975,106.975,106.955,106.975,38,33.0,97.0,7600010.0,DX
2024-11-26 20:35:00+00:00,106.975,106.995,106.975,106.985,48,33.0,97.0,7600010.0,DX
2024-11-26 20:40:00+00:00,106.97,106.975,106.94,106.94,40,33.0,97.0,7600010.0,DX
2024-11-26 20:45:00+00:00,106.95,106.95,106.945,106.95,11,33.0,97.0,7600010.0,DX
2024-11-26 20:50:00+00:00,106.97,106.975,106.935,106.95,130,33.0,97.0,7600010.0,DX
2024-11-26 20:55:00+00:00,106.95,106.95,106.905,106.915,160,33.0,97.0,7600010.0,DX
2024-11-26 21:00:00+00:00,106.905,106.915,106.905,106.915,105,33.0,97.0,7600010.0,DX
2024-11-26 21:05:00+00:00,106.91,106.915,106.91,106.91,10,33.0,97.0,7600010.0,DX
2024-11-26 21:10:00+00:00,106.9,106.9,106.865,106.865,23,33.0,97.0,7600010.0,DX
2024-11-26 21:15:00+00:00,106.865,106.865,106.845,106.86,23,33.0,97.0,7600010.0,DX
2024-11-26 21:20:00+00:00,106.855,106.855,106.84,106.84,5,33.0,97.0,7600010.0,DX
2024-11-26 21:30:00+00:00,106.85,106.85,106.84,106.84,29,33.0,97.0,7600010.0,DX
2024-11-26 21:35:00+00:00,106.84,106.845,106.84,106.845,20,33.0,97.0,7600010.0,DX
2024-11-26 21:40:00+00:00,106.85,106.85,106.84,106.84,4,33.0,97.0,7600010.0,DX
2024-11-26 21:45:00+00:00,106.845,106.85,106.845,106.845,30,33.0,97.0,7600010.0,DX
2024-11-26 21:50:00+00:00,106.855,106.855,106.845,106.845,3,33.0,97.0,7600010.0,DX
2024-11-26 21:55:00+00:00,106.84,106.84,106.835,106.835,18,33.0,97.0,7600010.0,DX
2024-11-27 01:00:00+00:00,106.8,106.83,106.79,106.805,248,33.0,97.0,7600010.0,DX
2024-11-27 01:05:00+00:00,106.81,106.82,106.795,106.82,75,33.0,97.0,7600010.0,DX
2024-11-27 01:10:00+00:00,106.82,106.825,106.795,106.815,62,33.0,97.0,7600010.0,DX
2024-11-27 01:15:00+00:00,106.82,106.82,106.77,106.77,42,33.0,97.0,7600010.0,DX
2024-11-27 01:20:00+00:00,106.775,106.775,106.75,106.77,26,33.0,97.0,7600010.0,DX
2024-11-27 01:25:00+00:00,106.765,106.8,106.765,106.8,22,33.0,97.0,7600010.0,DX
2024-11-27 01:30:00+00:00,106.81,106.81,106.785,106.8,53,33.0,97.0,7600010.0,DX
2024-11-27 01:35:00+00:00,106.795,106.805,106.79,106.805,68,33.0,97.0,7600010.0,DX
2024-11-27 01:40:00+00:00,106.795,106.81,106.795,106.805,6,33.0,97.0,7600010.0,DX
2024-11-27 01:45:00+00:00,106.795,106.82,106.435,106.81,30,33.0,97.0,7600010.0,DX
2024-11-27 01:50:00+00:00,106.8,106.8,106.775,106.775,26,33.0,97.0,7600010.0,DX
2024-11-27 01:55:00+00:00,106.775,106.79,106.775,106.79,4,33.0,97.0,7600010.0,DX
2024-11-27 02:00:00+00:00,106.8,106.82,106.79,106.82,23,33.0,97.0,7600010.0,DX
2024-11-27 02:05:00+00:00,106.83,106.85,106.83,106.85,99,33.0,97.0,7600010.0,DX
2024-11-27 02:10:00+00:00,106.835,106.835,106.83,106.835,4,33.0,97.0,7600010.0,DX
2024-11-27 02:15:00+00:00,106.82,106.84,106.82,106.84,6,33.0,97.0,7600010.0,DX
2024-11-27 02:20:00+00:00,106.83,106.855,106.83,106.84,16,33.0,97.0,7600010.0,DX
2024-11-27 02:25:00+00:00,106.84,106.845,106.84,106.845,21,33.0,97.0,7600010.0,DX
2024-11-27 02:30:00+00:00,106.83,106.83,106.815,106.83,35,33.0,97.0,7600010.0,DX
2024-11-27 02:35:00+00:00,106.84,106.86,106.83,106.86,33,33.0,97.0,7600010.0,DX
2024-11-27 02:40:00+00:00,106.855,106.855,106.845,106.845,10,33.0,97.0,7600010.0,DX
2024-11-27 02:45:00+00:00,106.83,106.835,106.82,106.835,14,33.0,97.0,7600010.0,DX
2024-11-27 02:50:00+00:00,106.46,106.82,106.46,106.82,4,33.0,97.0,7698408.0,DX
2024-11-27 02:55:00+00:00,106.825,106.825,106.82,106.82,4,33.0,97.0,7600010.0,DX
2024-11-27 03:00:00+00:00,106.83,106.83,106.815,106.815,12,33.0,97.0,7600010.0,DX
2024-11-27 03:05:00+00:00,106.82,106.84,106.82,106.84,7,33.0,97.0,7600010.0,DX
2024-11-27 03:10:00+00:00,106.86,106.865,106.85,106.85,18,33.0,97.0,7600010.0,DX
2024-11-27 03:15:00+00:00,106.845,106.855,106.845,106.855,25,33.0,97.0,7600010.0,DX
2024-11-27 03:20:00+00:00,106.86,106.865,106.86,106.86,30,33.0,97.0,7600010.0,DX
2024-11-27 03:25:00+00:00,106.855,106.855,106.835,106.84,34,33.0,97.0,7600010.0,DX
2024-11-27 03:30:00+00:00,106.825,106.825,106.81,106.81,29,33.0,97.0,7600010.0,DX
2024-11-27 03:35:00+00:00,106.805,106.825,106.805,106.82,13,33.0,97.0,7600010.0,DX
2024-11-27 03:40:00+00:00,106.825,106.83,106.82,106.83,13,33.0,97.0,7600010.0,DX
2024-11-27 03:45:00+00:00,106.81,106.81,106.81,106.81,19,33.0,97.0,7600010.0,DX
2024-11-27 03:50:00+00:00,106.82,106.835,106.82,106.835,22,33.0,97.0,7600010.0,DX
2024-11-27 03:55:00+00:00,106.825,106.83,106.82,106.82,32,33.0,97.0,7600010.0,DX
2024-11-27 04:00:00+00:00,106.82,106.825,106.81,106.81,24,33.0,97.0,7600010.0,DX
2024-11-27 04:05:00+00:00,106.805,106.81,106.805,106.81,13,33.0,97.0,7600010.0,DX
2024-11-27 04:10:00+00:00,106.805,106.81,106.8,106.805,17,33.0,97.0,7600010.0,DX
2024-11-27 04:15:00+00:00,106.805,106.815,106.455,106.815,21,33.0,97.0,7600010.0,DX
2024-11-27 04:20:00+00:00,106.815,106.82,106.81,106.82,21,33.0,97.0,7600010.0,DX
2024-11-27 04:25:00+00:00,106.825,106.835,106.825,106.835,9,33.0,97.0,7600010.0,DX
2024-11-27 04:30:00+00:00,106.835,106.845,106.835,106.845,11,33.0,97.0,7600010.0,DX
2024-11-27 04:35:00+00:00,106.84,106.845,106.84,106.845,15,33.0,97.0,7600010.0,DX
2024-11-27 04:40:00+00:00,106.83,106.83,106.825,106.83,20,33.0,97.0,7600010.0,DX
2024-11-27 04:45:00+00:00,106.81,106.815,106.81,106.815,6,33.0,97.0,7600010.0,DX
2024-11-27 04:50:00+00:00,106.815,106.825,106.815,106.825,10,33.0,97.0,7600010.0,DX
2024-11-27 04:55:00+00:00,106.825,106.84,106.825,106.84,21,33.0,97.0,7600010.0,DX
2024-11-27 05:00:00+00:00,106.835,106.84,106.83,106.83,23,33.0,97.0,7600010.0,DX
2024-11-27 05:05:00+00:00,106.83,106.84,106.83,106.835,3,33.0,97.0,7600010.0,DX
2024-11-27 05:10:00+00:00,106.84,106.84,106.84,106.84,2,33.0,97.0,7600010.0,DX
2024-11-27 05:15:00+00:00,106.84,106.85,106.84,106.845,19,33.0,97.0,7600010.0,DX
2024-11-27 05:20:00+00:00,106.845,106.85,106.835,106.845,29,33.0,97.0,7600010.0,DX
2024-11-27 05:25:00+00:00,106.845,106.85,106.84,106.84,39,33.0,97.0,7600010.0,DX
2024-11-27 05:30:00+00:00,106.84,106.84,106.83,106.83,13,33.0,97.0,7600010.0,DX
2024-11-27 05:35:00+00:00,106.825,106.85,106.825,106.845,23,33.0,97.0,7600010.0,DX
2024-11-27 05:40:00+00:00,106.845,106.85,106.845,106.85,6,33.0,97.0,7600010.0,DX
2024-11-27 05:45:00+00:00,106.85,106.85,106.845,106.85,13,33.0,97.0,7600010.0,DX
2024-11-27 05:50:00+00:00,106.845,106.855,106.845,106.855,18,33.0,97.0,7600010.0,DX
2024-11-27 05:55:00+00:00,106.87,106.89,106.865,106.87,40,33.0,97.0,7600010.0,DX
2024-11-27 06:00:00+00:00,106.87,106.87,106.855,106.855,36,33.0,97.0,7600010.0,DX
2024-11-27 06:05:00+00:00,106.85,106.85,106.845,106.845,7,33.0,97.0,7600010.0,DX
2024-11-27 06:10:00+00:00,106.485,106.83,106.485,106.83,42,33.0,97.0,7698408.0,DX
2024-11-27 06:15:00+00:00,106.835,106.855,106.83,106.835,46,33.0,97.0,7600010.0,DX
2024-11-27 06:20:00+00:00,106.82,106.845,106.805,106.81,39,33.0,97.0,7600010.0,DX
2024-11-27 06:25:00+00:00,106.795,106.8,106.78,106.78,38,33.0,97.0,7600010.0,DX
2024-11-27 06:30:00+00:00,106.775,106.79,106.76,106.79,19,33.0,97.0,7600010.0,DX
2024-11-27 06:35:00+00:00,106.79,106.815,106.79,106.81,50,33.0,97.0,7600010.0,DX
2024-11-27 06:40:00+00:00,106.805,106.83,106.8,106.825,43,33.0,97.0,7600010.0,DX
2024-11-27 06:45:00+00:00,106.825,106.835,106.825,106.835,25,33.0,97.0,7600010.0,DX
2024-11-27 06:50:00+00:00,106.83,106.83,106.805,106.81,34,33.0,97.0,7600010.0,DX
2024-11-27 06:55:00+00:00,106.805,106.81,106.795,106.8,55,33.0,97.0,7600010.0,DX
2024-11-27 07:00:00+00:00,106.8,106.8,106.75,106.76,64,33.0,97.0,7600010.0,DX
2024-11-27 07:05:00+00:00,106.75,106.75,106.71,106.72,148,33.0,97.0,7600010.0,DX
2024-11-27 07:10:00+00:00,106.73,106.755,106.73,106.75,46,33.0,97.0,7600010.0,DX
2024-11-27 07:15:00+00:00,106.77,106.77,106.74,106.75,36,33.0,97.0,7600010.0,DX
2024-11-27 07:20:00+00:00,106.745,106.75,106.7,106.7,59,33.0,97.0,7600010.0,DX
2024-11-27 07:25:00+00:00,106.695,106.71,106.68,106.7,73,33.0,97.0,7600010.0,DX
2024-11-27 07:30:00+00:00,106.7,106.7,106.645,106.65,88,33.0,97.0,7600010.0,DX
2024-11-27 07:35:00+00:00,106.66,106.675,106.625,106.645,61,33.0,97.0,7600010.0,DX
2024-11-27 07:40:00+00:00,106.64,106.665,106.63,106.635,85,33.0,97.0,7600010.0,DX
2024-11-27 07:45:00+00:00,106.64,106.655,106.6,106.6,39,33.0,97.0,7600010.0,DX
2024-11-27 07:50:00+00:00,106.595,106.635,106.58,106.63,154,33.0,97.0,7600010.0,DX
2024-11-27 07:55:00+00:00,106.63,106.645,106.62,106.645,74,33.0,97.0,7600010.0,DX
2024-11-27 08:00:00+00:00,106.65,106.66,106.605,106.605,124,33.0,97.0,7600010.0,DX
2024-11-27 08:05:00+00:00,106.6,106.6,106.48,106.55,164,33.0,97.0,7600010.0,DX
2024-11-27 08:10:00+00:00,106.55,106.56,106.51,106.515,86,33.0,97.0,7600010.0,DX
2024-11-27 08:15:00+00:00,106.515,106.535,106.47,106.47,105,33.0,97.0,7600010.0,DX
2024-11-27 08:20:00+00:00,106.465,106.465,106.295,106.37,946,33.0,97.0,7600010.0,DX
2024-11-27 08:25:00+00:00,106.365,106.395,106.34,106.385,233,33.0,97.0,7600010.0,DX
2024-11-27 08:30:00+00:00,106.385,106.435,106.365,106.42,78,33.0,97.0,7600010.0,DX
2024-11-27 08:35:00+00:00,106.43,106.44,106.4,106.435,183,33.0,97.0,7600010.0,DX
2024-11-27 08:40:00+00:00,106.44,106.46,106.4,106.46,155,33.0,97.0,7600010.0,DX
2024-11-27 08:45:00+00:00,106.455,106.48,106.45,106.475,137,33.0,97.0,7600010.0,DX
2024-11-27 08:50:00+00:00,106.47,106.515,106.47,106.5,90,33.0,97.0,7600010.0,DX
2024-11-27 08:55:00+00:00,106.505,106.56,106.505,106.52,110,33.0,97.0,7600010.0,DX
2024-11-27 09:00:00+00:00,106.525,106.565,106.505,106.505,77,33.0,97.0,7600010.0,DX
2024-11-27 09:05:00+00:00,106.5,106.535,106.495,106.53,69,33.0,97.0,7600010.0,DX
2024-11-27 09:10:00+00:00,106.53,106.535,106.49,106.495,76,33.0,97.0,7600010.0,DX
2024-11-27 09:15:00+00:00,106.495,106.525,106.495,106.515,107,33.0,97.0,7600010.0,DX
2024-11-27 09:20:00+00:00,106.52,106.535,106.5,106.535,54,33.0,97.0,7600010.0,DX
2024-11-27 09:25:00+00:00,106.525,106.525,106.185,106.5,12,33.0,97.0,7600010.0,DX
2024-11-27 09:30:00+00:00,106.5,106.515,106.49,106.495,21,33.0,97.0,7600010.0,DX
2024-11-27 09:35:00+00:00,106.495,106.5,106.46,106.46,82,33.0,97.0,7600010.0,DX
2024-11-27 09:40:00+00:00,106.46,106.5,106.45,106.5,43,33.0,97.0,7600010.0,DX
2024-11-27 09:45:00+00:00,106.495,106.505,106.465,106.47,34,33.0,97.0,7600010.0,DX
2024-11-27 09:50:00+00:00,106.47,106.47,106.44,106.44,72,33.0,97.0,7600010.0,DX
2024-11-27 09:55:00+00:00,106.45,106.475,106.44,106.46,72,33.0,97.0,7600010.0,DX
2024-11-27 10:00:00+00:00,106.46,106.465,106.4,106.425,33,33.0,97.0,7600010.0,DX
2024-11-27 10:05:00+00:00,106.425,106.44,106.395,106.4,38,33.0,97.0,7600010.0,DX
2024-11-27 10:10:00+00:00,106.405,106.44,106.405,106.44,92,33.0,97.0,7600010.0,DX
2024-11-27 10:15:00+00:00,106.435,106.44,106.42,106.435,36,33.0,97.0,7600010.0,DX
2024-11-27 10:20:00+00:00,106.445,106.485,106.43,106.47,72,33.0,97.0,7600010.0,DX
2024-11-27 10:25:00+00:00,106.465,106.475,106.425,106.435,63,33.0,97.0,7600010.0,DX
2024-11-27 10:30:00+00:00,106.43,106.445,106.405,106.42,46,33.0,97.0,7600010.0,DX
2024-11-27 10:35:00+00:00,106.41,106.435,106.41,106.43,29,33.0,97.0,7600010.0,DX
2024-11-27 10:40:00+00:00,106.42,106.42,106.39,106.405,25,33.0,97.0,7600010.0,DX
2024-11-27 10:45:00+00:00,106.405,106.425,106.38,106.42,109,33.0,97.0,7600010.0,DX
2024-11-27 10:50:00+00:00,106.415,106.44,106.41,106.425,44,33.0,97.0,7600010.0,DX
2024-11-27 10:55:00+00:00,106.395,106.395,106.35,106.37,55,33.0,97.0,7600010.0,DX
2024-11-27 11:00:00+00:00,106.37,106.37,106.35,106.365,11,33.0,97.0,7600010.0,DX
2024-11-27 11:05:00+00:00,106.365,106.385,106.365,106.37,7,33.0,97.0,7600010.0,DX
2024-11-27 11:10:00+00:00,106.39,106.435,106.39,106.435,51,33.0,97.0,7600010.0,DX
2024-11-27 11:15:00+00:00,106.445,106.475,106.445,106.47,37,33.0,97.0,7600010.0,DX
2024-11-27 11:20:00+00:00,106.455,106.51,106.445,106.5,82,33.0,97.0,7600010.0,DX
2024-11-27 11:25:00+00:00,106.515,106.515,106.495,106.5,19,33.0,97.0,7600010.0,DX
2024-11-27 11:30:00+00:00,106.52,106.525,106.48,106.48,84,33.0,97.0,7600010.0,DX
2024-11-27 11:35:00+00:00,106.47,106.47,106.43,106.435,90,33.0,97.0,7600010.0,DX
2024-11-27 11:40:00+00:00,106.44,106.44,106.405,106.425,39,33.0,97.0,7600010.0,DX
2024-11-27 11:45:00+00:00,106.435,106.47,106.435,106.45,40,33.0,97.0,7600010.0,DX
2024-11-27 11:50:00+00:00,106.455,106.455,106.405,106.405,27,33.0,97.0,7600010.0,DX
2024-11-27 11:55:00+00:00,106.4,106.4,106.375,106.395,97,33.0,97.0,7600010.0,DX
2024-11-27 12:00:00+00:00,106.385,106.395,106.365,106.395,34,33.0,97.0,7600010.0,DX
2024-11-27 12:05:00+00:00,106.395,106.405,106.38,106.39,48,33.0,97.0,7600010.0,DX
2024-11-27 12:10:00+00:00,106.405,106.405,106.38,106.405,62,33.0,97.0,7600010.0,DX
2024-11-27 12:15:00+00:00,106.4,106.435,106.4,106.435,66,33.0,97.0,7600010.0,DX
2024-11-27 12:20:00+00:00,106.425,106.445,106.425,106.43,27,33.0,97.0,7600010.0,DX
2024-11-27 12:25:00+00:00,106.435,106.435,106.38,106.38,102,33.0,97.0,7600010.0,DX
2024-11-27 12:30:00+00:00,106.385,106.39,106.33,106.345,101,33.0,97.0,7600010.0,DX
2024-11-27 12:35:00+00:00,106.345,106.375,106.33,106.36,68,33.0,97.0,7600010.0,DX
2024-11-27 12:40:00+00:00,106.34,106.34,106.3,106.335,97,33.0,97.0,7600010.0,DX
2024-11-27 12:45:00+00:00,106.33,106.355,106.315,106.35,60,33.0,97.0,7600010.0,DX
2024-11-27 12:50:00+00:00,106.355,106.365,106.34,106.35,65,33.0,97.0,7600010.0,DX
2024-11-27 12:55:00+00:00,106.345,106.385,106.345,106.375,102,33.0,97.0,7600010.0,DX
2024-11-27 13:00:00+00:00,106.37,106.395,106.36,106.395,80,33.0,97.0,7600010.0,DX
2024-11-27 13:05:00+00:00,106.395,106.395,106.335,106.37,186,33.0,97.0,7600010.0,DX
2024-11-27 13:10:00+00:00,106.375,106.39,106.345,106.36,88,33.0,97.0,7600010.0,DX
2024-11-27 13:15:00+00:00,106.355,106.39,106.34,106.345,121,33.0,97.0,7600010.0,DX
2024-11-27 13:20:00+00:00,106.34,106.37,106.335,106.365,113,33.0,97.0,7600010.0,DX
2024-11-27 13:25:00+00:00,106.365,106.375,106.335,106.36,48,33.0,97.0,7600010.0,DX
2024-11-27 13:30:00+00:00,106.305,106.325,106.235,106.255,458,33.0,97.0,7600010.0,DX
2024-11-27 13:35:00+00:00,106.255,106.265,106.15,106.15,602,33.0,97.0,7600010.0,DX
2024-11-27 13:40:00+00:00,106.145,106.215,106.14,106.215,296,33.0,97.0,7600010.0,DX
2024-11-27 13:45:00+00:00,106.21,106.25,106.195,106.21,226,33.0,97.0,7600010.0,DX
2024-11-27 13:50:00+00:00,106.22,106.22,106.15,106.15,83,33.0,97.0,7600010.0,DX
2024-11-27 13:55:00+00:00,106.145,106.15,106.025,106.03,763,33.0,97.0,7600010.0,DX
2024-11-27 14:00:00+00:00,106.03,106.08,105.99,106.045,636,33.0,97.0,7600010.0,DX
2024-11-27 14:05:00+00:00,106.05,106.09,106.035,106.085,148,33.0,97.0,7600010.0,DX
2024-11-27 14:10:00+00:00,106.09,106.095,106.045,106.08,136,33.0,97.0,7600010.0,DX
2024-11-27 14:15:00+00:00,106.09,106.135,106.085,106.12,235,33.0,97.0,7600010.0,DX
2024-11-27 14:20:00+00:00,106.12,106.155,106.11,106.145,77,33.0,97.0,7600010.0,DX
2024-11-27 14:25:00+00:00,106.14,106.17,106.125,106.125,175,33.0,97.0,7600010.0,DX
2024-11-27 14:30:00+00:00,106.13,106.135,106.1,106.125,142,33.0,97.0,7600010.0,DX
2024-11-27 14:35:00+00:00,106.115,106.195,106.115,106.195,206,33.0,97.0,7600010.0,DX
2024-11-27 14:40:00+00:00,106.19,106.2,106.14,106.145,332,33.0,97.0,7600010.0,DX
2024-11-27 14:45:00+00:00,106.145,106.2,106.125,106.195,87,33.0,97.0,7600010.0,DX
2024-11-27 14:50:00+00:00,106.2,106.215,106.155,106.2,786,33.0,97.0,7600010.0,DX
2024-11-27 14:55:00+00:00,106.205,106.23,106.135,106.145,335,33.0,97.0,7600010.0,DX
2024-11-27 15:00:00+00:00,106.185,106.29,106.18,106.29,446,33.0,97.0,7600010.0,DX
2024-11-27 15:05:00+00:00,106.3,106.33,106.22,106.235,358,33.0,97.0,7600010.0,DX
2024-11-27 15:10:00+00:00,106.245,106.35,106.24,106.335,252,33.0,97.0,7600010.0,DX
2024-11-27 15:15:00+00:00,106.335,106.37,106.295,106.295,118,33.0,97.0,7600010.0,DX
2024-11-27 15:20:00+00:00,106.295,106.33,106.285,106.33,57,33.0,97.0,7600010.0,DX
2024-11-27 15:25:00+00:00,106.32,106.325,106.235,106.26,166,33.0,97.0,7600010.0,DX
2024-11-27 15:30:00+00:00,106.25,106.29,106.25,106.27,134,33.0,97.0,7600010.0,DX
2024-11-27 15:35:00+00:00,106.265,106.27,106.215,106.22,89,33.0,97.0,7600010.0,DX
2024-11-27 15:40:00+00:00,106.215,106.215,106.12,106.135,609,33.0,97.0,7600010.0,DX
2024-11-27 15:45:00+00:00,106.135,106.16,106.055,106.055,180,33.0,97.0,7600010.0,DX
2024-11-27 15:50:00+00:00,106.06,106.06,105.915,105.915,676,33.0,97.0,7600010.0,DX
2024-11-27 15:55:00+00:00,105.925,105.99,105.905,105.99,563,33.0,97.0,7600010.0,DX
2024-11-27 16:00:00+00:00,105.99,106.055,105.985,106.045,260,33.0,97.0,7600010.0,DX
2024-11-27 16:05:00+00:00,106.05,106.05,105.99,105.995,98,33.0,97.0,7600010.0,DX
2024-11-27 16:10:00+00:00,106.0,106.085,105.995,106.065,115,33.0,97.0,7600010.0,DX
2024-11-27 16:15:00+00:00,106.075,106.105,106.06,106.105,148,33.0,97.0,7600010.0,DX
2024-11-27 16:20:00+00:00,106.1,106.11,106.06,106.07,35,33.0,97.0,7600010.0,DX
2024-11-27 16:25:00+00:00,106.085,106.125,106.075,106.09,87,33.0,97.0,7600010.0,DX
2024-11-27 16:30:00+00:00,106.105,106.105,106.02,106.02,407,33.0,97.0,7600010.0,DX
2024-11-27 16:35:00+00:00,106.0,106.0,105.905,105.905,112,33.0,97.0,7600010.0,DX
2024-11-27 16:40:00+00:00,105.905,105.915,105.88,105.885,203,33.0,97.0,7600010.0,DX
2024-11-27 16:45:00+00:00,105.88,105.895,105.825,105.845,392,33.0,97.0,7600010.0,DX
2024-11-27 16:50:00+00:00,105.845,105.93,105.825,105.925,240,33.0,97.0,7600010.0,DX
2024-11-27 16:55:00+00:00,105.925,105.94,105.905,105.935,184,33.0,97.0,7600010.0,DX
2024-11-27 17:00:00+00:00,105.945,105.985,105.93,105.945,120,33.0,97.0,7600010.0,DX
2024-11-27 17:05:00+00:00,105.945,105.945,105.88,105.915,47,33.0,97.0,7600010.0,DX
2024-11-27 17:10:00+00:00,105.915,105.925,105.86,105.89,130,33.0,97.0,7600010.0,DX
2024-11-27 17:15:00+00:00,105.895,105.9,105.83,105.83,75,33.0,97.0,7600010.0,DX
2024-11-27 17:20:00+00:00,105.825,105.86,105.815,105.855,77,33.0,97.0,7600010.0,DX
2024-11-27 17:25:00+00:00,105.865,105.88,105.855,105.88,56,33.0,97.0,7600010.0,DX
2024-11-27 17:30:00+00:00,105.88,105.925,105.545,105.925,112,33.0,97.0,7600010.0,DX
2024-11-27 17:35:00+00:00,105.925,105.95,105.915,105.94,48,33.0,97.0,7600010.0,DX
2024-11-27 17:40:00+00:00,105.94,105.94,105.895,105.905,59,33.0,97.0,7600010.0,DX
2024-11-27 17:45:00+00:00,105.905,105.93,105.905,105.925,34,33.0,97.0,7600010.0,DX
2024-11-27 17:50:00+00:00,105.925,105.96,105.92,105.92,27,33.0,97.0,7600010.0,DX
2024-11-27 17:55:00+00:00,105.91,105.935,105.905,105.935,37,33.0,97.0,7600010.0,DX
2024-11-27 18:00:00+00:00,105.93,105.96,105.925,105.945,25,33.0,97.0,7600010.0,DX
2024-11-27 18:05:00+00:00,105.94,105.94,105.91,105.925,20,33.0,97.0,7600010.0,DX
2024-11-27 18:10:00+00:00,105.92,105.95,105.92,105.95,51,33.0,97.0,7600010.0,DX
2024-11-27 18:15:00+00:00,105.945,105.945,105.91,105.925,54,33.0,97.0,7600010.0,DX
2024-11-27 18:20:00+00:00,105.93,105.93,105.9,105.915,66,33.0,97.0,7600010.0,DX
2024-11-27 18:25:00+00:00,105.93,105.945,105.93,105.945,22,33.0,97.0,7600010.0,DX
2024-11-27 18:30:00+00:00,105.95,105.95,105.93,105.94,41,33.0,97.0,7600010.0,DX
2024-11-27 18:35:00+00:00,105.93,105.95,105.92,105.945,28,33.0,97.0,7600010.0,DX
2024-11-27 18:40:00+00:00,105.95,105.975,105.95,105.975,24,33.0,97.0,7600010.0,DX
2024-11-27 18:45:00+00:00,105.98,106.0,105.97,106.0,29,33.0,97.0,7600010.0,DX
2024-11-27 18:50:00+00:00,105.995,106.0,105.975,105.98,40,33.0,97.0,7600010.0,DX
2024-11-27 18:55:00+00:00,106.0,106.01,105.995,106.005,15,33.0,97.0,7600010.0,DX
2024-11-27 19:00:00+00:00,106.005,106.03,106.0,106.005,27,33.0,97.0,7600010.0,DX
2024-11-27 19:05:00+00:00,106.01,106.01,105.99,105.99,11,33.0,97.0,7600010.0,DX
2024-11-27 19:10:00+00:00,105.98,105.995,105.97,105.99,62,33.0,97.0,7600010.0,DX
2024-11-27 19:15:00+00:00,105.985,106.005,105.985,106.0,32,33.0,97.0,7600010.0,DX
2024-11-27 19:20:00+00:00,106.015,106.035,106.01,106.025,145,33.0,97.0,7600010.0,DX
2024-11-27 19:25:00+00:00,106.025,106.05,106.025,106.04,110,33.0,97.0,7600010.0,DX
2024-11-27 19:30:00+00:00,106.035,106.035,106.025,106.03,43,33.0,97.0,7600010.0,DX
2024-11-27 19:35:00+00:00,106.04,106.04,106.02,106.02,36,33.0,97.0,7600010.0,DX
2024-11-27 19:40:00+00:00,106.025,106.025,105.99,105.99,12,33.0,97.0,7600010.0,DX
2024-11-27 19:45:00+00:00,106.01,106.015,106.005,106.015,29,33.0,97.0,7600010.0,DX
2024-11-27 19:50:00+00:00,106.01,106.035,106.01,106.035,72,33.0,97.0,7600010.0,DX
2024-11-27 19:55:00+00:00,106.04,106.07,106.035,106.045,576,33.0,97.0,7600010.0,DX
2024-11-27 20:00:00+00:00,106.045,106.075,105.72,106.07,206,33.0,97.0,7600010.0,DX
2024-11-27 20:05:00+00:00,106.06,106.085,106.06,106.07,71,33.0,97.0,7600010.0,DX
2024-11-27 20:10:00+00:00,105.72,106.08,105.72,106.07,87,33.0,97.0,7698408.0,DX
2024-11-27 20:15:00+00:00,106.065,106.08,105.72,106.07,160,33.0,97.0,7600010.0,DX
2024-11-27 20:20:00+00:00,106.085,106.1,106.08,106.085,184,33.0,97.0,7600010.0,DX
2024-11-27 20:25:00+00:00,106.09,106.09,106.055,106.055,216,33.0,97.0,7600010.0,DX
2024-11-27 20:30:00+00:00,106.06,106.065,106.05,106.065,91,33.0,97.0,7600010.0,DX
2024-11-27 20:35:00+00:00,106.06,106.06,106.035,106.04,85,33.0,97.0,7600010.0,DX
2024-11-27 20:40:00+00:00,106.04,106.07,106.04,106.065,14,33.0,97.0,7600010.0,DX
2024-11-27 20:45:00+00:00,106.055,106.055,106.03,106.03,79,33.0,97.0,7600010.0,DX
2024-11-27 20:50:00+00:00,106.04,106.05,106.035,106.035,45,33.0,97.0,7600010.0,DX
2024-11-27 20:55:00+00:00,106.045,106.045,106.02,106.03,171,33.0,97.0,7600010.0,DX
2024-11-27 21:00:00+00:00,106.025,106.045,106.015,106.02,19,33.0,97.0,7600010.0,DX
2024-11-27 21:05:00+00:00,106.025,106.025,106.025,106.025,2,33.0,97.0,7600010.0,DX
2024-11-27 21:10:00+00:00,106.03,106.035,106.03,106.03,28,33.0,97.0,7600010.0,DX
2024-11-27 21:15:00+00:00,106.035,106.035,106.03,106.03,5,33.0,97.0,7600010.0,DX
2024-11-27 21:20:00+00:00,106.03,106.03,106.02,106.02,6,33.0,97.0,7600010.0,DX
2024-11-27 21:25:00+00:00,106.015,106.02,106.005,106.02,33,33.0,97.0,7600010.0,DX
2024-11-27 21:30:00+00:00,106.025,106.035,106.025,106.035,2,33.0,97.0,7600010.0,DX
2024-11-27 21:35:00+00:00,106.045,106.045,106.045,106.045,9,33.0,97.0,7600010.0,DX
2024-11-27 21:45:00+00:00,106.04,106.04,106.04,106.04,3,33.0,97.0,7600010.0,DX
2024-11-27 21:50:00+00:00,106.04,106.04,106.04,106.04,8,33.0,97.0,7600010.0,DX
2024-11-27 21:55:00+00:00,106.025,106.04,106.02,106.04,13,33.0,97.0,7600010.0,DX
2024-11-28 01:00:00+00:00,106.205,106.21,106.18,106.21,200,33.0,97.0,7600010.0,DX
2024-11-28 01:05:00+00:00,106.23,106.23,106.215,106.215,48,33.0,97.0,7600010.0,DX
2024-11-28 01:10:00+00:00,106.21,106.215,106.2,106.2,34,33.0,97.0,7600010.0,DX
2024-11-28 01:15:00+00:00,106.2,106.2,106.165,106.17,45,33.0,97.0,7600010.0,DX
2024-11-28 01:20:00+00:00,106.16,106.18,106.155,106.16,34,33.0,97.0,7600010.0,DX
2024-11-28 01:25:00+00:00,106.15,106.155,105.785,106.14,23,33.0,97.0,7600010.0,DX
2024-11-28 01:30:00+00:00,106.13,106.14,106.11,106.13,17,33.0,97.0,7600010.0,DX
2024-11-28 01:35:00+00:00,106.14,106.17,106.14,106.17,17,33.0,97.0,7600010.0,DX
2024-11-28 01:40:00+00:00,106.145,106.145,106.11,106.13,43,33.0,97.0,7600010.0,DX
2024-11-28 01:45:00+00:00,106.115,106.125,106.085,106.085,13,33.0,97.0,7600010.0,DX
2024-11-28 01:50:00+00:00,106.115,106.125,106.115,106.115,29,33.0,97.0,7600010.0,DX
2024-11-28 01:55:00+00:00,106.115,106.14,106.115,106.125,21,33.0,97.0,7600010.0,DX
2024-11-28 02:00:00+00:00,106.125,106.14,106.115,106.14,40,33.0,97.0,7600010.0,DX
2024-11-28 02:05:00+00:00,106.135,106.135,106.1,106.1,18,33.0,97.0,7600010.0,DX
2024-11-28 02:10:00+00:00,106.115,106.12,106.115,106.12,17,33.0,97.0,7600010.0,DX
2024-11-28 02:15:00+00:00,106.115,106.12,106.1,106.1,42,33.0,97.0,7600010.0,DX
2024-11-28 02:20:00+00:00,106.105,106.11,106.1,106.1,21,33.0,97.0,7600010.0,DX
2024-11-28 02:25:00+00:00,106.1,106.135,106.1,106.135,12,33.0,97.0,7600010.0,DX
2024-11-28 02:30:00+00:00,106.15,106.18,106.15,106.18,148,33.0,97.0,7600010.0,DX
2024-11-28 02:35:00+00:00,106.18,106.195,106.17,106.19,43,33.0,97.0,7600010.0,DX
2024-11-28 02:40:00+00:00,106.18,106.18,106.165,106.165,25,33.0,97.0,7600010.0,DX
2024-11-28 02:45:00+00:00,106.17,106.17,106.165,106.165,3,33.0,97.0,7600010.0,DX
2024-11-28 02:55:00+00:00,106.15,106.15,106.15,106.15,4,33.0,97.0,7600010.0,DX
2024-11-28 03:00:00+00:00,106.13,106.165,106.13,106.155,19,33.0,97.0,7600010.0,DX
2024-11-28 03:05:00+00:00,106.165,106.175,106.16,106.16,16,33.0,97.0,7600010.0,DX
2024-11-28 03:15:00+00:00,106.16,106.16,106.16,106.16,8,33.0,97.0,7600010.0,DX
2024-11-28 03:20:00+00:00,106.185,106.185,106.175,106.175,18,33.0,97.0,7600010.0,DX
2024-11-28 03:25:00+00:00,106.175,106.175,106.165,106.165,23,33.0,97.0,7600010.0,DX
2024-11-28 03:30:00+00:00,106.175,106.19,106.175,106.19,14,33.0,97.0,7600010.0,DX
2024-11-28 03:35:00+00:00,106.19,106.21,106.19,106.19,22,33.0,97.0,7600010.0,DX
2024-11-28 03:40:00+00:00,106.19,106.19,106.18,106.185,10,33.0,97.0,7600010.0,DX
2024-11-28 03:45:00+00:00,106.19,106.2,106.19,106.2,24,33.0,97.0,7600010.0,DX
2024-11-28 03:50:00+00:00,106.21,106.215,106.21,106.21,18,33.0,97.0,7600010.0,DX
2024-11-28 03:55:00+00:00,106.21,106.215,106.2,106.2,30,33.0,97.0,7600010.0,DX
2024-11-28 04:00:00+00:00,106.195,106.22,106.195,106.22,18,33.0,97.0,7600010.0,DX
2024-11-28 04:05:00+00:00,106.215,106.23,106.21,106.225,11,33.0,97.0,7600010.0,DX
2024-11-28 04:10:00+00:00,106.22,106.22,106.205,106.205,27,33.0,97.0,7600010.0,DX
2024-11-28 04:15:00+00:00,106.205,106.205,106.17,106.18,30,33.0,97.0,7600010.0,DX
2024-11-28 04:20:00+00:00,106.185,106.185,106.175,106.18,25,33.0,97.0,7600010.0,DX
2024-11-28 04:25:00+00:00,106.17,106.175,106.165,106.17,22,33.0,97.0,7600010.0,DX
2024-11-28 04:30:00+00:00,106.17,106.18,106.17,106.18,19,33.0,97.0,7600010.0,DX
2024-11-28 04:35:00+00:00,106.18,106.18,106.18,106.18,2,33.0,97.0,7600010.0,DX
2024-11-28 04:40:00+00:00,106.18,106.19,106.17,106.19,13,33.0,97.0,7600010.0,DX
2024-11-28 04:45:00+00:00,106.195,106.195,106.195,106.195,2,33.0,97.0,7600010.0,DX
2024-11-28 04:50:00+00:00,106.205,106.205,106.195,106.195,4,33.0,97.0,7600010.0,DX
2024-11-28 04:55:00+00:00,106.2,106.2,106.185,106.185,9,33.0,97.0,7600010.0,DX
2024-11-28 05:00:00+00:00,106.18,106.18,106.175,106.175,10,33.0,97.0,7600010.0,DX
2024-11-28 05:05:00+00:00,106.165,106.165,106.16,106.165,4,33.0,97.0,7600010.0,DX
2024-11-28 05:10:00+00:00,106.165,106.17,106.165,106.17,4,33.0,97.0,7600010.0,DX
2024-11-28 05:15:00+00:00,106.16,106.165,106.16,106.165,3,33.0,97.0,7600010.0,DX
2024-11-28 05:20:00+00:00,106.175,106.18,106.175,106.18,2,33.0,97.0,7600010.0,DX
2024-11-28 05:25:00+00:00,106.18,106.185,106.18,106.185,3,33.0,97.0,7600010.0,DX
2024-11-28 05:30:00+00:00,106.17,106.17,106.16,106.16,11,33.0,97.0,7600010.0,DX
2024-11-28 05:35:00+00:00,106.155,106.17,106.155,106.165,9,33.0,97.0,7600010.0,DX
2024-11-28 05:40:00+00:00,106.175,106.175,106.17,106.17,5,33.0,97.0,7600010.0,DX
2024-11-28 05:45:00+00:00,106.16,106.185,106.16,106.185,75,33.0,97.0,7600010.0,DX
2024-11-28 05:50:00+00:00,106.18,106.195,106.18,106.195,5,33.0,97.0,7600010.0,DX
2024-11-28 05:55:00+00:00,106.2,106.21,106.2,106.21,14,33.0,97.0,7600010.0,DX
2024-11-28 06:00:00+00:00,106.2,106.245,106.2,106.245,15,33.0,97.0,7600010.0,DX
2024-11-28 06:05:00+00:00,106.235,106.245,106.235,106.235,26,33.0,97.0,7600010.0,DX
2024-11-28 06:10:00+00:00,106.23,106.23,106.22,106.22,13,33.0,97.0,7600010.0,DX
2024-11-28 06:15:00+00:00,106.215,106.235,106.215,106.235,9,33.0,97.0,7600010.0,DX
2024-11-28 06:20:00+00:00,106.235,106.235,106.215,106.215,7,33.0,97.0,7600010.0,DX
2024-11-28 06:25:00+00:00,106.225,106.23,106.22,106.23,16,33.0,97.0,7600010.0,DX
2024-11-28 06:30:00+00:00,106.215,106.23,106.215,106.23,11,33.0,97.0,7600010.0,DX
2024-11-28 06:35:00+00:00,106.22,106.23,106.22,106.23,6,33.0,97.0,7600010.0,DX
2024-11-28 06:40:00+00:00,106.22,106.22,106.2,106.2,24,33.0,97.0,7600010.0,DX
2024-11-28 06:45:00+00:00,106.195,106.21,106.185,106.205,15,33.0,97.0,7600010.0,DX
2024-11-28 07:00:00+00:00,106.22,106.275,106.22,106.265,27,33.0,97.0,7600010.0,DX
2024-11-28 07:05:00+00:00,106.25,106.25,106.22,106.22,18,33.0,97.0,7600010.0,DX
2024-11-28 07:10:00+00:00,106.22,106.225,106.215,106.225,18,33.0,97.0,7600010.0,DX
2024-11-28 07:15:00+00:00,106.235,106.24,106.195,106.195,41,33.0,97.0,7600010.0,DX
2024-11-28 07:20:00+00:00,106.175,106.205,106.165,106.205,6,33.0,97.0,7600010.0,DX
2024-11-28 07:25:00+00:00,106.215,106.235,106.215,106.235,6,33.0,97.0,7600010.0,DX
2024-11-28 07:30:00+00:00,106.235,106.305,106.235,106.295,82,33.0,97.0,7600010.0,DX
2024-11-28 07:35:00+00:00,106.295,106.325,106.285,106.325,67,33.0,97.0,7600010.0,DX
2024-11-28 07:40:00+00:00,106.32,106.345,106.32,106.34,18,33.0,97.0,7600010.0,DX
2024-11-28 07:45:00+00:00,106.35,106.35,106.295,106.305,102,33.0,97.0,7600010.0,DX
2024-11-28 07:50:00+00:00,106.31,106.315,106.28,106.28,21,33.0,97.0,7600010.0,DX
2024-11-28 07:55:00+00:00,106.285,106.29,106.27,106.285,37,33.0,97.0,7600010.0,DX
2024-11-28 08:00:00+00:00,106.3,106.395,106.295,106.39,205,33.0,97.0,7600010.0,DX
2024-11-28 08:05:00+00:00,106.37,106.38,106.31,106.345,72,33.0,97.0,7600010.0,DX
2024-11-28 08:10:00+00:00,106.325,106.325,106.29,106.29,111,33.0,97.0,7600010.0,DX
2024-11-28 08:15:00+00:00,106.295,106.34,106.29,106.335,42,33.0,97.0,7600010.0,DX
2024-11-28 08:20:00+00:00,106.36,106.375,106.345,106.355,51,33.0,97.0,7600010.0,DX
2024-11-28 08:25:00+00:00,106.36,106.365,106.32,106.32,60,33.0,97.0,7600010.0,DX
2024-11-28 08:30:00+00:00,106.32,106.34,106.32,106.32,125,33.0,97.0,7600010.0,DX
2024-11-28 08:35:00+00:00,106.335,106.335,106.29,106.3,94,33.0,97.0,7600010.0,DX
2024-11-28 08:40:00+00:00,106.295,106.315,106.28,106.3,55,33.0,97.0,7600010.0,DX
2024-11-28 08:45:00+00:00,106.29,106.3,106.27,106.3,82,33.0,97.0,7600010.0,DX
2024-11-28 08:50:00+00:00,106.295,106.295,106.25,106.275,55,33.0,97.0,7600010.0,DX
2024-11-28 08:55:00+00:00,106.26,106.265,106.235,106.265,122,33.0,97.0,7600010.0,DX
2024-11-28 09:00:00+00:00,106.275,106.32,106.25,106.28,106,33.0,97.0,7600010.0,DX
2024-11-28 09:05:00+00:00,106.25,106.295,106.205,106.295,182,33.0,97.0,7600010.0,DX
2024-11-28 09:10:00+00:00,106.3,106.32,106.275,106.295,95,33.0,97.0,7600010.0,DX
2024-11-28 09:15:00+00:00,106.295,106.36,106.295,106.32,178,33.0,97.0,7600010.0,DX
2024-11-28 09:20:00+00:00,106.325,106.36,106.305,106.31,34,33.0,97.0,7600010.0,DX
2024-11-28 09:25:00+00:00,106.295,106.335,106.295,106.335,20,33.0,97.0,7600010.0,DX
2024-11-28 09:30:00+00:00,106.33,106.34,106.315,106.315,36,33.0,97.0,7600010.0,DX
2024-11-28 09:35:00+00:00,106.325,106.335,106.31,106.31,56,33.0,97.0,7600010.0,DX
2024-11-28 09:40:00+00:00,106.315,106.345,106.305,106.325,48,33.0,97.0,7600010.0,DX
2024-11-28 09:45:00+00:00,106.325,106.365,106.325,106.365,27,33.0,97.0,7600010.0,DX
2024-11-28 09:50:00+00:00,106.345,106.36,106.34,106.355,28,33.0,97.0,7600010.0,DX
2024-11-28 09:55:00+00:00,106.34,106.355,106.325,106.35,11,33.0,97.0,7600010.0,DX
2024-11-28 10:00:00+00:00,106.34,106.36,106.34,106.36,24,33.0,97.0,7600010.0,DX
2024-11-28 10:05:00+00:00,106.355,106.365,106.345,106.35,51,33.0,97.0,7600010.0,DX
2024-11-28 10:10:00+00:00,106.34,106.34,106.315,106.325,25,33.0,97.0,7600010.0,DX
2024-11-28 10:15:00+00:00,106.34,106.345,106.32,106.34,24,33.0,97.0,7600010.0,DX
2024-11-28 10:20:00+00:00,106.33,106.33,106.31,106.31,19,33.0,97.0,7600010.0,DX
2024-11-28 10:25:00+00:00,106.33,106.335,106.3,106.3,37,33.0,97.0,7600010.0,DX
2024-11-28 10:30:00+00:00,106.295,106.295,106.28,106.285,12,33.0,97.0,7600010.0,DX
2024-11-28 10:35:00+00:00,106.3,106.3,106.265,106.27,10,33.0,97.0,7600010.0,DX
2024-11-28 10:40:00+00:00,106.265,106.29,106.265,106.285,6,33.0,97.0,7600010.0,DX
2024-11-28 10:45:00+00:00,106.265,106.265,106.25,106.25,6,33.0,97.0,7600010.0,DX
2024-11-28 10:50:00+00:00,106.255,106.255,105.905,105.905,4,33.0,97.0,7600010.0,DX
2024-11-28 10:55:00+00:00,106.235,106.235,106.22,106.22,30,33.0,97.0,7600010.0,DX
2024-11-28 11:00:00+00:00,106.225,106.225,106.185,106.185,102,33.0,97.0,7600010.0,DX
2024-11-28 11:05:00+00:00,106.175,106.19,106.16,106.19,60,33.0,97.0,7600010.0,DX
2024-11-28 11:10:00+00:00,106.18,106.18,105.8,105.8,2,33.0,97.0,7600010.0,DX
2024-11-28 11:15:00+00:00,106.175,106.195,106.175,106.195,25,33.0,97.0,7600010.0,DX
2024-11-28 11:20:00+00:00,106.195,106.205,106.185,106.205,21,33.0,97.0,7600010.0,DX
2024-11-28 11:25:00+00:00,106.21,106.21,106.195,106.195,10,33.0,97.0,7600010.0,DX
2024-11-28 11:30:00+00:00,106.18,106.195,106.18,106.195,24,33.0,97.0,7600010.0,DX
2024-11-28 11:35:00+00:00,106.195,106.21,106.185,106.21,9,33.0,97.0,7600010.0,DX
2024-11-28 11:40:00+00:00,106.22,106.22,106.21,106.21,46,33.0,97.0,7600010.0,DX
2024-11-28 11:45:00+00:00,106.205,106.205,106.205,106.205,3,33.0,97.0,7600010.0,DX
2024-11-28 11:50:00+00:00,106.23,106.25,106.225,106.25,47,33.0,97.0,7600010.0,DX
2024-11-28 11:55:00+00:00,106.255,106.255,106.225,106.225,20,33.0,97.0,7600010.0,DX
2024-11-28 12:00:00+00:00,106.225,106.245,106.225,106.23,32,33.0,97.0,7600010.0,DX
2024-11-28 12:05:00+00:00,106.245,106.255,106.23,106.24,26,33.0,97.0,7600010.0,DX
2024-11-28 12:10:00+00:00,106.245,106.245,106.23,106.23,14,33.0,97.0,7600010.0,DX
2024-11-28 12:15:00+00:00,106.225,106.23,106.205,106.21,11,33.0,97.0,7600010.0,DX
2024-11-28 12:20:00+00:00,106.2,106.205,106.195,106.2,6,33.0,97.0,7600010.0,DX
2024-11-28 12:25:00+00:00,106.2,106.2,106.19,106.195,7,33.0,97.0,7600010.0,DX
2024-11-28 12:30:00+00:00,106.195,106.2,106.195,106.2,4,33.0,97.0,7600010.0,DX
2024-11-28 12:35:00+00:00,106.205,106.21,106.195,106.205,8,33.0,97.0,7600010.0,DX
2024-11-28 12:40:00+00:00,106.22,106.22,106.205,106.205,6,33.0,97.0,7600010.0,DX
2024-11-28 12:45:00+00:00,106.21,106.235,106.19,106.235,40,33.0,97.0,7600010.0,DX
2024-11-28 12:50:00+00:00,106.23,106.245,106.23,106.235,10,33.0,97.0,7600010.0,DX
2024-11-28 12:55:00+00:00,106.245,106.255,106.24,106.255,22,33.0,97.0,7600010.0,DX
2024-11-28 13:00:00+00:00,106.25,106.29,106.245,106.29,42,33.0,97.0,7600010.0,DX
2024-11-28 13:05:00+00:00,106.295,106.295,106.26,106.26,22,33.0,97.0,7600010.0,DX
2024-11-28 13:10:00+00:00,106.255,106.255,106.22,106.225,31,33.0,97.0,7600010.0,DX
2024-11-28 13:15:00+00:00,106.23,106.27,106.225,106.265,42,33.0,97.0,7600010.0,DX
2024-11-28 13:20:00+00:00,106.26,106.265,106.225,106.235,24,33.0,97.0,7600010.0,DX
2024-11-28 13:25:00+00:00,106.23,106.265,106.23,106.265,28,33.0,97.0,7600010.0,DX
2024-11-28 13:30:00+00:00,106.265,106.27,106.25,106.255,31,33.0,97.0,7600010.0,DX
2024-11-28 13:35:00+00:00,106.26,106.265,106.24,106.24,56,33.0,97.0,7600010.0,DX
2024-11-28 13:40:00+00:00,106.24,106.285,106.22,106.265,205,33.0,97.0,7600010.0,DX
2024-11-28 13:45:00+00:00,106.265,106.305,106.255,106.295,49,33.0,97.0,7600010.0,DX
2024-11-28 13:50:00+00:00,106.32,106.325,106.295,106.315,58,33.0,97.0,7600010.0,DX
2024-11-28 13:55:00+00:00,106.305,106.32,106.29,106.295,45,33.0,97.0,7600010.0,DX
2024-11-28 14:00:00+00:00,106.3,106.3,106.28,106.28,37,33.0,97.0,7600010.0,DX
2024-11-28 14:05:00+00:00,106.285,106.3,106.26,106.265,17,33.0,97.0,7600010.0,DX
2024-11-28 14:10:00+00:00,106.265,106.28,106.265,106.28,28,33.0,97.0,7600010.0,DX
2024-11-28 14:15:00+00:00,106.245,106.245,106.23,106.23,11,33.0,97.0,7600010.0,DX
2024-11-28 14:20:00+00:00,106.245,106.3,106.245,106.3,9,33.0,97.0,7600010.0,DX
2024-11-28 14:25:00+00:00,106.31,106.31,106.255,106.265,13,33.0,97.0,7600010.0,DX
2024-11-28 14:30:00+00:00,106.265,106.265,106.235,106.25,18,33.0,97.0,7600010.0,DX
2024-11-28 14:35:00+00:00,106.25,106.27,106.235,106.235,33,33.0,97.0,7600010.0,DX
2024-11-28 14:40:00+00:00,106.23,106.23,106.215,106.22,12,33.0,97.0,7600010.0,DX
2024-11-28 14:45:00+00:00,106.225,106.235,106.215,106.215,44,33.0,97.0,7600010.0,DX
2024-11-28 14:50:00+00:00,106.21,106.225,106.185,106.22,60,33.0,97.0,7600010.0,DX
2024-11-28 14:55:00+00:00,106.22,106.22,106.185,106.185,75,33.0,97.0,7600010.0,DX
2024-11-28 15:00:00+00:00,106.185,106.185,106.135,106.16,39,33.0,97.0,7600010.0,DX
2024-11-28 15:05:00+00:00,106.14,106.14,106.115,106.135,147,33.0,97.0,7600010.0,DX
2024-11-28 15:10:00+00:00,106.14,106.145,106.115,106.135,46,33.0,97.0,7600010.0,DX
2024-11-28 15:15:00+00:00,106.145,106.18,106.145,106.18,128,33.0,97.0,7600010.0,DX
2024-11-28 15:20:00+00:00,106.17,106.195,106.17,106.185,41,33.0,97.0,7600010.0,DX
2024-11-28 15:25:00+00:00,106.165,106.165,106.14,106.145,34,33.0,97.0,7600010.0,DX
2024-11-28 15:30:00+00:00,106.14,106.2,106.14,106.18,58,33.0,97.0,7600010.0,DX
2024-11-28 15:35:00+00:00,106.175,106.235,106.175,106.235,31,33.0,97.0,7600010.0,DX
2024-11-28 15:40:00+00:00,106.225,106.225,106.2,106.205,19,33.0,97.0,7600010.0,DX
2024-11-28 15:45:00+00:00,106.21,106.21,106.165,106.17,8,33.0,97.0,7600010.0,DX
2024-11-28 15:50:00+00:00,106.17,106.17,106.155,106.155,11,33.0,97.0,7600010.0,DX
2024-11-28 15:55:00+00:00,106.155,106.16,106.145,106.15,126,33.0,97.0,7600010.0,DX
2024-11-28 16:00:00+00:00,106.16,106.165,106.145,106.165,18,33.0,97.0,7600010.0,DX
2024-11-28 16:05:00+00:00,106.165,106.165,106.145,106.155,37,33.0,97.0,7600010.0,DX
2024-11-28 16:10:00+00:00,106.17,106.175,106.165,106.165,5,33.0,97.0,7600010.0,DX
2024-11-28 16:15:00+00:00,106.19,106.19,106.19,106.19,2,33.0,97.0,7600010.0,DX
2024-11-28 16:20:00+00:00,106.175,106.185,106.165,106.18,37,33.0,97.0,7600010.0,DX
2024-11-28 16:25:00+00:00,106.19,106.19,106.18,106.185,18,33.0,97.0,7600010.0,DX
2024-11-28 16:30:00+00:00,106.18,106.18,106.17,106.18,13,33.0,97.0,7600010.0,DX
2024-11-28 16:35:00+00:00,106.175,106.175,106.15,106.16,9,33.0,97.0,7600010.0,DX
2024-11-28 16:40:00+00:00,106.15,106.16,106.145,106.155,16,33.0,97.0,7600010.0,DX
2024-11-28 16:45:00+00:00,106.15,106.155,106.14,106.155,11,33.0,97.0,7600010.0,DX
2024-11-28 16:50:00+00:00,106.145,106.145,106.145,106.145,2,33.0,97.0,7600010.0,DX
2024-11-28 16:55:00+00:00,105.785,106.15,105.785,106.15,9,33.0,97.0,7698408.0,DX
2024-11-28 17:05:00+00:00,106.15,106.16,106.15,106.16,13,33.0,97.0,7600010.0,DX
2024-11-28 17:15:00+00:00,105.81,106.16,105.81,106.16,3,33.0,97.0,7698408.0,DX
2024-11-28 17:20:00+00:00,106.165,106.165,106.155,106.155,13,33.0,97.0,7600010.0,DX
2024-11-28 17:25:00+00:00,106.145,106.145,106.145,106.145,5,33.0,97.0,7600010.0,DX
2024-11-28 17:30:00+00:00,106.14,106.14,106.14,106.14,3,33.0,97.0,7600010.0,DX
2024-11-28 17:40:00+00:00,106.14,106.14,106.135,106.135,18,33.0,97.0,7600010.0,DX
2024-11-28 17:45:00+00:00,106.135,106.135,106.135,106.135,10,33.0,97.0,7600010.0,DX
2024-11-28 17:50:00+00:00,106.135,106.14,106.135,106.14,8,33.0,97.0,7600010.0,DX
2024-11-28 17:55:00+00:00,106.145,106.15,106.145,106.15,23,33.0,97.0,7600010.0,DX
2024-11-28 18:00:00+00:00,106.14,106.14,106.12,106.12,14,33.0,97.0,7600010.0,DX
2024-11-28 18:05:00+00:00,106.12,106.12,106.12,106.12,15,33.0,97.0,7600010.0,DX
2024-11-28 18:10:00+00:00,106.12,106.12,106.12,106.12,1,33.0,97.0,7600010.0,DX
2024-11-28 18:15:00+00:00,106.145,106.145,106.14,106.14,2,33.0,97.0,7600010.0,DX
2024-11-28 18:20:00+00:00,106.145,106.145,106.145,106.145,3,33.0,97.0,7600010.0,DX
2024-11-28 18:25:00+00:00,106.145,106.145,106.135,106.14,11,33.0,97.0,7600010.0,DX
2024-11-28 18:30:00+00:00,106.135,106.145,106.135,106.145,13,33.0,97.0,7600010.0,DX
2024-11-28 18:35:00+00:00,106.155,106.155,106.155,106.155,3,33.0,97.0,7600010.0,DX
2024-11-28 18:40:00+00:00,106.15,106.15,106.15,106.15,1,33.0,97.0,7600010.0,DX
2024-11-28 18:50:00+00:00,106.16,106.165,106.16,106.16,10,33.0,97.0,7600010.0,DX
2024-11-28 18:55:00+00:00,106.15,106.15,106.135,106.135,22,33.0,97.0,7600010.0,DX
2024-11-28 19:00:00+00:00,106.145,106.145,106.14,106.14,9,33.0,97.0,7600010.0,DX
2024-11-28 19:10:00+00:00,106.145,106.145,106.14,106.14,4,33.0,97.0,7600010.0,DX
2024-11-28 19:15:00+00:00,106.145,106.145,106.145,106.145,3,33.0,97.0,7600010.0,DX
2024-11-28 19:20:00+00:00,106.14,106.14,106.14,106.14,4,33.0,97.0,7600010.0,DX
2024-11-28 19:30:00+00:00,106.145,106.145,106.145,106.145,6,33.0,97.0,7600010.0,DX
2024-11-28 19:35:00+00:00,106.145,106.145,106.145,106.145,1,33.0,97.0,7600010.0,DX
2024-11-28 19:40:00+00:00,106.145,106.15,106.145,106.145,9,33.0,97.0,7600010.0,DX
2024-11-28 19:45:00+00:00,106.14,106.14,106.13,106.13,16,33.0,97.0,7600010.0,DX
2024-11-28 19:50:00+00:00,106.13,106.13,106.125,106.13,19,33.0,97.0,7600010.0,DX
2024-11-28 19:55:00+00:00,106.125,106.125,106.115,106.12,14,33.0,97.0,7600010.0,DX
2024-11-28 20:00:00+00:00,106.12,106.12,106.12,106.12,2,33.0,97.0,7600010.0,DX
2024-11-28 20:05:00+00:00,106.135,106.135,106.135,106.135,1,33.0,97.0,7600010.0,DX
2024-11-28 20:10:00+00:00,106.135,106.135,106.135,106.135,2,33.0,97.0,7600010.0,DX
2024-11-28 20:15:00+00:00,106.135,106.135,106.13,106.13,13,33.0,97.0,7600010.0,DX
2024-11-28 20:25:00+00:00,106.14,106.14,106.14,106.14,1,33.0,97.0,7600010.0,DX
2024-11-28 20:30:00+00:00,106.13,106.13,106.13,106.13,4,33.0,97.0,7600010.0,DX
2024-11-28 20:35:00+00:00,106.125,106.125,106.125,106.125,3,33.0,97.0,7600010.0,DX
2024-11-28 20:40:00+00:00,106.135,106.14,106.135,106.14,4,33.0,97.0,7600010.0,DX
2024-11-28 20:45:00+00:00,106.14,106.14,106.135,106.135,3,33.0,97.0,7600010.0,DX
2024-11-28 20:55:00+00:00,106.14,106.14,106.14,106.14,1,33.0,97.0,7600010.0,DX
2024-11-28 21:00:00+00:00,106.115,106.115,106.115,106.115,18,33.0,97.0,7600010.0,DX
2024-11-28 21:10:00+00:00,106.125,106.125,106.12,106.12,13,33.0,97.0,7600010.0,DX
2024-11-28 21:55:00+00:00,106.135,106.135,106.135,106.135,1,33.0,97.0,7600010.0,DX
2024-11-29 01:00:00+00:00,105.98,106.0,105.945,105.96,106,33.0,97.0,7600010.0,DX
2024-11-29 01:05:00+00:00,105.955,105.97,105.895,105.91,249,33.0,97.0,7600010.0,DX
2024-11-29 01:10:00+00:00,105.89,105.895,105.85,105.87,97,33.0,97.0,7600010.0,DX
2024-11-29 01:15:00+00:00,105.87,105.925,105.87,105.89,361,33.0,97.0,7600010.0,DX
2024-11-29 01:20:00+00:00,105.89,105.895,105.83,105.86,85,33.0,97.0,7600010.0,DX
2024-11-29 01:25:00+00:00,105.86,105.895,105.84,105.895,76,33.0,97.0,7600010.0,DX
2024-11-29 01:30:00+00:00,105.89,105.93,105.89,105.93,55,33.0,97.0,7600010.0,DX
2024-11-29 01:35:00+00:00,105.925,105.93,105.905,105.91,66,33.0,97.0,7600010.0,DX
2024-11-29 01:40:00+00:00,105.915,105.935,105.895,105.93,48,33.0,97.0,7600010.0,DX
2024-11-29 01:45:00+00:00,105.905,105.95,105.895,105.95,38,33.0,97.0,7600010.0,DX
2024-11-29 01:50:00+00:00,105.945,105.97,105.945,105.95,36,33.0,97.0,7600010.0,DX
2024-11-29 01:55:00+00:00,105.945,105.955,105.925,105.925,19,33.0,97.0,7600010.0,DX
2024-11-29 02:00:00+00:00,105.93,105.95,105.925,105.93,98,33.0,97.0,7600010.0,DX
2024-11-29 02:05:00+00:00,105.935,105.94,105.905,105.905,9,33.0,97.0,7600010.0,DX
2024-11-29 02:10:00+00:00,105.905,105.915,105.88,105.88,23,33.0,97.0,7600010.0,DX
2024-11-29 02:15:00+00:00,105.89,105.925,105.89,105.895,46,33.0,97.0,7600010.0,DX
2024-11-29 02:20:00+00:00,105.905,105.91,105.885,105.895,28,33.0,97.0,7600010.0,DX
2024-11-29 02:25:00+00:00,105.895,105.905,105.89,105.9,74,33.0,97.0,7600010.0,DX
2024-11-29 02:30:00+00:00,105.89,105.905,105.88,105.88,202,33.0,97.0,7600010.0,DX
2024-11-29 02:35:00+00:00,105.885,105.885,105.84,105.84,292,33.0,97.0,7600010.0,DX
2024-11-29 02:40:00+00:00,105.855,105.86,105.85,105.85,33,33.0,97.0,7600010.0,DX
2024-11-29 02:45:00+00:00,105.845,105.865,105.84,105.865,20,33.0,97.0,7600010.0,DX
2024-11-29 02:50:00+00:00,105.885,105.9,105.885,105.885,31,33.0,97.0,7600010.0,DX
2024-11-29 02:55:00+00:00,105.89,105.89,105.87,105.87,22,33.0,97.0,7600010.0,DX
2024-11-29 03:00:00+00:00,105.86,105.89,105.86,105.89,8,33.0,97.0,7600010.0,DX
2024-11-29 03:05:00+00:00,105.875,105.88,105.87,105.875,13,33.0,97.0,7600010.0,DX
2024-11-29 03:10:00+00:00,105.88,105.905,105.88,105.905,51,33.0,97.0,7600010.0,DX
2024-11-29 03:15:00+00:00,105.905,105.91,105.895,105.895,42,33.0,97.0,7600010.0,DX
2024-11-29 03:20:00+00:00,105.895,105.905,105.895,105.9,31,33.0,97.0,7600010.0,DX
2024-11-29 03:25:00+00:00,105.905,105.915,105.9,105.9,16,33.0,97.0,7600010.0,DX
2024-11-29 03:30:00+00:00,105.895,105.91,105.56,105.91,7,33.0,97.0,7600010.0,DX
2024-11-29 03:35:00+00:00,105.89,105.89,105.88,105.88,3,33.0,97.0,7600010.0,DX
2024-11-29 03:40:00+00:00,105.89,105.9,105.845,105.85,52,33.0,97.0,7600010.0,DX
2024-11-29 03:45:00+00:00,105.85,105.85,105.82,105.825,178,33.0,97.0,7600010.0,DX
2024-11-29 03:50:00+00:00,105.82,105.845,105.82,105.82,27,33.0,97.0,7600010.0,DX
2024-11-29 03:55:00+00:00,105.83,105.84,105.83,105.83,21,33.0,97.0,7600010.0,DX
2024-11-29 04:00:00+00:00,105.825,105.84,105.82,105.835,26,33.0,97.0,7600010.0,DX
2024-11-29 04:05:00+00:00,105.835,105.85,105.835,105.835,20,33.0,97.0,7600010.0,DX
2024-11-29 04:10:00+00:00,105.835,105.855,105.835,105.85,8,33.0,97.0,7600010.0,DX
2024-11-29 04:15:00+00:00,105.83,105.83,105.805,105.83,50,33.0,97.0,7600010.0,DX
2024-11-29 04:20:00+00:00,105.815,105.82,105.775,105.775,39,33.0,97.0,7600010.0,DX
2024-11-29 04:25:00+00:00,105.785,105.815,105.785,105.81,23,33.0,97.0,7600010.0,DX
2024-11-29 04:30:00+00:00,105.8,105.825,105.8,105.825,11,33.0,97.0,7600010.0,DX
2024-11-29 04:35:00+00:00,105.835,105.85,105.835,105.85,5,33.0,97.0,7600010.0,DX
2024-11-29 04:40:00+00:00,105.86,105.865,105.86,105.86,8,33.0,97.0,7600010.0,DX
2024-11-29 04:45:00+00:00,105.85,105.855,105.85,105.855,5,33.0,97.0,7600010.0,DX
2024-11-29 04:50:00+00:00,105.84,105.855,105.835,105.855,20,33.0,97.0,7600010.0,DX
2024-11-29 04:55:00+00:00,105.845,105.85,105.84,105.85,27,33.0,97.0,7600010.0,DX
2024-11-29 05:00:00+00:00,105.86,105.86,105.84,105.84,66,33.0,97.0,7600010.0,DX
2024-11-29 05:05:00+00:00,105.855,105.855,105.835,105.835,21,33.0,97.0,7600010.0,DX
2024-11-29 05:10:00+00:00,105.85,105.85,105.83,105.835,12,33.0,97.0,7600010.0,DX
2024-11-29 05:15:00+00:00,105.835,105.845,105.825,105.845,76,33.0,97.0,7600010.0,DX
2024-11-29 05:20:00+00:00,105.85,105.85,105.835,105.84,177,33.0,97.0,7600010.0,DX
2024-11-29 05:25:00+00:00,105.83,105.84,105.825,105.84,27,33.0,97.0,7600010.0,DX
2024-11-29 05:30:00+00:00,105.845,105.865,105.845,105.865,14,33.0,97.0,7600010.0,DX
2024-11-29 05:35:00+00:00,105.87,105.89,105.86,105.86,60,33.0,97.0,7600010.0,DX
2024-11-29 05:40:00+00:00,105.865,105.88,105.86,105.86,21,33.0,97.0,7600010.0,DX
2024-11-29 05:45:00+00:00,105.865,105.88,105.85,105.88,44,33.0,97.0,7600010.0,DX
2024-11-29 05:50:00+00:00,105.895,105.9,105.89,105.89,18,33.0,97.0,7600010.0,DX
2024-11-29 05:55:00+00:00,105.875,105.88,105.87,105.875,21,33.0,97.0,7600010.0,DX
2024-11-29 06:00:00+00:00,105.88,105.885,105.87,105.875,33,33.0,97.0,7600010.0,DX
2024-11-29 06:05:00+00:00,105.875,105.875,105.87,105.87,5,33.0,97.0,7600010.0,DX
2024-11-29 06:10:00+00:00,105.87,105.9,105.87,105.9,59,33.0,97.0,7600010.0,DX
2024-11-29 06:15:00+00:00,105.87,105.87,105.87,105.87,2,33.0,97.0,7600010.0,DX
2024-11-29 06:20:00+00:00,105.875,105.875,105.855,105.865,22,33.0,97.0,7600010.0,DX
2024-11-29 06:25:00+00:00,105.86,105.86,105.84,105.84,28,33.0,97.0,7600010.0,DX
2024-11-29 06:30:00+00:00,105.82,105.82,105.44,105.81,20,33.0,97.0,7600010.0,DX
2024-11-29 06:35:00+00:00,105.815,105.825,105.81,105.825,12,33.0,97.0,7600010.0,DX
2024-11-29 06:40:00+00:00,105.83,105.845,105.81,105.81,27,33.0,97.0,7600010.0,DX
2024-11-29 06:45:00+00:00,105.81,105.81,105.8,105.805,16,33.0,97.0,7600010.0,DX
2024-11-29 06:50:00+00:00,105.8,105.81,105.795,105.795,119,33.0,97.0,7600010.0,DX
2024-11-29 06:55:00+00:00,105.79,105.79,105.76,105.77,49,33.0,97.0,7600010.0,DX
2024-11-29 07:00:00+00:00,105.77,105.775,105.735,105.755,149,33.0,97.0,7600010.0,DX
2024-11-29 07:05:00+00:00,105.755,105.775,105.74,105.75,46,33.0,97.0,7600010.0,DX
2024-11-29 07:10:00+00:00,105.755,105.765,105.705,105.705,66,33.0,97.0,7600010.0,DX
2024-11-29 07:15:00+00:00,105.7,105.73,105.685,105.705,103,33.0,97.0,7600010.0,DX
2024-11-29 07:20:00+00:00,105.705,105.705,105.665,105.67,80,33.0,97.0,7600010.0,DX
2024-11-29 07:25:00+00:00,105.66,105.66,105.595,105.615,274,33.0,97.0,7600010.0,DX
2024-11-29 07:30:00+00:00,105.62,105.695,105.62,105.69,111,33.0,97.0,7600010.0,DX
2024-11-29 07:35:00+00:00,105.685,105.735,105.685,105.735,66,33.0,97.0,7600010.0,DX
2024-11-29 07:40:00+00:00,105.735,105.75,105.725,105.745,102,33.0,97.0,7600010.0,DX
2024-11-29 07:45:00+00:00,105.75,105.775,105.685,105.715,235,33.0,97.0,7600010.0,DX
2024-11-29 07:50:00+00:00,105.71,105.745,105.7,105.745,71,33.0,97.0,7600010.0,DX
2024-11-29 07:55:00+00:00,105.755,105.795,105.755,105.78,93,33.0,97.0,7600010.0,DX
2024-11-29 08:00:00+00:00,105.78,105.835,105.765,105.83,138,33.0,97.0,7600010.0,DX
2024-11-29 08:05:00+00:00,105.83,105.86,105.83,105.84,313,33.0,97.0,7600010.0,DX
2024-11-29 08:10:00+00:00,105.845,105.91,105.835,105.91,175,33.0,97.0,7600010.0,DX
2024-11-29 08:15:00+00:00,105.91,105.935,105.885,105.885,136,33.0,97.0,7600010.0,DX
2024-11-29 08:20:00+00:00,105.885,105.925,105.875,105.92,139,33.0,97.0,7600010.0,DX
2024-11-29 08:25:00+00:00,105.91,105.91,105.87,105.885,115,33.0,97.0,7600010.0,DX
2024-11-29 08:30:00+00:00,105.89,105.9,105.865,105.885,67,33.0,97.0,7600010.0,DX
2024-11-29 08:35:00+00:00,105.89,105.895,105.87,105.89,77,33.0,97.0,7600010.0,DX
2024-11-29 08:40:00+00:00,105.885,105.895,105.88,105.89,89,33.0,97.0,7600010.0,DX
2024-11-29 08:45:00+00:00,105.895,105.9,105.865,105.865,85,33.0,97.0,7600010.0,DX
2024-11-29 08:50:00+00:00,105.865,105.865,105.825,105.865,78,33.0,97.0,7600010.0,DX
2024-11-29 08:55:00+00:00,105.86,105.9,105.55,105.55,80,33.0,97.0,7600010.0,DX
2024-11-29 09:00:00+00:00,105.895,105.92,105.835,105.895,638,33.0,97.0,7600010.0,DX
2024-11-29 09:05:00+00:00,105.885,105.885,105.83,105.83,85,33.0,97.0,7600010.0,DX
2024-11-29 09:10:00+00:00,105.82,105.82,105.785,105.795,160,33.0,97.0,7600010.0,DX
2024-11-29 09:15:00+00:00,105.805,105.82,105.805,105.82,13,33.0,97.0,7600010.0,DX
2024-11-29 09:20:00+00:00,105.83,105.86,105.815,105.845,14,33.0,97.0,7600010.0,DX
2024-11-29 09:25:00+00:00,105.85,105.865,105.85,105.86,13,33.0,97.0,7600010.0,DX
2024-11-29 09:30:00+00:00,105.87,105.9,105.87,105.9,20,33.0,97.0,7600010.0,DX
2024-11-29 09:35:00+00:00,105.9,105.965,105.9,105.96,90,33.0,97.0,7600010.0,DX
2024-11-29 09:40:00+00:00,105.955,106.01,105.955,105.955,139,33.0,97.0,7600010.0,DX
2024-11-29 09:45:00+00:00,105.96,105.975,105.945,105.945,61,33.0,97.0,7600010.0,DX
2024-11-29 09:50:00+00:00,105.94,105.975,105.93,105.95,77,33.0,97.0,7600010.0,DX
2024-11-29 09:55:00+00:00,105.955,105.97,105.945,105.96,52,33.0,97.0,7600010.0,DX
2024-11-29 10:00:00+00:00,105.965,105.98,105.935,105.96,131,33.0,97.0,7600010.0,DX
2024-11-29 10:05:00+00:00,105.95,105.95,105.915,105.935,34,33.0,97.0,7600010.0,DX
2024-11-29 10:10:00+00:00,105.93,105.95,105.92,105.945,40,33.0,97.0,7600010.0,DX
2024-11-29 10:15:00+00:00,105.935,105.96,105.935,105.96,28,33.0,97.0,7600010.0,DX
2024-11-29 10:20:00+00:00,105.95,105.965,105.915,105.92,38,33.0,97.0,7600010.0,DX
2024-11-29 10:25:00+00:00,105.925,105.935,105.905,105.92,69,33.0,97.0,7600010.0,DX
2024-11-29 10:30:00+00:00,105.92,105.92,105.875,105.885,99,33.0,97.0,7600010.0,DX
2024-11-29 10:35:00+00:00,105.87,105.92,105.86,105.92,91,33.0,97.0,7600010.0,DX
2024-11-29 10:40:00+00:00,105.915,105.97,105.91,105.955,68,33.0,97.0,7600010.0,DX
2024-11-29 10:45:00+00:00,105.97,105.975,105.955,105.975,34,33.0,97.0,7600010.0,DX
2024-11-29 10:50:00+00:00,105.96,105.965,105.915,105.92,41,33.0,97.0,7600010.0,DX
2024-11-29 10:55:00+00:00,105.95,105.955,105.905,105.905,20,33.0,97.0,7600010.0,DX
2024-11-29 11:00:00+00:00,105.915,105.94,105.905,105.93,57,33.0,97.0,7600010.0,DX
2024-11-29 11:05:00+00:00,105.93,105.93,105.895,105.915,43,33.0,97.0,7600010.0,DX
2024-11-29 11:10:00+00:00,105.91,105.96,105.91,105.95,48,33.0,97.0,7600010.0,DX
2024-11-29 11:15:00+00:00,105.965,105.965,105.925,105.94,87,33.0,97.0,7600010.0,DX
2024-11-29 11:20:00+00:00,105.94,105.95,105.93,105.935,40,33.0,97.0,7600010.0,DX
2024-11-29 11:25:00+00:00,105.925,105.935,105.925,105.93,14,33.0,97.0,7600010.0,DX
2024-11-29 11:30:00+00:00,105.955,105.96,105.93,105.945,58,33.0,97.0,7600010.0,DX
2024-11-29 11:35:00+00:00,105.94,105.95,105.91,105.91,23,33.0,97.0,7600010.0,DX
2024-11-29 11:40:00+00:00,105.91,105.93,105.91,105.93,65,33.0,97.0,7600010.0,DX
2024-11-29 11:45:00+00:00,105.94,105.94,105.885,105.89,37,33.0,97.0,7600010.0,DX
2024-11-29 11:50:00+00:00,105.9,105.945,105.9,105.945,48,33.0,97.0,7600010.0,DX
2024-11-29 11:55:00+00:00,105.955,105.955,105.925,105.945,81,33.0,97.0,7600010.0,DX
2024-11-29 12:00:00+00:00,105.92,105.945,105.91,105.92,70,33.0,97.0,7600010.0,DX
2024-11-29 12:05:00+00:00,105.915,105.93,105.9,105.93,26,33.0,97.0,7600010.0,DX
2024-11-29 12:10:00+00:00,105.93,105.95,105.925,105.94,51,33.0,97.0,7600010.0,DX
2024-11-29 12:15:00+00:00,105.945,106.01,105.945,106.005,80,33.0,97.0,7600010.0,DX
2024-11-29 12:20:00+00:00,106.0,106.02,105.99,106.005,159,33.0,97.0,7600010.0,DX
2024-11-29 12:25:00+00:00,106.005,106.03,105.995,106.015,58,33.0,97.0,7600010.0,DX
2024-11-29 12:30:00+00:00,106.035,106.035,105.995,105.995,53,33.0,97.0,7600010.0,DX
2024-11-29 12:35:00+00:00,106.01,106.01,105.99,106.0,64,33.0,97.0,7600010.0,DX
2024-11-29 12:40:00+00:00,106.005,106.025,106.005,106.025,41,33.0,97.0,7600010.0,DX
2024-11-29 12:45:00+00:00,106.03,106.06,106.025,106.045,259,33.0,97.0,7600010.0,DX
2024-11-29 12:50:00+00:00,106.04,106.045,106.01,106.015,79,33.0,97.0,7600010.0,DX
2024-11-29 12:55:00+00:00,106.01,106.03,105.925,105.93,176,33.0,97.0,7600010.0,DX
2024-11-29 13:00:00+00:00,105.93,105.94,105.9,105.935,163,33.0,97.0,7600010.0,DX
2024-11-29 13:05:00+00:00,105.94,105.965,105.925,105.95,57,33.0,97.0,7600010.0,DX
2024-11-29 13:10:00+00:00,105.955,105.97,105.95,105.965,82,33.0,97.0,7600010.0,DX
2024-11-29 13:15:00+00:00,105.965,105.975,105.935,105.935,115,33.0,97.0,7600010.0,DX
2024-11-29 13:20:00+00:00,105.935,105.94,105.895,105.92,324,33.0,97.0,7600010.0,DX
2024-11-29 13:25:00+00:00,105.91,105.945,105.91,105.945,61,33.0,97.0,7600010.0,DX
2024-11-29 13:30:00+00:00,105.95,105.96,105.93,105.94,98,33.0,97.0,7600010.0,DX
2024-11-29 13:35:00+00:00,105.945,105.97,105.935,105.97,137,33.0,97.0,7600010.0,DX
2024-11-29 13:40:00+00:00,105.975,106.005,105.975,106.005,80,33.0,97.0,7600010.0,DX
2024-11-29 13:45:00+00:00,106.0,106.0,105.975,105.985,76,33.0,97.0,7600010.0,DX
2024-11-29 13:50:00+00:00,105.985,106.01,105.985,106.0,69,33.0,97.0,7600010.0,DX
2024-11-29 13:55:00+00:00,106.0,106.005,105.935,105.94,111,33.0,97.0,7600010.0,DX
2024-11-29 14:00:00+00:00,105.94,105.955,105.925,105.95,100,33.0,97.0,7600010.0,DX
2024-11-29 14:05:00+00:00,105.935,105.995,105.93,105.985,65,33.0,97.0,7600010.0,DX
2024-11-29 14:10:00+00:00,105.99,106.075,105.99,106.07,343,33.0,97.0,7600010.0,DX
2024-11-29 14:15:00+00:00,105.7,106.085,105.695,106.085,84,33.0,97.0,7698408.0,DX
2024-11-29 14:20:00+00:00,106.08,106.09,106.045,106.05,23,33.0,97.0,7600010.0,DX
2024-11-29 14:25:00+00:00,106.06,106.08,106.045,106.055,20,33.0,97.0,7600010.0,DX
2024-11-29 14:30:00+00:00,106.045,106.05,106.01,106.01,81,33.0,97.0,7600010.0,DX
2024-11-29 14:35:00+00:00,106.015,106.04,106.01,106.02,40,33.0,97.0,7600010.0,DX
2024-11-29 14:40:00+00:00,106.015,106.03,105.995,105.995,56,33.0,97.0,7600010.0,DX
2024-11-29 14:45:00+00:00,105.99,106.035,105.985,106.035,78,33.0,97.0,7600010.0,DX
2024-11-29 14:50:00+00:00,106.025,106.04,106.015,106.035,67,33.0,97.0,7600010.0,DX
2024-11-29 14:55:00+00:00,106.015,106.02,105.98,105.99,116,33.0,97.0,7600010.0,DX
2024-11-29 15:00:00+00:00,106.0,106.045,105.99,106.035,118,33.0,97.0,7600010.0,DX
2024-11-29 15:05:00+00:00,106.03,106.03,105.955,105.965,86,33.0,97.0,7600010.0,DX
2024-11-29 15:10:00+00:00,105.955,105.955,105.91,105.935,322,33.0,97.0,7600010.0,DX
2024-11-29 15:15:00+00:00,105.94,105.98,105.935,105.945,286,33.0,97.0,7600010.0,DX
2024-11-29 15:20:00+00:00,105.945,105.985,105.945,105.98,106,33.0,97.0,7600010.0,DX
2024-11-29 15:25:00+00:00,106.015,106.065,106.015,106.065,73,33.0,97.0,7600010.0,DX
2024-11-29 15:30:00+00:00,106.07,106.075,105.975,105.975,171,33.0,97.0,7600010.0,DX
2024-11-29 15:35:00+00:00,105.97,105.995,105.97,105.985,91,33.0,97.0,7600010.0,DX
2024-11-29 15:40:00+00:00,105.975,106.01,105.935,105.95,106,33.0,97.0,7600010.0,DX
2024-11-29 15:45:00+00:00,105.95,106.01,105.59,106.0,64,33.0,97.0,7600010.0,DX
2024-11-29 15:50:00+00:00,106.005,106.03,105.935,105.955,58,33.0,97.0,7600010.0,DX
2024-11-29 15:55:00+00:00,105.965,105.965,105.9,105.945,178,33.0,97.0,7600010.0,DX
2024-11-29 16:00:00+00:00,105.94,106.01,105.925,105.99,364,33.0,97.0,7600010.0,DX
2024-11-29 16:05:00+00:00,106.0,106.05,105.975,106.045,483,33.0,97.0,7600010.0,DX
2024-11-29 16:10:00+00:00,106.045,106.05,106.0,106.01,224,33.0,97.0,7600010.0,DX
2024-11-29 16:15:00+00:00,106.01,106.025,105.995,105.995,75,33.0,97.0,7600010.0,DX
2024-11-29 16:20:00+00:00,105.99,106.035,105.99,106.025,111,33.0,97.0,7600010.0,DX
2024-11-29 16:25:00+00:00,106.03,106.04,106.015,106.02,72,33.0,97.0,7600010.0,DX
2024-11-29 16:30:00+00:00,106.0,106.095,106.0,106.05,440,33.0,97.0,7600010.0,DX
2024-11-29 16:35:00+00:00,106.065,106.08,106.045,106.08,154,33.0,97.0,7600010.0,DX
2024-11-29 16:40:00+00:00,106.075,106.11,106.05,106.11,144,33.0,97.0,7600010.0,DX
2024-11-29 16:45:00+00:00,106.11,106.11,106.07,106.07,103,33.0,97.0,7600010.0,DX
2024-11-29 16:50:00+00:00,106.07,106.12,106.07,106.115,352,33.0,97.0,7600010.0,DX
2024-11-29 16:55:00+00:00,106.095,106.095,106.07,106.075,165,33.0,97.0,7600010.0,DX
2024-11-29 17:00:00+00:00,106.065,106.08,106.01,106.02,197,33.0,97.0,7600010.0,DX
2024-11-29 17:05:00+00:00,106.04,106.05,106.0,106.02,119,33.0,97.0,7600010.0,DX
2024-11-29 17:10:00+00:00,106.01,106.07,106.01,106.07,58,33.0,97.0,7600010.0,DX
2024-11-29 17:15:00+00:00,106.07,106.07,106.05,106.05,17,33.0,97.0,7600010.0,DX
2024-11-29 17:20:00+00:00,106.055,106.055,106.03,106.035,17,33.0,97.0,7600010.0,DX
2024-11-29 17:25:00+00:00,106.04,106.045,106.035,106.04,125,33.0,97.0,7600010.0,DX
2024-11-29 17:30:00+00:00,106.035,106.05,106.025,106.04,42,33.0,97.0,7600010.0,DX
2024-11-29 17:35:00+00:00,106.035,106.035,105.995,105.995,16,33.0,97.0,7600010.0,DX
2024-11-29 17:40:00+00:00,105.99,105.99,105.95,105.95,27,33.0,97.0,7600010.0,DX
2024-11-29 17:45:00+00:00,105.95,105.95,105.905,105.915,130,33.0,97.0,7600010.0,DX
2024-11-29 17:50:00+00:00,105.92,105.92,105.855,105.855,428,33.0,97.0,7600010.0,DX
2024-11-29 17:55:00+00:00,105.86,105.865,105.815,105.815,233,33.0,97.0,7600010.0,DX
2024-11-29 18:00:00+00:00,105.82,105.82,105.74,105.74,159,33.0,97.0,7600010.0,DX
2024-11-29 18:05:00+00:00,105.74,105.775,105.74,105.755,69,33.0,97.0,7600010.0,DX
2024-11-29 18:10:00+00:00,105.76,105.805,105.76,105.8,132,33.0,97.0,7600010.0,DX
