ts_event,rtype,publisher_id,instrument_id,open,high,low,close,volume,symbol
2025-07-01 00:00:00+00:00,33,97,7873621,96.4,96.4,96.36,96.37,137,DX  FMU0025!
2025-07-01 00:00:00+00:00,33,98,7873621,96.4,96.4,96.4,96.4,1,DX  FMU0025!
2025-07-01 00:01:00+00:00,33,97,7873621,96.37,96.37,96.37,96.37,5,DX  FMU0025!
2025-07-01 00:02:00+00:00,33,97,8024379,96.0,96.0,96.0,96.0,1,DX  FMZ0025!
2025-07-01 00:02:00+00:00,33,97,7873621,96.36,96.36,96.35,96.36,21,DX  FMU0025!
2025-07-01 00:03:00+00:00,33,97,7873621,96.35,96.35,96.35,96.35,1,DX  FMU0025!
2025-07-01 00:04:00+00:00,33,97,7873621,96.345,96.35,96.345,96.35,3,DX  FMU0025!
2025-07-01 00:05:00+00:00,33,97,7873621,96.345,96.345,96.345,96.345,10,DX  FMU0025!
2025-07-01 00:06:00+00:00,33,97,7873621,96.34,96.345,96.34,96.34,14,DX  FMU0025!
2025-07-01 00:07:00+00:00,33,97,7873621,96.345,96.345,96.345,96.345,2,DX  FMU0025!
2025-07-01 00:08:00+00:00,33,97,7873621,96.35,96.355,96.35,96.355,2,DX  FMU0025!
2025-07-01 00:10:00+00:00,33,97,7873621,96.355,96.355,96.35,96.35,45,DX  FMU0025!
2025-07-01 00:11:00+00:00,33,97,7873621,96.345,96.35,96.345,96.345,86,DX  FMU0025!
2025-07-01 00:12:00+00:00,33,97,7873621,96.35,96.35,96.34,96.34,6,DX  FMU0025!
2025-07-01 00:13:00+00:00,33,97,7873621,96.34,96.34,96.34,96.34,2,DX  FMU0025!
2025-07-01 00:14:00+00:00,33,97,7873621,96.34,96.34,96.33,96.33,3,DX  FMU0025!
2025-07-01 00:15:00+00:00,33,97,7873621,96.33,96.33,96.33,96.33,7,DX  FMU0025!
2025-07-01 00:16:00+00:00,33,97,7873621,96.33,96.335,96.33,96.335,4,DX  FMU0025!
2025-07-01 00:17:00+00:00,33,97,7873621,96.33,96.34,96.33,96.34,13,DX  FMU0025!
2025-07-01 00:18:00+00:00,33,97,7873621,96.34,96.34,96.335,96.335,10,DX  FMU0025!
2025-07-01 00:19:00+00:00,33,97,7873621,96.33,96.34,96.33,96.34,3,DX  FMU0025!
2025-07-01 00:20:00+00:00,33,97,7873621,96.35,96.355,96.345,96.355,8,DX  FMU0025!
2025-07-01 00:21:00+00:00,33,97,8024379,,,,,2,DX  FMZ0025!
2025-07-01 00:21:00+00:00,33,97,7873621,96.36,96.36,96.36,96.36,12,DX  FMU0025!
2025-07-01 00:21:00+00:00,33,97,8024382,-0.35,-0.35,-0.35,-0.35,2,DX  FMZ0025-DX  FMU0025
2025-07-01 00:23:00+00:00,33,97,7873621,96.355,96.365,96.355,96.365,4,DX  FMU0025!
2025-07-01 00:24:00+00:00,33,97,7873621,96.38,96.38,96.375,96.375,8,DX  FMU0025!
2025-07-01 00:25:00+00:00,33,97,7873621,96.37,96.37,96.355,96.355,21,DX  FMU0025!
2025-07-01 00:26:00+00:00,33,97,7873621,96.36,96.36,96.355,96.355,4,DX  FMU0025!
2025-07-01 00:27:00+00:00,33,97,7873621,96.345,96.345,96.345,96.345,4,DX  FMU0025!
2025-07-01 00:28:00+00:00,33,97,7873621,96.34,96.34,96.34,96.34,3,DX  FMU0025!
2025-07-01 00:29:00+00:00,33,97,7873621,96.345,96.355,96.345,96.355,2,DX  FMU0025!
2025-07-01 00:30:00+00:00,33,97,7873621,96.34,96.34,96.335,96.335,8,DX  FMU0025!
2025-07-01 00:31:00+00:00,33,97,7873621,96.33,96.33,96.325,96.325,3,DX  FMU0025!
2025-07-01 00:32:00+00:00,33,97,7873621,96.325,96.325,96.32,96.32,4,DX  FMU0025!
2025-07-01 00:33:00+00:00,33,97,7873621,96.32,96.32,96.32,96.32,1,DX  FMU0025!
2025-07-01 00:34:00+00:00,33,97,7873621,96.34,96.34,96.34,96.34,5,DX  FMU0025!
2025-07-01 00:35:00+00:00,33,97,7873621,96.33,96.33,96.33,96.33,1,DX  FMU0025!
2025-07-01 00:36:00+00:00,33,97,7873621,96.33,96.33,96.33,96.33,5,DX  FMU0025!
2025-07-01 00:37:00+00:00,33,97,7873621,96.33,96.33,96.33,96.33,1,DX  FMU0025!
2025-07-01 00:38:00+00:00,33,97,7873621,96.335,96.335,96.335,96.335,1,DX  FMU0025!
2025-07-01 00:39:00+00:00,33,97,7873621,96.34,96.34,96.34,96.34,1,DX  FMU0025!
2025-07-01 00:40:00+00:00,33,97,7873621,96.335,96.335,96.335,96.335,1,DX  FMU0025!
2025-07-01 00:41:00+00:00,33,97,7873621,96.34,96.34,96.34,96.34,2,DX  FMU0025!
2025-07-01 00:42:00+00:00,33,97,7873621,96.35,96.35,96.35,96.35,1,DX  FMU0025!
2025-07-01 00:43:00+00:00,33,97,7873621,96.35,96.35,96.35,96.35,3,DX  FMU0025!
2025-07-01 00:44:00+00:00,33,97,7873621,96.355,96.355,96.35,96.35,2,DX  FMU0025!
2025-07-01 00:46:00+00:00,33,97,7873621,96.355,96.355,96.355,96.355,3,DX  FMU0025!
2025-07-01 00:47:00+00:00,33,97,7873621,96.34,96.34,96.335,96.335,3,DX  FMU0025!
2025-07-01 00:50:00+00:00,33,97,7873621,96.33,96.33,96.33,96.33,3,DX  FMU0025!
2025-07-01 00:51:00+00:00,33,97,7873621,96.33,96.33,96.33,96.33,6,DX  FMU0025!
2025-07-01 00:52:00+00:00,33,97,7873621,96.325,96.325,96.325,96.325,5,DX  FMU0025!
2025-07-01 00:54:00+00:00,33,97,7873621,96.32,96.33,96.315,96.33,12,DX  FMU0025!
2025-07-01 00:55:00+00:00,33,97,7873621,96.315,96.32,96.315,96.32,4,DX  FMU0025!
2025-07-01 00:57:00+00:00,33,97,7873621,96.31,96.31,96.31,96.31,10,DX  FMU0025!
2025-07-01 01:00:00+00:00,33,97,7873621,96.305,96.31,96.305,96.31,13,DX  FMU0025!
2025-07-01 01:01:00+00:00,33,97,7873621,96.305,96.31,96.305,96.31,20,DX  FMU0025!
2025-07-01 01:02:00+00:00,33,97,7873621,96.315,96.315,96.305,96.305,6,DX  FMU0025!
2025-07-01 01:03:00+00:00,33,97,7873621,96.305,96.31,96.305,96.305,3,DX  FMU0025!
2025-07-01 01:04:00+00:00,33,97,7873621,96.31,96.315,96.31,96.315,8,DX  FMU0025!
2025-07-01 01:05:00+00:00,33,97,7873621,96.315,96.32,96.31,96.31,5,DX  FMU0025!
2025-07-01 01:06:00+00:00,33,97,7873621,96.32,96.325,96.315,96.315,15,DX  FMU0025!
2025-07-01 01:07:00+00:00,33,97,7873621,96.32,96.325,96.32,96.32,7,DX  FMU0025!
2025-07-01 01:08:00+00:00,33,97,7873621,96.315,96.32,96.315,96.32,13,DX  FMU0025!
2025-07-01 01:09:00+00:00,33,97,8024379,95.975,95.975,95.975,95.975,1,DX  FMZ0025!
2025-07-01 01:09:00+00:00,33,97,7873621,96.325,96.325,96.325,96.325,2,DX  FMU0025!
2025-07-01 01:10:00+00:00,33,97,7873621,96.32,96.33,96.32,96.33,3,DX  FMU0025!
2025-07-01 01:11:00+00:00,33,97,7873621,96.33,96.33,96.33,96.33,2,DX  FMU0025!
2025-07-01 01:11:00+00:00,33,97,8024379,95.945,95.945,95.945,95.945,2,DX  FMZ0025!
2025-07-01 01:14:00+00:00,33,97,7873621,96.315,96.315,96.305,96.305,13,DX  FMU0025!
2025-07-01 01:15:00+00:00,33,97,7873621,96.305,96.305,96.28,96.295,181,DX  FMU0025!
2025-07-01 01:16:00+00:00,33,97,7873621,96.295,96.295,96.295,96.295,19,DX  FMU0025!
2025-07-01 01:17:00+00:00,33,97,7873621,96.29,96.29,96.29,96.29,2,DX  FMU0025!
2025-07-01 01:19:00+00:00,33,97,7873621,96.28,96.29,96.28,96.28,31,DX  FMU0025!
2025-07-01 01:20:00+00:00,33,97,7873621,96.28,96.28,96.23,96.24,354,DX  FMU0025!
2025-07-01 01:21:00+00:00,33,97,7873621,96.26,96.265,96.26,96.26,16,DX  FMU0025!
2025-07-01 01:22:00+00:00,33,97,7873621,96.26,96.265,96.25,96.265,15,DX  FMU0025!
2025-07-01 01:23:00+00:00,33,97,7873621,96.28,96.3,96.275,96.3,41,DX  FMU0025!
2025-07-01 01:23:00+00:00,33,97,8024379,95.94,95.94,95.94,95.94,1,DX  FMZ0025!
2025-07-01 01:24:00+00:00,33,97,7873621,96.295,96.31,96.295,96.305,10,DX  FMU0025!
2025-07-01 01:25:00+00:00,33,97,7873621,96.32,96.32,96.32,96.32,3,DX  FMU0025!
2025-07-01 01:26:00+00:00,33,97,7873621,96.325,96.325,96.325,96.325,5,DX  FMU0025!
2025-07-01 01:27:00+00:00,33,97,7873621,96.315,96.315,96.315,96.315,4,DX  FMU0025!
2025-07-01 01:28:00+00:00,33,97,7873621,96.315,96.32,96.315,96.32,16,DX  FMU0025!
2025-07-01 01:29:00+00:00,33,97,7873621,96.325,96.33,96.325,96.325,14,DX  FMU0025!
2025-07-01 01:30:00+00:00,33,97,7873621,96.33,96.345,96.33,96.345,17,DX  FMU0025!
2025-07-01 01:31:00+00:00,33,97,7873621,96.345,96.35,96.345,96.35,12,DX  FMU0025!
2025-07-01 01:32:00+00:00,33,97,7873621,96.355,96.36,96.355,96.36,9,DX  FMU0025!
2025-07-01 01:33:00+00:00,33,97,7873621,96.36,96.365,96.36,96.365,6,DX  FMU0025!
2025-07-01 01:34:00+00:00,33,97,7873621,96.365,96.37,96.365,96.37,21,DX  FMU0025!
2025-07-01 01:35:00+00:00,33,97,7873621,96.365,96.37,96.365,96.37,3,DX  FMU0025!
2025-07-01 01:36:00+00:00,33,97,7873621,96.38,96.385,96.38,96.385,6,DX  FMU0025!
2025-07-01 01:37:00+00:00,33,97,7873621,96.385,96.395,96.385,96.395,32,DX  FMU0025!
2025-07-01 01:38:00+00:00,33,97,7873621,96.4,96.4,96.385,96.385,15,DX  FMU0025!
2025-07-01 01:39:00+00:00,33,97,7873621,96.385,96.385,96.385,96.385,6,DX  FMU0025!
2025-07-01 01:42:00+00:00,33,97,7873621,96.39,96.39,96.39,96.39,1,DX  FMU0025!
2025-07-01 01:43:00+00:00,33,97,7873621,96.4,96.4,96.38,96.38,10,DX  FMU0025!
2025-07-01 01:45:00+00:00,33,97,7873621,96.37,96.375,96.37,96.375,6,DX  FMU0025!
2025-07-01 01:47:00+00:00,33,97,7873621,96.39,96.39,96.39,96.39,1,DX  FMU0025!
2025-07-01 01:48:00+00:00,33,97,7873621,96.39,96.395,96.39,96.395,6,DX  FMU0025!
2025-07-01 01:50:00+00:00,33,97,7873621,96.4,96.41,96.4,96.41,8,DX  FMU0025!
2025-07-01 01:51:00+00:00,33,97,7873621,96.405,96.41,96.405,96.41,3,DX  FMU0025!
2025-07-01 01:52:00+00:00,33,97,7873621,96.41,96.41,96.41,96.41,1,DX  FMU0025!
2025-07-01 01:53:00+00:00,33,97,7873621,96.415,96.415,96.41,96.415,5,DX  FMU0025!
2025-07-01 01:54:00+00:00,33,97,7873621,96.42,96.43,96.42,96.43,11,DX  FMU0025!
2025-07-01 01:55:00+00:00,33,97,7873621,96.43,96.43,96.43,96.43,3,DX  FMU0025!
2025-07-01 01:56:00+00:00,33,97,7873621,96.415,96.415,96.415,96.415,2,DX  FMU0025!
2025-07-01 01:57:00+00:00,33,97,7873621,96.415,96.415,96.415,96.415,20,DX  FMU0025!
2025-07-01 01:58:00+00:00,33,97,7873621,96.425,96.425,96.425,96.425,2,DX  FMU0025!
2025-07-01 01:59:00+00:00,33,97,7873621,96.42,96.42,96.42,96.42,2,DX  FMU0025!
2025-07-01 02:00:00+00:00,33,97,7873621,96.435,96.435,96.435,96.435,2,DX  FMU0025!
2025-07-01 02:02:00+00:00,33,97,7873621,96.435,96.435,96.435,96.435,2,DX  FMU0025!
2025-07-01 02:03:00+00:00,33,97,7873621,96.44,96.445,96.44,96.445,26,DX  FMU0025!
2025-07-01 02:04:00+00:00,33,97,7873621,96.435,96.44,96.43,96.43,8,DX  FMU0025!
2025-07-01 02:05:00+00:00,33,97,7873621,96.435,96.435,96.435,96.435,3,DX  FMU0025!
2025-07-01 02:06:00+00:00,33,97,7873621,96.43,96.43,96.42,96.42,4,DX  FMU0025!
2025-07-01 02:07:00+00:00,33,97,7873621,96.415,96.415,96.41,96.415,19,DX  FMU0025!
2025-07-01 02:10:00+00:00,33,97,7873621,96.42,96.42,96.42,96.42,1,DX  FMU0025!
2025-07-01 02:11:00+00:00,33,97,7873621,96.43,96.43,96.425,96.425,3,DX  FMU0025!
2025-07-01 02:12:00+00:00,33,97,7873621,96.425,96.425,96.425,96.425,2,DX  FMU0025!
2025-07-01 02:14:00+00:00,33,97,7873621,96.42,96.42,96.42,96.42,1,DX  FMU0025!
2025-07-01 02:15:00+00:00,33,97,7873621,96.415,96.415,96.415,96.415,12,DX  FMU0025!
2025-07-01 02:16:00+00:00,33,97,7873621,96.41,96.41,96.41,96.41,1,DX  FMU0025!
2025-07-01 02:17:00+00:00,33,97,7873621,96.405,96.405,96.4,96.4,4,DX  FMU0025!
2025-07-01 02:19:00+00:00,33,97,7873621,96.4,96.405,96.4,96.405,2,DX  FMU0025!
2025-07-01 02:22:00+00:00,33,97,7873621,96.42,96.42,96.42,96.42,1,DX  FMU0025!
2025-07-01 02:25:00+00:00,33,97,7873621,96.415,96.42,96.415,96.42,8,DX  FMU0025!
2025-07-01 02:29:00+00:00,33,97,7873621,96.405,96.405,96.405,96.405,6,DX  FMU0025!
2025-07-01 02:30:00+00:00,33,97,7873621,96.41,96.41,96.41,96.41,1,DX  FMU0025!
2025-07-01 02:33:00+00:00,33,97,7873621,96.395,96.4,96.395,96.4,8,DX  FMU0025!
2025-07-01 02:34:00+00:00,33,97,7873621,96.4,96.4,96.4,96.4,2,DX  FMU0025!
2025-07-01 02:37:00+00:00,33,97,7873621,96.4,96.4,96.39,96.395,14,DX  FMU0025!
2025-07-01 02:38:00+00:00,33,97,7873621,96.39,96.39,96.385,96.385,7,DX  FMU0025!
2025-07-01 02:39:00+00:00,33,97,7873621,96.395,96.395,96.395,96.395,5,DX  FMU0025!
2025-07-01 02:40:00+00:00,33,97,7873621,96.395,96.395,96.395,96.395,3,DX  FMU0025!
2025-07-01 02:41:00+00:00,33,97,7873621,96.395,96.405,96.395,96.405,5,DX  FMU0025!
2025-07-01 02:42:00+00:00,33,97,7873621,96.415,96.415,96.415,96.415,1,DX  FMU0025!
2025-07-01 02:43:00+00:00,33,97,7873621,96.405,96.41,96.405,96.405,44,DX  FMU0025!
2025-07-01 02:46:00+00:00,33,97,7873621,96.4,96.4,96.39,96.39,3,DX  FMU0025!
2025-07-01 02:49:00+00:00,33,97,7873621,96.39,96.39,96.385,96.385,3,DX  FMU0025!
2025-07-01 02:50:00+00:00,33,97,7873621,96.38,96.38,96.38,96.38,1,DX  FMU0025!
2025-07-01 02:52:00+00:00,33,97,7873621,96.38,96.38,96.38,96.38,1,DX  FMU0025!
2025-07-01 02:53:00+00:00,33,97,7873621,96.37,96.37,96.37,96.37,3,DX  FMU0025!
2025-07-01 02:53:00+00:00,33,97,8024379,96.025,96.025,96.025,96.025,1,DX  FMZ0025!
2025-07-01 02:55:00+00:00,33,97,7873621,96.37,96.37,96.37,96.37,2,DX  FMU0025!
2025-07-01 02:56:00+00:00,33,97,7873621,96.375,96.375,96.375,96.375,4,DX  FMU0025!
2025-07-01 02:57:00+00:00,33,97,7873621,96.365,96.365,96.36,96.365,9,DX  FMU0025!
2025-07-01 03:00:00+00:00,33,97,7873621,96.375,96.375,96.375,96.375,3,DX  FMU0025!
2025-07-01 03:01:00+00:00,33,97,7873621,96.37,96.37,96.37,96.37,20,DX  FMU0025!
2025-07-01 03:02:00+00:00,33,97,7873621,96.375,96.375,96.375,96.375,1,DX  FMU0025!
2025-07-01 03:03:00+00:00,33,97,7873621,96.36,96.36,96.35,96.355,8,DX  FMU0025!
2025-07-01 03:04:00+00:00,33,97,7873621,96.35,96.35,96.35,96.35,17,DX  FMU0025!
2025-07-01 03:05:00+00:00,33,97,7873621,96.355,96.355,96.35,96.35,12,DX  FMU0025!
2025-07-01 03:06:00+00:00,33,97,7873621,96.36,96.36,96.355,96.355,5,DX  FMU0025!
2025-07-01 03:07:00+00:00,33,97,7873621,96.35,96.35,96.35,96.35,11,DX  FMU0025!
2025-07-01 03:09:00+00:00,33,97,7873621,96.365,96.365,96.36,96.36,3,DX  FMU0025!
2025-07-01 03:13:00+00:00,33,97,7873621,96.355,96.355,96.355,96.355,1,DX  FMU0025!
2025-07-01 03:14:00+00:00,33,97,7873621,96.345,96.345,96.345,96.345,1,DX  FMU0025!
2025-07-01 03:15:00+00:00,33,97,7873621,96.345,96.345,96.345,96.345,1,DX  FMU0025!
2025-07-01 03:16:00+00:00,33,97,7873621,96.345,96.345,96.345,96.345,1,DX  FMU0025!
2025-07-01 03:19:00+00:00,33,97,7873621,96.335,96.335,96.335,96.335,5,DX  FMU0025!
2025-07-01 03:23:00+00:00,33,97,7873621,96.325,96.325,96.32,96.325,6,DX  FMU0025!
2025-07-01 03:27:00+00:00,33,97,7873621,96.345,96.345,96.345,96.345,1,DX  FMU0025!
2025-07-01 03:31:00+00:00,33,97,7873621,96.37,96.37,96.37,96.37,5,DX  FMU0025!
2025-07-01 03:34:00+00:00,33,97,7873621,96.37,96.37,96.37,96.37,1,DX  FMU0025!
2025-07-01 03:35:00+00:00,33,97,7873621,96.365,96.365,96.365,96.365,1,DX  FMU0025!
2025-07-01 03:37:00+00:00,33,97,7873621,96.355,96.355,96.355,96.355,1,DX  FMU0025!
2025-07-01 03:38:00+00:00,33,97,7873621,96.355,96.355,96.355,96.355,3,DX  FMU0025!
2025-07-01 03:39:00+00:00,33,97,7873621,96.345,96.345,96.345,96.345,5,DX  FMU0025!
2025-07-01 03:43:00+00:00,33,97,7873621,96.345,96.345,96.345,96.345,1,DX  FMU0025!
2025-07-01 03:44:00+00:00,33,97,7873621,96.355,96.355,96.35,96.35,4,DX  FMU0025!
2025-07-01 03:46:00+00:00,33,97,7873621,96.34,96.34,96.34,96.34,2,DX  FMU0025!
2025-07-01 03:48:00+00:00,33,97,7873621,96.335,96.335,96.335,96.335,6,DX  FMU0025!
2025-07-01 03:52:00+00:00,33,97,7873621,96.35,96.35,96.35,96.35,16,DX  FMU0025!
2025-07-01 03:54:00+00:00,33,97,7873621,96.36,96.36,96.36,96.36,2,DX  FMU0025!
2025-07-01 03:55:00+00:00,33,97,7873621,96.375,96.375,96.375,96.375,2,DX  FMU0025!
2025-07-01 03:56:00+00:00,33,97,7873621,96.385,96.385,96.38,96.38,13,DX  FMU0025!
2025-07-01 03:58:00+00:00,33,97,7873621,96.38,96.38,96.38,96.38,1,DX  FMU0025!
2025-07-01 04:00:00+00:00,33,97,7873621,96.375,96.375,96.375,96.375,3,DX  FMU0025!
2025-07-01 04:01:00+00:00,33,97,7873621,96.37,96.37,96.365,96.365,5,DX  FMU0025!
2025-07-01 04:02:00+00:00,33,97,7873621,96.37,96.37,96.37,96.37,1,DX  FMU0025!
2025-07-01 04:05:00+00:00,33,97,8024379,96.02,96.02,96.02,96.02,1,DX  FMZ0025!
2025-07-01 04:05:00+00:00,33,97,7873621,96.39,96.39,96.39,96.39,4,DX  FMU0025!
2025-07-01 04:07:00+00:00,33,97,7873621,96.385,96.385,96.38,96.38,10,DX  FMU0025!
2025-07-01 04:08:00+00:00,33,97,7873621,96.37,96.375,96.37,96.375,3,DX  FMU0025!
2025-07-01 04:09:00+00:00,33,97,7873621,96.375,96.375,96.375,96.375,1,DX  FMU0025!
2025-07-01 04:10:00+00:00,33,97,7873621,96.36,96.36,96.36,96.36,3,DX  FMU0025!
2025-07-01 04:11:00+00:00,33,97,7873621,96.35,96.35,96.345,96.345,2,DX  FMU0025!
2025-07-01 04:13:00+00:00,33,97,7873621,96.345,96.345,96.345,96.345,1,DX  FMU0025!
2025-07-01 04:15:00+00:00,33,97,7873621,96.345,96.345,96.345,96.345,1,DX  FMU0025!
2025-07-01 04:17:00+00:00,33,97,7873621,96.345,96.345,96.345,96.345,5,DX  FMU0025!
2025-07-01 04:18:00+00:00,33,97,7873621,96.335,96.335,96.335,96.335,4,DX  FMU0025!
2025-07-01 04:19:00+00:00,33,97,7873621,96.34,96.34,96.34,96.34,6,DX  FMU0025!
2025-07-01 04:20:00+00:00,33,97,7873621,96.34,96.34,96.34,96.34,2,DX  FMU0025!
2025-07-01 04:21:00+00:00,33,97,7873621,96.34,96.34,96.34,96.34,2,DX  FMU0025!
2025-07-01 04:22:00+00:00,33,97,7873621,96.335,96.335,96.33,96.33,3,DX  FMU0025!
2025-07-01 04:24:00+00:00,33,97,7873621,96.335,96.335,96.33,96.335,4,DX  FMU0025!
2025-07-01 04:25:00+00:00,33,97,7873621,96.33,96.33,96.33,96.33,5,DX  FMU0025!
2025-07-01 04:28:00+00:00,33,97,7873621,96.34,96.345,96.34,96.345,8,DX  FMU0025!
2025-07-01 04:31:00+00:00,33,97,7873621,96.36,96.36,96.36,96.36,2,DX  FMU0025!
2025-07-01 04:32:00+00:00,33,97,7873621,96.36,96.36,96.36,96.36,2,DX  FMU0025!
2025-07-01 04:39:00+00:00,33,97,7873621,96.36,96.375,96.36,96.375,47,DX  FMU0025!
2025-07-01 04:43:00+00:00,33,97,7873621,96.375,96.375,96.375,96.375,8,DX  FMU0025!
2025-07-01 04:44:00+00:00,33,97,7873621,96.375,96.385,96.375,96.385,5,DX  FMU0025!
2025-07-01 04:46:00+00:00,33,97,7873621,96.38,96.38,96.38,96.38,2,DX  FMU0025!
2025-07-01 04:47:00+00:00,33,97,7873621,96.375,96.375,96.375,96.375,2,DX  FMU0025!
2025-07-01 04:48:00+00:00,33,97,7873621,96.375,96.375,96.375,96.375,2,DX  FMU0025!
2025-07-01 04:49:00+00:00,33,97,7873621,96.375,96.375,96.375,96.375,2,DX  FMU0025!
2025-07-01 04:50:00+00:00,33,97,7873621,96.375,96.38,96.375,96.38,4,DX  FMU0025!
2025-07-01 04:51:00+00:00,33,97,7873621,96.385,96.385,96.385,96.385,4,DX  FMU0025!
2025-07-01 04:53:00+00:00,33,97,7873621,96.38,96.385,96.38,96.385,6,DX  FMU0025!
2025-07-01 04:54:00+00:00,33,97,7873621,96.39,96.39,96.39,96.39,7,DX  FMU0025!
2025-07-01 04:55:00+00:00,33,97,7873621,96.39,96.39,96.39,96.39,1,DX  FMU0025!
2025-07-01 04:56:00+00:00,33,97,7873621,96.395,96.395,96.395,96.395,3,DX  FMU0025!
2025-07-01 04:59:00+00:00,33,97,7873621,96.37,96.375,96.37,96.375,3,DX  FMU0025!
2025-07-01 05:00:00+00:00,33,97,7873621,96.37,96.37,96.37,96.37,4,DX  FMU0025!
2025-07-01 05:01:00+00:00,33,97,7873621,96.37,96.37,96.37,96.37,2,DX  FMU0025!
2025-07-01 05:02:00+00:00,33,97,7873621,96.365,96.365,96.365,96.365,8,DX  FMU0025!
2025-07-01 05:02:00+00:00,33,97,8024379,96.03,96.03,96.03,96.03,1,DX  FMZ0025!
2025-07-01 05:03:00+00:00,33,97,7873621,96.36,96.365,96.36,96.36,58,DX  FMU0025!
2025-07-01 05:04:00+00:00,33,97,7873621,96.365,96.365,96.365,96.365,4,DX  FMU0025!
2025-07-01 05:05:00+00:00,33,97,7873621,96.365,96.365,96.355,96.355,13,DX  FMU0025!
2025-07-01 05:07:00+00:00,33,97,7873621,96.365,96.365,96.365,96.365,5,DX  FMU0025!
2025-07-01 05:11:00+00:00,33,97,7873621,96.36,96.36,96.36,96.36,5,DX  FMU0025!
2025-07-01 05:12:00+00:00,33,97,7873621,96.355,96.355,96.355,96.355,10,DX  FMU0025!
2025-07-01 05:13:00+00:00,33,97,7873621,96.36,96.36,96.36,96.36,1,DX  FMU0025!
2025-07-01 05:14:00+00:00,33,97,7873621,96.36,96.36,96.36,96.36,19,DX  FMU0025!
2025-07-01 05:15:00+00:00,33,97,7873621,96.365,96.365,96.365,96.365,10,DX  FMU0025!
2025-07-01 05:16:00+00:00,33,97,7873621,96.365,96.365,96.365,96.365,1,DX  FMU0025!
2025-07-01 05:17:00+00:00,33,97,7873621,96.38,96.38,96.38,96.38,1,DX  FMU0025!
2025-07-01 05:18:00+00:00,33,97,7873621,96.38,96.38,96.38,96.38,4,DX  FMU0025!
2025-07-01 05:19:00+00:00,33,97,7873621,96.385,96.39,96.385,96.39,7,DX  FMU0025!
2025-07-01 05:21:00+00:00,33,97,7873621,96.38,96.38,96.375,96.375,4,DX  FMU0025!
2025-07-01 05:23:00+00:00,33,97,7873621,96.37,96.37,96.37,96.37,2,DX  FMU0025!
2025-07-01 05:26:00+00:00,33,97,7873621,96.355,96.355,96.355,96.355,5,DX  FMU0025!
2025-07-01 05:27:00+00:00,33,97,7873621,96.36,96.36,96.355,96.355,27,DX  FMU0025!
2025-07-01 05:28:00+00:00,33,97,7873621,96.345,96.345,96.345,96.345,1,DX  FMU0025!
2025-07-01 05:30:00+00:00,33,97,7873621,96.345,96.345,96.345,96.345,2,DX  FMU0025!
2025-07-01 05:34:00+00:00,33,97,7873621,96.35,96.35,96.35,96.35,1,DX  FMU0025!
2025-07-01 05:36:00+00:00,33,97,7873621,96.345,96.345,96.345,96.345,1,DX  FMU0025!
2025-07-01 05:37:00+00:00,33,97,7873621,96.335,96.34,96.335,96.335,23,DX  FMU0025!
2025-07-01 05:38:00+00:00,33,97,7873621,96.335,96.335,96.335,96.335,1,DX  FMU0025!
2025-07-01 05:39:00+00:00,33,97,7873621,96.335,96.35,96.335,96.35,6,DX  FMU0025!
2025-07-01 05:42:00+00:00,33,97,7873621,96.36,96.365,96.36,96.365,4,DX  FMU0025!
2025-07-01 05:44:00+00:00,33,97,7873621,96.36,96.36,96.36,96.36,3,DX  FMU0025!
2025-07-01 05:45:00+00:00,33,97,7873621,96.375,96.375,96.375,96.375,1,DX  FMU0025!
2025-07-01 05:47:00+00:00,33,97,7873621,96.37,96.37,96.37,96.37,24,DX  FMU0025!
2025-07-01 05:48:00+00:00,33,97,7873621,96.37,96.39,96.37,96.39,12,DX  FMU0025!
2025-07-01 05:49:00+00:00,33,97,7873621,96.39,96.39,96.39,96.39,5,DX  FMU0025!
2025-07-01 05:50:00+00:00,33,97,7873621,96.385,96.385,96.385,96.385,9,DX  FMU0025!
2025-07-01 05:51:00+00:00,33,97,7873621,96.395,96.395,96.395,96.395,1,DX  FMU0025!
2025-07-01 05:52:00+00:00,33,97,7873621,96.38,96.38,96.38,96.38,2,DX  FMU0025!
2025-07-01 05:53:00+00:00,33,97,7873621,96.38,96.38,96.38,96.38,2,DX  FMU0025!
2025-07-01 05:55:00+00:00,33,97,7873621,96.375,96.375,96.355,96.365,5,DX  FMU0025!
2025-07-01 05:56:00+00:00,33,97,7873621,96.365,96.365,96.35,96.35,2,DX  FMU0025!
2025-07-01 05:57:00+00:00,33,97,7873621,96.35,96.35,96.35,96.35,1,DX  FMU0025!
2025-07-01 05:58:00+00:00,33,97,7873621,96.35,96.35,96.345,96.345,4,DX  FMU0025!
2025-07-01 06:00:00+00:00,33,97,7873621,96.355,96.36,96.355,96.36,17,DX  FMU0025!
2025-07-01 06:01:00+00:00,33,97,7873621,96.37,96.37,96.37,96.37,2,DX  FMU0025!
2025-07-01 06:02:00+00:00,33,97,7873621,96.38,96.385,96.375,96.385,6,DX  FMU0025!
2025-07-01 06:03:00+00:00,33,97,7873621,96.39,96.39,96.39,96.39,2,DX  FMU0025!
2025-07-01 06:04:00+00:00,33,97,7873621,96.385,96.385,96.37,96.375,7,DX  FMU0025!
2025-07-01 06:05:00+00:00,33,97,7873621,96.385,96.385,96.385,96.385,1,DX  FMU0025!
2025-07-01 06:06:00+00:00,33,97,7873621,96.395,96.395,96.395,96.395,13,DX  FMU0025!
2025-07-01 06:07:00+00:00,33,97,7873621,96.38,96.385,96.38,96.385,3,DX  FMU0025!
2025-07-01 06:08:00+00:00,33,97,7873621,96.39,96.39,96.39,96.39,1,DX  FMU0025!
2025-07-01 06:10:00+00:00,33,97,7873621,96.4,96.405,96.395,96.395,7,DX  FMU0025!
2025-07-01 06:11:00+00:00,33,97,7873621,96.405,96.41,96.405,96.405,4,DX  FMU0025!
2025-07-01 06:12:00+00:00,33,97,7873621,96.405,96.41,96.405,96.41,15,DX  FMU0025!
2025-07-01 06:13:00+00:00,33,97,7873621,96.415,96.415,96.415,96.415,1,DX  FMU0025!
2025-07-01 06:14:00+00:00,33,97,7873621,96.405,96.405,96.395,96.4,9,DX  FMU0025!
2025-07-01 06:16:00+00:00,33,97,7873621,96.39,96.395,96.39,96.395,3,DX  FMU0025!
2025-07-01 06:17:00+00:00,33,97,7873621,96.395,96.395,96.395,96.395,1,DX  FMU0025!
2025-07-01 06:18:00+00:00,33,97,7873621,96.4,96.4,96.4,96.4,2,DX  FMU0025!
2025-07-01 06:20:00+00:00,33,97,7873621,96.405,96.405,96.4,96.4,5,DX  FMU0025!
2025-07-01 06:21:00+00:00,33,97,7873621,96.42,96.42,96.41,96.41,3,DX  FMU0025!
2025-07-01 06:22:00+00:00,33,97,7873621,96.42,96.42,96.415,96.42,48,DX  FMU0025!
2025-07-01 06:24:00+00:00,33,97,7873621,96.415,96.415,96.415,96.415,1,DX  FMU0025!
2025-07-01 06:25:00+00:00,33,97,7873621,96.41,96.41,96.4,96.4,4,DX  FMU0025!
2025-07-01 06:29:00+00:00,33,97,7873621,96.38,96.38,96.375,96.375,2,DX  FMU0025!
2025-07-01 06:30:00+00:00,33,97,7873621,96.38,96.38,96.38,96.38,3,DX  FMU0025!
2025-07-01 06:31:00+00:00,33,97,7873621,96.37,96.37,96.37,96.37,4,DX  FMU0025!
2025-07-01 06:33:00+00:00,33,97,7873621,96.385,96.385,96.385,96.385,1,DX  FMU0025!
2025-07-01 06:35:00+00:00,33,97,7873621,96.375,96.375,96.375,96.375,1,DX  FMU0025!
2025-07-01 06:36:00+00:00,33,97,7873621,96.38,96.38,96.38,96.38,1,DX  FMU0025!
2025-07-01 06:37:00+00:00,33,97,7873621,96.38,96.39,96.38,96.39,19,DX  FMU0025!
2025-07-01 06:39:00+00:00,33,97,7873621,96.385,96.385,96.385,96.385,1,DX  FMU0025!
2025-07-01 06:40:00+00:00,33,97,7873621,96.38,96.38,96.38,96.38,9,DX  FMU0025!
2025-07-01 06:42:00+00:00,33,97,7873621,96.37,96.37,96.37,96.37,2,DX  FMU0025!
2025-07-01 06:43:00+00:00,33,97,7873621,96.37,96.37,96.37,96.37,5,DX  FMU0025!
2025-07-01 06:44:00+00:00,33,97,7873621,96.37,96.37,96.37,96.37,1,DX  FMU0025!
2025-07-01 06:45:00+00:00,33,97,7873621,96.37,96.37,96.37,96.37,1,DX  FMU0025!
2025-07-01 06:47:00+00:00,33,97,7873621,96.375,96.375,96.375,96.375,6,DX  FMU0025!
2025-07-01 06:48:00+00:00,33,97,7873621,96.365,96.375,96.365,96.375,9,DX  FMU0025!
2025-07-01 06:49:00+00:00,33,97,7873621,96.38,96.385,96.365,96.37,86,DX  FMU0025!
2025-07-01 06:50:00+00:00,33,97,7873621,96.365,96.38,96.365,96.38,24,DX  FMU0025!
2025-07-01 06:51:00+00:00,33,97,7873621,96.385,96.385,96.365,96.365,17,DX  FMU0025!
2025-07-01 06:53:00+00:00,33,97,7873621,96.365,96.38,96.365,96.38,8,DX  FMU0025!
2025-07-01 06:54:00+00:00,33,97,7873621,96.38,96.38,96.38,96.38,3,DX  FMU0025!
2025-07-01 06:55:00+00:00,33,97,7873621,96.38,96.39,96.38,96.39,12,DX  FMU0025!
2025-07-01 06:56:00+00:00,33,97,7873621,96.4,96.4,96.4,96.4,7,DX  FMU0025!
2025-07-01 06:57:00+00:00,33,97,7873621,96.405,96.405,96.39,96.39,7,DX  FMU0025!
2025-07-01 06:58:00+00:00,33,97,7873621,96.395,96.395,96.395,96.395,7,DX  FMU0025!
2025-07-01 07:00:00+00:00,33,97,8024379,96.02,96.02,96.02,96.02,1,DX  FMZ0025!
2025-07-01 07:00:00+00:00,33,97,7873621,96.4,96.415,96.395,96.41,32,DX  FMU0025!
2025-07-01 07:01:00+00:00,33,97,7873621,96.41,96.42,96.41,96.42,40,DX  FMU0025!
2025-07-01 07:02:00+00:00,33,97,7873621,96.425,96.46,96.425,96.46,132,DX  FMU0025!
2025-07-01 07:03:00+00:00,33,97,7873621,96.465,96.47,96.45,96.46,78,DX  FMU0025!
2025-07-01 07:04:00+00:00,33,97,7873621,96.455,96.455,96.43,96.43,16,DX  FMU0025!
2025-07-01 07:05:00+00:00,33,97,7873621,96.425,96.425,96.41,96.415,12,DX  FMU0025!
2025-07-01 07:05:00+00:00,33,97,8024379,96.04,96.04,96.04,96.04,1,DX  FMZ0025!
2025-07-01 07:06:00+00:00,33,97,7873621,96.41,96.415,96.4,96.415,13,DX  FMU0025!
2025-07-01 07:07:00+00:00,33,97,7873621,96.42,96.42,96.4,96.4,10,DX  FMU0025!
2025-07-01 07:08:00+00:00,33,97,7873621,96.395,96.395,96.39,96.395,28,DX  FMU0025!
2025-07-01 07:09:00+00:00,33,97,7873621,96.385,96.4,96.385,96.385,11,DX  FMU0025!
2025-07-01 07:10:00+00:00,33,97,7873621,96.39,96.39,96.36,96.36,10,DX  FMU0025!
2025-07-01 07:11:00+00:00,33,97,7873621,96.35,96.35,96.34,96.34,7,DX  FMU0025!
2025-07-01 07:12:00+00:00,33,97,7873621,96.345,96.345,96.335,96.335,17,DX  FMU0025!
2025-07-01 07:13:00+00:00,33,97,7873621,96.335,96.345,96.335,96.345,13,DX  FMU0025!
2025-07-01 07:14:00+00:00,33,97,7873621,96.34,96.34,96.325,96.335,36,DX  FMU0025!
2025-07-01 07:15:00+00:00,33,97,7873621,96.33,96.345,96.325,96.33,45,DX  FMU0025!
2025-07-01 07:16:00+00:00,33,97,7873621,96.325,96.325,96.315,96.315,5,DX  FMU0025!
2025-07-01 07:17:00+00:00,33,97,7873621,96.315,96.32,96.31,96.31,8,DX  FMU0025!
2025-07-01 07:18:00+00:00,33,97,7873621,96.31,96.32,96.31,96.32,19,DX  FMU0025!
2025-07-01 07:19:00+00:00,33,97,7873621,96.315,96.315,96.305,96.305,4,DX  FMU0025!
2025-07-01 07:20:00+00:00,33,97,7873621,96.305,96.305,96.295,96.305,24,DX  FMU0025!
2025-07-01 07:21:00+00:00,33,97,7873621,96.305,96.315,96.305,96.315,15,DX  FMU0025!
2025-07-01 07:22:00+00:00,33,97,7873621,96.305,96.31,96.305,96.31,4,DX  FMU0025!
2025-07-01 07:23:00+00:00,33,97,7873621,96.31,96.315,96.31,96.315,9,DX  FMU0025!
2025-07-01 07:24:00+00:00,33,97,7873621,96.325,96.33,96.325,96.33,10,DX  FMU0025!
2025-07-01 07:25:00+00:00,33,97,7873621,96.335,96.335,96.315,96.315,26,DX  FMU0025!
2025-07-01 07:26:00+00:00,33,97,7873621,96.32,96.32,96.32,96.32,9,DX  FMU0025!
2025-07-01 07:27:00+00:00,33,97,7873621,96.315,96.315,96.31,96.315,5,DX  FMU0025!
2025-07-01 07:28:00+00:00,33,97,7873621,96.32,96.32,96.32,96.32,3,DX  FMU0025!
2025-07-01 07:29:00+00:00,33,97,7873621,96.325,96.325,96.325,96.325,2,DX  FMU0025!
2025-07-01 07:30:00+00:00,33,97,7873621,96.315,96.315,96.31,96.31,5,DX  FMU0025!
2025-07-01 07:31:00+00:00,33,97,7873621,96.315,96.33,96.315,96.315,23,DX  FMU0025!
2025-07-01 07:32:00+00:00,33,97,7873621,96.315,96.32,96.315,96.32,10,DX  FMU0025!
2025-07-01 07:33:00+00:00,33,97,7873621,96.325,96.325,96.32,96.32,10,DX  FMU0025!
2025-07-01 07:34:00+00:00,33,97,7873621,96.32,96.32,96.32,96.32,7,DX  FMU0025!
2025-07-01 07:35:00+00:00,33,97,7873621,96.33,96.33,96.325,96.325,17,DX  FMU0025!
2025-07-01 07:36:00+00:00,33,97,7873621,96.33,96.34,96.325,96.325,14,DX  FMU0025!
2025-07-01 07:37:00+00:00,33,97,7873621,96.32,96.325,96.32,96.325,16,DX  FMU0025!
2025-07-01 07:38:00+00:00,33,97,7873621,96.31,96.31,96.305,96.305,13,DX  FMU0025!
2025-07-01 07:39:00+00:00,33,97,7873621,96.3,96.31,96.3,96.31,12,DX  FMU0025!
2025-07-01 07:40:00+00:00,33,97,7873621,96.315,96.32,96.315,96.315,13,DX  FMU0025!
2025-07-01 07:41:00+00:00,33,97,7873621,96.315,96.32,96.31,96.31,6,DX  FMU0025!
2025-07-01 07:42:00+00:00,33,97,7873621,96.315,96.325,96.315,96.325,8,DX  FMU0025!
2025-07-01 07:43:00+00:00,33,97,7873621,96.32,96.325,96.32,96.325,9,DX  FMU0025!
2025-07-01 07:44:00+00:00,33,97,7873621,96.32,96.32,96.315,96.315,7,DX  FMU0025!
2025-07-01 07:45:00+00:00,33,97,7873621,96.315,96.33,96.315,96.33,12,DX  FMU0025!
2025-07-01 07:46:00+00:00,33,97,7873621,96.335,96.335,96.315,96.315,11,DX  FMU0025!
2025-07-01 07:47:00+00:00,33,97,7873621,96.32,96.32,96.315,96.315,16,DX  FMU0025!
2025-07-01 07:48:00+00:00,33,97,7873621,96.32,96.325,96.32,96.32,14,DX  FMU0025!
2025-07-01 07:49:00+00:00,33,97,7873621,96.315,96.33,96.315,96.325,24,DX  FMU0025!
2025-07-01 07:50:00+00:00,33,97,7873621,96.315,96.335,96.315,96.33,21,DX  FMU0025!
2025-07-01 07:51:00+00:00,33,97,7873621,96.33,96.33,96.32,96.32,4,DX  FMU0025!
2025-07-01 07:52:00+00:00,33,97,7873621,96.315,96.315,96.315,96.315,5,DX  FMU0025!
2025-07-01 07:53:00+00:00,33,97,7873621,96.305,96.31,96.295,96.3,15,DX  FMU0025!
2025-07-01 07:54:00+00:00,33,97,7873621,96.305,96.305,96.3,96.3,2,DX  FMU0025!
2025-07-01 07:55:00+00:00,33,97,7873621,96.295,96.295,96.295,96.295,4,DX  FMU0025!
2025-07-01 07:56:00+00:00,33,97,7873621,96.295,96.295,96.28,96.28,17,DX  FMU0025!
2025-07-01 07:57:00+00:00,33,97,7873621,96.28,96.285,96.28,96.285,9,DX  FMU0025!
2025-07-01 07:58:00+00:00,33,97,7873621,96.29,96.29,96.27,96.27,7,DX  FMU0025!
2025-07-01 07:59:00+00:00,33,97,7873621,96.27,96.27,96.265,96.265,9,DX  FMU0025!
2025-07-01 08:00:00+00:00,33,97,7873621,96.27,96.285,96.27,96.27,29,DX  FMU0025!
2025-07-01 08:01:00+00:00,33,97,7873621,96.295,96.3,96.295,96.3,4,DX  FMU0025!
2025-07-01 08:02:00+00:00,33,97,7873621,96.285,96.29,96.28,96.29,17,DX  FMU0025!
2025-07-01 08:03:00+00:00,33,97,7873621,96.29,96.29,96.285,96.285,5,DX  FMU0025!
2025-07-01 08:04:00+00:00,33,97,7873621,96.28,96.285,96.28,96.285,7,DX  FMU0025!
2025-07-01 08:05:00+00:00,33,97,7873621,96.285,96.295,96.285,96.295,5,DX  FMU0025!
2025-07-01 08:06:00+00:00,33,97,7873621,96.31,96.31,96.31,96.31,2,DX  FMU0025!
2025-07-01 08:07:00+00:00,33,97,7873621,96.29,96.29,96.285,96.285,14,DX  FMU0025!
2025-07-01 08:08:00+00:00,33,97,7873621,96.29,96.29,96.29,96.29,11,DX  FMU0025!
2025-07-01 08:09:00+00:00,33,97,7873621,96.28,96.285,96.28,96.285,11,DX  FMU0025!
2025-07-01 08:10:00+00:00,33,97,7873621,96.29,96.3,96.29,96.3,13,DX  FMU0025!
2025-07-01 08:11:00+00:00,33,97,7873621,96.3,96.33,96.295,96.33,30,DX  FMU0025!
2025-07-01 08:12:00+00:00,33,97,7873621,96.325,96.33,96.325,96.33,2,DX  FMU0025!
2025-07-01 08:13:00+00:00,33,97,7873621,96.335,96.335,96.325,96.325,14,DX  FMU0025!
2025-07-01 08:14:00+00:00,33,97,7873621,96.325,96.325,96.325,96.325,3,DX  FMU0025!
2025-07-01 08:15:00+00:00,33,97,7873621,96.325,96.325,96.325,96.325,4,DX  FMU0025!
2025-07-01 08:16:00+00:00,33,97,7873621,96.31,96.31,96.305,96.305,3,DX  FMU0025!
2025-07-01 08:17:00+00:00,33,97,7873621,96.305,96.305,96.3,96.3,2,DX  FMU0025!
2025-07-01 08:18:00+00:00,33,97,7873621,96.295,96.3,96.29,96.29,7,DX  FMU0025!
2025-07-01 08:19:00+00:00,33,97,7873621,96.3,96.3,96.29,96.29,3,DX  FMU0025!
2025-07-01 08:20:00+00:00,33,97,7873621,96.285,96.295,96.285,96.295,3,DX  FMU0025!
2025-07-01 08:21:00+00:00,33,97,7873621,96.305,96.305,96.295,96.3,5,DX  FMU0025!
2025-07-01 08:22:00+00:00,33,97,7873621,96.3,96.3,96.3,96.3,1,DX  FMU0025!
2025-07-01 08:23:00+00:00,33,97,7873621,96.29,96.29,96.27,96.27,22,DX  FMU0025!
2025-07-01 08:24:00+00:00,33,97,7873621,96.27,96.27,96.265,96.27,19,DX  FMU0025!
2025-07-01 08:25:00+00:00,33,97,7873621,96.27,96.275,96.27,96.27,16,DX  FMU0025!
2025-07-01 08:26:00+00:00,33,97,7873621,96.28,96.28,96.28,96.28,1,DX  FMU0025!
2025-07-01 08:27:00+00:00,33,97,7873621,96.275,96.275,96.265,96.27,5,DX  FMU0025!
2025-07-01 08:28:00+00:00,33,97,7873621,96.27,96.27,96.27,96.27,2,DX  FMU0025!
2025-07-01 08:29:00+00:00,33,97,7873621,96.27,96.27,96.26,96.26,8,DX  FMU0025!
2025-07-01 08:30:00+00:00,33,97,7873621,96.255,96.27,96.255,96.27,8,DX  FMU0025!
2025-07-01 08:31:00+00:00,33,97,7873621,96.275,96.28,96.275,96.28,12,DX  FMU0025!
2025-07-01 08:32:00+00:00,33,97,7873621,96.28,96.28,96.26,96.27,7,DX  FMU0025!
2025-07-01 08:33:00+00:00,33,97,7873621,96.26,96.26,96.215,96.215,41,DX  FMU0025!
2025-07-01 08:34:00+00:00,33,97,7873621,96.215,96.215,96.195,96.2,80,DX  FMU0025!
2025-07-01 08:35:00+00:00,33,97,7873621,96.22,96.235,96.22,96.235,12,DX  FMU0025!
2025-07-01 08:36:00+00:00,33,97,7873621,96.235,96.235,96.23,96.235,9,DX  FMU0025!
2025-07-01 08:37:00+00:00,33,97,7873621,96.23,96.23,96.215,96.215,24,DX  FMU0025!
2025-07-01 08:38:00+00:00,33,97,7873621,96.21,96.215,96.2,96.2,63,DX  FMU0025!
2025-07-01 08:39:00+00:00,33,97,7873621,96.195,96.2,96.19,96.2,17,DX  FMU0025!
2025-07-01 08:40:00+00:00,33,97,7873621,96.205,96.205,96.205,96.205,10,DX  FMU0025!
2025-07-01 08:41:00+00:00,33,97,7873621,96.205,96.215,96.205,96.215,12,DX  FMU0025!
2025-07-01 08:42:00+00:00,33,97,7873621,96.225,96.24,96.22,96.23,39,DX  FMU0025!
2025-07-01 08:43:00+00:00,33,97,7873621,96.23,96.23,96.23,96.23,7,DX  FMU0025!
2025-07-01 08:44:00+00:00,33,97,7873621,96.225,96.23,96.225,96.23,20,DX  FMU0025!
2025-07-01 08:45:00+00:00,33,97,7873621,96.225,96.23,96.215,96.215,152,DX  FMU0025!
2025-07-01 08:46:00+00:00,33,97,7873621,96.215,96.225,96.21,96.225,45,DX  FMU0025!
2025-07-01 08:47:00+00:00,33,97,7873621,96.225,96.23,96.215,96.215,41,DX  FMU0025!
2025-07-01 08:48:00+00:00,33,97,7873621,96.215,96.215,96.2,96.205,26,DX  FMU0025!
2025-07-01 08:49:00+00:00,33,97,7873621,96.21,96.21,96.205,96.21,11,DX  FMU0025!
2025-07-01 08:50:00+00:00,33,97,7873621,96.195,96.2,96.19,96.2,13,DX  FMU0025!
2025-07-01 08:51:00+00:00,33,97,7873621,96.2,96.205,96.2,96.205,8,DX  FMU0025!
2025-07-01 08:52:00+00:00,33,97,7873621,96.21,96.21,96.2,96.205,58,DX  FMU0025!
2025-07-01 08:53:00+00:00,33,97,7873621,96.2,96.2,96.145,96.15,128,DX  FMU0025!
2025-07-01 08:54:00+00:00,33,97,7873621,96.15,96.15,96.08,96.095,542,DX  FMU0025!
2025-07-01 08:55:00+00:00,33,97,7873621,96.09,96.11,96.075,96.095,201,DX  FMU0025!
2025-07-01 08:56:00+00:00,33,97,7873621,96.1,96.115,96.1,96.115,18,DX  FMU0025!
2025-07-01 08:57:00+00:00,33,97,7873621,96.125,96.135,96.125,96.13,23,DX  FMU0025!
2025-07-01 08:58:00+00:00,33,97,7873621,96.13,96.15,96.13,96.15,15,DX  FMU0025!
2025-07-01 08:59:00+00:00,33,97,7873621,96.15,96.165,96.145,96.16,156,DX  FMU0025!
2025-07-01 09:00:00+00:00,33,97,7873621,96.16,96.185,96.16,96.18,29,DX  FMU0025!
2025-07-01 09:01:00+00:00,33,97,7873621,96.18,96.185,96.18,96.185,28,DX  FMU0025!
2025-07-01 09:02:00+00:00,33,97,7873621,96.18,96.195,96.18,96.19,177,DX  FMU0025!
2025-07-01 09:03:00+00:00,33,97,7873621,96.185,96.2,96.185,96.19,16,DX  FMU0025!
2025-07-01 09:04:00+00:00,33,97,7873621,96.185,96.19,96.18,96.185,20,DX  FMU0025!
2025-07-01 09:05:00+00:00,33,97,7873621,96.18,96.18,96.17,96.17,5,DX  FMU0025!
2025-07-01 09:06:00+00:00,33,97,7873621,96.17,96.185,96.165,96.175,19,DX  FMU0025!
2025-07-01 09:07:00+00:00,33,97,7873621,96.18,96.2,96.18,96.2,25,DX  FMU0025!
2025-07-01 09:08:00+00:00,33,97,7873621,96.205,96.23,96.205,96.22,19,DX  FMU0025!
2025-07-01 09:09:00+00:00,33,97,7873621,96.21,96.215,96.2,96.2,13,DX  FMU0025!
2025-07-01 09:10:00+00:00,33,97,7873621,96.2,96.2,96.19,96.2,16,DX  FMU0025!
2025-07-01 09:11:00+00:00,33,97,7873621,96.205,96.21,96.205,96.21,10,DX  FMU0025!
2025-07-01 09:12:00+00:00,33,97,7873621,96.215,96.215,96.2,96.2,56,DX  FMU0025!
2025-07-01 09:13:00+00:00,33,97,7873621,96.2,96.2,96.195,96.195,13,DX  FMU0025!
2025-07-01 09:14:00+00:00,33,97,7873621,96.195,96.195,96.185,96.185,23,DX  FMU0025!
2025-07-01 09:15:00+00:00,33,97,7873621,96.18,96.18,96.155,96.165,24,DX  FMU0025!
2025-07-01 09:16:00+00:00,33,97,7873621,96.16,96.165,96.155,96.155,16,DX  FMU0025!
2025-07-01 09:17:00+00:00,33,97,7873621,96.15,96.15,96.135,96.135,35,DX  FMU0025!
2025-07-01 09:18:00+00:00,33,97,7873621,96.135,96.135,96.115,96.115,26,DX  FMU0025!
2025-07-01 09:19:00+00:00,33,97,7873621,96.11,96.11,96.09,96.11,36,DX  FMU0025!
2025-07-01 09:20:00+00:00,33,97,7873621,96.11,96.125,96.11,96.115,28,DX  FMU0025!
2025-07-01 09:21:00+00:00,33,97,7873621,96.115,96.115,96.105,96.11,38,DX  FMU0025!
2025-07-01 09:22:00+00:00,33,97,7873621,96.105,96.125,96.105,96.11,116,DX  FMU0025!
2025-07-01 09:23:00+00:00,33,97,7873621,96.1,96.11,96.1,96.11,8,DX  FMU0025!
2025-07-01 09:24:00+00:00,33,97,7873621,96.125,96.125,96.1,96.1,271,DX  FMU0025!
2025-07-01 09:25:00+00:00,33,97,7873621,96.1,96.11,96.09,96.09,21,DX  FMU0025!
2025-07-01 09:26:00+00:00,33,97,7873621,96.09,96.1,96.08,96.1,24,DX  FMU0025!
2025-07-01 09:27:00+00:00,33,97,7873621,96.085,96.09,96.085,96.09,6,DX  FMU0025!
2025-07-01 09:28:00+00:00,33,97,7873621,96.105,96.105,96.095,96.095,24,DX  FMU0025!
2025-07-01 09:29:00+00:00,33,97,7873621,96.095,96.105,96.095,96.1,19,DX  FMU0025!
2025-07-01 09:30:00+00:00,33,97,7873621,96.08,96.08,96.05,96.055,184,DX  FMU0025!
2025-07-01 09:31:00+00:00,33,97,7873621,96.05,96.06,96.04,96.045,37,DX  FMU0025!
2025-07-01 09:32:00+00:00,33,97,7873621,96.045,96.05,96.035,96.035,17,DX  FMU0025!
2025-07-01 09:33:00+00:00,33,97,7873621,96.035,96.045,96.03,96.04,26,DX  FMU0025!
2025-07-01 09:34:00+00:00,33,97,7873621,96.035,96.035,96.0,96.02,145,DX  FMU0025!
2025-07-01 09:35:00+00:00,33,97,7873621,96.025,96.04,96.025,96.04,27,DX  FMU0025!
2025-07-01 09:36:00+00:00,33,97,7873621,96.03,96.045,96.015,96.045,17,DX  FMU0025!
2025-07-01 09:37:00+00:00,33,97,7873621,96.025,96.03,96.025,96.03,5,DX  FMU0025!
2025-07-01 09:38:00+00:00,33,97,7873621,96.025,96.035,96.025,96.035,9,DX  FMU0025!
2025-07-01 09:39:00+00:00,33,97,7873621,96.035,96.035,96.03,96.03,14,DX  FMU0025!
2025-07-01 09:40:00+00:00,33,97,7873621,96.03,96.035,96.015,96.035,45,DX  FMU0025!
2025-07-01 09:41:00+00:00,33,97,7873621,96.04,96.06,96.04,96.06,17,DX  FMU0025!
2025-07-01 09:42:00+00:00,33,97,7873621,96.045,96.05,96.045,96.05,9,DX  FMU0025!
2025-07-01 09:43:00+00:00,33,97,7873621,96.05,96.055,96.05,96.055,33,DX  FMU0025!
2025-07-01 09:44:00+00:00,33,97,7873621,96.06,96.06,96.055,96.055,10,DX  FMU0025!
2025-07-01 09:45:00+00:00,33,97,7873621,96.055,96.055,96.035,96.035,9,DX  FMU0025!
2025-07-01 09:46:00+00:00,33,97,7873621,96.035,96.04,96.035,96.04,11,DX  FMU0025!
2025-07-01 09:47:00+00:00,33,97,7873621,96.03,96.045,96.03,96.045,17,DX  FMU0025!
2025-07-01 09:48:00+00:00,33,97,7873621,96.055,96.055,96.05,96.055,30,DX  FMU0025!
2025-07-01 09:49:00+00:00,33,97,7873621,96.06,96.06,96.055,96.055,33,DX  FMU0025!
2025-07-01 09:50:00+00:00,33,97,7873621,96.065,96.065,96.05,96.065,30,DX  FMU0025!
2025-07-01 09:51:00+00:00,33,97,7873621,96.065,96.065,96.05,96.05,29,DX  FMU0025!
2025-07-01 09:52:00+00:00,33,97,7873621,96.055,96.07,96.055,96.065,66,DX  FMU0025!
2025-07-01 09:53:00+00:00,33,97,7873621,96.065,96.075,96.06,96.065,14,DX  FMU0025!
2025-07-01 09:54:00+00:00,33,97,7873621,96.06,96.075,96.06,96.075,19,DX  FMU0025!
2025-07-01 09:55:00+00:00,33,97,7873621,96.08,96.09,96.08,96.09,21,DX  FMU0025!
2025-07-01 09:56:00+00:00,33,97,7873621,96.09,96.095,96.085,96.095,51,DX  FMU0025!
2025-07-01 09:57:00+00:00,33,97,7873621,96.095,96.1,96.09,96.09,53,DX  FMU0025!
2025-07-01 09:58:00+00:00,33,97,7873621,96.085,96.085,96.08,96.085,18,DX  FMU0025!
2025-07-01 09:59:00+00:00,33,97,7873621,96.095,96.1,96.095,96.095,16,DX  FMU0025!
2025-07-01 10:00:00+00:00,33,97,7873621,96.095,96.1,96.08,96.08,76,DX  FMU0025!
2025-07-01 10:01:00+00:00,33,97,7873621,96.085,96.085,96.085,96.085,3,DX  FMU0025!
2025-07-01 10:02:00+00:00,33,97,7873621,96.09,96.1,96.09,96.095,6,DX  FMU0025!
2025-07-01 10:03:00+00:00,33,97,7873621,96.095,96.095,96.09,96.09,2,DX  FMU0025!
2025-07-01 10:04:00+00:00,33,97,7873621,96.075,96.075,96.065,96.065,34,DX  FMU0025!
2025-07-01 10:05:00+00:00,33,97,7873621,96.065,96.07,96.065,96.07,5,DX  FMU0025!
2025-07-01 10:07:00+00:00,33,97,7873621,96.07,96.07,96.07,96.07,10,DX  FMU0025!
2025-07-01 10:08:00+00:00,33,97,7873621,96.075,96.08,96.075,96.08,24,DX  FMU0025!
2025-07-01 10:09:00+00:00,33,97,7873621,96.07,96.07,96.045,96.045,8,DX  FMU0025!
2025-07-01 10:10:00+00:00,33,97,7873621,96.05,96.055,96.05,96.055,6,DX  FMU0025!
2025-07-01 10:11:00+00:00,33,97,7873621,96.055,96.055,96.05,96.05,3,DX  FMU0025!
2025-07-01 10:12:00+00:00,33,97,7873621,96.05,96.05,96.035,96.035,2,DX  FMU0025!
2025-07-01 10:13:00+00:00,33,97,7873621,96.03,96.035,96.03,96.035,2,DX  FMU0025!
2025-07-01 10:14:00+00:00,33,97,7873621,96.025,96.04,96.025,96.04,7,DX  FMU0025!
2025-07-01 10:15:00+00:00,33,97,7873621,96.035,96.04,96.035,96.04,2,DX  FMU0025!
2025-07-01 10:16:00+00:00,33,97,7873621,96.045,96.045,96.04,96.04,5,DX  FMU0025!
2025-07-01 10:17:00+00:00,33,97,7873621,96.05,96.055,96.05,96.055,10,DX  FMU0025!
2025-07-01 10:18:00+00:00,33,97,7873621,96.055,96.07,96.055,96.07,3,DX  FMU0025!
2025-07-01 10:19:00+00:00,33,97,7873621,96.075,96.085,96.075,96.08,23,DX  FMU0025!
2025-07-01 10:20:00+00:00,33,97,7873621,96.08,96.085,96.08,96.085,19,DX  FMU0025!
2025-07-01 10:21:00+00:00,33,97,7873621,96.085,96.085,96.085,96.085,3,DX  FMU0025!
2025-07-01 10:22:00+00:00,33,97,7873621,96.085,96.1,96.085,96.095,19,DX  FMU0025!
2025-07-01 10:23:00+00:00,33,97,7873621,96.1,96.1,96.1,96.1,4,DX  FMU0025!
2025-07-01 10:24:00+00:00,33,97,7873621,96.1,96.105,96.1,96.105,21,DX  FMU0025!
2025-07-01 10:25:00+00:00,33,97,7873621,96.105,96.11,96.105,96.11,6,DX  FMU0025!
2025-07-01 10:26:00+00:00,33,97,7873621,96.105,96.11,96.1,96.11,31,DX  FMU0025!
2025-07-01 10:27:00+00:00,33,97,7873621,96.11,96.11,96.105,96.105,9,DX  FMU0025!
2025-07-01 10:28:00+00:00,33,97,7873621,96.105,96.105,96.1,96.105,7,DX  FMU0025!
2025-07-01 10:32:00+00:00,33,97,7873621,96.09,96.09,96.08,96.08,6,DX  FMU0025!
2025-07-01 10:33:00+00:00,33,97,7873621,96.08,96.08,96.065,96.065,7,DX  FMU0025!
2025-07-01 10:34:00+00:00,33,97,7873621,96.07,96.085,96.07,96.085,3,DX  FMU0025!
2025-07-01 10:35:00+00:00,33,97,7873621,96.085,96.085,96.07,96.07,33,DX  FMU0025!
2025-07-01 10:36:00+00:00,33,97,7873621,96.07,96.07,96.07,96.07,2,DX  FMU0025!
2025-07-01 10:37:00+00:00,33,97,7873621,96.075,96.085,96.075,96.085,28,DX  FMU0025!
2025-07-01 10:38:00+00:00,33,97,7873621,96.09,96.1,96.09,96.1,4,DX  FMU0025!
2025-07-01 10:39:00+00:00,33,97,7873621,96.105,96.115,96.105,96.115,19,DX  FMU0025!
2025-07-01 10:40:00+00:00,33,97,7873621,96.115,96.12,96.11,96.115,23,DX  FMU0025!
2025-07-01 10:41:00+00:00,33,97,7873621,96.115,96.115,96.115,96.115,13,DX  FMU0025!
2025-07-01 10:42:00+00:00,33,97,7873621,96.12,96.12,96.105,96.105,4,DX  FMU0025!
2025-07-01 10:43:00+00:00,33,97,7873621,96.095,96.095,96.095,96.095,1,DX  FMU0025!
2025-07-01 10:44:00+00:00,33,97,7873621,96.09,96.09,96.085,96.085,9,DX  FMU0025!
2025-07-01 10:45:00+00:00,33,97,7873621,96.09,96.095,96.09,96.09,13,DX  FMU0025!
2025-07-01 10:47:00+00:00,33,97,7873621,96.08,96.08,96.06,96.06,4,DX  FMU0025!
2025-07-01 10:49:00+00:00,33,97,7873621,96.065,96.07,96.065,96.07,3,DX  FMU0025!
2025-07-01 10:50:00+00:00,33,97,7873621,96.07,96.07,96.07,96.07,3,DX  FMU0025!
2025-07-01 10:51:00+00:00,33,97,7873621,96.065,96.065,96.065,96.065,2,DX  FMU0025!
2025-07-01 10:52:00+00:00,33,97,7873621,96.07,96.075,96.07,96.075,3,DX  FMU0025!
2025-07-01 10:52:00+00:00,33,97,8024379,95.735,95.735,95.735,95.735,1,DX  FMZ0025!
2025-07-01 10:53:00+00:00,33,97,8024379,95.7,95.7,95.7,95.7,2,DX  FMZ0025!
2025-07-01 10:53:00+00:00,33,97,7873621,96.075,96.075,96.075,96.075,3,DX  FMU0025!
2025-07-01 10:54:00+00:00,33,97,7873621,96.075,96.075,96.075,96.075,4,DX  FMU0025!
2025-07-01 10:55:00+00:00,33,97,7873621,96.08,96.09,96.08,96.09,4,DX  FMU0025!
2025-07-01 10:57:00+00:00,33,97,7873621,96.085,96.095,96.085,96.095,17,DX  FMU0025!
2025-07-01 10:58:00+00:00,33,97,8024379,95.77,95.77,95.72,95.72,3,DX  FMZ0025!
2025-07-01 10:58:00+00:00,33,97,7873621,96.105,96.105,96.1,96.105,7,DX  FMU0025!
2025-07-01 10:59:00+00:00,33,97,7873621,96.115,96.115,96.115,96.115,2,DX  FMU0025!
2025-07-01 11:00:00+00:00,33,97,8024379,95.78,95.78,95.78,95.78,1,DX  FMZ0025!
2025-07-01 11:00:00+00:00,33,97,7873621,96.125,96.13,96.125,96.13,6,DX  FMU0025!
2025-07-01 11:02:00+00:00,33,97,7873621,96.135,96.135,96.13,96.13,3,DX  FMU0025!
2025-07-01 11:03:00+00:00,33,97,7873621,96.125,96.125,96.11,96.115,8,DX  FMU0025!
2025-07-01 11:04:00+00:00,33,97,7873621,96.11,96.11,96.11,96.11,1,DX  FMU0025!
2025-07-01 11:05:00+00:00,33,97,7873621,96.11,96.11,96.105,96.105,2,DX  FMU0025!
2025-07-01 11:06:00+00:00,33,97,7873621,96.105,96.11,96.105,96.11,3,DX  FMU0025!
2025-07-01 11:07:00+00:00,33,97,7873621,96.105,96.105,96.105,96.105,1,DX  FMU0025!
2025-07-01 11:09:00+00:00,33,97,7873621,96.105,96.12,96.105,96.105,69,DX  FMU0025!
2025-07-01 11:10:00+00:00,33,97,7873621,96.115,96.12,96.115,96.115,49,DX  FMU0025!
2025-07-01 11:11:00+00:00,33,97,7873621,96.12,96.12,96.115,96.115,19,DX  FMU0025!
2025-07-01 11:12:00+00:00,33,97,7873621,96.115,96.12,96.115,96.12,3,DX  FMU0025!
2025-07-01 11:13:00+00:00,33,97,7873621,96.125,96.135,96.125,96.135,4,DX  FMU0025!
2025-07-01 11:14:00+00:00,33,97,7873621,96.13,96.13,96.125,96.125,4,DX  FMU0025!
2025-07-01 11:15:00+00:00,33,97,7873621,96.13,96.135,96.13,96.135,9,DX  FMU0025!
2025-07-01 11:16:00+00:00,33,97,7873621,96.145,96.145,96.145,96.145,1,DX  FMU0025!
2025-07-01 11:19:00+00:00,33,97,7873621,96.13,96.13,96.13,96.13,5,DX  FMU0025!
2025-07-01 11:20:00+00:00,33,97,7873621,96.135,96.14,96.135,96.14,4,DX  FMU0025!
2025-07-01 11:21:00+00:00,33,97,7873621,96.14,96.15,96.14,96.15,5,DX  FMU0025!
2025-07-01 11:22:00+00:00,33,97,7873621,96.15,96.15,96.145,96.15,5,DX  FMU0025!
2025-07-01 11:23:00+00:00,33,97,7873621,96.15,96.15,96.145,96.15,6,DX  FMU0025!
2025-07-01 11:25:00+00:00,33,97,7873621,96.15,96.15,96.145,96.145,7,DX  FMU0025!
2025-07-01 11:26:00+00:00,33,97,7873621,96.145,96.145,96.145,96.145,1,DX  FMU0025!
2025-07-01 11:27:00+00:00,33,97,7873621,96.15,96.15,96.15,96.15,1,DX  FMU0025!
2025-07-01 11:28:00+00:00,33,97,7873621,96.155,96.16,96.155,96.16,9,DX  FMU0025!
2025-07-01 11:29:00+00:00,33,97,7873621,96.15,96.15,96.145,96.145,46,DX  FMU0025!
2025-07-01 11:30:00+00:00,33,97,7873621,96.135,96.14,96.135,96.14,5,DX  FMU0025!
2025-07-01 11:31:00+00:00,33,97,7873621,96.14,96.14,96.14,96.14,3,DX  FMU0025!
2025-07-01 11:33:00+00:00,33,97,7873621,96.145,96.145,96.14,96.14,2,DX  FMU0025!
2025-07-01 11:34:00+00:00,33,97,7873621,96.14,96.14,96.14,96.14,2,DX  FMU0025!
2025-07-01 11:35:00+00:00,33,97,7873621,96.14,96.15,96.14,96.14,9,DX  FMU0025!
2025-07-01 11:36:00+00:00,33,97,7873621,96.155,96.155,96.15,96.15,31,DX  FMU0025!
2025-07-01 11:38:00+00:00,33,97,7873621,96.145,96.145,96.145,96.145,7,DX  FMU0025!
2025-07-01 11:39:00+00:00,33,97,7873621,96.15,96.15,96.15,96.15,8,DX  FMU0025!
2025-07-01 11:40:00+00:00,33,97,7873621,96.135,96.135,96.115,96.115,22,DX  FMU0025!
2025-07-01 11:41:00+00:00,33,97,7873621,96.11,96.115,96.105,96.11,25,DX  FMU0025!
2025-07-01 11:42:00+00:00,33,97,7873621,96.105,96.105,96.095,96.1,30,DX  FMU0025!
2025-07-01 11:43:00+00:00,33,97,7873621,96.1,96.105,96.09,96.09,23,DX  FMU0025!
2025-07-01 11:44:00+00:00,33,97,7873621,96.085,96.095,96.085,96.09,5,DX  FMU0025!
2025-07-01 11:45:00+00:00,33,97,7873621,96.09,96.09,96.08,96.08,4,DX  FMU0025!
2025-07-01 11:46:00+00:00,33,97,7873621,96.085,96.085,96.08,96.08,13,DX  FMU0025!
2025-07-01 11:47:00+00:00,33,97,7873621,96.075,96.095,96.075,96.095,28,DX  FMU0025!
2025-07-01 11:48:00+00:00,33,97,7873621,96.1,96.11,96.1,96.105,9,DX  FMU0025!
2025-07-01 11:49:00+00:00,33,97,7873621,96.1,96.11,96.1,96.11,6,DX  FMU0025!
2025-07-01 11:49:00+00:00,33,97,8024379,95.75,95.75,95.75,95.75,1,DX  FMZ0025!
2025-07-01 11:50:00+00:00,33,97,7873621,96.11,96.11,96.09,96.09,24,DX  FMU0025!
2025-07-01 11:51:00+00:00,33,97,7873621,96.09,96.105,96.09,96.1,10,DX  FMU0025!
2025-07-01 11:52:00+00:00,33,97,7873621,96.1,96.11,96.095,96.11,10,DX  FMU0025!
2025-07-01 11:53:00+00:00,33,97,7873621,96.105,96.115,96.105,96.105,13,DX  FMU0025!
2025-07-01 11:54:00+00:00,33,97,7873621,96.105,96.105,96.105,96.105,2,DX  FMU0025!
2025-07-01 11:55:00+00:00,33,97,8024379,95.75,95.75,95.75,95.75,1,DX  FMZ0025!
2025-07-01 11:55:00+00:00,33,97,7873621,96.1,96.12,96.1,96.12,5,DX  FMU0025!
2025-07-01 11:56:00+00:00,33,97,7873621,96.12,96.12,96.12,96.12,2,DX  FMU0025!
2025-07-01 11:57:00+00:00,33,97,7873621,96.105,96.105,96.085,96.095,17,DX  FMU0025!
2025-07-01 11:58:00+00:00,33,97,7873621,96.095,96.105,96.095,96.105,7,DX  FMU0025!
2025-07-01 11:59:00+00:00,33,97,7873621,96.105,96.105,96.105,96.105,1,DX  FMU0025!
2025-07-01 12:00:00+00:00,33,97,7873621,96.11,96.115,96.1,96.11,112,DX  FMU0025!
2025-07-01 12:00:00+00:00,33,97,8024379,95.75,95.75,95.75,95.75,8,DX  FMZ0025!
2025-07-01 12:01:00+00:00,33,97,7873621,96.105,96.105,96.105,96.105,2,DX  FMU0025!
2025-07-01 12:02:00+00:00,33,97,7873621,96.11,96.11,96.095,96.095,7,DX  FMU0025!
2025-07-01 12:03:00+00:00,33,97,7873621,96.105,96.12,96.1,96.12,19,DX  FMU0025!
2025-07-01 12:05:00+00:00,33,97,7873621,96.095,96.095,96.09,96.09,19,DX  FMU0025!
2025-07-01 12:07:00+00:00,33,97,7873621,96.105,96.115,96.105,96.115,10,DX  FMU0025!
2025-07-01 12:08:00+00:00,33,97,7873621,96.13,96.13,96.12,96.12,5,DX  FMU0025!
2025-07-01 12:09:00+00:00,33,97,7873621,96.135,96.145,96.13,96.145,19,DX  FMU0025!
2025-07-01 12:10:00+00:00,33,97,7873621,96.145,96.16,96.145,96.15,9,DX  FMU0025!
2025-07-01 12:11:00+00:00,33,97,7873621,96.17,96.175,96.17,96.175,20,DX  FMU0025!
2025-07-01 12:12:00+00:00,33,97,7873621,96.17,96.18,96.17,96.18,15,DX  FMU0025!
2025-07-01 12:13:00+00:00,33,97,7873621,96.165,96.165,96.165,96.165,5,DX  FMU0025!
2025-07-01 12:14:00+00:00,33,97,7873621,96.165,96.165,96.15,96.15,3,DX  FMU0025!
2025-07-01 12:15:00+00:00,33,97,7873621,96.155,96.155,96.15,96.15,2,DX  FMU0025!
2025-07-01 12:16:00+00:00,33,97,7873621,96.145,96.145,96.135,96.135,3,DX  FMU0025!
2025-07-01 12:17:00+00:00,33,97,7873621,96.14,96.14,96.14,96.14,3,DX  FMU0025!
2025-07-01 12:18:00+00:00,33,97,7873621,96.14,96.145,96.14,96.145,12,DX  FMU0025!
2025-07-01 12:19:00+00:00,33,97,7873621,96.15,96.15,96.15,96.15,8,DX  FMU0025!
2025-07-01 12:20:00+00:00,33,97,7873621,96.135,96.145,96.135,96.145,19,DX  FMU0025!
2025-07-01 12:21:00+00:00,33,97,7873621,96.15,96.165,96.15,96.165,7,DX  FMU0025!
2025-07-01 12:22:00+00:00,33,97,7873621,96.155,96.165,96.155,96.155,6,DX  FMU0025!
2025-07-01 12:23:00+00:00,33,97,7873621,96.155,96.165,96.155,96.165,4,DX  FMU0025!
2025-07-01 12:24:00+00:00,33,97,7873621,96.155,96.155,96.145,96.145,9,DX  FMU0025!
2025-07-01 12:25:00+00:00,33,97,7873621,96.145,96.165,96.145,96.165,11,DX  FMU0025!
2025-07-01 12:26:00+00:00,33,97,7873621,96.17,96.185,96.17,96.185,10,DX  FMU0025!
2025-07-01 12:27:00+00:00,33,97,7873621,96.185,96.19,96.18,96.185,22,DX  FMU0025!
2025-07-01 12:28:00+00:00,33,97,7873621,96.185,96.185,96.18,96.185,26,DX  FMU0025!
2025-07-01 12:29:00+00:00,33,97,7873621,96.185,96.185,96.185,96.185,7,DX  FMU0025!
2025-07-01 12:30:00+00:00,33,97,7873621,96.185,96.2,96.185,96.2,25,DX  FMU0025!
2025-07-01 12:31:00+00:00,33,97,7873621,96.19,96.19,96.18,96.18,12,DX  FMU0025!
2025-07-01 12:32:00+00:00,33,97,7873621,96.18,96.195,96.18,96.185,27,DX  FMU0025!
2025-07-01 12:33:00+00:00,33,97,7873621,96.19,96.2,96.19,96.195,34,DX  FMU0025!
2025-07-01 12:34:00+00:00,33,97,7873621,96.19,96.19,96.185,96.185,7,DX  FMU0025!
2025-07-01 12:35:00+00:00,33,97,7873621,96.19,96.19,96.19,96.19,5,DX  FMU0025!
2025-07-01 12:36:00+00:00,33,97,7873621,96.19,96.195,96.185,96.19,14,DX  FMU0025!
2025-07-01 12:37:00+00:00,33,97,7873621,96.19,96.195,96.18,96.195,14,DX  FMU0025!
2025-07-01 12:38:00+00:00,33,97,7873621,96.195,96.195,96.195,96.195,3,DX  FMU0025!
2025-07-01 12:39:00+00:00,33,97,7873621,96.195,96.195,96.19,96.19,6,DX  FMU0025!
2025-07-01 12:40:00+00:00,33,97,7873621,96.19,96.19,96.19,96.19,3,DX  FMU0025!
2025-07-01 12:41:00+00:00,33,97,7873621,96.185,96.19,96.185,96.19,6,DX  FMU0025!
2025-07-01 12:42:00+00:00,33,97,7873621,96.185,96.21,96.185,96.21,12,DX  FMU0025!
2025-07-01 12:43:00+00:00,33,97,7873621,96.215,96.215,96.215,96.215,4,DX  FMU0025!
2025-07-01 12:44:00+00:00,33,97,7873621,96.225,96.225,96.22,96.22,8,DX  FMU0025!
2025-07-01 12:44:00+00:00,33,97,8024379,95.85,95.85,95.85,95.85,1,DX  FMZ0025!
2025-07-01 12:45:00+00:00,33,97,7873621,96.22,96.225,96.22,96.22,14,DX  FMU0025!
2025-07-01 12:46:00+00:00,33,97,7873621,96.23,96.23,96.215,96.215,24,DX  FMU0025!
2025-07-01 12:47:00+00:00,33,97,7873621,96.215,96.215,96.205,96.205,11,DX  FMU0025!
2025-07-01 12:48:00+00:00,33,97,7873621,96.21,96.22,96.21,96.22,6,DX  FMU0025!
2025-07-01 12:49:00+00:00,33,97,7873621,96.225,96.225,96.21,96.21,7,DX  FMU0025!
2025-07-01 12:50:00+00:00,33,97,7873621,96.205,96.21,96.2,96.2,11,DX  FMU0025!
2025-07-01 12:51:00+00:00,33,97,7873621,96.215,96.215,96.215,96.215,4,DX  FMU0025!
2025-07-01 12:52:00+00:00,33,97,7873621,96.21,96.21,96.21,96.21,1,DX  FMU0025!
2025-07-01 12:53:00+00:00,33,97,7873621,96.21,96.215,96.21,96.215,2,DX  FMU0025!
2025-07-01 12:54:00+00:00,33,97,7873621,96.215,96.225,96.21,96.215,7,DX  FMU0025!
2025-07-01 12:55:00+00:00,33,97,7873621,96.22,96.23,96.22,96.23,5,DX  FMU0025!
2025-07-01 12:56:00+00:00,33,97,7873621,96.23,96.235,96.23,96.235,4,DX  FMU0025!
2025-07-01 12:57:00+00:00,33,97,7873621,96.24,96.24,96.24,96.24,22,DX  FMU0025!
2025-07-01 12:58:00+00:00,33,97,7873621,96.24,96.24,96.235,96.235,21,DX  FMU0025!
2025-07-01 12:59:00+00:00,33,97,7873621,96.235,96.235,96.235,96.235,13,DX  FMU0025!
2025-07-01 13:00:00+00:00,33,97,7873621,96.23,96.245,96.225,96.235,58,DX  FMU0025!
2025-07-01 13:01:00+00:00,33,97,7873621,96.24,96.245,96.235,96.235,10,DX  FMU0025!
2025-07-01 13:02:00+00:00,33,97,7873621,96.245,96.25,96.245,96.245,28,DX  FMU0025!
2025-07-01 13:03:00+00:00,33,97,7873621,96.245,96.25,96.24,96.24,41,DX  FMU0025!
2025-07-01 13:04:00+00:00,33,97,7873621,96.24,96.24,96.225,96.235,75,DX  FMU0025!
2025-07-01 13:05:00+00:00,33,97,7873621,96.235,96.24,96.23,96.24,8,DX  FMU0025!
2025-07-01 13:06:00+00:00,33,97,7873621,96.24,96.24,96.24,96.24,5,DX  FMU0025!
2025-07-01 13:07:00+00:00,33,97,7873621,96.235,96.24,96.23,96.23,14,DX  FMU0025!
2025-07-01 13:08:00+00:00,33,97,7873621,96.23,96.23,96.23,96.23,6,DX  FMU0025!
2025-07-01 13:09:00+00:00,33,97,7873621,96.225,96.245,96.225,96.245,13,DX  FMU0025!
2025-07-01 13:10:00+00:00,33,97,7873621,96.245,96.245,96.22,96.225,8,DX  FMU0025!
2025-07-01 13:11:00+00:00,33,97,7873621,96.225,96.235,96.22,96.23,20,DX  FMU0025!
2025-07-01 13:12:00+00:00,33,97,7873621,96.225,96.245,96.225,96.245,6,DX  FMU0025!
2025-07-01 13:13:00+00:00,33,97,7873621,96.255,96.26,96.245,96.245,10,DX  FMU0025!
2025-07-01 13:14:00+00:00,33,97,7873621,96.26,96.265,96.26,96.26,65,DX  FMU0025!
2025-07-01 13:15:00+00:00,33,97,7873621,96.26,96.265,96.255,96.265,51,DX  FMU0025!
2025-07-01 13:16:00+00:00,33,97,7873621,96.265,96.265,96.265,96.265,19,DX  FMU0025!
2025-07-01 13:17:00+00:00,33,97,7873621,96.26,96.26,96.255,96.255,19,DX  FMU0025!
2025-07-01 13:18:00+00:00,33,97,7873621,96.25,96.255,96.245,96.25,10,DX  FMU0025!
2025-07-01 13:19:00+00:00,33,97,7873621,96.245,96.255,96.245,96.255,6,DX  FMU0025!
2025-07-01 13:20:00+00:00,33,97,7873621,96.255,96.255,96.255,96.255,8,DX  FMU0025!
2025-07-01 13:21:00+00:00,33,97,7873621,96.265,96.275,96.26,96.27,50,DX  FMU0025!
2025-07-01 13:22:00+00:00,33,97,7873621,96.265,96.265,96.255,96.26,35,DX  FMU0025!
2025-07-01 13:23:00+00:00,33,97,7873621,96.265,96.265,96.265,96.265,2,DX  FMU0025!
2025-07-01 13:24:00+00:00,33,97,7873621,96.27,96.3,96.27,96.3,92,DX  FMU0025!
2025-07-01 13:25:00+00:00,33,97,7873621,96.295,96.295,96.29,96.29,27,DX  FMU0025!
2025-07-01 13:26:00+00:00,33,97,7873621,96.295,96.305,96.295,96.305,12,DX  FMU0025!
2025-07-01 13:27:00+00:00,33,97,7873621,96.31,96.31,96.295,96.295,5,DX  FMU0025!
2025-07-01 13:28:00+00:00,33,97,7873621,96.295,96.295,96.29,96.29,58,DX  FMU0025!
2025-07-01 13:29:00+00:00,33,97,7873621,96.29,96.29,96.285,96.29,21,DX  FMU0025!
2025-07-01 13:30:00+00:00,33,97,7873621,96.29,96.305,96.285,96.305,45,DX  FMU0025!
2025-07-01 13:31:00+00:00,33,97,7873621,96.305,96.315,96.3,96.3,60,DX  FMU0025!
2025-07-01 13:32:00+00:00,33,97,7873621,96.3,96.305,96.3,96.3,27,DX  FMU0025!
2025-07-01 13:33:00+00:00,33,97,7873621,96.3,96.3,96.295,96.295,18,DX  FMU0025!
2025-07-01 13:34:00+00:00,33,97,7873621,96.3,96.31,96.3,96.305,48,DX  FMU0025!
2025-07-01 13:35:00+00:00,33,97,7873621,96.31,96.31,96.3,96.3,11,DX  FMU0025!
2025-07-01 13:36:00+00:00,33,97,7873621,96.305,96.305,96.275,96.28,32,DX  FMU0025!
2025-07-01 13:37:00+00:00,33,97,7873621,96.285,96.29,96.25,96.25,59,DX  FMU0025!
2025-07-01 13:38:00+00:00,33,97,7873621,96.25,96.25,96.235,96.235,101,DX  FMU0025!
2025-07-01 13:39:00+00:00,33,97,7873621,96.23,96.24,96.225,96.235,43,DX  FMU0025!
2025-07-01 13:40:00+00:00,33,97,7873621,96.23,96.24,96.22,96.22,40,DX  FMU0025!
2025-07-01 13:41:00+00:00,33,97,7873621,96.23,96.255,96.23,96.25,54,DX  FMU0025!
2025-07-01 13:42:00+00:00,33,97,7873621,96.245,96.275,96.24,96.275,34,DX  FMU0025!
2025-07-01 13:43:00+00:00,33,97,7873621,96.28,96.28,96.27,96.28,29,DX  FMU0025!
2025-07-01 13:44:00+00:00,33,97,7873621,96.275,96.275,96.265,96.265,7,DX  FMU0025!
2025-07-01 13:45:00+00:00,33,97,7873621,96.28,96.315,96.28,96.31,70,DX  FMU0025!
2025-07-01 13:46:00+00:00,33,97,7873621,96.315,96.335,96.31,96.31,56,DX  FMU0025!
2025-07-01 13:47:00+00:00,33,97,7873621,96.315,96.32,96.305,96.305,36,DX  FMU0025!
2025-07-01 13:48:00+00:00,33,97,7873621,96.3,96.315,96.25,96.265,76,DX  FMU0025!
2025-07-01 13:49:00+00:00,33,97,7873621,96.27,96.27,96.185,96.205,206,DX  FMU0025!
2025-07-01 13:50:00+00:00,33,97,7873621,96.21,96.255,96.21,96.23,43,DX  FMU0025!
2025-07-01 13:51:00+00:00,33,97,7873621,96.235,96.235,96.205,96.21,60,DX  FMU0025!
2025-07-01 13:52:00+00:00,33,97,7873621,96.21,96.235,96.21,96.225,11,DX  FMU0025!
2025-07-01 13:53:00+00:00,33,97,7873621,96.235,96.255,96.235,96.24,32,DX  FMU0025!
2025-07-01 13:54:00+00:00,33,97,7873621,96.245,96.29,96.245,96.28,33,DX  FMU0025!
2025-07-01 13:55:00+00:00,33,97,7873621,96.285,96.285,96.26,96.275,13,DX  FMU0025!
2025-07-01 13:56:00+00:00,33,97,7873621,96.26,96.26,96.255,96.255,5,DX  FMU0025!
2025-07-01 13:57:00+00:00,33,97,7873621,96.255,96.265,96.255,96.265,3,DX  FMU0025!
2025-07-01 13:58:00+00:00,33,97,7873621,96.26,96.26,96.255,96.255,5,DX  FMU0025!
2025-07-01 13:59:00+00:00,33,97,7873621,96.245,96.26,96.245,96.26,8,DX  FMU0025!
2025-07-01 14:00:00+00:00,33,97,8024379,95.965,95.97,95.965,95.965,6,DX  FMZ0025!
2025-07-01 14:00:00+00:00,33,97,7873621,96.265,96.4,96.265,96.345,158,DX  FMU0025!
2025-07-01 14:01:00+00:00,33,97,7873621,96.35,96.375,96.345,96.375,48,DX  FMU0025!
2025-07-01 14:02:00+00:00,33,97,7873621,96.375,96.395,96.35,96.395,29,DX  FMU0025!
2025-07-01 14:03:00+00:00,33,97,7873621,96.395,96.41,96.37,96.37,34,DX  FMU0025!
2025-07-01 14:04:00+00:00,33,97,7873621,96.375,96.4,96.37,96.37,29,DX  FMU0025!
2025-07-01 14:05:00+00:00,33,97,7873621,96.365,96.375,96.34,96.34,32,DX  FMU0025!
2025-07-01 14:06:00+00:00,33,97,7873621,96.33,96.345,96.32,96.325,17,DX  FMU0025!
2025-07-01 14:07:00+00:00,33,97,7873621,96.325,96.335,96.325,96.33,15,DX  FMU0025!
2025-07-01 14:08:00+00:00,33,97,7873621,96.335,96.365,96.325,96.365,55,DX  FMU0025!
2025-07-01 14:09:00+00:00,33,97,7873621,96.38,96.415,96.375,96.405,62,DX  FMU0025!
2025-07-01 14:10:00+00:00,33,97,7873621,96.405,96.41,96.38,96.38,11,DX  FMU0025!
2025-07-01 14:11:00+00:00,33,97,7873621,96.395,96.4,96.395,96.4,4,DX  FMU0025!
2025-07-01 14:12:00+00:00,33,97,7873621,96.4,96.415,96.4,96.415,14,DX  FMU0025!
2025-07-01 14:13:00+00:00,33,97,7873621,96.41,96.41,96.365,96.365,31,DX  FMU0025!
2025-07-01 14:14:00+00:00,33,97,7873621,96.36,96.365,96.36,96.365,15,DX  FMU0025!
2025-07-01 14:15:00+00:00,33,97,7873621,96.345,96.365,96.34,96.36,39,DX  FMU0025!
2025-07-01 14:16:00+00:00,33,97,7873621,96.35,96.355,96.345,96.355,6,DX  FMU0025!
2025-07-01 14:17:00+00:00,33,97,7873621,96.355,96.36,96.34,96.35,20,DX  FMU0025!
2025-07-01 14:18:00+00:00,33,97,7873621,96.355,96.365,96.345,96.365,19,DX  FMU0025!
2025-07-01 14:19:00+00:00,33,97,7873621,96.37,96.385,96.36,96.36,14,DX  FMU0025!
2025-07-01 14:20:00+00:00,33,97,7873621,96.355,96.355,96.345,96.345,13,DX  FMU0025!
2025-07-01 14:21:00+00:00,33,97,7873621,96.345,96.35,96.33,96.345,34,DX  FMU0025!
2025-07-01 14:22:00+00:00,33,97,7873621,96.335,96.335,96.325,96.33,15,DX  FMU0025!
2025-07-01 14:23:00+00:00,33,97,7873621,96.33,96.34,96.32,96.33,24,DX  FMU0025!
2025-07-01 14:24:00+00:00,33,97,7873621,96.33,96.335,96.32,96.33,16,DX  FMU0025!
2025-07-01 14:25:00+00:00,33,97,7873621,96.32,96.32,96.305,96.305,7,DX  FMU0025!
2025-07-01 14:26:00+00:00,33,97,7873621,96.305,96.305,96.29,96.29,95,DX  FMU0025!
2025-07-01 14:27:00+00:00,33,97,7873621,96.295,96.31,96.295,96.305,106,DX  FMU0025!
2025-07-01 14:28:00+00:00,33,97,7873621,96.315,96.33,96.315,96.33,10,DX  FMU0025!
2025-07-01 14:29:00+00:00,33,97,7873621,96.34,96.35,96.34,96.345,86,DX  FMU0025!
2025-07-01 14:30:00+00:00,33,97,7873621,96.35,96.35,96.34,96.34,5,DX  FMU0025!
2025-07-01 14:31:00+00:00,33,97,7873621,96.325,96.34,96.325,96.34,9,DX  FMU0025!
2025-07-01 14:32:00+00:00,33,97,7873621,96.335,96.335,96.315,96.32,23,DX  FMU0025!
2025-07-01 14:33:00+00:00,33,97,7873621,96.34,96.34,96.34,96.34,3,DX  FMU0025!
2025-07-01 14:34:00+00:00,33,97,7873621,96.335,96.34,96.33,96.33,11,DX  FMU0025!
2025-07-01 14:35:00+00:00,33,97,7873621,96.345,96.37,96.34,96.36,20,DX  FMU0025!
2025-07-01 14:36:00+00:00,33,97,7873621,96.365,96.405,96.365,96.405,40,DX  FMU0025!
2025-07-01 14:37:00+00:00,33,97,7873621,96.405,96.41,96.395,96.405,29,DX  FMU0025!
2025-07-01 14:38:00+00:00,33,97,7873621,96.405,96.42,96.405,96.41,15,DX  FMU0025!
2025-07-01 14:39:00+00:00,33,97,7873621,96.415,96.415,96.41,96.41,34,DX  FMU0025!
2025-07-01 14:40:00+00:00,33,97,7873621,96.41,96.425,96.41,96.425,21,DX  FMU0025!
2025-07-01 14:41:00+00:00,33,97,7873621,96.425,96.45,96.425,96.44,99,DX  FMU0025!
2025-07-01 14:42:00+00:00,33,97,7873621,96.445,96.465,96.445,96.46,28,DX  FMU0025!
2025-07-01 14:43:00+00:00,33,97,7873621,96.455,96.455,96.43,96.43,28,DX  FMU0025!
2025-07-01 14:44:00+00:00,33,97,7873621,96.42,96.42,96.4,96.405,30,DX  FMU0025!
2025-07-01 14:45:00+00:00,33,97,7873621,96.405,96.41,96.4,96.405,14,DX  FMU0025!
2025-07-01 14:46:00+00:00,33,97,7873621,96.39,96.405,96.39,96.405,11,DX  FMU0025!
2025-07-01 14:47:00+00:00,33,97,7873621,96.395,96.405,96.395,96.405,7,DX  FMU0025!
2025-07-01 14:48:00+00:00,33,97,7873621,96.41,96.44,96.41,96.44,15,DX  FMU0025!
2025-07-01 14:49:00+00:00,33,97,7873621,96.445,96.445,96.42,96.43,30,DX  FMU0025!
2025-07-01 14:50:00+00:00,33,97,7873621,96.425,96.43,96.39,96.43,74,DX  FMU0025!
2025-07-01 14:51:00+00:00,33,97,7873621,96.43,96.44,96.425,96.425,41,DX  FMU0025!
2025-07-01 14:52:00+00:00,33,97,7873621,96.435,96.45,96.415,96.415,19,DX  FMU0025!
2025-07-01 14:53:00+00:00,33,97,7873621,96.41,96.455,96.41,96.455,44,DX  FMU0025!
2025-07-01 14:54:00+00:00,33,97,7873621,96.46,96.46,96.415,96.415,20,DX  FMU0025!
2025-07-01 14:55:00+00:00,33,97,7873621,96.41,96.455,96.405,96.45,34,DX  FMU0025!
2025-07-01 14:56:00+00:00,33,97,7873621,96.445,96.45,96.435,96.435,17,DX  FMU0025!
2025-07-01 14:57:00+00:00,33,97,7873621,96.44,96.47,96.44,96.47,50,DX  FMU0025!
2025-07-01 14:58:00+00:00,33,97,7873621,96.465,96.465,96.45,96.46,67,DX  FMU0025!
2025-07-01 14:59:00+00:00,33,97,7873621,96.455,96.455,96.435,96.445,24,DX  FMU0025!
2025-07-01 15:00:00+00:00,33,97,7873621,96.45,96.465,96.45,96.46,22,DX  FMU0025!
2025-07-01 15:01:00+00:00,33,97,7873621,96.45,96.47,96.45,96.465,12,DX  FMU0025!
2025-07-01 15:02:00+00:00,33,97,8024379,96.085,96.085,96.085,96.085,1,DX  FMZ0025!
2025-07-01 15:02:00+00:00,33,97,7873621,96.46,96.49,96.46,96.485,81,DX  FMU0025!
2025-07-01 15:03:00+00:00,33,97,7873621,96.495,96.5,96.48,96.5,36,DX  FMU0025!
2025-07-01 15:04:00+00:00,33,97,7873621,96.5,96.505,96.49,96.495,59,DX  FMU0025!
2025-07-01 15:05:00+00:00,33,97,7873621,96.495,96.495,96.48,96.495,119,DX  FMU0025!
2025-07-01 15:06:00+00:00,33,97,7873621,96.485,96.485,96.47,96.47,15,DX  FMU0025!
2025-07-01 15:07:00+00:00,33,97,7873621,96.49,96.49,96.48,96.485,45,DX  FMU0025!
2025-07-01 15:08:00+00:00,33,97,7873621,96.485,96.49,96.48,96.48,21,DX  FMU0025!
2025-07-01 15:09:00+00:00,33,97,7873621,96.485,96.49,96.48,96.49,31,DX  FMU0025!
2025-07-01 15:10:00+00:00,33,97,7873621,96.49,96.495,96.48,96.495,10,DX  FMU0025!
2025-07-01 15:11:00+00:00,33,97,8024379,96.125,96.125,96.125,96.125,1,DX  FMZ0025!
2025-07-01 15:11:00+00:00,33,97,7873621,96.505,96.515,96.505,96.505,55,DX  FMU0025!
2025-07-01 15:12:00+00:00,33,97,7873621,96.5,96.5,96.485,96.485,7,DX  FMU0025!
2025-07-01 15:13:00+00:00,33,97,7873621,96.5,96.505,96.5,96.505,5,DX  FMU0025!
2025-07-01 15:14:00+00:00,33,97,7873621,96.5,96.51,96.5,96.5,30,DX  FMU0025!
2025-07-01 15:15:00+00:00,33,97,7873621,96.5,96.5,96.5,96.5,1,DX  FMU0025!
2025-07-01 15:16:00+00:00,33,97,7873621,96.51,96.525,96.51,96.52,28,DX  FMU0025!
2025-07-01 15:17:00+00:00,33,97,7873621,96.515,96.515,96.49,96.49,15,DX  FMU0025!
2025-07-01 15:18:00+00:00,33,97,7873621,96.49,96.49,96.475,96.475,11,DX  FMU0025!
2025-07-01 15:19:00+00:00,33,97,7873621,96.46,96.465,96.46,96.465,13,DX  FMU0025!
2025-07-01 15:20:00+00:00,33,97,7873621,96.475,96.475,96.475,96.475,3,DX  FMU0025!
2025-07-01 15:21:00+00:00,33,97,7873621,96.48,96.48,96.48,96.48,3,DX  FMU0025!
2025-07-01 15:22:00+00:00,33,97,7873621,96.485,96.51,96.485,96.51,5,DX  FMU0025!
2025-07-01 15:23:00+00:00,33,97,7873621,96.505,96.515,96.505,96.515,6,DX  FMU0025!
2025-07-01 15:25:00+00:00,33,97,7873621,96.505,96.51,96.505,96.51,3,DX  FMU0025!
2025-07-01 15:26:00+00:00,33,97,7873621,96.51,96.51,96.5,96.505,41,DX  FMU0025!
2025-07-01 15:27:00+00:00,33,97,7873621,96.51,96.52,96.51,96.52,6,DX  FMU0025!
2025-07-01 15:28:00+00:00,33,97,7873621,96.52,96.535,96.52,96.52,31,DX  FMU0025!
2025-07-01 15:29:00+00:00,33,97,7873621,96.515,96.515,96.515,96.515,4,DX  FMU0025!
2025-07-01 15:30:00+00:00,33,97,7873621,96.52,96.54,96.52,96.54,46,DX  FMU0025!
2025-07-01 15:31:00+00:00,33,97,7873621,96.525,96.525,96.51,96.51,11,DX  FMU0025!
2025-07-01 15:32:00+00:00,33,97,7873621,96.51,96.51,96.5,96.505,32,DX  FMU0025!
2025-07-01 15:32:00+00:00,33,97,8024379,96.15,96.15,96.15,96.15,1,DX  FMZ0025!
2025-07-01 15:33:00+00:00,33,97,7873621,96.505,96.51,96.49,96.49,10,DX  FMU0025!
2025-07-01 15:34:00+00:00,33,97,7873621,96.485,96.495,96.485,96.485,8,DX  FMU0025!
2025-07-01 15:35:00+00:00,33,97,7873621,96.485,96.485,96.48,96.48,7,DX  FMU0025!
2025-07-01 15:36:00+00:00,33,97,7873621,96.475,96.475,96.465,96.475,20,DX  FMU0025!
2025-07-01 15:37:00+00:00,33,97,7873621,96.47,96.48,96.47,96.48,11,DX  FMU0025!
2025-07-01 15:38:00+00:00,33,97,7873621,96.49,96.52,96.49,96.515,9,DX  FMU0025!
2025-07-01 15:39:00+00:00,33,97,7873621,96.515,96.515,96.515,96.515,1,DX  FMU0025!
2025-07-01 15:40:00+00:00,33,97,7873621,96.52,96.525,96.52,96.52,13,DX  FMU0025!
2025-07-01 15:41:00+00:00,33,97,7873621,96.525,96.53,96.525,96.53,28,DX  FMU0025!
2025-07-01 15:42:00+00:00,33,97,7873621,96.525,96.525,96.5,96.5,70,DX  FMU0025!
2025-07-01 15:42:00+00:00,33,97,8024379,96.16,96.16,96.16,96.16,1,DX  FMZ0025!
2025-07-01 15:43:00+00:00,33,97,7873621,96.51,96.51,96.5,96.51,16,DX  FMU0025!
2025-07-01 15:44:00+00:00,33,97,7873621,96.505,96.525,96.5,96.525,17,DX  FMU0025!
2025-07-01 15:45:00+00:00,33,97,7873621,96.515,96.515,96.51,96.51,21,DX  FMU0025!
2025-07-01 15:46:00+00:00,33,97,7873621,96.505,96.51,96.505,96.51,21,DX  FMU0025!
2025-07-01 15:47:00+00:00,33,97,7873621,96.51,96.515,96.505,96.515,28,DX  FMU0025!
2025-07-01 15:48:00+00:00,33,97,7873621,96.51,96.515,96.51,96.51,11,DX  FMU0025!
2025-07-01 15:49:00+00:00,33,97,7873621,96.51,96.515,96.505,96.505,15,DX  FMU0025!
2025-07-01 15:50:00+00:00,33,97,7873621,96.5,96.505,96.5,96.5,24,DX  FMU0025!
2025-07-01 15:51:00+00:00,33,97,7873621,96.505,96.51,96.495,96.495,9,DX  FMU0025!
2025-07-01 15:52:00+00:00,33,97,7873621,96.495,96.505,96.495,96.505,5,DX  FMU0025!
2025-07-01 15:53:00+00:00,33,97,7873621,96.505,96.505,96.5,96.5,10,DX  FMU0025!
2025-07-01 15:54:00+00:00,33,97,7873621,96.49,96.49,96.48,96.485,91,DX  FMU0025!
2025-07-01 15:55:00+00:00,33,97,7873621,96.485,96.52,96.485,96.52,17,DX  FMU0025!
2025-07-01 15:56:00+00:00,33,97,7873621,96.515,96.515,96.5,96.505,10,DX  FMU0025!
2025-07-01 15:57:00+00:00,33,97,7873621,96.495,96.495,96.495,96.495,1,DX  FMU0025!
2025-07-01 15:58:00+00:00,33,97,7873621,96.49,96.49,96.485,96.49,7,DX  FMU0025!
2025-07-01 15:59:00+00:00,33,97,7873621,96.495,96.495,96.485,96.485,4,DX  FMU0025!
2025-07-01 16:00:00+00:00,33,97,7873621,96.48,96.495,96.48,96.495,9,DX  FMU0025!
2025-07-01 16:01:00+00:00,33,97,7873621,96.49,96.505,96.49,96.505,4,DX  FMU0025!
2025-07-01 16:02:00+00:00,33,97,7873621,96.51,96.52,96.51,96.52,42,DX  FMU0025!
2025-07-01 16:03:00+00:00,33,97,8024379,96.18,96.18,96.18,96.18,1,DX  FMZ0025!
2025-07-01 16:03:00+00:00,33,97,7873621,96.525,96.55,96.525,96.545,28,DX  FMU0025!
2025-07-01 16:04:00+00:00,33,97,7873621,96.545,96.565,96.545,96.56,14,DX  FMU0025!
2025-07-01 16:04:00+00:00,33,97,8024379,96.195,96.195,96.195,96.195,1,DX  FMZ0025!
2025-07-01 16:05:00+00:00,33,97,7873621,96.55,96.565,96.55,96.565,21,DX  FMU0025!
2025-07-01 16:06:00+00:00,33,97,7873621,96.545,96.555,96.545,96.555,31,DX  FMU0025!
2025-07-01 16:07:00+00:00,33,97,7873621,96.555,96.555,96.555,96.555,4,DX  FMU0025!
2025-07-01 16:08:00+00:00,33,97,7873621,96.55,96.55,96.545,96.55,6,DX  FMU0025!
2025-07-01 16:09:00+00:00,33,97,7873621,96.54,96.545,96.525,96.545,10,DX  FMU0025!
2025-07-01 16:10:00+00:00,33,97,7873621,96.545,96.55,96.545,96.55,3,DX  FMU0025!
2025-07-01 16:11:00+00:00,33,97,7873621,96.55,96.55,96.535,96.535,7,DX  FMU0025!
2025-07-01 16:12:00+00:00,33,97,7873621,96.52,96.52,96.52,96.52,1,DX  FMU0025!
2025-07-01 16:13:00+00:00,33,97,7873621,96.515,96.515,96.515,96.515,2,DX  FMU0025!
2025-07-01 16:15:00+00:00,33,97,8024379,96.18,96.18,96.14,96.14,2,DX  FMZ0025!
2025-07-01 16:15:00+00:00,33,97,7873621,96.52,96.525,96.52,96.525,2,DX  FMU0025!
2025-07-01 16:16:00+00:00,33,97,7873621,96.52,96.52,96.52,96.52,2,DX  FMU0025!
2025-07-01 16:17:00+00:00,33,97,7873621,96.525,96.535,96.525,96.535,10,DX  FMU0025!
2025-07-01 16:18:00+00:00,33,97,7873621,96.54,96.55,96.54,96.55,8,DX  FMU0025!
2025-07-01 16:19:00+00:00,33,97,8024382,-0.355,-0.355,-0.355,-0.355,1,DX  FMZ0025-DX  FMU0025
2025-07-01 16:19:00+00:00,33,97,7873621,96.55,96.55,96.55,96.55,2,DX  FMU0025!
2025-07-01 16:19:00+00:00,33,97,8024379,,,,,1,DX  FMZ0025!
2025-07-01 16:20:00+00:00,33,97,7873621,96.56,96.565,96.56,96.565,7,DX  FMU0025!
2025-07-01 16:21:00+00:00,33,97,7873621,96.565,96.565,96.555,96.56,9,DX  FMU0025!
2025-07-01 16:22:00+00:00,33,97,7873621,96.56,96.56,96.56,96.56,2,DX  FMU0025!
2025-07-01 16:23:00+00:00,33,97,7873621,96.55,96.555,96.55,96.555,10,DX  FMU0025!
2025-07-01 16:24:00+00:00,33,97,7873621,96.56,96.56,96.555,96.555,26,DX  FMU0025!
2025-07-01 16:25:00+00:00,33,97,7873621,96.565,96.575,96.555,96.555,46,DX  FMU0025!
2025-07-01 16:26:00+00:00,33,97,7873621,96.555,96.555,96.55,96.555,15,DX  FMU0025!
2025-07-01 16:27:00+00:00,33,97,7873621,96.555,96.58,96.555,96.575,19,DX  FMU0025!
2025-07-01 16:28:00+00:00,33,97,7873621,96.575,96.575,96.575,96.575,9,DX  FMU0025!
2025-07-01 16:29:00+00:00,33,97,7873621,96.57,96.575,96.565,96.565,24,DX  FMU0025!
2025-07-01 16:30:00+00:00,33,97,7873621,96.565,96.565,96.55,96.55,33,DX  FMU0025!
2025-07-01 16:31:00+00:00,33,97,7873621,96.55,96.55,96.54,96.54,4,DX  FMU0025!
2025-07-01 16:32:00+00:00,33,97,7873621,96.53,96.53,96.53,96.53,21,DX  FMU0025!
2025-07-01 16:33:00+00:00,33,97,7873621,96.54,96.54,96.53,96.53,16,DX  FMU0025!
2025-07-01 16:34:00+00:00,33,97,7873621,96.53,96.535,96.53,96.535,94,DX  FMU0025!
2025-07-01 16:35:00+00:00,33,97,7873621,96.535,96.545,96.535,96.545,6,DX  FMU0025!
2025-07-01 16:36:00+00:00,33,97,7873621,96.54,96.54,96.535,96.535,9,DX  FMU0025!
2025-07-01 16:37:00+00:00,33,97,7873621,96.535,96.54,96.535,96.54,2,DX  FMU0025!
2025-07-01 16:38:00+00:00,33,97,7873621,96.545,96.545,96.545,96.545,19,DX  FMU0025!
2025-07-01 16:39:00+00:00,33,97,7873621,96.545,96.55,96.545,96.55,30,DX  FMU0025!
2025-07-01 16:40:00+00:00,33,97,7873621,96.55,96.55,96.55,96.55,1,DX  FMU0025!
2025-07-01 16:41:00+00:00,33,97,7873621,96.55,96.56,96.545,96.56,113,DX  FMU0025!
2025-07-01 16:42:00+00:00,33,97,7873621,96.555,96.555,96.55,96.555,35,DX  FMU0025!
2025-07-01 16:43:00+00:00,33,97,7873621,96.55,96.56,96.545,96.56,26,DX  FMU0025!
2025-07-01 16:44:00+00:00,33,97,7873621,96.555,96.555,96.555,96.555,1,DX  FMU0025!
2025-07-01 16:45:00+00:00,33,97,7873621,96.56,96.57,96.56,96.57,30,DX  FMU0025!
2025-07-01 16:46:00+00:00,33,97,7873621,96.57,96.57,96.57,96.57,2,DX  FMU0025!
2025-07-01 16:47:00+00:00,33,97,7873621,96.565,96.57,96.565,96.57,3,DX  FMU0025!
2025-07-01 16:48:00+00:00,33,97,7873621,96.565,96.565,96.55,96.555,13,DX  FMU0025!
2025-07-01 16:49:00+00:00,33,97,7873621,96.555,96.555,96.55,96.55,4,DX  FMU0025!
2025-07-01 16:50:00+00:00,33,97,7873621,96.56,96.56,96.56,96.56,2,DX  FMU0025!
2025-07-01 16:51:00+00:00,33,97,7873621,96.57,96.57,96.57,96.57,7,DX  FMU0025!
2025-07-01 16:52:00+00:00,33,97,7873621,96.57,96.57,96.57,96.57,7,DX  FMU0025!
2025-07-01 16:53:00+00:00,33,97,7873621,96.57,96.57,96.555,96.555,9,DX  FMU0025!
2025-07-01 16:54:00+00:00,33,97,7873621,96.555,96.555,96.55,96.555,10,DX  FMU0025!
2025-07-01 16:55:00+00:00,33,97,7873621,96.55,96.55,96.55,96.55,10,DX  FMU0025!
2025-07-01 16:55:00+00:00,33,97,8024379,96.17,96.17,96.17,96.17,1,DX  FMZ0025!
2025-07-01 16:56:00+00:00,33,97,7873621,96.55,96.565,96.545,96.565,26,DX  FMU0025!
2025-07-01 16:57:00+00:00,33,97,7873621,96.565,96.57,96.565,96.57,15,DX  FMU0025!
2025-07-01 16:58:00+00:00,33,97,7873621,96.565,96.57,96.565,96.57,37,DX  FMU0025!
2025-07-01 16:59:00+00:00,33,97,7873621,96.565,96.565,96.55,96.55,12,DX  FMU0025!
2025-07-01 17:00:00+00:00,33,97,7873621,96.545,96.545,96.525,96.53,20,DX  FMU0025!
2025-07-01 17:01:00+00:00,33,97,7873621,96.53,96.545,96.53,96.545,27,DX  FMU0025!
2025-07-01 17:02:00+00:00,33,97,7873621,96.55,96.555,96.55,96.55,13,DX  FMU0025!
2025-07-01 17:03:00+00:00,33,97,7873621,96.55,96.55,96.54,96.54,5,DX  FMU0025!
2025-07-01 17:04:00+00:00,33,97,7873621,96.54,96.555,96.54,96.545,84,DX  FMU0025!
2025-07-01 17:05:00+00:00,33,97,7873621,96.535,96.535,96.515,96.515,16,DX  FMU0025!
2025-07-01 17:06:00+00:00,33,97,7873621,96.515,96.52,96.515,96.52,2,DX  FMU0025!
2025-07-01 17:07:00+00:00,33,97,7873621,96.515,96.515,96.515,96.515,8,DX  FMU0025!
2025-07-01 17:08:00+00:00,33,97,7873621,96.515,96.52,96.515,96.52,7,DX  FMU0025!
2025-07-01 17:09:00+00:00,33,97,7873621,96.52,96.52,96.515,96.52,8,DX  FMU0025!
2025-07-01 17:10:00+00:00,33,97,7873621,96.525,96.53,96.525,96.53,4,DX  FMU0025!
2025-07-01 17:11:00+00:00,33,97,7873621,96.53,96.53,96.52,96.52,11,DX  FMU0025!
2025-07-01 17:12:00+00:00,33,97,7873621,96.515,96.515,96.51,96.51,8,DX  FMU0025!
2025-07-01 17:13:00+00:00,33,97,7873621,96.515,96.525,96.51,96.51,55,DX  FMU0025!
2025-07-01 17:14:00+00:00,33,97,7873621,96.51,96.51,96.51,96.51,12,DX  FMU0025!
2025-07-01 17:15:00+00:00,33,97,7873621,96.515,96.52,96.505,96.52,17,DX  FMU0025!
2025-07-01 17:16:00+00:00,33,97,7873621,96.525,96.535,96.525,96.525,20,DX  FMU0025!
2025-07-01 17:17:00+00:00,33,97,7873621,96.505,96.505,96.495,96.495,18,DX  FMU0025!
2025-07-01 17:18:00+00:00,33,97,7873621,96.49,96.495,96.485,96.49,28,DX  FMU0025!
2025-07-01 17:19:00+00:00,33,97,7873621,96.495,96.495,96.485,96.485,18,DX  FMU0025!
2025-07-01 17:20:00+00:00,33,97,7873621,96.49,96.49,96.475,96.48,33,DX  FMU0025!
2025-07-01 17:21:00+00:00,33,97,7873621,96.48,96.485,96.48,96.48,18,DX  FMU0025!
2025-07-01 17:22:00+00:00,33,97,7873621,96.475,96.475,96.46,96.465,22,DX  FMU0025!
2025-07-01 17:23:00+00:00,33,97,7873621,96.47,96.48,96.465,96.465,19,DX  FMU0025!
2025-07-01 17:24:00+00:00,33,97,7873621,96.465,96.465,96.46,96.46,17,DX  FMU0025!
2025-07-01 17:25:00+00:00,33,97,7873621,96.455,96.46,96.455,96.455,16,DX  FMU0025!
2025-07-01 17:26:00+00:00,33,97,7873621,96.455,96.47,96.455,96.47,29,DX  FMU0025!
2025-07-01 17:27:00+00:00,33,97,7873621,96.47,96.47,96.465,96.465,11,DX  FMU0025!
2025-07-01 17:28:00+00:00,33,97,7873621,96.47,96.47,96.47,96.47,13,DX  FMU0025!
2025-07-01 17:29:00+00:00,33,97,7873621,96.47,96.48,96.47,96.48,11,DX  FMU0025!
2025-07-01 17:30:00+00:00,33,97,7873621,96.475,96.475,96.455,96.455,16,DX  FMU0025!
2025-07-01 17:31:00+00:00,33,97,7873621,96.455,96.46,96.445,96.45,49,DX  FMU0025!
2025-07-01 17:32:00+00:00,33,97,7873621,96.45,96.45,96.45,96.45,28,DX  FMU0025!
2025-07-01 17:33:00+00:00,33,97,7873621,96.45,96.455,96.45,96.455,10,DX  FMU0025!
2025-07-01 17:34:00+00:00,33,97,7873621,96.455,96.455,96.455,96.455,6,DX  FMU0025!
2025-07-01 17:35:00+00:00,33,97,7873621,96.45,96.45,96.445,96.445,11,DX  FMU0025!
2025-07-01 17:36:00+00:00,33,97,7873621,96.45,96.455,96.45,96.455,6,DX  FMU0025!
2025-07-01 17:37:00+00:00,33,97,7873621,96.455,96.455,96.44,96.44,40,DX  FMU0025!
2025-07-01 17:38:00+00:00,33,97,7873621,96.445,96.445,96.44,96.44,17,DX  FMU0025!
2025-07-01 17:39:00+00:00,33,97,7873621,96.45,96.455,96.45,96.455,27,DX  FMU0025!
2025-07-01 17:40:00+00:00,33,97,7873621,96.45,96.455,96.445,96.445,12,DX  FMU0025!
2025-07-01 17:41:00+00:00,33,97,7873621,96.44,96.445,96.44,96.445,22,DX  FMU0025!
2025-07-01 17:42:00+00:00,33,97,7873621,96.445,96.455,96.445,96.455,22,DX  FMU0025!
2025-07-01 17:43:00+00:00,33,97,7873621,96.45,96.45,96.45,96.45,1,DX  FMU0025!
2025-07-01 17:44:00+00:00,33,97,7873621,96.46,96.46,96.455,96.455,17,DX  FMU0025!
2025-07-01 17:45:00+00:00,33,97,7873621,96.455,96.455,96.455,96.455,12,DX  FMU0025!
2025-07-01 17:46:00+00:00,33,97,7873621,96.46,96.46,96.455,96.455,20,DX  FMU0025!
2025-07-01 17:47:00+00:00,33,97,7873621,96.45,96.45,96.45,96.45,11,DX  FMU0025!
2025-07-01 17:48:00+00:00,33,97,7873621,96.455,96.46,96.455,96.46,46,DX  FMU0025!
2025-07-01 17:49:00+00:00,33,97,7873621,96.455,96.455,96.455,96.455,15,DX  FMU0025!
2025-07-01 17:50:00+00:00,33,97,7873621,96.465,96.465,96.465,96.465,7,DX  FMU0025!
2025-07-01 17:51:00+00:00,33,97,7873621,96.46,96.46,96.445,96.445,18,DX  FMU0025!
2025-07-01 17:52:00+00:00,33,97,7873621,96.44,96.44,96.435,96.435,8,DX  FMU0025!
2025-07-01 17:53:00+00:00,33,97,7873621,96.435,96.435,96.435,96.435,10,DX  FMU0025!
2025-07-01 17:54:00+00:00,33,97,7873621,96.435,96.44,96.435,96.44,17,DX  FMU0025!
2025-07-01 17:55:00+00:00,33,97,7873621,96.45,96.455,96.445,96.445,17,DX  FMU0025!
2025-07-01 17:56:00+00:00,33,97,7873621,96.445,96.445,96.445,96.445,1,DX  FMU0025!
2025-07-01 17:57:00+00:00,33,97,7873621,96.445,96.445,96.44,96.44,14,DX  FMU0025!
2025-07-01 17:58:00+00:00,33,97,7873621,96.435,96.435,96.435,96.435,15,DX  FMU0025!
2025-07-01 17:59:00+00:00,33,97,7873621,96.44,96.44,96.435,96.435,25,DX  FMU0025!
2025-07-01 18:00:00+00:00,33,97,7873621,96.435,96.44,96.435,96.44,12,DX  FMU0025!
2025-07-01 18:01:00+00:00,33,97,7873621,96.44,96.45,96.44,96.45,10,DX  FMU0025!
2025-07-01 18:02:00+00:00,33,97,7873621,96.445,96.455,96.445,96.455,14,DX  FMU0025!
2025-07-01 18:03:00+00:00,33,97,7873621,96.45,96.45,96.44,96.44,16,DX  FMU0025!
2025-07-01 18:04:00+00:00,33,97,7873621,96.435,96.435,96.435,96.435,18,DX  FMU0025!
2025-07-01 18:05:00+00:00,33,97,7873621,96.445,96.445,96.44,96.44,29,DX  FMU0025!
2025-07-01 18:06:00+00:00,33,97,7873621,96.44,96.445,96.44,96.445,4,DX  FMU0025!
2025-07-01 18:07:00+00:00,33,97,7873621,96.445,96.45,96.445,96.45,32,DX  FMU0025!
2025-07-01 18:08:00+00:00,33,97,7873621,96.45,96.45,96.445,96.445,9,DX  FMU0025!
2025-07-01 18:09:00+00:00,33,97,7873621,96.45,96.45,96.445,96.445,18,DX  FMU0025!
2025-07-01 18:10:00+00:00,33,97,7873621,96.445,96.445,96.445,96.445,5,DX  FMU0025!
2025-07-01 18:11:00+00:00,33,97,7873621,96.45,96.45,96.45,96.45,5,DX  FMU0025!
2025-07-01 18:12:00+00:00,33,97,7873621,96.445,96.46,96.445,96.455,53,DX  FMU0025!
2025-07-01 18:13:00+00:00,33,97,7873621,96.455,96.455,96.455,96.455,1,DX  FMU0025!
2025-07-01 18:14:00+00:00,33,97,7873621,96.465,96.465,96.46,96.46,19,DX  FMU0025!
2025-07-01 18:15:00+00:00,33,97,7873621,96.455,96.46,96.455,96.46,17,DX  FMU0025!
2025-07-01 18:16:00+00:00,33,97,7873621,96.46,96.465,96.46,96.465,29,DX  FMU0025!
2025-07-01 18:17:00+00:00,33,97,7873621,96.465,96.475,96.465,96.47,21,DX  FMU0025!
2025-07-01 18:18:00+00:00,33,97,7873621,96.475,96.475,96.47,96.47,8,DX  FMU0025!
2025-07-01 18:19:00+00:00,33,97,7873621,96.475,96.475,96.475,96.475,4,DX  FMU0025!
2025-07-01 18:20:00+00:00,33,97,7873621,96.475,96.48,96.475,96.48,24,DX  FMU0025!
2025-07-01 18:21:00+00:00,33,97,7873621,96.495,96.495,96.495,96.495,6,DX  FMU0025!
2025-07-01 18:22:00+00:00,33,97,7873621,96.49,96.49,96.49,96.49,6,DX  FMU0025!
2025-07-01 18:23:00+00:00,33,97,7873621,96.495,96.495,96.49,96.49,14,DX  FMU0025!
2025-07-01 18:24:00+00:00,33,97,7873621,96.49,96.49,96.485,96.485,8,DX  FMU0025!
2025-07-01 18:25:00+00:00,33,97,7873621,96.485,96.485,96.48,96.48,5,DX  FMU0025!
2025-07-01 18:26:00+00:00,33,97,7873621,96.48,96.48,96.48,96.48,6,DX  FMU0025!
2025-07-01 18:27:00+00:00,33,97,7873621,96.48,96.48,96.48,96.48,18,DX  FMU0025!
2025-07-01 18:28:00+00:00,33,97,7873621,96.485,96.485,96.48,96.48,11,DX  FMU0025!
2025-07-01 18:29:00+00:00,33,97,7873621,96.48,96.485,96.48,96.485,14,DX  FMU0025!
2025-07-01 18:30:00+00:00,33,97,7873621,96.485,96.485,96.485,96.485,8,DX  FMU0025!
2025-07-01 18:31:00+00:00,33,97,7873621,96.48,96.48,96.48,96.48,6,DX  FMU0025!
2025-07-01 18:32:00+00:00,33,97,7873621,96.485,96.485,96.485,96.485,6,DX  FMU0025!
2025-07-01 18:33:00+00:00,33,97,7873621,96.48,96.48,96.475,96.475,46,DX  FMU0025!
2025-07-01 18:34:00+00:00,33,97,7873621,96.475,96.49,96.475,96.49,7,DX  FMU0025!
2025-07-01 18:35:00+00:00,33,97,7873621,96.485,96.485,96.48,96.485,38,DX  FMU0025!
2025-07-01 18:36:00+00:00,33,97,7873621,96.48,96.485,96.48,96.485,16,DX  FMU0025!
2025-07-01 18:37:00+00:00,33,97,7873621,96.485,96.485,96.48,96.48,10,DX  FMU0025!
2025-07-01 18:37:00+00:00,33,97,8024379,96.13,96.14,96.13,96.14,3,DX  FMZ0025!
2025-07-01 18:38:00+00:00,33,97,7873621,96.485,96.485,96.48,96.48,5,DX  FMU0025!
2025-07-01 18:39:00+00:00,33,97,7873621,96.48,96.48,96.475,96.475,6,DX  FMU0025!
2025-07-01 18:40:00+00:00,33,97,7873621,96.475,96.475,96.475,96.475,6,DX  FMU0025!
2025-07-01 18:41:00+00:00,33,97,7873621,96.485,96.485,96.485,96.485,10,DX  FMU0025!
2025-07-01 18:42:00+00:00,33,97,7873621,96.5,96.5,96.495,96.495,16,DX  FMU0025!
2025-07-01 18:43:00+00:00,33,97,7873621,96.495,96.495,96.49,96.49,18,DX  FMU0025!
2025-07-01 18:44:00+00:00,33,97,7873621,96.49,96.49,96.485,96.49,27,DX  FMU0025!
2025-07-01 18:45:00+00:00,33,97,7873621,96.49,96.49,96.49,96.49,18,DX  FMU0025!
2025-07-01 18:46:00+00:00,33,97,7873621,96.5,96.5,96.495,96.495,15,DX  FMU0025!
2025-07-01 18:47:00+00:00,33,97,7873621,96.495,96.5,96.495,96.5,8,DX  FMU0025!
2025-07-01 18:48:00+00:00,33,97,7873621,96.49,96.49,96.475,96.475,37,DX  FMU0025!
2025-07-01 18:49:00+00:00,33,97,7873621,96.48,96.48,96.48,96.48,6,DX  FMU0025!
2025-07-01 18:50:00+00:00,33,97,7873621,96.48,96.48,96.475,96.475,38,DX  FMU0025!
2025-07-01 18:51:00+00:00,33,97,7873621,96.475,96.485,96.47,96.47,38,DX  FMU0025!
2025-07-01 18:52:00+00:00,33,97,7873621,96.47,96.485,96.47,96.485,31,DX  FMU0025!
2025-07-01 18:53:00+00:00,33,97,7873621,96.49,96.495,96.49,96.495,7,DX  FMU0025!
2025-07-01 18:54:00+00:00,33,97,7873621,96.495,96.495,96.49,96.49,24,DX  FMU0025!
2025-07-01 18:55:00+00:00,33,97,7873621,96.49,96.49,96.485,96.485,9,DX  FMU0025!
2025-07-01 18:56:00+00:00,33,97,7873621,96.49,96.49,96.485,96.49,19,DX  FMU0025!
2025-07-01 18:57:00+00:00,33,97,7873621,96.485,96.485,96.475,96.475,38,DX  FMU0025!
2025-07-01 18:58:00+00:00,33,97,7873621,96.475,96.48,96.475,96.475,91,DX  FMU0025!
2025-07-01 18:59:00+00:00,33,97,7873621,96.475,96.485,96.45,96.45,238,DX  FMU0025!
2025-07-01 19:00:00+00:00,33,97,7873621,96.455,96.465,96.455,96.455,37,DX  FMU0025!
2025-07-01 19:01:00+00:00,33,97,7873621,96.465,96.465,96.46,96.46,34,DX  FMU0025!
2025-07-01 19:02:00+00:00,33,97,7873621,96.46,96.46,96.455,96.46,9,DX  FMU0025!
2025-07-01 19:03:00+00:00,33,97,7873621,96.46,96.46,96.46,96.46,2,DX  FMU0025!
2025-07-01 19:04:00+00:00,33,97,7873621,96.455,96.455,96.445,96.445,12,DX  FMU0025!
2025-07-01 19:05:00+00:00,33,97,7873621,96.44,96.44,96.435,96.435,12,DX  FMU0025!
2025-07-01 19:06:00+00:00,33,97,7873621,96.435,96.435,96.425,96.43,28,DX  FMU0025!
2025-07-01 19:07:00+00:00,33,97,7873621,96.43,96.435,96.43,96.435,5,DX  FMU0025!
2025-07-01 19:08:00+00:00,33,97,7873621,96.425,96.425,96.42,96.425,31,DX  FMU0025!
2025-07-01 19:09:00+00:00,33,97,7873621,96.415,96.415,96.4,96.4,43,DX  FMU0025!
2025-07-01 19:10:00+00:00,33,97,7873621,96.405,96.415,96.4,96.41,32,DX  FMU0025!
2025-07-01 19:11:00+00:00,33,97,7873621,96.41,96.415,96.395,96.395,18,DX  FMU0025!
2025-07-01 19:12:00+00:00,33,97,7873621,96.4,96.405,96.395,96.395,22,DX  FMU0025!
2025-07-01 19:13:00+00:00,33,97,7873621,96.395,96.395,96.385,96.39,20,DX  FMU0025!
2025-07-01 19:14:00+00:00,33,97,7873621,96.395,96.395,96.395,96.395,5,DX  FMU0025!
2025-07-01 19:15:00+00:00,33,97,7873621,96.4,96.405,96.395,96.395,56,DX  FMU0025!
2025-07-01 19:16:00+00:00,33,97,7873621,96.39,96.415,96.39,96.415,16,DX  FMU0025!
2025-07-01 19:17:00+00:00,33,97,7873621,96.415,96.415,96.41,96.41,7,DX  FMU0025!
2025-07-01 19:18:00+00:00,33,97,7873621,96.41,96.41,96.405,96.405,13,DX  FMU0025!
2025-07-01 19:19:00+00:00,33,97,7873621,96.4,96.4,96.4,96.4,10,DX  FMU0025!
2025-07-01 19:20:00+00:00,33,97,7873621,96.4,96.41,96.4,96.41,16,DX  FMU0025!
2025-07-01 19:21:00+00:00,33,97,7873621,96.415,96.415,96.41,96.41,37,DX  FMU0025!
2025-07-01 19:22:00+00:00,33,97,7873621,96.415,96.42,96.415,96.42,10,DX  FMU0025!
2025-07-01 19:23:00+00:00,33,97,7873621,96.425,96.43,96.42,96.425,24,DX  FMU0025!
2025-07-01 19:24:00+00:00,33,97,7873621,96.425,96.425,96.425,96.425,15,DX  FMU0025!
2025-07-01 19:25:00+00:00,33,97,7873621,96.43,96.43,96.43,96.43,26,DX  FMU0025!
2025-07-01 19:26:00+00:00,33,97,7873621,96.435,96.44,96.435,96.435,40,DX  FMU0025!
2025-07-01 19:27:00+00:00,33,97,7873621,96.43,96.43,96.43,96.43,16,DX  FMU0025!
2025-07-01 19:28:00+00:00,33,97,7873621,96.43,96.43,96.425,96.425,16,DX  FMU0025!
2025-07-01 19:29:00+00:00,33,97,7873621,96.43,96.44,96.43,96.44,53,DX  FMU0025!
2025-07-01 19:30:00+00:00,33,97,7873621,96.445,96.45,96.445,96.45,8,DX  FMU0025!
2025-07-01 19:31:00+00:00,33,97,7873621,96.45,96.455,96.45,96.455,33,DX  FMU0025!
2025-07-01 19:32:00+00:00,33,97,7873621,96.45,96.455,96.445,96.445,15,DX  FMU0025!
2025-07-01 19:33:00+00:00,33,97,7873621,96.445,96.445,96.445,96.445,2,DX  FMU0025!
2025-07-01 19:34:00+00:00,33,97,7873621,96.45,96.455,96.445,96.45,19,DX  FMU0025!
2025-07-01 19:35:00+00:00,33,97,7873621,96.45,96.45,96.45,96.45,3,DX  FMU0025!
2025-07-01 19:36:00+00:00,33,97,7873621,96.455,96.455,96.45,96.45,18,DX  FMU0025!
2025-07-01 19:37:00+00:00,33,97,7873621,96.45,96.45,96.45,96.45,15,DX  FMU0025!
2025-07-01 19:38:00+00:00,33,97,7873621,96.45,96.45,96.45,96.45,10,DX  FMU0025!
2025-07-01 19:39:00+00:00,33,97,7873621,96.45,96.455,96.45,96.45,26,DX  FMU0025!
2025-07-01 19:40:00+00:00,33,97,7873621,96.45,96.45,96.445,96.445,8,DX  FMU0025!
2025-07-01 19:40:00+00:00,33,97,8024379,96.1,96.1,96.095,96.095,2,DX  FMZ0025!
2025-07-01 19:41:00+00:00,33,97,8024379,96.085,96.085,96.07,96.07,2,DX  FMZ0025!
2025-07-01 19:41:00+00:00,33,97,7873621,96.445,96.445,96.445,96.445,39,DX  FMU0025!
2025-07-01 19:42:00+00:00,33,97,7873621,96.45,96.45,96.45,96.45,18,DX  FMU0025!
2025-07-01 19:42:00+00:00,33,97,8024379,96.08,96.08,96.08,96.08,1,DX  FMZ0025!
2025-07-01 19:43:00+00:00,33,97,7873621,96.45,96.455,96.45,96.45,24,DX  FMU0025!
2025-07-01 19:44:00+00:00,33,97,7873621,96.445,96.445,96.44,96.44,10,DX  FMU0025!
2025-07-01 19:45:00+00:00,33,97,7873621,96.44,96.44,96.44,96.44,9,DX  FMU0025!
2025-07-01 19:46:00+00:00,33,97,7873621,96.44,96.445,96.44,96.445,8,DX  FMU0025!
2025-07-01 19:47:00+00:00,33,97,7873621,96.445,96.445,96.445,96.445,8,DX  FMU0025!
2025-07-01 19:48:00+00:00,33,97,7873621,96.445,96.445,96.435,96.435,16,DX  FMU0025!
2025-07-01 19:49:00+00:00,33,97,7873621,96.44,96.44,96.44,96.44,5,DX  FMU0025!
2025-07-01 19:50:00+00:00,33,97,7873621,96.435,96.435,96.435,96.435,56,DX  FMU0025!
2025-07-01 19:51:00+00:00,33,97,7873621,96.435,96.435,96.435,96.435,19,DX  FMU0025!
2025-07-01 19:52:00+00:00,33,97,7873621,96.435,96.435,96.43,96.43,40,DX  FMU0025!
2025-07-01 19:52:00+00:00,33,97,8024379,96.08,96.08,96.08,96.08,1,DX  FMZ0025!
2025-07-01 19:53:00+00:00,33,97,7873621,96.425,96.425,96.415,96.415,13,DX  FMU0025!
2025-07-01 19:54:00+00:00,33,97,7873621,96.42,96.42,96.41,96.41,19,DX  FMU0025!
2025-07-01 19:55:00+00:00,33,97,7873621,96.41,96.415,96.41,96.415,17,DX  FMU0025!
2025-07-01 19:56:00+00:00,33,97,7873621,96.415,96.42,96.415,96.415,22,DX  FMU0025!
2025-07-01 19:57:00+00:00,33,97,7873621,96.41,96.415,96.41,96.41,25,DX  FMU0025!
2025-07-01 19:58:00+00:00,33,97,7873621,96.405,96.405,96.4,96.405,8,DX  FMU0025!
2025-07-01 19:58:00+00:00,33,97,8024379,96.06,96.06,96.06,96.06,1,DX  FMZ0025!
2025-07-01 19:59:00+00:00,33,97,8024379,96.035,96.035,96.025,96.025,5,DX  FMZ0025!
2025-07-01 19:59:00+00:00,33,97,7873621,96.405,96.41,96.4,96.4,27,DX  FMU0025!
2025-07-01 20:00:00+00:00,33,97,7873621,96.41,96.41,96.39,96.395,64,DX  FMU0025!
2025-07-01 20:01:00+00:00,33,97,7873621,96.39,96.39,96.385,96.385,6,DX  FMU0025!
2025-07-01 20:02:00+00:00,33,97,7873621,96.385,96.385,96.38,96.38,36,DX  FMU0025!
2025-07-01 20:03:00+00:00,33,97,7873621,96.38,96.385,96.38,96.385,19,DX  FMU0025!
2025-07-01 20:04:00+00:00,33,97,7873621,96.39,96.39,96.385,96.385,15,DX  FMU0025!
2025-07-01 20:05:00+00:00,33,97,7873621,96.38,96.38,96.37,96.37,14,DX  FMU0025!
2025-07-01 20:06:00+00:00,33,97,7873621,96.375,96.375,96.37,96.37,57,DX  FMU0025!
2025-07-01 20:07:00+00:00,33,97,7873621,96.37,96.37,96.365,96.365,25,DX  FMU0025!
2025-07-01 20:08:00+00:00,33,97,7873621,96.36,96.365,96.36,96.36,10,DX  FMU0025!
2025-07-01 20:09:00+00:00,33,97,7873621,96.355,96.37,96.355,96.37,51,DX  FMU0025!
2025-07-01 20:10:00+00:00,33,97,7873621,96.37,96.37,96.36,96.36,11,DX  FMU0025!
2025-07-01 20:11:00+00:00,33,97,7873621,96.36,96.36,96.355,96.355,17,DX  FMU0025!
2025-07-01 20:12:00+00:00,33,97,7873621,96.36,96.36,96.355,96.355,25,DX  FMU0025!
2025-07-01 20:13:00+00:00,33,97,7873621,96.36,96.36,96.355,96.355,10,DX  FMU0025!
2025-07-01 20:14:00+00:00,33,97,7873621,96.36,96.37,96.36,96.37,11,DX  FMU0025!
2025-07-01 20:15:00+00:00,33,97,7873621,96.37,96.38,96.37,96.38,13,DX  FMU0025!
2025-07-01 20:16:00+00:00,33,97,7873621,96.385,96.385,96.385,96.385,1,DX  FMU0025!
2025-07-01 20:18:00+00:00,33,97,7873621,96.37,96.37,96.37,96.37,2,DX  FMU0025!
2025-07-01 20:19:00+00:00,33,97,7873621,96.365,96.365,96.365,96.365,1,DX  FMU0025!
2025-07-01 20:21:00+00:00,33,97,7873621,96.35,96.35,96.35,96.35,3,DX  FMU0025!
2025-07-01 20:22:00+00:00,33,97,7873621,96.345,96.35,96.345,96.35,7,DX  FMU0025!
2025-07-01 20:23:00+00:00,33,97,7873621,96.35,96.35,96.35,96.35,1,DX  FMU0025!
2025-07-01 20:25:00+00:00,33,97,7873621,96.34,96.34,96.34,96.34,2,DX  FMU0025!
2025-07-01 20:26:00+00:00,33,97,7873621,96.335,96.335,96.335,96.335,14,DX  FMU0025!
2025-07-01 20:28:00+00:00,33,97,7873621,96.34,96.34,96.335,96.335,4,DX  FMU0025!
2025-07-01 20:29:00+00:00,33,97,7873621,96.33,96.33,96.325,96.325,22,DX  FMU0025!
2025-07-01 20:30:00+00:00,33,97,7873621,96.32,96.32,96.31,96.31,33,DX  FMU0025!
2025-07-01 20:31:00+00:00,33,97,7873621,96.32,96.325,96.32,96.325,3,DX  FMU0025!
2025-07-01 20:32:00+00:00,33,97,7873621,96.315,96.315,96.3,96.3,10,DX  FMU0025!
2025-07-01 20:33:00+00:00,33,97,7873621,96.31,96.32,96.31,96.315,21,DX  FMU0025!
2025-07-01 20:34:00+00:00,33,97,7873621,96.315,96.325,96.315,96.32,12,DX  FMU0025!
2025-07-01 20:35:00+00:00,33,97,7873621,96.33,96.33,96.33,96.33,9,DX  FMU0025!
2025-07-01 20:36:00+00:00,33,97,7873621,96.33,96.33,96.325,96.325,4,DX  FMU0025!
2025-07-01 20:37:00+00:00,33,97,7873621,96.325,96.325,96.315,96.32,22,DX  FMU0025!
2025-07-01 20:38:00+00:00,33,97,7873621,96.31,96.315,96.31,96.315,3,DX  FMU0025!
2025-07-01 20:40:00+00:00,33,97,7873621,96.305,96.305,96.305,96.305,37,DX  FMU0025!
2025-07-01 20:41:00+00:00,33,97,7873621,96.305,96.305,96.305,96.305,2,DX  FMU0025!
2025-07-01 20:42:00+00:00,33,97,7873621,96.305,96.305,96.3,96.3,7,DX  FMU0025!
2025-07-01 20:42:00+00:00,33,97,8024379,95.955,95.955,95.945,95.945,2,DX  FMZ0025!
2025-07-01 20:43:00+00:00,33,97,7873621,96.295,96.3,96.295,96.3,19,DX  FMU0025!
2025-07-01 20:43:00+00:00,33,97,8024379,95.935,95.935,95.935,95.935,1,DX  FMZ0025!
2025-07-01 20:44:00+00:00,33,97,7873621,96.295,96.3,96.295,96.3,8,DX  FMU0025!
2025-07-01 20:45:00+00:00,33,97,7873621,96.305,96.305,96.305,96.305,3,DX  FMU0025!
2025-07-01 20:48:00+00:00,33,97,7873621,96.305,96.305,96.305,96.305,2,DX  FMU0025!
2025-07-01 20:49:00+00:00,33,97,7873621,96.305,96.305,96.3,96.3,4,DX  FMU0025!
2025-07-01 20:50:00+00:00,33,97,7873621,96.305,96.305,96.305,96.305,2,DX  FMU0025!
2025-07-01 20:51:00+00:00,33,97,7873621,96.3,96.3,96.295,96.295,6,DX  FMU0025!
2025-07-01 20:53:00+00:00,33,97,7873621,96.29,96.29,96.285,96.285,6,DX  FMU0025!
2025-07-01 20:55:00+00:00,33,97,7873621,96.295,96.295,96.295,96.295,1,DX  FMU0025!
2025-07-01 20:56:00+00:00,33,97,7873621,96.285,96.295,96.285,96.295,5,DX  FMU0025!
2025-07-01 20:57:00+00:00,33,97,7873621,96.295,96.295,96.29,96.295,3,DX  FMU0025!
2025-07-01 20:58:00+00:00,33,97,7873621,96.29,96.29,96.29,96.29,6,DX  FMU0025!
2025-07-01 20:59:00+00:00,33,97,7873621,96.295,96.3,96.285,96.3,7,DX  FMU0025!
2025-07-02 00:00:00+00:00,33,97,8024379,95.935,95.935,95.935,95.935,1,DX  FMZ0025!
2025-07-02 00:00:00+00:00,33,97,7873621,96.315,96.315,96.3,96.305,16,DX  FMU0025!
2025-07-02 00:01:00+00:00,33,97,7873621,96.335,96.335,96.33,96.33,4,DX  FMU0025!
2025-07-02 00:02:00+00:00,33,97,7873621,96.33,96.33,96.33,96.33,6,DX  FMU0025!
2025-07-02 00:03:00+00:00,33,97,7873621,96.345,96.345,96.345,96.345,1,DX  FMU0025!
2025-07-02 00:04:00+00:00,33,97,7873621,96.335,96.335,96.335,96.335,1,DX  FMU0025!
2025-07-02 00:06:00+00:00,33,97,7873621,96.345,96.345,96.345,96.345,10,DX  FMU0025!
2025-07-02 00:07:00+00:00,33,97,7873621,96.335,96.345,96.335,96.345,5,DX  FMU0025!
2025-07-02 00:08:00+00:00,33,97,7873621,96.34,96.34,96.34,96.34,6,DX  FMU0025!
2025-07-02 00:09:00+00:00,33,97,7873621,96.33,96.33,96.33,96.33,1,DX  FMU0025!
2025-07-02 00:10:00+00:00,33,97,7873621,96.345,96.345,96.345,96.345,1,DX  FMU0025!
2025-07-02 00:11:00+00:00,33,97,8024382,-0.355,-0.355,-0.355,-0.355,1,DX  FMZ0025-DX  FMU0025
2025-07-02 00:11:00+00:00,33,97,8024379,,,,,1,DX  FMZ0025!
2025-07-02 00:11:00+00:00,33,97,7873621,96.345,96.345,96.345,96.345,2,DX  FMU0025!
2025-07-02 00:12:00+00:00,33,97,7873621,96.345,96.345,96.335,96.34,4,DX  FMU0025!
2025-07-02 00:13:00+00:00,33,97,7873621,96.34,96.34,96.335,96.335,3,DX  FMU0025!
2025-07-02 00:14:00+00:00,33,97,7873621,96.325,96.335,96.325,96.335,6,DX  FMU0025!
2025-07-02 00:15:00+00:00,33,97,7873621,96.34,96.34,96.34,96.34,2,DX  FMU0025!
2025-07-02 00:19:00+00:00,33,97,7873621,96.345,96.35,96.345,96.345,9,DX  FMU0025!
2025-07-02 00:19:00+00:00,33,97,8024379,95.96,95.96,95.96,95.96,3,DX  FMZ0025!
2025-07-02 00:20:00+00:00,33,97,7873621,96.345,96.345,96.345,96.345,6,DX  FMU0025!
2025-07-02 00:21:00+00:00,33,97,7873621,96.335,96.335,96.325,96.325,6,DX  FMU0025!
2025-07-02 00:22:00+00:00,33,97,7873621,96.325,96.325,96.32,96.32,4,DX  FMU0025!
2025-07-02 00:23:00+00:00,33,97,7873621,96.325,96.325,96.32,96.32,5,DX  FMU0025!
2025-07-02 00:25:00+00:00,33,97,7873621,96.33,96.335,96.33,96.335,4,DX  FMU0025!
2025-07-02 00:26:00+00:00,33,97,7873621,96.33,96.33,96.33,96.33,4,DX  FMU0025!
2025-07-02 00:28:00+00:00,33,97,7873621,96.35,96.35,96.35,96.35,3,DX  FMU0025!
2025-07-02 00:30:00+00:00,33,97,7873621,96.35,96.355,96.35,96.355,10,DX  FMU0025!
2025-07-02 00:30:00+00:00,33,97,8024382,-0.38,-0.38,-0.38,-0.38,3,DX  FMZ0025-DX  FMU0025
2025-07-02 00:30:00+00:00,33,97,8024379,,,,,3,DX  FMZ0025!
2025-07-02 00:33:00+00:00,33,97,7873621,96.355,96.355,96.355,96.355,1,DX  FMU0025!
2025-07-02 00:40:00+00:00,33,97,7873621,96.35,96.35,96.35,96.35,1,DX  FMU0025!
2025-07-02 00:42:00+00:00,33,97,7873621,96.355,96.355,96.355,96.355,1,DX  FMU0025!
2025-07-02 00:46:00+00:00,33,97,7873621,96.345,96.345,96.34,96.34,35,DX  FMU0025!
2025-07-02 00:47:00+00:00,33,97,7873621,96.34,96.34,96.34,96.34,15,DX  FMU0025!
2025-07-02 00:50:00+00:00,33,97,7873621,96.335,96.34,96.335,96.34,13,DX  FMU0025!
2025-07-02 00:55:00+00:00,33,97,7873621,96.325,96.33,96.315,96.315,4,DX  FMU0025!
2025-07-02 00:56:00+00:00,33,97,7873621,96.31,96.31,96.31,96.31,1,DX  FMU0025!
2025-07-02 00:57:00+00:00,33,97,7873621,96.305,96.305,96.305,96.305,1,DX  FMU0025!
2025-07-02 00:58:00+00:00,33,97,7873621,96.3,96.3,96.29,96.29,16,DX  FMU0025!
2025-07-02 01:00:00+00:00,33,97,7873621,96.295,96.305,96.295,96.305,4,DX  FMU0025!
2025-07-02 01:01:00+00:00,33,97,7873621,96.29,96.29,96.285,96.285,3,DX  FMU0025!
2025-07-02 01:02:00+00:00,33,97,7873621,96.29,96.29,96.29,96.29,3,DX  FMU0025!
2025-07-02 01:04:00+00:00,33,97,7873621,96.305,96.305,96.305,96.305,2,DX  FMU0025!
2025-07-02 01:05:00+00:00,33,97,7873621,96.3,96.31,96.3,96.31,7,DX  FMU0025!
2025-07-02 01:06:00+00:00,33,97,7873621,96.32,96.32,96.32,96.32,1,DX  FMU0025!
2025-07-02 01:07:00+00:00,33,97,7873621,96.33,96.33,96.33,96.33,1,DX  FMU0025!
2025-07-02 01:08:00+00:00,33,97,7873621,96.31,96.31,96.31,96.31,1,DX  FMU0025!
2025-07-02 01:09:00+00:00,33,97,7873621,96.31,96.31,96.31,96.31,5,DX  FMU0025!
2025-07-02 01:11:00+00:00,33,97,7873621,96.31,96.31,96.31,96.31,8,DX  FMU0025!
2025-07-02 01:12:00+00:00,33,97,7873621,96.305,96.305,96.3,96.3,8,DX  FMU0025!
2025-07-02 01:13:00+00:00,33,97,7873621,96.305,96.315,96.305,96.315,11,DX  FMU0025!
2025-07-02 01:14:00+00:00,33,97,7873621,96.31,96.315,96.31,96.31,11,DX  FMU0025!
2025-07-02 01:15:00+00:00,33,97,7873621,96.31,96.31,96.305,96.31,19,DX  FMU0025!
2025-07-02 01:16:00+00:00,33,97,7873621,96.31,96.31,96.31,96.31,12,DX  FMU0025!
2025-07-02 01:17:00+00:00,33,97,7873621,96.31,96.315,96.31,96.315,2,DX  FMU0025!
2025-07-02 01:18:00+00:00,33,97,7873621,96.305,96.305,96.305,96.305,4,DX  FMU0025!
2025-07-02 01:19:00+00:00,33,97,7873621,96.3,96.3,96.3,96.3,1,DX  FMU0025!
2025-07-02 01:23:00+00:00,33,97,7873621,96.3,96.305,96.3,96.305,3,DX  FMU0025!
2025-07-02 01:25:00+00:00,33,97,7873621,96.305,96.305,96.305,96.305,3,DX  FMU0025!
2025-07-02 01:26:00+00:00,33,97,7873621,96.305,96.305,96.29,96.29,3,DX  FMU0025!
2025-07-02 01:27:00+00:00,33,97,7873621,96.29,96.29,96.29,96.29,1,DX  FMU0025!
2025-07-02 01:28:00+00:00,33,97,7873621,96.29,96.295,96.29,96.29,9,DX  FMU0025!
2025-07-02 01:29:00+00:00,33,97,7873621,96.29,96.29,96.29,96.29,8,DX  FMU0025!
2025-07-02 01:30:00+00:00,33,97,7873621,96.29,96.29,96.29,96.29,4,DX  FMU0025!
2025-07-02 01:31:00+00:00,33,97,7873621,96.295,96.295,96.295,96.295,2,DX  FMU0025!
2025-07-02 01:32:00+00:00,33,97,7873621,96.3,96.305,96.295,96.305,9,DX  FMU0025!
2025-07-02 01:34:00+00:00,33,97,7873621,96.315,96.315,96.315,96.315,2,DX  FMU0025!
2025-07-02 01:35:00+00:00,33,97,7873621,96.315,96.315,96.315,96.315,1,DX  FMU0025!
2025-07-02 01:36:00+00:00,33,97,7873621,96.32,96.32,96.32,96.32,1,DX  FMU0025!
2025-07-02 01:37:00+00:00,33,97,7873621,96.315,96.315,96.31,96.31,9,DX  FMU0025!
2025-07-02 01:38:00+00:00,33,97,7873621,96.305,96.305,96.305,96.305,4,DX  FMU0025!
2025-07-02 01:39:00+00:00,33,97,7873621,96.305,96.305,96.305,96.305,12,DX  FMU0025!
2025-07-02 01:40:00+00:00,33,97,7873621,96.3,96.3,96.295,96.295,11,DX  FMU0025!
2025-07-02 01:41:00+00:00,33,97,7873621,96.305,96.305,96.295,96.3,28,DX  FMU0025!
2025-07-02 01:42:00+00:00,33,97,7873621,96.3,96.305,96.295,96.305,15,DX  FMU0025!
2025-07-02 01:43:00+00:00,33,97,7873621,96.295,96.295,96.295,96.295,1,DX  FMU0025!
2025-07-02 01:45:00+00:00,33,97,7873621,96.295,96.295,96.29,96.29,18,DX  FMU0025!
2025-07-02 01:46:00+00:00,33,97,7873621,96.29,96.3,96.29,96.3,13,DX  FMU0025!
2025-07-02 01:47:00+00:00,33,97,7873621,96.32,96.32,96.32,96.32,1,DX  FMU0025!
2025-07-02 01:48:00+00:00,33,97,7873621,96.33,96.34,96.33,96.34,4,DX  FMU0025!
2025-07-02 01:49:00+00:00,33,97,7873621,96.345,96.36,96.345,96.36,9,DX  FMU0025!
2025-07-02 01:50:00+00:00,33,97,7873621,96.365,96.39,96.365,96.39,28,DX  FMU0025!
2025-07-02 01:51:00+00:00,33,97,7873621,96.38,96.39,96.38,96.39,5,DX  FMU0025!
2025-07-02 01:52:00+00:00,33,97,7873621,96.4,96.4,96.39,96.39,18,DX  FMU0025!
2025-07-02 01:53:00+00:00,33,97,7873621,96.38,96.39,96.375,96.39,4,DX  FMU0025!
2025-07-02 01:54:00+00:00,33,97,7873621,96.385,96.385,96.38,96.38,10,DX  FMU0025!
2025-07-02 01:56:00+00:00,33,97,7873621,96.385,96.405,96.385,96.405,27,DX  FMU0025!
2025-07-02 01:57:00+00:00,33,97,7873621,96.405,96.41,96.405,96.41,5,DX  FMU0025!
2025-07-02 01:58:00+00:00,33,97,7873621,96.405,96.41,96.405,96.41,4,DX  FMU0025!
2025-07-02 01:59:00+00:00,33,97,7873621,96.41,96.41,96.4,96.4,8,DX  FMU0025!
2025-07-02 02:00:00+00:00,33,97,7873621,96.4,96.4,96.395,96.395,23,DX  FMU0025!
2025-07-02 02:01:00+00:00,33,97,7873621,96.4,96.41,96.4,96.41,7,DX  FMU0025!
2025-07-02 02:02:00+00:00,33,97,7873621,96.405,96.405,96.4,96.4,26,DX  FMU0025!
2025-07-02 02:03:00+00:00,33,97,7873621,96.405,96.41,96.405,96.41,4,DX  FMU0025!
2025-07-02 02:04:00+00:00,33,97,7873621,96.425,96.425,96.42,96.42,6,DX  FMU0025!
2025-07-02 02:05:00+00:00,33,97,7873621,96.425,96.43,96.42,96.43,13,DX  FMU0025!
2025-07-02 02:06:00+00:00,33,97,7873621,96.425,96.44,96.425,96.435,15,DX  FMU0025!
2025-07-02 02:07:00+00:00,33,97,7873621,96.425,96.425,96.41,96.41,6,DX  FMU0025!
2025-07-02 02:09:00+00:00,33,97,7873621,96.405,96.405,96.4,96.4,8,DX  FMU0025!
2025-07-02 02:10:00+00:00,33,97,7873621,96.405,96.41,96.405,96.41,11,DX  FMU0025!
2025-07-02 02:11:00+00:00,33,97,7873621,96.41,96.41,96.41,96.41,2,DX  FMU0025!
2025-07-02 02:13:00+00:00,33,97,7873621,96.415,96.425,96.415,96.425,9,DX  FMU0025!
2025-07-02 02:14:00+00:00,33,97,7873621,96.41,96.41,96.405,96.41,7,DX  FMU0025!
2025-07-02 02:15:00+00:00,33,97,7873621,96.4,96.4,96.4,96.4,2,DX  FMU0025!
2025-07-02 02:16:00+00:00,33,97,7873621,96.4,96.4,96.395,96.4,39,DX  FMU0025!
2025-07-02 02:17:00+00:00,33,97,7873621,96.4,96.4,96.395,96.395,8,DX  FMU0025!
2025-07-02 02:18:00+00:00,33,97,7873621,96.395,96.395,96.39,96.39,2,DX  FMU0025!
2025-07-02 02:19:00+00:00,33,97,7873621,96.38,96.38,96.38,96.38,1,DX  FMU0025!
2025-07-02 02:20:00+00:00,33,97,7873621,96.385,96.4,96.385,96.4,3,DX  FMU0025!
2025-07-02 02:21:00+00:00,33,97,7873621,96.395,96.395,96.395,96.395,4,DX  FMU0025!
2025-07-02 02:23:00+00:00,33,97,7873621,96.4,96.4,96.395,96.395,4,DX  FMU0025!
2025-07-02 02:25:00+00:00,33,97,7873621,96.38,96.38,96.38,96.38,2,DX  FMU0025!
2025-07-02 02:27:00+00:00,33,97,7873621,96.385,96.385,96.385,96.385,4,DX  FMU0025!
2025-07-02 02:28:00+00:00,33,97,7873621,96.385,96.385,96.38,96.38,6,DX  FMU0025!
2025-07-02 02:30:00+00:00,33,97,7873621,96.365,96.365,96.365,96.365,1,DX  FMU0025!
2025-07-02 02:31:00+00:00,33,97,7873621,96.37,96.37,96.365,96.365,10,DX  FMU0025!
2025-07-02 02:32:00+00:00,33,97,7873621,96.365,96.365,96.365,96.365,1,DX  FMU0025!
2025-07-02 02:33:00+00:00,33,97,7873621,96.37,96.37,96.37,96.37,3,DX  FMU0025!
2025-07-02 02:36:00+00:00,33,97,7873621,96.365,96.365,96.36,96.36,4,DX  FMU0025!
2025-07-02 02:37:00+00:00,33,97,7873621,96.36,96.36,96.355,96.355,3,DX  FMU0025!
2025-07-02 02:38:00+00:00,33,97,7873621,96.36,96.36,96.36,96.36,1,DX  FMU0025!
2025-07-02 02:42:00+00:00,33,97,7873621,96.36,96.36,96.36,96.36,1,DX  FMU0025!
2025-07-02 02:43:00+00:00,33,97,7873621,96.355,96.36,96.355,96.36,2,DX  FMU0025!
2025-07-02 02:46:00+00:00,33,97,7873621,96.37,96.37,96.36,96.36,4,DX  FMU0025!
2025-07-02 02:49:00+00:00,33,97,7873621,96.355,96.355,96.355,96.355,1,DX  FMU0025!
2025-07-02 02:51:00+00:00,33,97,7873621,96.345,96.345,96.335,96.335,3,DX  FMU0025!
2025-07-02 02:55:00+00:00,33,97,7873621,96.335,96.335,96.335,96.335,14,DX  FMU0025!
2025-07-02 02:56:00+00:00,33,97,7873621,96.345,96.345,96.34,96.34,3,DX  FMU0025!
2025-07-02 02:57:00+00:00,33,97,7873621,96.34,96.34,96.34,96.34,3,DX  FMU0025!
2025-07-02 02:58:00+00:00,33,97,7873621,96.335,96.335,96.33,96.335,18,DX  FMU0025!
2025-07-02 03:00:00+00:00,33,97,7873621,96.35,96.35,96.35,96.35,2,DX  FMU0025!
2025-07-02 03:01:00+00:00,33,97,7873621,96.36,96.36,96.355,96.355,7,DX  FMU0025!
2025-07-02 03:02:00+00:00,33,97,7873621,96.345,96.36,96.345,96.355,10,DX  FMU0025!
2025-07-02 03:04:00+00:00,33,97,7873621,96.345,96.345,96.33,96.33,45,DX  FMU0025!
2025-07-02 03:05:00+00:00,33,97,7873621,96.33,96.33,96.33,96.33,2,DX  FMU0025!
2025-07-02 03:07:00+00:00,33,97,7873621,96.335,96.335,96.335,96.335,2,DX  FMU0025!
2025-07-02 03:08:00+00:00,33,97,7873621,96.325,96.325,96.325,96.325,3,DX  FMU0025!
2025-07-02 03:09:00+00:00,33,97,7873621,96.32,96.32,96.32,96.32,6,DX  FMU0025!
2025-07-02 03:10:00+00:00,33,97,7873621,96.325,96.325,96.325,96.325,1,DX  FMU0025!
2025-07-02 03:11:00+00:00,33,97,7873621,96.325,96.325,96.325,96.325,2,DX  FMU0025!
2025-07-02 03:12:00+00:00,33,97,7873621,96.325,96.325,96.325,96.325,1,DX  FMU0025!
2025-07-02 03:13:00+00:00,33,97,7873621,96.325,96.325,96.32,96.32,2,DX  FMU0025!
2025-07-02 03:15:00+00:00,33,97,7873621,96.325,96.325,96.325,96.325,3,DX  FMU0025!
2025-07-02 03:16:00+00:00,33,97,8024379,95.955,95.955,95.955,95.955,2,DX  FMZ0025!
2025-07-02 03:16:00+00:00,33,97,7873621,96.33,96.335,96.33,96.335,3,DX  FMU0025!
2025-07-02 03:17:00+00:00,33,97,7873621,96.34,96.34,96.34,96.34,2,DX  FMU0025!
2025-07-02 03:19:00+00:00,33,97,7873621,96.34,96.34,96.34,96.34,1,DX  FMU0025!
2025-07-02 03:21:00+00:00,33,97,7873621,96.345,96.345,96.345,96.345,2,DX  FMU0025!
2025-07-02 03:23:00+00:00,33,97,7873621,96.355,96.355,96.355,96.355,2,DX  FMU0025!
2025-07-02 03:24:00+00:00,33,97,7873621,96.36,96.36,96.345,96.345,12,DX  FMU0025!
2025-07-02 03:25:00+00:00,33,97,7873621,96.345,96.345,96.345,96.345,5,DX  FMU0025!
2025-07-02 03:27:00+00:00,33,97,7873621,96.345,96.345,96.345,96.345,11,DX  FMU0025!
2025-07-02 03:28:00+00:00,33,97,7873621,96.35,96.35,96.35,96.35,2,DX  FMU0025!
2025-07-02 03:31:00+00:00,33,97,7873621,96.355,96.355,96.35,96.35,11,DX  FMU0025!
2025-07-02 03:33:00+00:00,33,97,7873621,96.35,96.35,96.35,96.35,10,DX  FMU0025!
2025-07-02 03:35:00+00:00,33,97,7873621,96.345,96.345,96.34,96.34,11,DX  FMU0025!
2025-07-02 03:37:00+00:00,33,97,7873621,96.34,96.34,96.335,96.335,5,DX  FMU0025!
2025-07-02 03:41:00+00:00,33,97,7873621,96.35,96.35,96.34,96.34,41,DX  FMU0025!
2025-07-02 03:42:00+00:00,33,97,7873621,96.35,96.355,96.35,96.35,84,DX  FMU0025!
2025-07-02 03:43:00+00:00,33,97,7873621,96.35,96.355,96.35,96.355,11,DX  FMU0025!
2025-07-02 03:44:00+00:00,33,97,7873621,96.355,96.355,96.355,96.355,2,DX  FMU0025!
2025-07-02 03:45:00+00:00,33,97,7873621,96.355,96.355,96.35,96.355,5,DX  FMU0025!
2025-07-02 03:46:00+00:00,33,97,7873621,96.355,96.36,96.355,96.36,17,DX  FMU0025!
2025-07-02 03:47:00+00:00,33,97,7873621,96.36,96.36,96.36,96.36,10,DX  FMU0025!
2025-07-02 03:48:00+00:00,33,97,7873621,96.365,96.365,96.36,96.365,7,DX  FMU0025!
2025-07-02 03:49:00+00:00,33,97,7873621,96.355,96.355,96.355,96.355,2,DX  FMU0025!
2025-07-02 03:50:00+00:00,33,97,7873621,96.35,96.35,96.35,96.35,1,DX  FMU0025!
2025-07-02 03:51:00+00:00,33,97,7873621,96.355,96.355,96.355,96.355,1,DX  FMU0025!
2025-07-02 03:52:00+00:00,33,97,7873621,96.355,96.355,96.355,96.355,2,DX  FMU0025!
2025-07-02 03:54:00+00:00,33,97,7873621,96.35,96.35,96.35,96.35,1,DX  FMU0025!
2025-07-02 03:55:00+00:00,33,97,7873621,96.355,96.355,96.355,96.355,2,DX  FMU0025!
2025-07-02 03:58:00+00:00,33,97,7873621,96.35,96.35,96.35,96.35,2,DX  FMU0025!
2025-07-02 03:59:00+00:00,33,97,7873621,96.34,96.34,96.34,96.34,4,DX  FMU0025!
2025-07-02 04:02:00+00:00,33,97,7873621,96.34,96.34,96.34,96.34,3,DX  FMU0025!
2025-07-02 04:05:00+00:00,33,97,7873621,96.345,96.345,96.345,96.345,2,DX  FMU0025!
2025-07-02 04:06:00+00:00,33,97,7873621,96.345,96.345,96.345,96.345,10,DX  FMU0025!
2025-07-02 04:07:00+00:00,33,97,7873621,96.335,96.335,96.335,96.335,2,DX  FMU0025!
2025-07-02 04:08:00+00:00,33,97,7873621,96.335,96.335,96.335,96.335,2,DX  FMU0025!
2025-07-02 04:09:00+00:00,33,97,7873621,96.335,96.335,96.33,96.335,14,DX  FMU0025!
2025-07-02 04:10:00+00:00,33,97,7873621,96.335,96.335,96.335,96.335,10,DX  FMU0025!
2025-07-02 04:11:00+00:00,33,97,7873621,96.335,96.335,96.335,96.335,1,DX  FMU0025!
2025-07-02 04:12:00+00:00,33,97,7873621,96.335,96.335,96.335,96.335,2,DX  FMU0025!
2025-07-02 04:13:00+00:00,33,97,7873621,96.33,96.33,96.33,96.33,3,DX  FMU0025!
2025-07-02 04:16:00+00:00,33,97,7873621,96.34,96.34,96.34,96.34,2,DX  FMU0025!
2025-07-02 04:17:00+00:00,33,97,7873621,96.34,96.34,96.34,96.34,4,DX  FMU0025!
2025-07-02 04:18:00+00:00,33,97,7873621,96.34,96.345,96.34,96.345,31,DX  FMU0025!
2025-07-02 04:19:00+00:00,33,97,7873621,96.345,96.345,96.34,96.34,10,DX  FMU0025!
2025-07-02 04:20:00+00:00,33,97,7873621,96.345,96.345,96.345,96.345,1,DX  FMU0025!
2025-07-02 04:21:00+00:00,33,97,7873621,96.35,96.35,96.35,96.35,2,DX  FMU0025!
2025-07-02 04:23:00+00:00,33,97,7873621,96.345,96.345,96.345,96.345,5,DX  FMU0025!
2025-07-02 04:24:00+00:00,33,97,7873621,96.345,96.345,96.345,96.345,2,DX  FMU0025!
2025-07-02 04:25:00+00:00,33,97,7873621,96.34,96.34,96.34,96.34,2,DX  FMU0025!
2025-07-02 04:26:00+00:00,33,97,7873621,96.34,96.345,96.34,96.345,4,DX  FMU0025!
2025-07-02 04:27:00+00:00,33,97,7873621,96.345,96.345,96.345,96.345,4,DX  FMU0025!
2025-07-02 04:30:00+00:00,33,97,7873621,96.34,96.355,96.335,96.355,30,DX  FMU0025!
2025-07-02 04:31:00+00:00,33,97,7873621,96.36,96.365,96.36,96.365,8,DX  FMU0025!
2025-07-02 04:32:00+00:00,33,97,7873621,96.365,96.365,96.365,96.365,1,DX  FMU0025!
2025-07-02 04:34:00+00:00,33,97,7873621,96.365,96.365,96.365,96.365,10,DX  FMU0025!
2025-07-02 04:36:00+00:00,33,97,7873621,96.36,96.36,96.355,96.355,4,DX  FMU0025!
2025-07-02 04:37:00+00:00,33,97,7873621,96.355,96.355,96.355,96.355,5,DX  FMU0025!
2025-07-02 04:38:00+00:00,33,97,7873621,96.355,96.355,96.355,96.355,3,DX  FMU0025!
2025-07-02 04:39:00+00:00,33,97,7873621,96.355,96.355,96.355,96.355,6,DX  FMU0025!
2025-07-02 04:41:00+00:00,33,97,7873621,96.36,96.36,96.36,96.36,2,DX  FMU0025!
2025-07-02 04:42:00+00:00,33,97,7873621,96.355,96.355,96.355,96.355,2,DX  FMU0025!
2025-07-02 04:43:00+00:00,33,97,7873621,96.36,96.36,96.36,96.36,2,DX  FMU0025!
2025-07-02 04:44:00+00:00,33,97,7873621,96.36,96.36,96.36,96.36,2,DX  FMU0025!
2025-07-02 04:45:00+00:00,33,97,7873621,96.36,96.36,96.36,96.36,1,DX  FMU0025!
2025-07-02 04:48:00+00:00,33,97,7873621,96.365,96.37,96.365,96.365,29,DX  FMU0025!
2025-07-02 04:54:00+00:00,33,97,7873621,96.365,96.365,96.365,96.365,1,DX  FMU0025!
2025-07-02 04:57:00+00:00,33,97,7873621,96.365,96.365,96.365,96.365,2,DX  FMU0025!
2025-07-02 04:59:00+00:00,33,97,7873621,96.365,96.365,96.365,96.365,2,DX  FMU0025!
2025-07-02 05:03:00+00:00,33,97,7873621,96.36,96.36,96.36,96.36,2,DX  FMU0025!
2025-07-02 05:06:00+00:00,33,97,7873621,96.36,96.37,96.36,96.37,7,DX  FMU0025!
2025-07-02 05:07:00+00:00,33,97,7873621,96.39,96.39,96.39,96.39,1,DX  FMU0025!
2025-07-02 05:08:00+00:00,33,97,7873621,96.4,96.4,96.395,96.395,5,DX  FMU0025!
2025-07-02 05:09:00+00:00,33,97,7873621,96.4,96.4,96.4,96.4,1,DX  FMU0025!
2025-07-02 05:10:00+00:00,33,97,7873621,96.4,96.4,96.4,96.4,2,DX  FMU0025!
2025-07-02 05:11:00+00:00,33,97,7873621,96.4,96.415,96.4,96.415,15,DX  FMU0025!
2025-07-02 05:13:00+00:00,33,97,7873621,96.41,96.41,96.41,96.41,3,DX  FMU0025!
2025-07-02 05:14:00+00:00,33,97,7873621,96.41,96.41,96.41,96.41,4,DX  FMU0025!
2025-07-02 05:15:00+00:00,33,97,7873621,96.41,96.41,96.41,96.41,1,DX  FMU0025!
2025-07-02 05:16:00+00:00,33,97,7873621,96.41,96.41,96.41,96.41,1,DX  FMU0025!
2025-07-02 05:18:00+00:00,33,97,7873621,96.41,96.42,96.41,96.42,7,DX  FMU0025!
2025-07-02 05:19:00+00:00,33,97,7873621,96.42,96.43,96.42,96.43,6,DX  FMU0025!
2025-07-02 05:20:00+00:00,33,97,7873621,96.435,96.435,96.43,96.43,3,DX  FMU0025!
2025-07-02 05:21:00+00:00,33,97,7873621,96.44,96.44,96.44,96.44,2,DX  FMU0025!
2025-07-02 05:22:00+00:00,33,97,7873621,96.44,96.44,96.44,96.44,4,DX  FMU0025!
2025-07-02 05:23:00+00:00,33,97,7873621,96.43,96.43,96.43,96.43,2,DX  FMU0025!
2025-07-02 05:24:00+00:00,33,97,7873621,96.425,96.43,96.425,96.43,12,DX  FMU0025!
2025-07-02 05:25:00+00:00,33,97,7873621,96.42,96.42,96.42,96.42,15,DX  FMU0025!
2025-07-02 05:26:00+00:00,33,97,7873621,96.42,96.42,96.42,96.42,1,DX  FMU0025!
2025-07-02 05:27:00+00:00,33,97,7873621,96.42,96.42,96.42,96.42,3,DX  FMU0025!
2025-07-02 05:30:00+00:00,33,97,7873621,96.41,96.41,96.41,96.41,1,DX  FMU0025!
2025-07-02 05:32:00+00:00,33,97,7873621,96.4,96.4,96.4,96.4,2,DX  FMU0025!
2025-07-02 05:35:00+00:00,33,97,7873621,96.395,96.405,96.395,96.405,4,DX  FMU0025!
2025-07-02 05:36:00+00:00,33,97,7873621,96.4,96.4,96.4,96.4,1,DX  FMU0025!
2025-07-02 05:39:00+00:00,33,97,7873621,96.41,96.41,96.41,96.41,10,DX  FMU0025!
2025-07-02 05:43:00+00:00,33,97,7873621,96.4,96.4,96.4,96.4,10,DX  FMU0025!
2025-07-02 05:45:00+00:00,33,97,7873621,96.4,96.41,96.4,96.41,9,DX  FMU0025!
2025-07-02 05:46:00+00:00,33,97,7873621,96.42,96.42,96.42,96.42,2,DX  FMU0025!
2025-07-02 05:49:00+00:00,33,97,7873621,96.43,96.43,96.43,96.43,3,DX  FMU0025!
2025-07-02 05:50:00+00:00,33,97,7873621,96.44,96.46,96.44,96.46,19,DX  FMU0025!
2025-07-02 05:51:00+00:00,33,97,7873621,96.46,96.46,96.45,96.46,6,DX  FMU0025!
2025-07-02 05:52:00+00:00,33,97,7873621,96.46,96.465,96.46,96.465,4,DX  FMU0025!
2025-07-02 05:53:00+00:00,33,97,7873621,96.46,96.47,96.46,96.47,6,DX  FMU0025!
2025-07-02 05:54:00+00:00,33,97,7873621,96.465,96.465,96.455,96.46,19,DX  FMU0025!
2025-07-02 05:55:00+00:00,33,97,7873621,96.455,96.455,96.45,96.455,9,DX  FMU0025!
2025-07-02 05:56:00+00:00,33,97,7873621,96.445,96.445,96.44,96.44,4,DX  FMU0025!
2025-07-02 05:57:00+00:00,33,97,7873621,96.445,96.445,96.445,96.445,3,DX  FMU0025!
2025-07-02 05:58:00+00:00,33,97,7873621,96.445,96.445,96.445,96.445,1,DX  FMU0025!
2025-07-02 05:59:00+00:00,33,97,7873621,96.45,96.45,96.445,96.445,4,DX  FMU0025!
2025-07-02 06:00:00+00:00,33,97,7873621,96.44,96.44,96.435,96.435,7,DX  FMU0025!
2025-07-02 06:01:00+00:00,33,97,7873621,96.445,96.445,96.445,96.445,1,DX  FMU0025!
2025-07-02 06:02:00+00:00,33,97,7873621,96.445,96.445,96.445,96.445,5,DX  FMU0025!
2025-07-02 06:03:00+00:00,33,97,7873621,96.455,96.455,96.45,96.45,17,DX  FMU0025!
2025-07-02 06:06:00+00:00,33,97,7873621,96.44,96.44,96.44,96.44,1,DX  FMU0025!
2025-07-02 06:07:00+00:00,33,97,7873621,96.44,96.44,96.43,96.43,6,DX  FMU0025!
2025-07-02 06:08:00+00:00,33,97,7873621,96.425,96.425,96.42,96.42,5,DX  FMU0025!
2025-07-02 06:10:00+00:00,33,97,7873621,96.415,96.415,96.415,96.415,1,DX  FMU0025!
2025-07-02 06:11:00+00:00,33,97,7873621,96.405,96.405,96.405,96.405,1,DX  FMU0025!
2025-07-02 06:12:00+00:00,33,97,7873621,96.41,96.41,96.41,96.41,7,DX  FMU0025!
2025-07-02 06:13:00+00:00,33,97,7873621,96.415,96.43,96.415,96.43,8,DX  FMU0025!
2025-07-02 06:14:00+00:00,33,97,7873621,96.425,96.425,96.425,96.425,3,DX  FMU0025!
2025-07-02 06:15:00+00:00,33,97,7873621,96.415,96.415,96.415,96.415,8,DX  FMU0025!
2025-07-02 06:16:00+00:00,33,97,7873621,96.415,96.42,96.415,96.42,10,DX  FMU0025!
2025-07-02 06:18:00+00:00,33,97,7873621,96.42,96.425,96.42,96.425,4,DX  FMU0025!
2025-07-02 06:19:00+00:00,33,97,7873621,96.42,96.42,96.42,96.42,1,DX  FMU0025!
2025-07-02 06:20:00+00:00,33,97,7873621,96.41,96.415,96.41,96.415,12,DX  FMU0025!
2025-07-02 06:21:00+00:00,33,97,7873621,96.425,96.43,96.425,96.43,38,DX  FMU0025!
2025-07-02 06:23:00+00:00,33,97,7873621,96.44,96.44,96.44,96.44,5,DX  FMU0025!
2025-07-02 06:24:00+00:00,33,97,7873621,96.455,96.46,96.455,96.455,121,DX  FMU0025!
2025-07-02 06:25:00+00:00,33,97,7873621,96.45,96.45,96.445,96.445,4,DX  FMU0025!
2025-07-02 06:26:00+00:00,33,97,7873621,96.445,96.455,96.445,96.455,14,DX  FMU0025!
2025-07-02 06:27:00+00:00,33,97,7873621,96.455,96.46,96.445,96.445,23,DX  FMU0025!
2025-07-02 06:28:00+00:00,33,97,7873621,96.445,96.455,96.445,96.455,8,DX  FMU0025!
2025-07-02 06:29:00+00:00,33,97,7873621,96.45,96.455,96.445,96.445,16,DX  FMU0025!
2025-07-02 06:30:00+00:00,33,97,7873621,96.435,96.44,96.43,96.44,17,DX  FMU0025!
2025-07-02 06:31:00+00:00,33,97,7873621,96.45,96.45,96.45,96.45,2,DX  FMU0025!
2025-07-02 06:32:00+00:00,33,97,7873621,96.45,96.46,96.45,96.455,64,DX  FMU0025!
2025-07-02 06:33:00+00:00,33,97,7873621,96.455,96.46,96.455,96.46,67,DX  FMU0025!
2025-07-02 06:34:00+00:00,33,97,7873621,96.465,96.47,96.455,96.47,82,DX  FMU0025!
2025-07-02 06:35:00+00:00,33,97,7873621,96.465,96.465,96.455,96.465,23,DX  FMU0025!
2025-07-02 06:36:00+00:00,33,97,7873621,96.47,96.47,96.47,96.47,6,DX  FMU0025!
2025-07-02 06:37:00+00:00,33,97,7873621,96.47,96.475,96.47,96.475,12,DX  FMU0025!
2025-07-02 06:38:00+00:00,33,97,7873621,96.475,96.475,96.47,96.47,26,DX  FMU0025!
2025-07-02 06:39:00+00:00,33,97,7873621,96.475,96.48,96.475,96.48,11,DX  FMU0025!
2025-07-02 06:40:00+00:00,33,97,7873621,96.48,96.49,96.48,96.49,41,DX  FMU0025!
2025-07-02 06:41:00+00:00,33,97,7873621,96.485,96.49,96.48,96.485,28,DX  FMU0025!
2025-07-02 06:42:00+00:00,33,97,7873621,96.485,96.495,96.485,96.49,8,DX  FMU0025!
2025-07-02 06:43:00+00:00,33,97,7873621,96.485,96.485,96.485,96.485,17,DX  FMU0025!
2025-07-02 06:44:00+00:00,33,97,7873621,96.49,96.49,96.485,96.49,42,DX  FMU0025!
2025-07-02 06:45:00+00:00,33,97,7873621,96.495,96.5,96.495,96.5,32,DX  FMU0025!
2025-07-02 06:46:00+00:00,33,97,7873621,96.5,96.515,96.5,96.515,23,DX  FMU0025!
2025-07-02 06:47:00+00:00,33,97,7873621,96.52,96.525,96.515,96.525,10,DX  FMU0025!
2025-07-02 06:48:00+00:00,33,97,7873621,96.525,96.525,96.52,96.52,13,DX  FMU0025!
2025-07-02 06:49:00+00:00,33,97,7873621,96.52,96.53,96.52,96.53,14,DX  FMU0025!
2025-07-02 06:50:00+00:00,33,97,7873621,96.53,96.535,96.53,96.535,39,DX  FMU0025!
2025-07-02 06:51:00+00:00,33,97,7873621,96.53,96.535,96.53,96.535,36,DX  FMU0025!
2025-07-02 06:52:00+00:00,33,97,7873621,96.535,96.54,96.52,96.52,63,DX  FMU0025!
2025-07-02 06:53:00+00:00,33,97,7873621,96.525,96.53,96.525,96.525,17,DX  FMU0025!
2025-07-02 06:54:00+00:00,33,97,7873621,96.515,96.515,96.51,96.51,18,DX  FMU0025!
2025-07-02 06:55:00+00:00,33,97,7873621,96.51,96.51,96.5,96.505,8,DX  FMU0025!
2025-07-02 06:57:00+00:00,33,97,7873621,96.505,96.505,96.495,96.495,7,DX  FMU0025!
2025-07-02 06:58:00+00:00,33,97,7873621,96.485,96.49,96.485,96.49,2,DX  FMU0025!
2025-07-02 06:59:00+00:00,33,97,7873621,96.485,96.485,96.485,96.485,6,DX  FMU0025!
2025-07-02 07:00:00+00:00,33,97,7873621,96.49,96.51,96.485,96.51,99,DX  FMU0025!
2025-07-02 07:01:00+00:00,33,97,7873621,96.505,96.51,96.505,96.51,10,DX  FMU0025!
2025-07-02 07:02:00+00:00,33,97,7873621,96.51,96.515,96.505,96.505,4,DX  FMU0025!
2025-07-02 07:03:00+00:00,33,97,7873621,96.505,96.51,96.505,96.51,45,DX  FMU0025!
2025-07-02 07:04:00+00:00,33,97,7873621,96.51,96.525,96.51,96.525,18,DX  FMU0025!
2025-07-02 07:05:00+00:00,33,97,7873621,96.525,96.525,96.515,96.515,22,DX  FMU0025!
2025-07-02 07:06:00+00:00,33,97,7873621,96.52,96.525,96.515,96.515,19,DX  FMU0025!
2025-07-02 07:07:00+00:00,33,97,7873621,96.505,96.51,96.505,96.51,2,DX  FMU0025!
2025-07-02 07:08:00+00:00,33,97,7873621,96.505,96.515,96.505,96.515,22,DX  FMU0025!
2025-07-02 07:09:00+00:00,33,97,7873621,96.52,96.52,96.52,96.52,1,DX  FMU0025!
2025-07-02 07:10:00+00:00,33,97,7873621,96.515,96.515,96.51,96.51,8,DX  FMU0025!
2025-07-02 07:11:00+00:00,33,97,7873621,96.505,96.505,96.49,96.49,5,DX  FMU0025!
2025-07-02 07:12:00+00:00,33,97,7873621,96.49,96.49,96.485,96.485,4,DX  FMU0025!
2025-07-02 07:13:00+00:00,33,97,7873621,96.49,96.49,96.49,96.49,3,DX  FMU0025!
2025-07-02 07:14:00+00:00,33,97,7873621,96.485,96.485,96.475,96.475,8,DX  FMU0025!
2025-07-02 07:15:00+00:00,33,97,7873621,96.475,96.485,96.475,96.485,47,DX  FMU0025!
2025-07-02 07:16:00+00:00,33,97,7873621,96.485,96.485,96.47,96.47,114,DX  FMU0025!
2025-07-02 07:17:00+00:00,33,97,7873621,96.47,96.475,96.47,96.475,4,DX  FMU0025!
2025-07-02 07:18:00+00:00,33,97,7873621,96.48,96.49,96.48,96.485,31,DX  FMU0025!
2025-07-02 07:19:00+00:00,33,97,7873621,96.485,96.485,96.485,96.485,3,DX  FMU0025!
2025-07-02 07:20:00+00:00,33,97,7873621,96.48,96.485,96.48,96.485,2,DX  FMU0025!
2025-07-02 07:21:00+00:00,33,97,7873621,96.485,96.495,96.485,96.495,3,DX  FMU0025!
2025-07-02 07:22:00+00:00,33,97,7873621,96.495,96.5,96.495,96.495,12,DX  FMU0025!
2025-07-02 07:23:00+00:00,33,97,7873621,96.5,96.505,96.5,96.505,20,DX  FMU0025!
2025-07-02 07:26:00+00:00,33,97,8024379,96.16,96.16,96.16,96.16,1,DX  FMZ0025!
2025-07-02 07:26:00+00:00,33,97,7873621,96.505,96.505,96.495,96.495,15,DX  FMU0025!
2025-07-02 07:27:00+00:00,33,97,7873621,96.51,96.51,96.51,96.51,2,DX  FMU0025!
2025-07-02 07:28:00+00:00,33,97,7873621,96.515,96.515,96.51,96.515,22,DX  FMU0025!
2025-07-02 07:29:00+00:00,33,97,7873621,96.515,96.515,96.515,96.515,2,DX  FMU0025!
2025-07-02 07:30:00+00:00,33,97,7873621,96.53,96.54,96.53,96.54,11,DX  FMU0025!
2025-07-02 07:31:00+00:00,33,97,7873621,96.52,96.52,96.52,96.52,23,DX  FMU0025!
2025-07-02 07:32:00+00:00,33,97,7873621,96.53,96.535,96.53,96.535,9,DX  FMU0025!
2025-07-02 07:33:00+00:00,33,97,7873621,96.52,96.52,96.52,96.52,1,DX  FMU0025!
2025-07-02 07:34:00+00:00,33,97,7873621,96.52,96.52,96.51,96.51,9,DX  FMU0025!
2025-07-02 07:35:00+00:00,33,97,7873621,96.49,96.49,96.485,96.485,3,DX  FMU0025!
2025-07-02 07:36:00+00:00,33,97,7873621,96.49,96.505,96.49,96.505,8,DX  FMU0025!
2025-07-02 07:37:00+00:00,33,97,7873621,96.5,96.51,96.5,96.51,6,DX  FMU0025!
2025-07-02 07:38:00+00:00,33,97,7873621,96.515,96.53,96.515,96.53,16,DX  FMU0025!
2025-07-02 07:39:00+00:00,33,97,7873621,96.545,96.555,96.54,96.54,65,DX  FMU0025!
2025-07-02 07:40:00+00:00,33,97,7873621,96.53,96.535,96.53,96.53,15,DX  FMU0025!
2025-07-02 07:41:00+00:00,33,97,7873621,96.525,96.525,96.525,96.525,2,DX  FMU0025!
2025-07-02 07:42:00+00:00,33,97,7873621,96.52,96.52,96.52,96.52,1,DX  FMU0025!
2025-07-02 07:43:00+00:00,33,97,7873621,96.52,96.52,96.52,96.52,4,DX  FMU0025!
2025-07-02 07:44:00+00:00,33,97,7873621,96.51,96.51,96.505,96.505,5,DX  FMU0025!
2025-07-02 07:45:00+00:00,33,97,7873621,96.5,96.51,96.5,96.51,5,DX  FMU0025!
2025-07-02 07:46:00+00:00,33,97,7873621,96.495,96.495,96.495,96.495,1,DX  FMU0025!
2025-07-02 07:49:00+00:00,33,97,7873621,96.49,96.495,96.49,96.495,6,DX  FMU0025!
2025-07-02 07:50:00+00:00,33,97,7873621,96.505,96.52,96.5,96.52,11,DX  FMU0025!
2025-07-02 07:51:00+00:00,33,97,7873621,96.52,96.52,96.52,96.52,2,DX  FMU0025!
2025-07-02 07:52:00+00:00,33,97,7873621,96.51,96.515,96.51,96.515,4,DX  FMU0025!
2025-07-02 07:53:00+00:00,33,97,7873621,96.525,96.525,96.52,96.52,4,DX  FMU0025!
2025-07-02 07:54:00+00:00,33,97,7873621,96.515,96.52,96.515,96.52,4,DX  FMU0025!
2025-07-02 07:55:00+00:00,33,97,7873621,96.525,96.525,96.52,96.52,3,DX  FMU0025!
2025-07-02 07:56:00+00:00,33,97,7873621,96.525,96.525,96.525,96.525,4,DX  FMU0025!
2025-07-02 07:57:00+00:00,33,97,7873621,96.525,96.53,96.525,96.525,9,DX  FMU0025!
2025-07-02 07:59:00+00:00,33,97,7873621,96.54,96.54,96.54,96.54,10,DX  FMU0025!
2025-07-02 08:00:00+00:00,33,97,7873621,96.545,96.56,96.545,96.555,36,DX  FMU0025!
2025-07-02 08:01:00+00:00,33,97,7873621,96.555,96.555,96.55,96.55,10,DX  FMU0025!
2025-07-02 08:02:00+00:00,33,97,7873621,96.535,96.535,96.53,96.53,8,DX  FMU0025!
2025-07-02 08:03:00+00:00,33,97,7873621,96.52,96.52,96.52,96.52,2,DX  FMU0025!
2025-07-02 08:04:00+00:00,33,97,7873621,96.525,96.53,96.525,96.53,3,DX  FMU0025!
2025-07-02 08:05:00+00:00,33,97,7873621,96.53,96.53,96.53,96.53,3,DX  FMU0025!
2025-07-02 08:07:00+00:00,33,97,7873621,96.53,96.53,96.53,96.53,2,DX  FMU0025!
2025-07-02 08:08:00+00:00,33,97,7873621,96.52,96.52,96.52,96.52,1,DX  FMU0025!
2025-07-02 08:10:00+00:00,33,97,7873621,96.505,96.505,96.505,96.505,2,DX  FMU0025!
2025-07-02 08:11:00+00:00,33,97,7873621,96.51,96.51,96.51,96.51,2,DX  FMU0025!
2025-07-02 08:12:00+00:00,33,97,7873621,96.52,96.52,96.52,96.52,2,DX  FMU0025!
2025-07-02 08:13:00+00:00,33,97,7873621,96.515,96.515,96.515,96.515,2,DX  FMU0025!
2025-07-02 08:15:00+00:00,33,97,7873621,96.515,96.515,96.515,96.515,8,DX  FMU0025!
2025-07-02 08:16:00+00:00,33,97,7873621,96.515,96.515,96.515,96.515,5,DX  FMU0025!
2025-07-02 08:20:00+00:00,33,97,7873621,96.52,96.535,96.52,96.535,15,DX  FMU0025!
2025-07-02 08:21:00+00:00,33,97,7873621,96.535,96.545,96.535,96.545,19,DX  FMU0025!
2025-07-02 08:22:00+00:00,33,97,7873621,96.54,96.565,96.54,96.565,7,DX  FMU0025!
2025-07-02 08:23:00+00:00,33,97,7873621,96.555,96.555,96.54,96.54,6,DX  FMU0025!
2025-07-02 08:24:00+00:00,33,97,7873621,96.53,96.53,96.53,96.53,1,DX  FMU0025!
2025-07-02 08:25:00+00:00,33,97,7873621,96.53,96.535,96.53,96.53,6,DX  FMU0025!
2025-07-02 08:26:00+00:00,33,97,7873621,96.535,96.535,96.535,96.535,1,DX  FMU0025!
2025-07-02 08:27:00+00:00,33,97,7873621,96.525,96.525,96.52,96.525,4,DX  FMU0025!
2025-07-02 08:28:00+00:00,33,97,7873621,96.515,96.53,96.515,96.53,53,DX  FMU0025!
2025-07-02 08:29:00+00:00,33,97,7873621,96.53,96.535,96.52,96.525,31,DX  FMU0025!
2025-07-02 08:30:00+00:00,33,97,7873621,96.52,96.52,96.52,96.52,5,DX  FMU0025!
2025-07-02 08:31:00+00:00,33,97,7873621,96.54,96.54,96.535,96.535,21,DX  FMU0025!
2025-07-02 08:32:00+00:00,33,97,7873621,96.54,96.54,96.525,96.525,6,DX  FMU0025!
2025-07-02 08:33:00+00:00,33,97,7873621,96.52,96.52,96.5,96.51,21,DX  FMU0025!
2025-07-02 08:34:00+00:00,33,97,7873621,96.515,96.52,96.515,96.515,15,DX  FMU0025!
2025-07-02 08:35:00+00:00,33,97,7873621,96.525,96.525,96.525,96.525,4,DX  FMU0025!
2025-07-02 08:36:00+00:00,33,97,7873621,96.53,96.53,96.515,96.515,8,DX  FMU0025!
2025-07-02 08:37:00+00:00,33,97,7873621,96.52,96.525,96.52,96.525,2,DX  FMU0025!
2025-07-02 08:38:00+00:00,33,97,7873621,96.52,96.52,96.52,96.52,13,DX  FMU0025!
2025-07-02 08:39:00+00:00,33,97,7873621,96.53,96.53,96.53,96.53,1,DX  FMU0025!
2025-07-02 08:40:00+00:00,33,97,7873621,96.535,96.535,96.535,96.535,6,DX  FMU0025!
2025-07-02 08:41:00+00:00,33,97,7873621,96.535,96.535,96.535,96.535,1,DX  FMU0025!
2025-07-02 08:42:00+00:00,33,97,7873621,96.535,96.535,96.535,96.535,5,DX  FMU0025!
2025-07-02 08:44:00+00:00,33,97,7873621,96.52,96.52,96.515,96.515,5,DX  FMU0025!
2025-07-02 08:45:00+00:00,33,97,7873621,96.515,96.52,96.515,96.52,6,DX  FMU0025!
2025-07-02 08:49:00+00:00,33,97,7873621,96.51,96.51,96.5,96.5,3,DX  FMU0025!
2025-07-02 08:50:00+00:00,33,97,7873621,96.505,96.505,96.505,96.505,1,DX  FMU0025!
2025-07-02 08:51:00+00:00,33,97,7873621,96.515,96.53,96.515,96.53,5,DX  FMU0025!
2025-07-02 08:52:00+00:00,33,97,7873621,96.53,96.54,96.53,96.54,11,DX  FMU0025!
2025-07-02 08:54:00+00:00,33,97,7873621,96.545,96.55,96.545,96.55,2,DX  FMU0025!
2025-07-02 08:55:00+00:00,33,97,7873621,96.545,96.55,96.545,96.545,11,DX  FMU0025!
2025-07-02 08:56:00+00:00,33,97,7873621,96.56,96.565,96.555,96.555,23,DX  FMU0025!
2025-07-02 08:57:00+00:00,33,97,7873621,96.555,96.555,96.55,96.55,25,DX  FMU0025!
2025-07-02 08:59:00+00:00,33,97,7873621,96.555,96.555,96.55,96.55,8,DX  FMU0025!
2025-07-02 09:00:00+00:00,33,97,7873621,96.545,96.545,96.54,96.54,12,DX  FMU0025!
2025-07-02 09:01:00+00:00,33,97,7873621,96.54,96.545,96.535,96.545,8,DX  FMU0025!
2025-07-02 09:02:00+00:00,33,97,7873621,96.535,96.535,96.535,96.535,1,DX  FMU0025!
2025-07-02 09:03:00+00:00,33,97,7873621,96.535,96.54,96.535,96.535,4,DX  FMU0025!
2025-07-02 09:04:00+00:00,33,97,7873621,96.535,96.54,96.535,96.54,5,DX  FMU0025!
2025-07-02 09:05:00+00:00,33,97,7873621,96.54,96.55,96.54,96.55,6,DX  FMU0025!
2025-07-02 09:06:00+00:00,33,97,7873621,96.56,96.56,96.555,96.555,7,DX  FMU0025!
2025-07-02 09:07:00+00:00,33,97,7873621,96.555,96.555,96.555,96.555,2,DX  FMU0025!
2025-07-02 09:08:00+00:00,33,97,7873621,96.55,96.55,96.545,96.545,17,DX  FMU0025!
2025-07-02 09:09:00+00:00,33,97,7873621,96.545,96.545,96.545,96.545,1,DX  FMU0025!
2025-07-02 09:10:00+00:00,33,97,7873621,96.545,96.58,96.545,96.575,32,DX  FMU0025!
2025-07-02 09:10:00+00:00,33,97,8024379,96.2,96.2,96.2,96.2,1,DX  FMZ0025!
2025-07-02 09:11:00+00:00,33,97,7873621,96.58,96.59,96.58,96.59,61,DX  FMU0025!
2025-07-02 09:12:00+00:00,33,97,7873621,96.595,96.6,96.59,96.59,24,DX  FMU0025!
2025-07-02 09:13:00+00:00,33,97,7873621,96.595,96.595,96.59,96.59,3,DX  FMU0025!
2025-07-02 09:14:00+00:00,33,97,7873621,96.58,96.59,96.58,96.59,3,DX  FMU0025!
2025-07-02 09:15:00+00:00,33,97,7873621,96.595,96.595,96.595,96.595,3,DX  FMU0025!
2025-07-02 09:16:00+00:00,33,97,7873621,96.58,96.585,96.575,96.585,24,DX  FMU0025!
2025-07-02 09:17:00+00:00,33,97,7873621,96.59,96.59,96.59,96.59,2,DX  FMU0025!
2025-07-02 09:18:00+00:00,33,97,7873621,96.595,96.6,96.595,96.6,10,DX  FMU0025!
2025-07-02 09:19:00+00:00,33,97,7873621,96.595,96.595,96.595,96.595,5,DX  FMU0025!
2025-07-02 09:20:00+00:00,33,97,7873621,96.585,96.585,96.585,96.585,6,DX  FMU0025!
2025-07-02 09:21:00+00:00,33,97,7873621,96.585,96.585,96.58,96.58,13,DX  FMU0025!
2025-07-02 09:23:00+00:00,33,97,7873621,96.585,96.585,96.585,96.585,1,DX  FMU0025!
2025-07-02 09:24:00+00:00,33,97,7873621,96.585,96.585,96.585,96.585,30,DX  FMU0025!
2025-07-02 09:25:00+00:00,33,97,7873621,96.585,96.61,96.585,96.61,43,DX  FMU0025!
2025-07-02 09:27:00+00:00,33,97,7873621,96.61,96.615,96.61,96.615,7,DX  FMU0025!
2025-07-02 09:28:00+00:00,33,97,7873621,96.62,96.62,96.615,96.615,3,DX  FMU0025!
2025-07-02 09:29:00+00:00,33,97,7873621,96.61,96.615,96.61,96.615,3,DX  FMU0025!
2025-07-02 09:30:00+00:00,33,97,7873621,96.615,96.615,96.615,96.615,10,DX  FMU0025!
2025-07-02 09:31:00+00:00,33,97,7873621,96.62,96.62,96.615,96.615,44,DX  FMU0025!
2025-07-02 09:32:00+00:00,33,97,7873621,96.62,96.62,96.61,96.61,2,DX  FMU0025!
2025-07-02 09:33:00+00:00,33,97,7873621,96.605,96.605,96.595,96.595,14,DX  FMU0025!
2025-07-02 09:34:00+00:00,33,97,7873621,96.59,96.59,96.59,96.59,17,DX  FMU0025!
2025-07-02 09:35:00+00:00,33,97,8024379,96.24,96.245,96.24,96.245,2,DX  FMZ0025!
2025-07-02 09:35:00+00:00,33,97,7873621,96.595,96.595,96.595,96.595,2,DX  FMU0025!
2025-07-02 09:36:00+00:00,33,97,7873621,96.615,96.625,96.615,96.62,8,DX  FMU0025!
2025-07-02 09:37:00+00:00,33,97,7873621,96.615,96.615,96.615,96.615,21,DX  FMU0025!
2025-07-02 09:38:00+00:00,33,97,7873621,96.615,96.615,96.615,96.615,3,DX  FMU0025!
2025-07-02 09:39:00+00:00,33,97,7873621,96.615,96.615,96.61,96.61,54,DX  FMU0025!
2025-07-02 09:40:00+00:00,33,97,7873621,96.61,96.61,96.61,96.61,5,DX  FMU0025!
2025-07-02 09:41:00+00:00,33,97,7873621,96.605,96.605,96.605,96.605,1,DX  FMU0025!
2025-07-02 09:42:00+00:00,33,97,7873621,96.6,96.6,96.6,96.6,1,DX  FMU0025!
2025-07-02 09:44:00+00:00,33,97,7873621,96.59,96.595,96.59,96.59,5,DX  FMU0025!
2025-07-02 09:46:00+00:00,33,97,7873621,96.59,96.59,96.59,96.59,3,DX  FMU0025!
2025-07-02 09:47:00+00:00,33,97,7873621,96.6,96.6,96.6,96.6,1,DX  FMU0025!
2025-07-02 09:48:00+00:00,33,97,7873621,96.6,96.6,96.6,96.6,2,DX  FMU0025!
2025-07-02 09:49:00+00:00,33,97,7873621,96.595,96.595,96.595,96.595,3,DX  FMU0025!
2025-07-02 09:50:00+00:00,33,97,7873621,96.58,96.58,96.575,96.58,34,DX  FMU0025!
2025-07-02 09:51:00+00:00,33,97,7873621,96.585,96.595,96.585,96.59,3,DX  FMU0025!
2025-07-02 09:53:00+00:00,33,97,7873621,96.58,96.58,96.575,96.575,5,DX  FMU0025!
2025-07-02 09:54:00+00:00,33,97,7873621,96.58,96.58,96.58,96.58,2,DX  FMU0025!
2025-07-02 09:55:00+00:00,33,97,7873621,96.585,96.59,96.585,96.59,37,DX  FMU0025!
2025-07-02 09:56:00+00:00,33,97,7873621,96.595,96.595,96.595,96.595,3,DX  FMU0025!
2025-07-02 09:57:00+00:00,33,97,7873621,96.6,96.6,96.6,96.6,2,DX  FMU0025!
2025-07-02 09:58:00+00:00,33,97,7873621,96.6,96.615,96.6,96.615,18,DX  FMU0025!
2025-07-02 09:59:00+00:00,33,97,7873621,96.615,96.615,96.615,96.615,3,DX  FMU0025!
2025-07-02 10:00:00+00:00,33,97,7873621,96.59,96.595,96.59,96.59,13,DX  FMU0025!
2025-07-02 10:01:00+00:00,33,97,7873621,96.59,96.59,96.59,96.59,3,DX  FMU0025!
2025-07-02 10:02:00+00:00,33,97,7873621,96.585,96.585,96.575,96.575,7,DX  FMU0025!
2025-07-02 10:03:00+00:00,33,97,7873621,96.58,96.58,96.58,96.58,2,DX  FMU0025!
2025-07-02 10:05:00+00:00,33,97,7873621,96.56,96.56,96.56,96.56,9,DX  FMU0025!
2025-07-02 10:06:00+00:00,33,97,7873621,96.555,96.555,96.55,96.55,10,DX  FMU0025!
2025-07-02 10:07:00+00:00,33,97,7873621,96.545,96.55,96.54,96.54,28,DX  FMU0025!
2025-07-02 10:08:00+00:00,33,97,7873621,96.545,96.545,96.54,96.54,5,DX  FMU0025!
2025-07-02 10:09:00+00:00,33,97,7873621,96.535,96.535,96.53,96.53,6,DX  FMU0025!
2025-07-02 10:10:00+00:00,33,97,7873621,96.53,96.535,96.53,96.535,15,DX  FMU0025!
2025-07-02 10:11:00+00:00,33,97,7873621,96.535,96.535,96.52,96.52,9,DX  FMU0025!
2025-07-02 10:12:00+00:00,33,97,7873621,96.53,96.53,96.53,96.53,1,DX  FMU0025!
2025-07-02 10:13:00+00:00,33,97,7873621,96.525,96.525,96.525,96.525,1,DX  FMU0025!
2025-07-02 10:15:00+00:00,33,97,7873621,96.53,96.53,96.53,96.53,3,DX  FMU0025!
2025-07-02 10:16:00+00:00,33,97,7873621,96.54,96.54,96.54,96.54,1,DX  FMU0025!
2025-07-02 10:17:00+00:00,33,97,7873621,96.54,96.54,96.54,96.54,1,DX  FMU0025!
2025-07-02 10:18:00+00:00,33,97,7873621,96.535,96.535,96.535,96.535,1,DX  FMU0025!
2025-07-02 10:20:00+00:00,33,97,7873621,96.545,96.545,96.545,96.545,18,DX  FMU0025!
2025-07-02 10:21:00+00:00,33,97,7873621,96.545,96.545,96.545,96.545,3,DX  FMU0025!
2025-07-02 10:22:00+00:00,33,97,7873621,96.55,96.555,96.55,96.555,6,DX  FMU0025!
2025-07-02 10:23:00+00:00,33,97,7873621,96.55,96.55,96.55,96.55,3,DX  FMU0025!
2025-07-02 10:24:00+00:00,33,97,7873621,96.55,96.55,96.535,96.55,5,DX  FMU0025!
2025-07-02 10:25:00+00:00,33,97,7873621,96.545,96.545,96.545,96.545,3,DX  FMU0025!
2025-07-02 10:27:00+00:00,33,97,7873621,96.55,96.555,96.55,96.555,4,DX  FMU0025!
2025-07-02 10:28:00+00:00,33,97,7873621,96.555,96.56,96.555,96.56,4,DX  FMU0025!
2025-07-02 10:29:00+00:00,33,97,7873621,96.555,96.555,96.555,96.555,1,DX  FMU0025!
2025-07-02 10:30:00+00:00,33,97,7873621,96.56,96.565,96.56,96.56,4,DX  FMU0025!
2025-07-02 10:31:00+00:00,33,97,7873621,96.55,96.55,96.55,96.55,6,DX  FMU0025!
2025-07-02 10:32:00+00:00,33,97,7873621,96.55,96.55,96.55,96.55,2,DX  FMU0025!
2025-07-02 10:34:00+00:00,33,97,7873621,96.55,96.55,96.55,96.55,2,DX  FMU0025!
2025-07-02 10:35:00+00:00,33,97,7873621,96.545,96.545,96.545,96.545,10,DX  FMU0025!
2025-07-02 10:36:00+00:00,33,97,7873621,96.545,96.545,96.545,96.545,3,DX  FMU0025!
2025-07-02 10:37:00+00:00,33,97,7873621,96.535,96.535,96.535,96.535,1,DX  FMU0025!
2025-07-02 10:39:00+00:00,33,97,7873621,96.54,96.54,96.54,96.54,2,DX  FMU0025!
2025-07-02 10:43:00+00:00,33,97,7873621,96.525,96.53,96.525,96.525,7,DX  FMU0025!
2025-07-02 10:44:00+00:00,33,97,7873621,96.525,96.535,96.525,96.535,101,DX  FMU0025!
2025-07-02 10:45:00+00:00,33,97,7873621,96.535,96.55,96.53,96.55,40,DX  FMU0025!
2025-07-02 10:46:00+00:00,33,97,7873621,96.545,96.555,96.545,96.555,30,DX  FMU0025!
2025-07-02 10:47:00+00:00,33,97,7873621,96.55,96.565,96.55,96.565,11,DX  FMU0025!
2025-07-02 10:48:00+00:00,33,97,7873621,96.565,96.565,96.56,96.56,29,DX  FMU0025!
2025-07-02 10:49:00+00:00,33,97,7873621,96.565,96.575,96.565,96.575,6,DX  FMU0025!
2025-07-02 10:50:00+00:00,33,97,7873621,96.575,96.58,96.575,96.58,6,DX  FMU0025!
2025-07-02 10:51:00+00:00,33,97,7873621,96.57,96.575,96.57,96.575,12,DX  FMU0025!
2025-07-02 10:52:00+00:00,33,97,7873621,96.59,96.59,96.59,96.59,1,DX  FMU0025!
2025-07-02 10:53:00+00:00,33,97,7873621,96.59,96.6,96.58,96.59,104,DX  FMU0025!
2025-07-02 10:54:00+00:00,33,97,7873621,96.58,96.585,96.58,96.585,3,DX  FMU0025!
2025-07-02 10:55:00+00:00,33,97,7873621,96.58,96.58,96.58,96.58,3,DX  FMU0025!
2025-07-02 10:56:00+00:00,33,97,7873621,96.575,96.585,96.575,96.585,15,DX  FMU0025!
2025-07-02 10:58:00+00:00,33,97,7873621,96.58,96.58,96.58,96.58,1,DX  FMU0025!
2025-07-02 10:59:00+00:00,33,97,7873621,96.58,96.58,96.58,96.58,1,DX  FMU0025!
2025-07-02 11:00:00+00:00,33,97,7873621,96.585,96.585,96.585,96.585,5,DX  FMU0025!
2025-07-02 11:01:00+00:00,33,97,7873621,96.585,96.585,96.58,96.58,23,DX  FMU0025!
2025-07-02 11:02:00+00:00,33,97,7873621,96.585,96.59,96.585,96.59,3,DX  FMU0025!
2025-07-02 11:03:00+00:00,33,97,7873621,96.575,96.575,96.575,96.575,17,DX  FMU0025!
2025-07-02 11:04:00+00:00,33,97,7873621,96.575,96.575,96.575,96.575,1,DX  FMU0025!
2025-07-02 11:05:00+00:00,33,97,7873621,96.565,96.565,96.565,96.565,2,DX  FMU0025!
2025-07-02 11:06:00+00:00,33,97,7873621,96.56,96.56,96.56,96.56,2,DX  FMU0025!
2025-07-02 11:07:00+00:00,33,97,7873621,96.56,96.565,96.56,96.565,6,DX  FMU0025!
2025-07-02 11:08:00+00:00,33,97,7873621,96.57,96.57,96.57,96.57,1,DX  FMU0025!
2025-07-02 11:10:00+00:00,33,97,7873621,96.55,96.55,96.55,96.55,1,DX  FMU0025!
2025-07-02 11:11:00+00:00,33,97,7873621,96.55,96.55,96.55,96.55,2,DX  FMU0025!
2025-07-02 11:12:00+00:00,33,97,7873621,96.55,96.55,96.55,96.55,1,DX  FMU0025!
2025-07-02 11:13:00+00:00,33,97,7873621,96.56,96.56,96.56,96.56,3,DX  FMU0025!
2025-07-02 11:14:00+00:00,33,97,7873621,96.555,96.555,96.555,96.555,2,DX  FMU0025!
2025-07-02 11:15:00+00:00,33,97,7873621,96.555,96.56,96.555,96.56,11,DX  FMU0025!
2025-07-02 11:17:00+00:00,33,97,7873621,96.555,96.56,96.555,96.56,6,DX  FMU0025!
2025-07-02 11:19:00+00:00,33,97,7873621,96.575,96.575,96.575,96.575,1,DX  FMU0025!
2025-07-02 11:20:00+00:00,33,97,7873621,96.57,96.57,96.57,96.57,1,DX  FMU0025!
2025-07-02 11:21:00+00:00,33,97,7873621,96.57,96.57,96.565,96.565,2,DX  FMU0025!
2025-07-02 11:22:00+00:00,33,97,7873621,96.56,96.565,96.555,96.555,8,DX  FMU0025!
2025-07-02 11:23:00+00:00,33,97,7873621,96.56,96.565,96.56,96.56,7,DX  FMU0025!
2025-07-02 11:24:00+00:00,33,97,7873621,96.555,96.565,96.555,96.565,10,DX  FMU0025!
2025-07-02 11:25:00+00:00,33,97,7873621,96.57,96.57,96.57,96.57,2,DX  FMU0025!
2025-07-02 11:26:00+00:00,33,97,7873621,96.575,96.575,96.575,96.575,4,DX  FMU0025!
2025-07-02 11:27:00+00:00,33,97,7873621,96.58,96.58,96.58,96.58,5,DX  FMU0025!
2025-07-02 11:29:00+00:00,33,97,7873621,96.595,96.6,96.595,96.6,8,DX  FMU0025!
2025-07-02 11:30:00+00:00,33,97,7873621,96.6,96.6,96.595,96.595,2,DX  FMU0025!
2025-07-02 11:31:00+00:00,33,97,7873621,96.6,96.6,96.6,96.6,12,DX  FMU0025!
2025-07-02 11:32:00+00:00,33,97,7873621,96.605,96.605,96.6,96.6,7,DX  FMU0025!
2025-07-02 11:33:00+00:00,33,97,7873621,96.595,96.605,96.595,96.605,4,DX  FMU0025!
2025-07-02 11:34:00+00:00,33,97,7873621,96.615,96.645,96.615,96.64,70,DX  FMU0025!
2025-07-02 11:35:00+00:00,33,97,7873621,96.635,96.635,96.625,96.625,25,DX  FMU0025!
2025-07-02 11:36:00+00:00,33,97,7873621,96.625,96.625,96.62,96.625,20,DX  FMU0025!
2025-07-02 11:37:00+00:00,33,97,7873621,96.615,96.615,96.615,96.615,3,DX  FMU0025!
2025-07-02 11:38:00+00:00,33,97,7873621,96.615,96.625,96.615,96.625,21,DX  FMU0025!
2025-07-02 11:39:00+00:00,33,97,7873621,96.62,96.645,96.62,96.645,19,DX  FMU0025!
2025-07-02 11:40:00+00:00,33,97,7873621,96.64,96.655,96.64,96.655,52,DX  FMU0025!
2025-07-02 11:41:00+00:00,33,97,7873621,96.65,96.66,96.65,96.66,17,DX  FMU0025!
2025-07-02 11:42:00+00:00,33,97,7873621,96.66,96.66,96.65,96.65,10,DX  FMU0025!
2025-07-02 11:43:00+00:00,33,97,8024379,96.26,96.26,96.245,96.245,4,DX  FMZ0025!
2025-07-02 11:43:00+00:00,33,97,7873621,96.65,96.65,96.64,96.64,4,DX  FMU0025!
2025-07-02 11:45:00+00:00,33,97,8024379,96.305,96.34,96.305,96.32,8,DX  FMZ0025!
2025-07-02 11:45:00+00:00,33,97,7873621,96.645,96.665,96.645,96.66,75,DX  FMU0025!
2025-07-02 11:46:00+00:00,33,97,7873621,96.665,96.665,96.66,96.665,7,DX  FMU0025!
2025-07-02 11:47:00+00:00,33,97,7873621,96.67,96.675,96.67,96.675,5,DX  FMU0025!
2025-07-02 11:48:00+00:00,33,97,7873621,96.67,96.68,96.67,96.68,4,DX  FMU0025!
2025-07-02 11:49:00+00:00,33,97,7873621,96.68,96.68,96.68,96.68,8,DX  FMU0025!
2025-07-02 11:50:00+00:00,33,97,7873621,96.685,96.685,96.665,96.67,9,DX  FMU0025!
2025-07-02 11:51:00+00:00,33,97,7873621,96.67,96.68,96.665,96.68,13,DX  FMU0025!
2025-07-02 11:52:00+00:00,33,97,7873621,96.675,96.675,96.66,96.67,18,DX  FMU0025!
2025-07-02 11:53:00+00:00,33,97,7873621,96.67,96.675,96.665,96.675,61,DX  FMU0025!
2025-07-02 11:54:00+00:00,33,97,7873621,96.675,96.675,96.665,96.67,15,DX  FMU0025!
2025-07-02 11:55:00+00:00,33,97,7873621,96.675,96.715,96.675,96.715,386,DX  FMU0025!
2025-07-02 11:56:00+00:00,33,97,7873621,96.71,96.715,96.705,96.71,62,DX  FMU0025!
2025-07-02 11:57:00+00:00,33,97,7873621,96.715,96.745,96.715,96.745,70,DX  FMU0025!
2025-07-02 11:58:00+00:00,33,97,7873621,96.75,96.76,96.74,96.75,42,DX  FMU0025!
2025-07-02 11:59:00+00:00,33,97,7873621,96.74,96.745,96.735,96.735,10,DX  FMU0025!
2025-07-02 12:00:00+00:00,33,97,7873621,96.74,96.77,96.74,96.755,93,DX  FMU0025!
2025-07-02 12:01:00+00:00,33,97,7873621,96.75,96.755,96.74,96.74,25,DX  FMU0025!
2025-07-02 12:02:00+00:00,33,97,7873621,96.745,96.76,96.745,96.76,83,DX  FMU0025!
2025-07-02 12:03:00+00:00,33,97,7873621,96.755,96.755,96.72,96.735,54,DX  FMU0025!
2025-07-02 12:04:00+00:00,33,97,7873621,96.735,96.735,96.72,96.72,9,DX  FMU0025!
2025-07-02 12:05:00+00:00,33,97,7873621,96.73,96.735,96.71,96.715,43,DX  FMU0025!
2025-07-02 12:06:00+00:00,33,97,7873621,96.7,96.72,96.7,96.72,20,DX  FMU0025!
2025-07-02 12:07:00+00:00,33,97,7873621,96.73,96.73,96.715,96.72,26,DX  FMU0025!
2025-07-02 12:08:00+00:00,33,97,7873621,96.72,96.72,96.695,96.695,3,DX  FMU0025!
2025-07-02 12:09:00+00:00,33,97,7873621,96.705,96.71,96.7,96.705,42,DX  FMU0025!
2025-07-02 12:10:00+00:00,33,97,7873621,96.735,96.75,96.73,96.75,30,DX  FMU0025!
2025-07-02 12:11:00+00:00,33,97,7873621,96.745,96.745,96.74,96.745,11,DX  FMU0025!
2025-07-02 12:12:00+00:00,33,97,7873621,96.735,96.735,96.725,96.725,6,DX  FMU0025!
2025-07-02 12:13:00+00:00,33,97,7873621,96.73,96.745,96.73,96.745,15,DX  FMU0025!
2025-07-02 12:14:00+00:00,33,97,7873621,96.745,96.745,96.735,96.735,23,DX  FMU0025!
2025-07-02 12:15:00+00:00,33,97,7873621,96.745,96.745,96.535,96.56,688,DX  FMU0025!
2025-07-02 12:16:00+00:00,33,97,7873621,96.55,96.6,96.55,96.59,154,DX  FMU0025!
2025-07-02 12:17:00+00:00,33,97,7873621,96.595,96.6,96.545,96.565,128,DX  FMU0025!
2025-07-02 12:18:00+00:00,33,97,7873621,96.56,96.575,96.55,96.55,60,DX  FMU0025!
2025-07-02 12:19:00+00:00,33,97,7873621,96.555,96.57,96.54,96.555,46,DX  FMU0025!
2025-07-02 12:20:00+00:00,33,97,7873621,96.555,96.555,96.52,96.54,108,DX  FMU0025!
2025-07-02 12:21:00+00:00,33,97,7873621,96.54,96.565,96.525,96.55,44,DX  FMU0025!
2025-07-02 12:22:00+00:00,33,97,7873621,96.55,96.55,96.515,96.52,41,DX  FMU0025!
2025-07-02 12:23:00+00:00,33,97,7873621,96.515,96.52,96.5,96.505,56,DX  FMU0025!
2025-07-02 12:24:00+00:00,33,97,7873621,96.495,96.5,96.47,96.48,57,DX  FMU0025!
2025-07-02 12:25:00+00:00,33,97,7873621,96.49,96.495,96.475,96.475,153,DX  FMU0025!
2025-07-02 12:26:00+00:00,33,97,7873621,96.48,96.515,96.475,96.515,55,DX  FMU0025!
2025-07-02 12:27:00+00:00,33,97,7873621,96.51,96.535,96.51,96.535,88,DX  FMU0025!
2025-07-02 12:28:00+00:00,33,97,7873621,96.53,96.55,96.53,96.545,24,DX  FMU0025!
2025-07-02 12:29:00+00:00,33,97,7873621,96.545,96.545,96.535,96.54,18,DX  FMU0025!
2025-07-02 12:30:00+00:00,33,97,7873621,96.545,96.58,96.545,96.575,52,DX  FMU0025!
2025-07-02 12:31:00+00:00,33,97,7873621,96.58,96.585,96.57,96.57,15,DX  FMU0025!
2025-07-02 12:32:00+00:00,33,97,7873621,96.575,96.605,96.57,96.6,25,DX  FMU0025!
2025-07-02 12:33:00+00:00,33,97,7873621,96.6,96.615,96.6,96.615,12,DX  FMU0025!
2025-07-02 12:34:00+00:00,33,97,7873621,96.61,96.615,96.6,96.605,28,DX  FMU0025!
2025-07-02 12:35:00+00:00,33,97,7873621,96.6,96.61,96.59,96.605,38,DX  FMU0025!
2025-07-02 12:36:00+00:00,33,97,7873621,96.585,96.62,96.58,96.615,18,DX  FMU0025!
2025-07-02 12:37:00+00:00,33,97,7873621,96.625,96.655,96.625,96.63,54,DX  FMU0025!
2025-07-02 12:38:00+00:00,33,97,7873621,96.625,96.625,96.61,96.61,43,DX  FMU0025!
2025-07-02 12:39:00+00:00,33,97,7873621,96.615,96.645,96.615,96.645,28,DX  FMU0025!
2025-07-02 12:40:00+00:00,33,97,7873621,96.645,96.67,96.645,96.67,48,DX  FMU0025!
2025-07-02 12:41:00+00:00,33,97,7873621,96.685,96.74,96.685,96.735,135,DX  FMU0025!
2025-07-02 12:42:00+00:00,33,97,7873621,96.735,96.76,96.735,96.755,93,DX  FMU0025!
2025-07-02 12:42:00+00:00,33,97,8024379,96.38,96.38,96.38,96.38,1,DX  FMZ0025!
2025-07-02 12:43:00+00:00,33,97,7873621,96.745,96.745,96.715,96.715,114,DX  FMU0025!
2025-07-02 12:44:00+00:00,33,97,7873621,96.72,96.725,96.695,96.695,51,DX  FMU0025!
2025-07-02 12:45:00+00:00,33,97,7873621,96.7,96.71,96.68,96.685,47,DX  FMU0025!
2025-07-02 12:46:00+00:00,33,97,7873621,96.68,96.69,96.675,96.68,41,DX  FMU0025!
2025-07-02 12:47:00+00:00,33,97,7873621,96.66,96.685,96.66,96.675,76,DX  FMU0025!
2025-07-02 12:48:00+00:00,33,97,7873621,96.675,96.675,96.67,96.675,16,DX  FMU0025!
2025-07-02 12:49:00+00:00,33,97,7873621,96.68,96.685,96.665,96.665,79,DX  FMU0025!
2025-07-02 12:50:00+00:00,33,97,7873621,96.67,96.695,96.67,96.685,29,DX  FMU0025!
2025-07-02 12:51:00+00:00,33,97,7873621,96.685,96.69,96.665,96.67,19,DX  FMU0025!
2025-07-02 12:52:00+00:00,33,97,7873621,96.665,96.685,96.665,96.685,75,DX  FMU0025!
2025-07-02 12:53:00+00:00,33,97,7873621,96.695,96.705,96.685,96.705,37,DX  FMU0025!
2025-07-02 12:54:00+00:00,33,97,7873621,96.71,96.715,96.695,96.695,30,DX  FMU0025!
2025-07-02 12:55:00+00:00,33,97,7873621,96.695,96.735,96.695,96.735,26,DX  FMU0025!
2025-07-02 12:56:00+00:00,33,97,7873621,96.73,96.735,96.72,96.72,19,DX  FMU0025!
2025-07-02 12:57:00+00:00,33,97,7873621,96.725,96.745,96.725,96.73,17,DX  FMU0025!
2025-07-02 12:58:00+00:00,33,97,7873621,96.73,96.745,96.73,96.735,12,DX  FMU0025!
2025-07-02 12:59:00+00:00,33,97,7873621,96.735,96.745,96.73,96.73,18,DX  FMU0025!
2025-07-02 13:00:00+00:00,33,97,7873621,96.735,96.735,96.73,96.73,6,DX  FMU0025!
2025-07-02 13:01:00+00:00,33,97,7873621,96.73,96.74,96.725,96.725,14,DX  FMU0025!
2025-07-02 13:02:00+00:00,33,97,7873621,96.73,96.73,96.705,96.705,53,DX  FMU0025!
2025-07-02 13:03:00+00:00,33,97,7873621,96.71,96.715,96.705,96.715,14,DX  FMU0025!
2025-07-02 13:04:00+00:00,33,97,7873621,96.71,96.715,96.7,96.7,6,DX  FMU0025!
2025-07-02 13:05:00+00:00,33,97,7873621,96.69,96.7,96.66,96.665,60,DX  FMU0025!
2025-07-02 13:06:00+00:00,33,97,7873621,96.665,96.665,96.645,96.645,11,DX  FMU0025!
2025-07-02 13:07:00+00:00,33,97,7873621,96.645,96.645,96.615,96.615,44,DX  FMU0025!
2025-07-02 13:08:00+00:00,33,97,7873621,96.61,96.62,96.6,96.6,58,DX  FMU0025!
2025-07-02 13:09:00+00:00,33,97,7873621,96.595,96.6,96.58,96.595,34,DX  FMU0025!
2025-07-02 13:10:00+00:00,33,97,7873621,96.595,96.6,96.575,96.595,22,DX  FMU0025!
2025-07-02 13:11:00+00:00,33,97,7873621,96.6,96.605,96.595,96.605,26,DX  FMU0025!
2025-07-02 13:12:00+00:00,33,97,7873621,96.61,96.62,96.61,96.615,5,DX  FMU0025!
2025-07-02 13:13:00+00:00,33,97,7873621,96.615,96.65,96.615,96.65,19,DX  FMU0025!
2025-07-02 13:14:00+00:00,33,97,7873621,96.65,96.65,96.62,96.62,13,DX  FMU0025!
2025-07-02 13:15:00+00:00,33,97,7873621,96.625,96.63,96.625,96.63,10,DX  FMU0025!
2025-07-02 13:16:00+00:00,33,97,7873621,96.63,96.63,96.62,96.62,13,DX  FMU0025!
2025-07-02 13:17:00+00:00,33,97,7873621,96.62,96.65,96.62,96.65,19,DX  FMU0025!
2025-07-02 13:18:00+00:00,33,97,7873621,96.645,96.675,96.635,96.67,27,DX  FMU0025!
2025-07-02 13:19:00+00:00,33,97,7873621,96.68,96.68,96.665,96.665,13,DX  FMU0025!
2025-07-02 13:20:00+00:00,33,97,7873621,96.665,96.67,96.665,96.665,8,DX  FMU0025!
2025-07-02 13:21:00+00:00,33,97,7873621,96.67,96.685,96.67,96.685,3,DX  FMU0025!
2025-07-02 13:22:00+00:00,33,97,7873621,96.675,96.68,96.675,96.68,9,DX  FMU0025!
2025-07-02 13:23:00+00:00,33,97,7873621,96.685,96.695,96.675,96.695,33,DX  FMU0025!
2025-07-02 13:24:00+00:00,33,97,7873621,96.695,96.71,96.69,96.71,29,DX  FMU0025!
2025-07-02 13:25:00+00:00,33,97,7873621,96.705,96.72,96.705,96.71,60,DX  FMU0025!
2025-07-02 13:26:00+00:00,33,97,7873621,96.71,96.71,96.7,96.71,11,DX  FMU0025!
2025-07-02 13:27:00+00:00,33,97,7873621,96.695,96.715,96.695,96.715,6,DX  FMU0025!
2025-07-02 13:28:00+00:00,33,97,7873621,96.72,96.735,96.72,96.735,26,DX  FMU0025!
2025-07-02 13:29:00+00:00,33,97,7873621,96.735,96.735,96.705,96.705,17,DX  FMU0025!
2025-07-02 13:30:00+00:00,33,97,7873621,96.705,96.72,96.705,96.72,5,DX  FMU0025!
2025-07-02 13:31:00+00:00,33,97,7873621,96.73,96.74,96.72,96.735,4,DX  FMU0025!
2025-07-02 13:32:00+00:00,33,97,7873621,96.72,96.72,96.715,96.72,4,DX  FMU0025!
2025-07-02 13:33:00+00:00,33,97,7873621,96.725,96.73,96.725,96.73,4,DX  FMU0025!
2025-07-02 13:34:00+00:00,33,97,7873621,96.74,96.77,96.74,96.76,61,DX  FMU0025!
2025-07-02 13:35:00+00:00,33,97,8024379,96.395,96.395,96.395,96.395,1,DX  FMZ0025!
2025-07-02 13:35:00+00:00,33,97,7873621,96.755,96.755,96.72,96.72,19,DX  FMU0025!
2025-07-02 13:36:00+00:00,33,97,7873621,96.715,96.715,96.71,96.71,6,DX  FMU0025!
2025-07-02 13:37:00+00:00,33,97,7873621,96.705,96.715,96.685,96.685,14,DX  FMU0025!
2025-07-02 13:38:00+00:00,33,97,7873621,96.685,96.7,96.685,96.695,15,DX  FMU0025!
2025-07-02 13:39:00+00:00,33,97,7873621,96.69,96.69,96.67,96.67,7,DX  FMU0025!
2025-07-02 13:40:00+00:00,33,97,7873621,96.675,96.675,96.66,96.665,44,DX  FMU0025!
2025-07-02 13:41:00+00:00,33,97,7873621,96.655,96.66,96.65,96.65,9,DX  FMU0025!
2025-07-02 13:42:00+00:00,33,97,7873621,96.655,96.665,96.655,96.66,14,DX  FMU0025!
2025-07-02 13:43:00+00:00,33,97,7873621,96.655,96.67,96.655,96.67,10,DX  FMU0025!
2025-07-02 13:44:00+00:00,33,97,7873621,96.675,96.68,96.665,96.665,10,DX  FMU0025!
2025-07-02 13:45:00+00:00,33,97,7873621,96.665,96.685,96.66,96.685,21,DX  FMU0025!
2025-07-02 13:46:00+00:00,33,97,7873621,96.68,96.69,96.675,96.675,16,DX  FMU0025!
2025-07-02 13:47:00+00:00,33,97,7873621,96.685,96.69,96.68,96.68,28,DX  FMU0025!
2025-07-02 13:48:00+00:00,33,97,7873621,96.68,96.71,96.68,96.705,10,DX  FMU0025!
2025-07-02 13:49:00+00:00,33,97,7873621,96.705,96.705,96.695,96.695,7,DX  FMU0025!
2025-07-02 13:50:00+00:00,33,97,7873621,96.695,96.705,96.69,96.695,14,DX  FMU0025!
2025-07-02 13:51:00+00:00,33,97,7873621,96.69,96.695,96.68,96.695,11,DX  FMU0025!
2025-07-02 13:52:00+00:00,33,97,7873621,96.695,96.715,96.695,96.705,127,DX  FMU0025!
2025-07-02 13:53:00+00:00,33,97,7873621,96.7,96.71,96.7,96.705,16,DX  FMU0025!
2025-07-02 13:54:00+00:00,33,97,7873621,96.72,96.74,96.715,96.74,33,DX  FMU0025!
2025-07-02 13:55:00+00:00,33,97,7873621,96.74,96.785,96.74,96.785,52,DX  FMU0025!
2025-07-02 13:56:00+00:00,33,97,7873621,96.785,96.785,96.765,96.765,28,DX  FMU0025!
2025-07-02 13:57:00+00:00,33,97,7873621,96.755,96.77,96.755,96.77,9,DX  FMU0025!
2025-07-02 13:58:00+00:00,33,97,7873621,96.765,96.77,96.755,96.755,14,DX  FMU0025!
2025-07-02 13:59:00+00:00,33,97,7873621,96.755,96.76,96.75,96.75,22,DX  FMU0025!
2025-07-02 14:00:00+00:00,33,97,7873621,96.75,96.75,96.72,96.72,9,DX  FMU0025!
2025-07-02 14:01:00+00:00,33,97,7873621,96.725,96.74,96.72,96.73,13,DX  FMU0025!
2025-07-02 14:02:00+00:00,33,97,7873621,96.74,96.74,96.73,96.735,13,DX  FMU0025!
2025-07-02 14:03:00+00:00,33,97,7873621,96.74,96.755,96.74,96.755,25,DX  FMU0025!
2025-07-02 14:04:00+00:00,33,97,7873621,96.75,96.755,96.745,96.75,19,DX  FMU0025!
2025-07-02 14:05:00+00:00,33,97,7873621,96.76,96.78,96.755,96.78,42,DX  FMU0025!
2025-07-02 14:06:00+00:00,33,97,7873621,96.785,96.795,96.775,96.795,82,DX  FMU0025!
2025-07-02 14:07:00+00:00,33,97,7873621,96.79,96.79,96.765,96.785,17,DX  FMU0025!
2025-07-02 14:08:00+00:00,33,97,7873621,96.765,96.775,96.76,96.765,22,DX  FMU0025!
2025-07-02 14:09:00+00:00,33,97,7873621,96.76,96.76,96.745,96.745,30,DX  FMU0025!
2025-07-02 14:10:00+00:00,33,97,7873621,96.75,96.75,96.735,96.74,18,DX  FMU0025!
2025-07-02 14:11:00+00:00,33,97,7873621,96.745,96.76,96.745,96.76,11,DX  FMU0025!
2025-07-02 14:12:00+00:00,33,97,7873621,96.755,96.77,96.755,96.77,44,DX  FMU0025!
2025-07-02 14:13:00+00:00,33,97,7873621,96.76,96.77,96.76,96.76,30,DX  FMU0025!
2025-07-02 14:14:00+00:00,33,97,7873621,96.76,96.78,96.76,96.78,21,DX  FMU0025!
2025-07-02 14:15:00+00:00,33,97,7873621,96.785,96.79,96.775,96.775,59,DX  FMU0025!
2025-07-02 14:16:00+00:00,33,97,7873621,96.775,96.805,96.775,96.8,48,DX  FMU0025!
2025-07-02 14:17:00+00:00,33,97,7873621,96.79,96.795,96.785,96.795,49,DX  FMU0025!
2025-07-02 14:18:00+00:00,33,97,7873621,96.795,96.8,96.785,96.785,51,DX  FMU0025!
2025-07-02 14:19:00+00:00,33,97,7873621,96.785,96.785,96.775,96.775,20,DX  FMU0025!
2025-07-02 14:20:00+00:00,33,97,7873621,96.77,96.78,96.77,96.78,14,DX  FMU0025!
2025-07-02 14:21:00+00:00,33,97,7873621,96.775,96.775,96.76,96.76,4,DX  FMU0025!
2025-07-02 14:22:00+00:00,33,97,7873621,96.755,96.755,96.75,96.75,5,DX  FMU0025!
2025-07-02 14:23:00+00:00,33,97,7873621,96.75,96.75,96.75,96.75,5,DX  FMU0025!
2025-07-02 14:24:00+00:00,33,97,7873621,96.755,96.765,96.74,96.74,13,DX  FMU0025!
2025-07-02 14:25:00+00:00,33,97,7873621,96.74,96.755,96.73,96.745,74,DX  FMU0025!
2025-07-02 14:26:00+00:00,33,97,7873621,96.735,96.735,96.71,96.71,18,DX  FMU0025!
2025-07-02 14:27:00+00:00,33,97,7873621,96.705,96.705,96.695,96.695,3,DX  FMU0025!
2025-07-02 14:28:00+00:00,33,97,7873621,96.715,96.735,96.715,96.73,13,DX  FMU0025!
2025-07-02 14:29:00+00:00,33,97,7873621,96.735,96.75,96.735,96.75,6,DX  FMU0025!
2025-07-02 14:30:00+00:00,33,97,7873621,96.74,96.74,96.73,96.735,33,DX  FMU0025!
2025-07-02 14:31:00+00:00,33,97,7873621,96.745,96.75,96.74,96.74,11,DX  FMU0025!
2025-07-02 14:32:00+00:00,33,97,7873621,96.74,96.74,96.74,96.74,3,DX  FMU0025!
2025-07-02 14:33:00+00:00,33,97,7873621,96.73,96.73,96.72,96.72,63,DX  FMU0025!
2025-07-02 14:34:00+00:00,33,97,7873621,96.71,96.715,96.71,96.71,25,DX  FMU0025!
2025-07-02 14:35:00+00:00,33,97,7873621,96.71,96.725,96.71,96.725,36,DX  FMU0025!
2025-07-02 14:37:00+00:00,33,97,7873621,96.725,96.745,96.725,96.745,31,DX  FMU0025!
2025-07-02 14:38:00+00:00,33,97,7873621,96.75,96.76,96.745,96.75,14,DX  FMU0025!
2025-07-02 14:39:00+00:00,33,97,7873621,96.76,96.765,96.76,96.765,17,DX  FMU0025!
2025-07-02 14:40:00+00:00,33,97,7873621,96.755,96.755,96.755,96.755,5,DX  FMU0025!
2025-07-02 14:41:00+00:00,33,97,7873621,96.75,96.75,96.72,96.72,17,DX  FMU0025!
2025-07-02 14:41:00+00:00,33,97,8024379,96.41,96.415,96.41,96.415,2,DX  FMZ0025!
2025-07-02 14:42:00+00:00,33,97,7873621,96.725,96.745,96.725,96.745,6,DX  FMU0025!
2025-07-02 14:43:00+00:00,33,97,7873621,96.765,96.765,96.755,96.755,2,DX  FMU0025!
2025-07-02 14:44:00+00:00,33,97,7873621,96.745,96.755,96.745,96.75,11,DX  FMU0025!
2025-07-02 14:45:00+00:00,33,97,7873621,96.745,96.76,96.745,96.76,6,DX  FMU0025!
2025-07-02 14:46:00+00:00,33,97,7873621,96.755,96.755,96.745,96.75,16,DX  FMU0025!
2025-07-02 14:47:00+00:00,33,97,7873621,96.73,96.755,96.725,96.755,23,DX  FMU0025!
2025-07-02 14:48:00+00:00,33,97,7873621,96.76,96.78,96.755,96.755,5,DX  FMU0025!
2025-07-02 14:49:00+00:00,33,97,7873621,96.775,96.78,96.775,96.78,8,DX  FMU0025!
2025-07-02 14:50:00+00:00,33,97,7873621,96.77,96.82,96.77,96.8,65,DX  FMU0025!
2025-07-02 14:51:00+00:00,33,97,7873621,96.78,96.78,96.735,96.735,10,DX  FMU0025!
2025-07-02 14:52:00+00:00,33,97,7873621,96.725,96.765,96.725,96.765,53,DX  FMU0025!
2025-07-02 14:53:00+00:00,33,97,7873621,96.75,96.76,96.745,96.745,16,DX  FMU0025!
2025-07-02 14:54:00+00:00,33,97,7873621,96.75,96.75,96.735,96.75,10,DX  FMU0025!
2025-07-02 14:55:00+00:00,33,97,7873621,96.745,96.745,96.7,96.705,24,DX  FMU0025!
2025-07-02 14:56:00+00:00,33,97,7873621,96.7,96.7,96.685,96.7,18,DX  FMU0025!
2025-07-02 14:57:00+00:00,33,97,7873621,96.71,96.71,96.7,96.71,16,DX  FMU0025!
2025-07-02 14:58:00+00:00,33,97,7873621,96.705,96.705,96.7,96.7,7,DX  FMU0025!
2025-07-02 14:59:00+00:00,33,97,7873621,96.705,96.715,96.705,96.705,9,DX  FMU0025!
2025-07-02 15:00:00+00:00,33,97,7873621,96.705,96.71,96.7,96.705,28,DX  FMU0025!
2025-07-02 15:01:00+00:00,33,97,7873621,96.7,96.7,96.7,96.7,2,DX  FMU0025!
2025-07-02 15:02:00+00:00,33,97,7873621,96.71,96.715,96.705,96.715,16,DX  FMU0025!
2025-07-02 15:03:00+00:00,33,97,7873621,96.7,96.705,96.7,96.705,53,DX  FMU0025!
2025-07-02 15:04:00+00:00,33,97,7873621,96.7,96.7,96.695,96.695,29,DX  FMU0025!
2025-07-02 15:05:00+00:00,33,97,7873621,96.695,96.705,96.695,96.705,21,DX  FMU0025!
2025-07-02 15:06:00+00:00,33,97,7873621,96.7,96.705,96.69,96.69,10,DX  FMU0025!
2025-07-02 15:07:00+00:00,33,97,7873621,96.695,96.71,96.695,96.71,6,DX  FMU0025!
2025-07-02 15:08:00+00:00,33,97,7873621,96.7,96.715,96.7,96.71,20,DX  FMU0025!
2025-07-02 15:09:00+00:00,33,97,7873621,96.71,96.71,96.695,96.7,8,DX  FMU0025!
2025-07-02 15:10:00+00:00,33,97,7873621,96.685,96.685,96.66,96.66,27,DX  FMU0025!
2025-07-02 15:11:00+00:00,33,97,7873621,96.655,96.66,96.65,96.65,14,DX  FMU0025!
2025-07-02 15:12:00+00:00,33,97,7873621,96.645,96.645,96.64,96.64,17,DX  FMU0025!
2025-07-02 15:13:00+00:00,33,97,7873621,96.645,96.65,96.64,96.64,17,DX  FMU0025!
2025-07-02 15:14:00+00:00,33,97,7873621,96.64,96.64,96.625,96.625,49,DX  FMU0025!
2025-07-02 15:15:00+00:00,33,97,7873621,96.625,96.625,96.61,96.615,22,DX  FMU0025!
2025-07-02 15:16:00+00:00,33,97,7873621,96.61,96.61,96.605,96.605,39,DX  FMU0025!
2025-07-02 15:17:00+00:00,33,97,7873621,96.605,96.61,96.605,96.61,26,DX  FMU0025!
2025-07-02 15:18:00+00:00,33,97,7873621,96.615,96.615,96.595,96.615,16,DX  FMU0025!
2025-07-02 15:19:00+00:00,33,97,7873621,96.62,96.62,96.61,96.61,6,DX  FMU0025!
2025-07-02 15:20:00+00:00,33,97,7873621,96.615,96.615,96.61,96.61,7,DX  FMU0025!
2025-07-02 15:21:00+00:00,33,97,7873621,96.615,96.62,96.61,96.62,8,DX  FMU0025!
2025-07-02 15:22:00+00:00,33,97,7873621,96.62,96.62,96.605,96.61,12,DX  FMU0025!
2025-07-02 15:23:00+00:00,33,97,7873621,96.605,96.605,96.585,96.595,46,DX  FMU0025!
2025-07-02 15:24:00+00:00,33,97,7873621,96.6,96.63,96.6,96.63,24,DX  FMU0025!
2025-07-02 15:25:00+00:00,33,97,8024379,96.265,96.265,96.25,96.25,3,DX  FMZ0025!
2025-07-02 15:25:00+00:00,33,97,7873621,96.63,96.635,96.625,96.63,10,DX  FMU0025!
2025-07-02 15:26:00+00:00,33,97,7873621,96.635,96.635,96.61,96.61,22,DX  FMU0025!
2025-07-02 15:27:00+00:00,33,97,7873621,96.61,96.61,96.605,96.605,4,DX  FMU0025!
2025-07-02 15:28:00+00:00,33,97,7873621,96.605,96.615,96.6,96.615,4,DX  FMU0025!
2025-07-02 15:29:00+00:00,33,97,7873621,96.61,96.61,96.605,96.605,4,DX  FMU0025!
2025-07-02 15:30:00+00:00,33,97,7873621,96.6,96.6,96.585,96.585,18,DX  FMU0025!
2025-07-02 15:31:00+00:00,33,97,7873621,96.585,96.59,96.57,96.575,17,DX  FMU0025!
2025-07-02 15:32:00+00:00,33,97,7873621,96.575,96.585,96.575,96.585,31,DX  FMU0025!
2025-07-02 15:33:00+00:00,33,97,7873621,96.58,96.58,96.575,96.58,23,DX  FMU0025!
2025-07-02 15:34:00+00:00,33,97,7873621,96.58,96.6,96.58,96.595,43,DX  FMU0025!
2025-07-02 15:35:00+00:00,33,97,7873621,96.59,96.59,96.585,96.59,22,DX  FMU0025!
2025-07-02 15:36:00+00:00,33,97,7873621,96.595,96.595,96.59,96.59,11,DX  FMU0025!
2025-07-02 15:37:00+00:00,33,97,7873621,96.59,96.59,96.585,96.585,15,DX  FMU0025!
2025-07-02 15:38:00+00:00,33,97,7873621,96.58,96.58,96.57,96.575,25,DX  FMU0025!
2025-07-02 15:39:00+00:00,33,97,7873621,96.58,96.58,96.575,96.575,7,DX  FMU0025!
2025-07-02 15:40:00+00:00,33,97,7873621,96.59,96.605,96.59,96.605,13,DX  FMU0025!
2025-07-02 15:41:00+00:00,33,97,7873621,96.6,96.605,96.6,96.605,8,DX  FMU0025!
2025-07-02 15:42:00+00:00,33,97,7873621,96.595,96.6,96.595,96.6,4,DX  FMU0025!
2025-07-02 15:43:00+00:00,33,97,7873621,96.595,96.595,96.59,96.59,7,DX  FMU0025!
2025-07-02 15:44:00+00:00,33,97,7873621,96.595,96.595,96.58,96.58,15,DX  FMU0025!
2025-07-02 15:45:00+00:00,33,97,7873621,96.58,96.58,96.565,96.58,33,DX  FMU0025!
2025-07-02 15:46:00+00:00,33,97,7873621,96.575,96.575,96.555,96.565,15,DX  FMU0025!
2025-07-02 15:47:00+00:00,33,97,7873621,96.56,96.56,96.545,96.555,26,DX  FMU0025!
2025-07-02 15:48:00+00:00,33,97,7873621,96.555,96.555,96.555,96.555,3,DX  FMU0025!
2025-07-02 15:49:00+00:00,33,97,7873621,96.57,96.57,96.565,96.565,7,DX  FMU0025!
2025-07-02 15:50:00+00:00,33,97,7873621,96.565,96.565,96.565,96.565,3,DX  FMU0025!
2025-07-02 15:51:00+00:00,33,97,7873621,96.57,96.58,96.57,96.58,5,DX  FMU0025!
2025-07-02 15:52:00+00:00,33,97,7873621,96.575,96.575,96.565,96.57,6,DX  FMU0025!
2025-07-02 15:53:00+00:00,33,97,7873621,96.565,96.565,96.55,96.555,8,DX  FMU0025!
2025-07-02 15:54:00+00:00,33,97,7873621,96.56,96.565,96.555,96.565,4,DX  FMU0025!
2025-07-02 15:55:00+00:00,33,97,7873621,96.575,96.575,96.575,96.575,4,DX  FMU0025!
2025-07-02 15:56:00+00:00,33,97,7873621,96.57,96.575,96.55,96.55,49,DX  FMU0025!
2025-07-02 15:57:00+00:00,33,97,7873621,96.55,96.555,96.545,96.55,16,DX  FMU0025!
2025-07-02 15:58:00+00:00,33,97,7873621,96.555,96.555,96.535,96.535,28,DX  FMU0025!
2025-07-02 15:59:00+00:00,33,97,7873621,96.535,96.54,96.53,96.535,11,DX  FMU0025!
2025-07-02 16:00:00+00:00,33,97,7873621,96.535,96.54,96.535,96.54,6,DX  FMU0025!
2025-07-02 16:01:00+00:00,33,97,7873621,96.55,96.555,96.55,96.555,3,DX  FMU0025!
2025-07-02 16:02:00+00:00,33,97,7873621,96.555,96.555,96.555,96.555,1,DX  FMU0025!
2025-07-02 16:03:00+00:00,33,97,7873621,96.555,96.565,96.555,96.565,13,DX  FMU0025!
2025-07-02 16:04:00+00:00,33,97,7873621,96.565,96.565,96.56,96.56,6,DX  FMU0025!
2025-07-02 16:05:00+00:00,33,97,7873621,96.56,96.56,96.55,96.55,7,DX  FMU0025!
2025-07-02 16:06:00+00:00,33,97,7873621,96.555,96.555,96.555,96.555,2,DX  FMU0025!
2025-07-02 16:07:00+00:00,33,97,7873621,96.545,96.545,96.535,96.54,27,DX  FMU0025!
2025-07-02 16:08:00+00:00,33,97,7873621,96.53,96.53,96.51,96.51,54,DX  FMU0025!
2025-07-02 16:09:00+00:00,33,97,7873621,96.51,96.51,96.505,96.51,41,DX  FMU0025!
2025-07-02 16:10:00+00:00,33,97,7873621,96.51,96.53,96.51,96.53,69,DX  FMU0025!
2025-07-02 16:11:00+00:00,33,97,7873621,96.53,96.54,96.53,96.53,15,DX  FMU0025!
2025-07-02 16:12:00+00:00,33,97,7873621,96.525,96.535,96.525,96.535,3,DX  FMU0025!
2025-07-02 16:13:00+00:00,33,97,7873621,96.54,96.54,96.535,96.535,8,DX  FMU0025!
2025-07-02 16:14:00+00:00,33,97,7873621,96.53,96.54,96.53,96.54,51,DX  FMU0025!
2025-07-02 16:15:00+00:00,33,97,7873621,96.54,96.545,96.54,96.545,5,DX  FMU0025!
2025-07-02 16:16:00+00:00,33,97,7873621,96.535,96.535,96.53,96.53,12,DX  FMU0025!
2025-07-02 16:18:00+00:00,33,97,8024379,96.13,96.13,96.13,96.13,2,DX  FMZ0025!
2025-07-02 16:18:00+00:00,33,97,7873621,96.525,96.525,96.515,96.52,25,DX  FMU0025!
2025-07-02 16:19:00+00:00,33,97,7873621,96.52,96.52,96.52,96.52,2,DX  FMU0025!
2025-07-02 16:20:00+00:00,33,97,7873621,96.52,96.52,96.52,96.52,1,DX  FMU0025!
2025-07-02 16:21:00+00:00,33,97,7873621,96.525,96.525,96.5,96.505,35,DX  FMU0025!
2025-07-02 16:22:00+00:00,33,97,7873621,96.515,96.52,96.51,96.515,13,DX  FMU0025!
2025-07-02 16:23:00+00:00,33,97,7873621,96.51,96.52,96.51,96.52,3,DX  FMU0025!
2025-07-02 16:24:00+00:00,33,97,7873621,96.525,96.53,96.52,96.52,8,DX  FMU0025!
2025-07-02 16:25:00+00:00,33,97,7873621,96.52,96.525,96.52,96.525,19,DX  FMU0025!
2025-07-02 16:26:00+00:00,33,97,7873621,96.52,96.525,96.52,96.52,10,DX  FMU0025!
2025-07-02 16:27:00+00:00,33,97,7873621,96.525,96.525,96.52,96.52,9,DX  FMU0025!
2025-07-02 16:28:00+00:00,33,97,7873621,96.525,96.525,96.52,96.52,4,DX  FMU0025!
2025-07-02 16:30:00+00:00,33,97,7873621,96.53,96.53,96.53,96.53,6,DX  FMU0025!
2025-07-02 16:31:00+00:00,33,97,7873621,96.525,96.525,96.51,96.515,15,DX  FMU0025!
2025-07-02 16:32:00+00:00,33,97,7873621,96.505,96.515,96.505,96.515,8,DX  FMU0025!
2025-07-02 16:33:00+00:00,33,97,7873621,96.515,96.515,96.515,96.515,2,DX  FMU0025!
2025-07-02 16:34:00+00:00,33,97,7873621,96.515,96.515,96.515,96.515,1,DX  FMU0025!
2025-07-02 16:35:00+00:00,33,97,7873621,96.52,96.525,96.52,96.525,2,DX  FMU0025!
2025-07-02 16:36:00+00:00,33,97,7873621,96.525,96.525,96.515,96.525,4,DX  FMU0025!
2025-07-02 16:37:00+00:00,33,97,7873621,96.525,96.525,96.52,96.52,2,DX  FMU0025!
2025-07-02 16:38:00+00:00,33,97,7873621,96.515,96.515,96.515,96.515,1,DX  FMU0025!
2025-07-02 16:39:00+00:00,33,97,7873621,96.52,96.52,96.52,96.52,7,DX  FMU0025!
2025-07-02 16:40:00+00:00,33,97,7873621,96.525,96.525,96.51,96.51,9,DX  FMU0025!
2025-07-02 16:42:00+00:00,33,97,7873621,96.525,96.525,96.525,96.525,20,DX  FMU0025!
2025-07-02 16:43:00+00:00,33,97,7873621,96.515,96.515,96.515,96.515,7,DX  FMU0025!
2025-07-02 16:44:00+00:00,33,97,7873621,96.52,96.53,96.52,96.53,11,DX  FMU0025!
2025-07-02 16:46:00+00:00,33,97,7873621,96.535,96.535,96.52,96.52,15,DX  FMU0025!
2025-07-02 16:47:00+00:00,33,97,7873621,96.52,96.535,96.515,96.52,157,DX  FMU0025!
2025-07-02 16:48:00+00:00,33,97,7873621,96.52,96.52,96.515,96.515,20,DX  FMU0025!
2025-07-02 16:49:00+00:00,33,97,7873621,96.525,96.525,96.52,96.52,11,DX  FMU0025!
2025-07-02 16:50:00+00:00,33,97,7873621,96.525,96.525,96.525,96.525,1,DX  FMU0025!
2025-07-02 16:51:00+00:00,33,97,7873621,96.52,96.53,96.52,96.53,4,DX  FMU0025!
2025-07-02 16:52:00+00:00,33,97,7873621,96.535,96.54,96.535,96.54,11,DX  FMU0025!
2025-07-02 16:53:00+00:00,33,97,7873621,96.525,96.525,96.525,96.525,3,DX  FMU0025!
2025-07-02 16:54:00+00:00,33,97,7873621,96.53,96.53,96.52,96.52,4,DX  FMU0025!
2025-07-02 16:55:00+00:00,33,97,7873621,96.52,96.52,96.52,96.52,5,DX  FMU0025!
2025-07-02 16:56:00+00:00,33,97,7873621,96.52,96.52,96.515,96.515,2,DX  FMU0025!
2025-07-02 16:57:00+00:00,33,97,7873621,96.51,96.515,96.51,96.515,2,DX  FMU0025!
2025-07-02 16:58:00+00:00,33,97,7873621,96.515,96.515,96.51,96.515,6,DX  FMU0025!
2025-07-02 16:59:00+00:00,33,97,7873621,96.52,96.52,96.52,96.52,4,DX  FMU0025!
2025-07-02 17:00:00+00:00,33,97,7873621,96.505,96.51,96.5,96.5,10,DX  FMU0025!
2025-07-02 17:01:00+00:00,33,97,7873621,96.505,96.505,96.505,96.505,2,DX  FMU0025!
2025-07-02 17:02:00+00:00,33,97,7873621,96.5,96.5,96.495,96.495,18,DX  FMU0025!
2025-07-02 17:03:00+00:00,33,97,7873621,96.485,96.485,96.47,96.47,75,DX  FMU0025!
2025-07-02 17:03:00+00:00,33,97,8024379,96.11,96.11,96.1,96.1,2,DX  FMZ0025!
2025-07-02 17:04:00+00:00,33,97,7873621,96.47,96.47,96.46,96.46,26,DX  FMU0025!
2025-07-02 17:05:00+00:00,33,97,8024379,96.095,96.095,96.095,96.095,1,DX  FMZ0025!
2025-07-02 17:05:00+00:00,33,97,7873621,96.455,96.46,96.455,96.46,51,DX  FMU0025!
2025-07-02 17:06:00+00:00,33,97,7873621,96.455,96.455,96.45,96.45,25,DX  FMU0025!
2025-07-02 17:07:00+00:00,33,97,8024379,96.085,96.085,96.085,96.085,1,DX  FMZ0025!
2025-07-02 17:07:00+00:00,33,97,7873621,96.45,96.45,96.43,96.43,122,DX  FMU0025!
2025-07-02 17:08:00+00:00,33,97,7873621,96.435,96.44,96.43,96.43,21,DX  FMU0025!
2025-07-02 17:09:00+00:00,33,97,7873621,96.445,96.45,96.445,96.45,10,DX  FMU0025!
2025-07-02 17:10:00+00:00,33,97,7873621,96.45,96.455,96.45,96.455,3,DX  FMU0025!
2025-07-02 17:11:00+00:00,33,97,7873621,96.455,96.455,96.455,96.455,2,DX  FMU0025!
2025-07-02 17:12:00+00:00,33,97,7873621,96.455,96.455,96.45,96.45,21,DX  FMU0025!
2025-07-02 17:13:00+00:00,33,97,7873621,96.45,96.45,96.45,96.45,4,DX  FMU0025!
2025-07-02 17:14:00+00:00,33,97,7873621,96.45,96.45,96.445,96.445,3,DX  FMU0025!
2025-07-02 17:15:00+00:00,33,97,7873621,96.445,96.445,96.445,96.445,1,DX  FMU0025!
2025-07-02 17:16:00+00:00,33,97,7873621,96.445,96.445,96.445,96.445,7,DX  FMU0025!
2025-07-02 17:17:00+00:00,33,97,7873621,96.445,96.445,96.43,96.44,11,DX  FMU0025!
2025-07-02 17:18:00+00:00,33,97,7873621,96.445,96.455,96.445,96.445,18,DX  FMU0025!
2025-07-02 17:19:00+00:00,33,97,7873621,96.44,96.44,96.44,96.44,10,DX  FMU0025!
2025-07-02 17:20:00+00:00,33,97,7873621,96.45,96.45,96.45,96.45,1,DX  FMU0025!
2025-07-02 17:21:00+00:00,33,97,7873621,96.45,96.46,96.45,96.46,11,DX  FMU0025!
2025-07-02 17:22:00+00:00,33,97,7873621,96.46,96.46,96.455,96.46,27,DX  FMU0025!
2025-07-02 17:24:00+00:00,33,97,7873621,96.475,96.485,96.475,96.48,4,DX  FMU0025!
2025-07-02 17:25:00+00:00,33,97,7873621,96.485,96.49,96.48,96.49,33,DX  FMU0025!
2025-07-02 17:26:00+00:00,33,97,7873621,96.495,96.495,96.495,96.495,70,DX  FMU0025!
2025-07-02 17:27:00+00:00,33,97,7873621,96.5,96.5,96.5,96.5,6,DX  FMU0025!
2025-07-02 17:28:00+00:00,33,97,7873621,96.5,96.5,96.495,96.495,7,DX  FMU0025!
2025-07-02 17:29:00+00:00,33,97,7873621,96.495,96.495,96.48,96.48,8,DX  FMU0025!
2025-07-02 17:30:00+00:00,33,97,7873621,96.48,96.48,96.475,96.475,2,DX  FMU0025!
2025-07-02 17:31:00+00:00,33,97,7873621,96.475,96.475,96.47,96.475,8,DX  FMU0025!
2025-07-02 17:31:00+00:00,33,97,8024379,96.085,96.085,96.075,96.075,10,DX  FMZ0025!
2025-07-02 17:32:00+00:00,33,97,7873621,96.47,96.47,96.46,96.46,12,DX  FMU0025!
2025-07-02 17:33:00+00:00,33,97,7873621,96.455,96.455,96.455,96.455,4,DX  FMU0025!
2025-07-02 17:34:00+00:00,33,97,7873621,96.445,96.45,96.445,96.45,7,DX  FMU0025!
2025-07-02 17:35:00+00:00,33,97,7873621,96.46,96.46,96.46,96.46,3,DX  FMU0025!
2025-07-02 17:36:00+00:00,33,97,7873621,96.46,96.46,96.455,96.455,4,DX  FMU0025!
2025-07-02 17:37:00+00:00,33,97,7873621,96.455,96.455,96.455,96.455,4,DX  FMU0025!
2025-07-02 17:38:00+00:00,33,97,7873621,96.455,96.455,96.45,96.455,3,DX  FMU0025!
2025-07-02 17:39:00+00:00,33,97,7873621,96.46,96.46,96.455,96.455,6,DX  FMU0025!
2025-07-02 17:40:00+00:00,33,97,7873621,96.46,96.46,96.46,96.46,1,DX  FMU0025!
2025-07-02 17:41:00+00:00,33,97,7873621,96.465,96.465,96.465,96.465,1,DX  FMU0025!
2025-07-02 17:42:00+00:00,33,97,7873621,96.455,96.455,96.455,96.455,1,DX  FMU0025!
2025-07-02 17:43:00+00:00,33,97,7873621,96.46,96.46,96.46,96.46,1,DX  FMU0025!
2025-07-02 17:44:00+00:00,33,97,7873621,96.455,96.465,96.455,96.465,3,DX  FMU0025!
2025-07-02 17:45:00+00:00,33,97,7873621,96.465,96.465,96.465,96.465,2,DX  FMU0025!
2025-07-02 17:46:00+00:00,33,97,7873621,96.465,96.465,96.465,96.465,5,DX  FMU0025!
2025-07-02 17:47:00+00:00,33,97,7873621,96.47,96.47,96.46,96.46,16,DX  FMU0025!
2025-07-02 17:48:00+00:00,33,97,7873621,96.455,96.455,96.45,96.45,3,DX  FMU0025!
2025-07-02 17:49:00+00:00,33,97,7873621,96.44,96.45,96.44,96.45,49,DX  FMU0025!
2025-07-02 17:50:00+00:00,33,97,7873621,96.45,96.455,96.45,96.455,3,DX  FMU0025!
2025-07-02 17:51:00+00:00,33,97,7873621,96.46,96.46,96.455,96.455,4,DX  FMU0025!
2025-07-02 17:52:00+00:00,33,97,7873621,96.46,96.46,96.46,96.46,1,DX  FMU0025!
2025-07-02 17:53:00+00:00,33,97,7873621,96.465,96.47,96.465,96.47,9,DX  FMU0025!
2025-07-02 17:54:00+00:00,33,97,7873621,96.47,96.47,96.47,96.47,4,DX  FMU0025!
2025-07-02 17:55:00+00:00,33,97,7873621,96.47,96.475,96.47,96.475,2,DX  FMU0025!
2025-07-02 17:56:00+00:00,33,97,7873621,96.465,96.465,96.465,96.465,4,DX  FMU0025!
2025-07-02 17:57:00+00:00,33,97,7873621,96.46,96.46,96.455,96.455,4,DX  FMU0025!
2025-07-02 17:58:00+00:00,33,97,7873621,96.46,96.46,96.46,96.46,2,DX  FMU0025!
2025-07-02 17:59:00+00:00,33,97,7873621,96.465,96.465,96.46,96.46,3,DX  FMU0025!
2025-07-02 18:00:00+00:00,33,97,7873621,96.47,96.47,96.47,96.47,1,DX  FMU0025!
2025-07-02 18:02:00+00:00,33,97,7873621,96.465,96.465,96.46,96.46,3,DX  FMU0025!
2025-07-02 18:03:00+00:00,33,97,7873621,96.46,96.46,96.46,96.46,4,DX  FMU0025!
2025-07-02 18:07:00+00:00,33,97,7873621,96.455,96.455,96.455,96.455,4,DX  FMU0025!
2025-07-02 18:09:00+00:00,33,97,7873621,96.475,96.475,96.475,96.475,3,DX  FMU0025!
2025-07-02 18:10:00+00:00,33,97,7873621,96.475,96.475,96.47,96.47,16,DX  FMU0025!
2025-07-02 18:11:00+00:00,33,97,7873621,96.465,96.465,96.465,96.465,2,DX  FMU0025!
2025-07-02 18:12:00+00:00,33,97,7873621,96.46,96.46,96.46,96.46,3,DX  FMU0025!
2025-07-02 18:13:00+00:00,33,97,7873621,96.46,96.46,96.46,96.46,2,DX  FMU0025!
2025-07-02 18:14:00+00:00,33,97,7873621,96.455,96.455,96.45,96.45,8,DX  FMU0025!
2025-07-02 18:15:00+00:00,33,97,7873621,96.46,96.46,96.455,96.455,9,DX  FMU0025!
2025-07-02 18:16:00+00:00,33,97,7873621,96.455,96.455,96.455,96.455,2,DX  FMU0025!
2025-07-02 18:18:00+00:00,33,97,7873621,96.46,96.465,96.46,96.465,16,DX  FMU0025!
2025-07-02 18:19:00+00:00,33,97,7873621,96.465,96.47,96.465,96.47,7,DX  FMU0025!
2025-07-02 18:20:00+00:00,33,97,7873621,96.465,96.465,96.465,96.465,1,DX  FMU0025!
2025-07-02 18:21:00+00:00,33,97,7873621,96.45,96.45,96.45,96.45,3,DX  FMU0025!
2025-07-02 18:22:00+00:00,33,97,7873621,96.45,96.45,96.44,96.445,15,DX  FMU0025!
2025-07-02 18:25:00+00:00,33,97,7873621,96.445,96.445,96.445,96.445,12,DX  FMU0025!
2025-07-02 18:27:00+00:00,33,97,7873621,96.445,96.445,96.445,96.445,9,DX  FMU0025!
2025-07-02 18:28:00+00:00,33,97,7873621,96.445,96.445,96.445,96.445,1,DX  FMU0025!
2025-07-02 18:30:00+00:00,33,97,7873621,96.435,96.435,96.43,96.43,2,DX  FMU0025!
2025-07-02 18:31:00+00:00,33,97,7873621,96.43,96.43,96.425,96.425,7,DX  FMU0025!
2025-07-02 18:31:00+00:00,33,97,8024379,96.06,96.06,96.06,96.06,1,DX  FMZ0025!
2025-07-02 18:32:00+00:00,33,97,7873621,96.425,96.425,96.425,96.425,1,DX  FMU0025!
2025-07-02 18:33:00+00:00,33,97,7873621,96.435,96.435,96.435,96.435,1,DX  FMU0025!
2025-07-02 18:34:00+00:00,33,97,7873621,96.43,96.43,96.43,96.43,4,DX  FMU0025!
2025-07-02 18:35:00+00:00,33,97,7873621,96.43,96.435,96.43,96.435,8,DX  FMU0025!
2025-07-02 18:36:00+00:00,33,97,7873621,96.435,96.435,96.435,96.435,1,DX  FMU0025!
2025-07-02 18:37:00+00:00,33,97,7873621,96.435,96.44,96.435,96.44,3,DX  FMU0025!
2025-07-02 18:38:00+00:00,33,97,7873621,96.435,96.435,96.435,96.435,6,DX  FMU0025!
2025-07-02 18:39:00+00:00,33,97,7873621,96.44,96.44,96.44,96.44,6,DX  FMU0025!
2025-07-02 18:40:00+00:00,33,97,7873621,96.44,96.44,96.44,96.44,4,DX  FMU0025!
2025-07-02 18:41:00+00:00,33,97,7873621,96.435,96.435,96.43,96.43,3,DX  FMU0025!
2025-07-02 18:42:00+00:00,33,97,7873621,96.43,96.43,96.43,96.43,6,DX  FMU0025!
2025-07-02 18:43:00+00:00,33,97,7873621,96.435,96.435,96.435,96.435,1,DX  FMU0025!
2025-07-02 18:44:00+00:00,33,97,7873621,96.425,96.425,96.425,96.425,6,DX  FMU0025!
2025-07-02 18:46:00+00:00,33,97,7873621,96.43,96.43,96.425,96.425,4,DX  FMU0025!
2025-07-02 18:47:00+00:00,33,97,7873621,96.43,96.43,96.43,96.43,3,DX  FMU0025!
2025-07-02 18:48:00+00:00,33,97,7873621,96.435,96.435,96.435,96.435,12,DX  FMU0025!
2025-07-02 18:49:00+00:00,33,97,7873621,96.43,96.435,96.43,96.435,53,DX  FMU0025!
2025-07-02 18:50:00+00:00,33,97,7873621,96.44,96.44,96.435,96.435,12,DX  FMU0025!
2025-07-02 18:52:00+00:00,33,97,7873621,96.44,96.44,96.425,96.435,93,DX  FMU0025!
2025-07-02 18:53:00+00:00,33,97,7873621,96.44,96.445,96.44,96.44,5,DX  FMU0025!
2025-07-02 18:54:00+00:00,33,97,7873621,96.44,96.44,96.44,96.44,6,DX  FMU0025!
2025-07-02 18:55:00+00:00,33,97,7873621,96.445,96.45,96.44,96.45,22,DX  FMU0025!
2025-07-02 18:56:00+00:00,33,97,7873621,96.455,96.455,96.445,96.45,24,DX  FMU0025!
2025-07-02 18:57:00+00:00,33,97,7873621,96.445,96.445,96.425,96.425,45,DX  FMU0025!
2025-07-02 18:58:00+00:00,33,97,7873621,96.425,96.435,96.42,96.43,51,DX  FMU0025!
2025-07-02 18:59:00+00:00,33,97,7873621,96.43,96.435,96.42,96.425,57,DX  FMU0025!
2025-07-02 19:00:00+00:00,33,97,7873621,96.43,96.435,96.43,96.435,7,DX  FMU0025!
2025-07-02 19:02:00+00:00,33,97,7873621,96.44,96.44,96.44,96.44,1,DX  FMU0025!
2025-07-02 19:04:00+00:00,33,97,7873621,96.445,96.445,96.44,96.44,6,DX  FMU0025!
2025-07-02 19:05:00+00:00,33,97,7873621,96.44,96.44,96.44,96.44,1,DX  FMU0025!
2025-07-02 19:06:00+00:00,33,97,7873621,96.435,96.44,96.435,96.44,7,DX  FMU0025!
2025-07-02 19:08:00+00:00,33,97,7873621,96.435,96.435,96.43,96.435,16,DX  FMU0025!
2025-07-02 19:09:00+00:00,33,97,7873621,96.44,96.44,96.44,96.44,1,DX  FMU0025!
2025-07-02 19:11:00+00:00,33,97,7873621,96.435,96.44,96.435,96.44,4,DX  FMU0025!
2025-07-02 19:12:00+00:00,33,97,7873621,96.435,96.435,96.435,96.435,2,DX  FMU0025!
2025-07-02 19:14:00+00:00,33,97,7873621,96.44,96.44,96.44,96.44,1,DX  FMU0025!
2025-07-02 19:16:00+00:00,33,97,7873621,96.445,96.445,96.445,96.445,8,DX  FMU0025!
2025-07-02 19:17:00+00:00,33,97,7873621,96.45,96.45,96.45,96.45,6,DX  FMU0025!
2025-07-02 19:18:00+00:00,33,97,7873621,96.45,96.45,96.445,96.445,2,DX  FMU0025!
2025-07-02 19:19:00+00:00,33,97,7873621,96.44,96.44,96.44,96.44,3,DX  FMU0025!
2025-07-02 19:21:00+00:00,33,97,7873621,96.435,96.435,96.435,96.435,1,DX  FMU0025!
2025-07-02 19:22:00+00:00,33,97,7873621,96.43,96.43,96.43,96.43,3,DX  FMU0025!
2025-07-02 19:23:00+00:00,33,97,7873621,96.435,96.445,96.435,96.445,2,DX  FMU0025!
2025-07-02 19:24:00+00:00,33,97,7873621,96.445,96.445,96.445,96.445,3,DX  FMU0025!
2025-07-02 19:25:00+00:00,33,97,7873621,96.445,96.445,96.445,96.445,1,DX  FMU0025!
2025-07-02 19:26:00+00:00,33,97,7873621,96.445,96.445,96.445,96.445,1,DX  FMU0025!
2025-07-02 19:27:00+00:00,33,97,7873621,96.445,96.445,96.44,96.44,2,DX  FMU0025!
2025-07-02 19:28:00+00:00,33,97,7873621,96.445,96.445,96.44,96.44,3,DX  FMU0025!
2025-07-02 19:29:00+00:00,33,97,7873621,96.445,96.445,96.445,96.445,3,DX  FMU0025!
2025-07-02 19:30:00+00:00,33,97,7873621,96.45,96.45,96.45,96.45,2,DX  FMU0025!
2025-07-02 19:31:00+00:00,33,97,7873621,96.445,96.445,96.445,96.445,2,DX  FMU0025!
2025-07-02 19:33:00+00:00,33,97,7873621,96.43,96.43,96.43,96.43,1,DX  FMU0025!
2025-07-02 19:34:00+00:00,33,97,7873621,96.425,96.43,96.425,96.43,2,DX  FMU0025!
2025-07-02 19:35:00+00:00,33,97,7873621,96.435,96.435,96.435,96.435,1,DX  FMU0025!
2025-07-02 19:36:00+00:00,33,97,7873621,96.445,96.45,96.445,96.45,6,DX  FMU0025!
2025-07-02 19:37:00+00:00,33,97,7873621,96.445,96.445,96.445,96.445,2,DX  FMU0025!
2025-07-02 19:38:00+00:00,33,97,7873621,96.445,96.445,96.445,96.445,13,DX  FMU0025!
2025-07-02 19:39:00+00:00,33,97,7873621,96.445,96.445,96.435,96.44,65,DX  FMU0025!
2025-07-02 19:40:00+00:00,33,97,7873621,96.445,96.445,96.445,96.445,6,DX  FMU0025!
2025-07-02 19:41:00+00:00,33,97,7873621,96.445,96.45,96.445,96.45,5,DX  FMU0025!
2025-07-02 19:42:00+00:00,33,97,7873621,96.45,96.46,96.45,96.46,52,DX  FMU0025!
2025-07-02 19:43:00+00:00,33,97,7873621,96.45,96.45,96.45,96.45,1,DX  FMU0025!
2025-07-02 19:44:00+00:00,33,97,7873621,96.445,96.45,96.445,96.45,17,DX  FMU0025!
2025-07-02 19:46:00+00:00,33,97,7873621,96.45,96.45,96.45,96.45,1,DX  FMU0025!
2025-07-02 19:48:00+00:00,33,97,7873621,96.445,96.45,96.445,96.45,4,DX  FMU0025!
2025-07-02 19:49:00+00:00,33,97,7873621,96.45,96.45,96.45,96.45,1,DX  FMU0025!
2025-07-02 19:50:00+00:00,33,97,7873621,96.44,96.44,96.44,96.44,15,DX  FMU0025!
2025-07-02 19:51:00+00:00,33,97,7873621,96.435,96.435,96.43,96.43,13,DX  FMU0025!
2025-07-02 19:52:00+00:00,33,97,7873621,96.435,96.435,96.43,96.43,14,DX  FMU0025!
2025-07-02 19:53:00+00:00,33,97,7873621,96.43,96.43,96.43,96.43,2,DX  FMU0025!
2025-07-02 19:55:00+00:00,33,97,7873621,96.42,96.42,96.415,96.415,40,DX  FMU0025!
2025-07-02 19:56:00+00:00,33,97,7873621,96.42,96.42,96.415,96.415,37,DX  FMU0025!
2025-07-02 19:57:00+00:00,33,97,8024379,96.05,96.05,96.05,96.05,1,DX  FMZ0025!
2025-07-02 19:57:00+00:00,33,97,7873621,96.405,96.41,96.4,96.41,25,DX  FMU0025!
2025-07-02 19:58:00+00:00,33,97,7873621,96.405,96.405,96.405,96.405,12,DX  FMU0025!
2025-07-02 19:59:00+00:00,33,97,7873621,96.4,96.41,96.4,96.41,21,DX  FMU0025!
2025-07-02 20:00:00+00:00,33,97,7873621,96.41,96.415,96.41,96.415,8,DX  FMU0025!
2025-07-02 20:02:00+00:00,33,97,7873621,96.42,96.42,96.42,96.42,25,DX  FMU0025!
2025-07-02 20:03:00+00:00,33,97,7873621,96.425,96.43,96.425,96.43,5,DX  FMU0025!
2025-07-02 20:07:00+00:00,33,97,7873621,96.44,96.445,96.44,96.445,9,DX  FMU0025!
2025-07-02 20:09:00+00:00,33,97,7873621,96.45,96.45,96.45,96.45,48,DX  FMU0025!
2025-07-02 20:10:00+00:00,33,97,7873621,96.45,96.455,96.45,96.45,23,DX  FMU0025!
2025-07-02 20:11:00+00:00,33,97,7873621,96.445,96.445,96.445,96.445,1,DX  FMU0025!
2025-07-02 20:12:00+00:00,33,97,7873621,96.44,96.44,96.44,96.44,1,DX  FMU0025!
2025-07-02 20:13:00+00:00,33,97,7873621,96.435,96.435,96.435,96.435,3,DX  FMU0025!
2025-07-02 20:14:00+00:00,33,97,7873621,96.43,96.43,96.43,96.43,4,DX  FMU0025!
2025-07-02 20:16:00+00:00,33,97,7873621,96.435,96.44,96.435,96.44,8,DX  FMU0025!
2025-07-02 20:18:00+00:00,33,97,7873621,96.445,96.445,96.445,96.445,25,DX  FMU0025!
2025-07-02 20:20:00+00:00,33,97,7873621,96.44,96.44,96.44,96.44,1,DX  FMU0025!
2025-07-02 20:21:00+00:00,33,97,7873621,96.445,96.445,96.445,96.445,25,DX  FMU0025!
2025-07-02 20:23:00+00:00,33,97,7873621,96.44,96.44,96.44,96.44,7,DX  FMU0025!
2025-07-02 20:24:00+00:00,33,97,7873621,96.43,96.43,96.43,96.43,1,DX  FMU0025!
2025-07-02 20:25:00+00:00,33,97,7873621,96.435,96.435,96.435,96.435,22,DX  FMU0025!
2025-07-02 20:27:00+00:00,33,97,7873621,96.44,96.44,96.44,96.44,10,DX  FMU0025!
2025-07-02 20:28:00+00:00,33,97,7873621,96.445,96.445,96.445,96.445,1,DX  FMU0025!
2025-07-02 20:31:00+00:00,33,97,7873621,96.44,96.44,96.44,96.44,6,DX  FMU0025!
2025-07-02 20:35:00+00:00,33,97,7873621,96.445,96.445,96.445,96.445,2,DX  FMU0025!
2025-07-02 20:38:00+00:00,33,97,7873621,96.445,96.445,96.445,96.445,1,DX  FMU0025!
2025-07-02 20:40:00+00:00,33,97,7873621,96.445,96.445,96.445,96.445,1,DX  FMU0025!
2025-07-02 20:41:00+00:00,33,97,7873621,96.455,96.455,96.455,96.455,5,DX  FMU0025!
2025-07-02 20:50:00+00:00,33,97,7873621,96.445,96.445,96.445,96.445,4,DX  FMU0025!
2025-07-02 20:53:00+00:00,33,97,7873621,96.445,96.445,96.445,96.445,3,DX  FMU0025!
2025-07-02 20:54:00+00:00,33,97,7873621,96.45,96.45,96.45,96.45,1,DX  FMU0025!
2025-07-02 20:57:00+00:00,33,97,7873621,96.445,96.445,96.445,96.445,2,DX  FMU0025!
2025-07-02 20:58:00+00:00,33,97,7873621,96.445,96.445,96.44,96.44,32,DX  FMU0025!
2025-07-02 20:59:00+00:00,33,97,7873621,96.435,96.435,96.43,96.435,38,DX  FMU0025!
2025-07-03 00:00:00+00:00,33,97,7873621,96.4,96.41,96.39,96.395,89,DX  FMU0025!
2025-07-03 00:00:00+00:00,33,98,7873621,96.42,96.42,96.42,96.42,2,DX  FMU0025!
2025-07-03 00:01:00+00:00,33,97,7873621,96.395,96.4,96.395,96.4,9,DX  FMU0025!
2025-07-03 00:02:00+00:00,33,97,7873621,96.405,96.405,96.405,96.405,3,DX  FMU0025!
2025-07-03 00:03:00+00:00,33,97,7873621,96.4,96.4,96.375,96.38,17,DX  FMU0025!
2025-07-03 00:05:00+00:00,33,97,7873621,96.385,96.385,96.38,96.385,22,DX  FMU0025!
2025-07-03 00:05:00+00:00,33,97,8024379,,,,,1,DX  FMZ0025!
2025-07-03 00:05:00+00:00,33,97,8024382,-0.355,-0.355,-0.355,-0.355,1,DX  FMZ0025-DX  FMU0025
2025-07-03 00:06:00+00:00,33,97,7873621,96.395,96.4,96.395,96.4,7,DX  FMU0025!
2025-07-03 00:07:00+00:00,33,97,7873621,96.405,96.41,96.405,96.41,13,DX  FMU0025!
2025-07-03 00:10:00+00:00,33,97,7873621,96.42,96.42,96.42,96.42,10,DX  FMU0025!
2025-07-03 00:11:00+00:00,33,97,7873621,96.42,96.42,96.42,96.42,2,DX  FMU0025!
2025-07-03 00:12:00+00:00,33,97,7873621,96.405,96.41,96.405,96.41,3,DX  FMU0025!
2025-07-03 00:14:00+00:00,33,97,7873621,96.405,96.405,96.405,96.405,1,DX  FMU0025!
2025-07-03 00:15:00+00:00,33,97,7873621,96.4,96.4,96.39,96.39,5,DX  FMU0025!
2025-07-03 00:16:00+00:00,33,97,7873621,96.385,96.385,96.36,96.36,12,DX  FMU0025!
2025-07-03 00:17:00+00:00,33,97,7873621,96.36,96.36,96.36,96.36,4,DX  FMU0025!
2025-07-03 00:18:00+00:00,33,97,7873621,96.37,96.37,96.37,96.37,3,DX  FMU0025!
2025-07-03 00:19:00+00:00,33,97,7873621,96.37,96.375,96.37,96.375,9,DX  FMU0025!
2025-07-03 00:20:00+00:00,33,97,8024379,96.0,96.0,95.975,95.975,6,DX  FMZ0025!
2025-07-03 00:20:00+00:00,33,97,7873621,96.37,96.37,96.355,96.355,11,DX  FMU0025!
2025-07-03 00:21:00+00:00,33,97,7873621,96.36,96.37,96.355,96.37,53,DX  FMU0025!
2025-07-03 00:22:00+00:00,33,97,7873621,96.375,96.375,96.375,96.375,1,DX  FMU0025!
2025-07-03 00:23:00+00:00,33,97,7873621,96.38,96.38,96.38,96.38,3,DX  FMU0025!
2025-07-03 00:24:00+00:00,33,97,7873621,96.385,96.385,96.385,96.385,1,DX  FMU0025!
2025-07-03 00:25:00+00:00,33,97,7873621,96.39,96.39,96.39,96.39,3,DX  FMU0025!
2025-07-03 00:26:00+00:00,33,97,7873621,96.395,96.395,96.395,96.395,2,DX  FMU0025!
2025-07-03 00:27:00+00:00,33,97,7873621,96.4,96.4,96.4,96.4,3,DX  FMU0025!
2025-07-03 00:30:00+00:00,33,97,7873621,96.375,96.375,96.375,96.375,2,DX  FMU0025!
2025-07-03 00:35:00+00:00,33,97,7873621,96.405,96.405,96.405,96.405,1,DX  FMU0025!
2025-07-03 00:36:00+00:00,33,97,7873621,96.4,96.4,96.385,96.385,6,DX  FMU0025!
2025-07-03 00:40:00+00:00,33,97,7873621,96.38,96.38,96.375,96.375,50,DX  FMU0025!
2025-07-03 00:41:00+00:00,33,97,7873621,96.375,96.38,96.375,96.38,9,DX  FMU0025!
2025-07-03 00:42:00+00:00,33,97,7873621,96.375,96.375,96.375,96.375,1,DX  FMU0025!
2025-07-03 00:44:00+00:00,33,97,7873621,96.355,96.36,96.355,96.36,5,DX  FMU0025!
2025-07-03 00:45:00+00:00,33,97,7873621,96.365,96.365,96.365,96.365,2,DX  FMU0025!
2025-07-03 00:46:00+00:00,33,97,7873621,96.365,96.365,96.365,96.365,4,DX  FMU0025!
2025-07-03 00:48:00+00:00,33,97,7873621,96.365,96.365,96.365,96.365,2,DX  FMU0025!
2025-07-03 00:51:00+00:00,33,97,7873621,96.36,96.36,96.355,96.355,10,DX  FMU0025!
2025-07-03 00:52:00+00:00,33,97,7873621,96.355,96.355,96.355,96.355,22,DX  FMU0025!
2025-07-03 00:53:00+00:00,33,97,7873621,96.36,96.36,96.36,96.36,8,DX  FMU0025!
2025-07-03 00:54:00+00:00,33,97,7873621,96.355,96.36,96.355,96.36,20,DX  FMU0025!
2025-07-03 00:55:00+00:00,33,97,7873621,96.365,96.365,96.365,96.365,9,DX  FMU0025!
2025-07-03 00:56:00+00:00,33,97,7873621,96.37,96.37,96.365,96.365,38,DX  FMU0025!
2025-07-03 00:57:00+00:00,33,97,7873621,96.37,96.375,96.365,96.375,9,DX  FMU0025!
2025-07-03 00:58:00+00:00,33,97,7873621,96.375,96.38,96.37,96.38,13,DX  FMU0025!
2025-07-03 01:00:00+00:00,33,97,7873621,96.375,96.39,96.375,96.385,29,DX  FMU0025!
2025-07-03 01:01:00+00:00,33,97,7873621,96.375,96.375,96.36,96.36,61,DX  FMU0025!
2025-07-03 01:02:00+00:00,33,97,7873621,96.355,96.365,96.355,96.36,11,DX  FMU0025!
2025-07-03 01:03:00+00:00,33,97,7873621,96.355,96.355,96.355,96.355,5,DX  FMU0025!
2025-07-03 01:04:00+00:00,33,97,7873621,96.35,96.365,96.35,96.365,9,DX  FMU0025!
2025-07-03 01:05:00+00:00,33,97,7873621,96.365,96.37,96.365,96.37,8,DX  FMU0025!
2025-07-03 01:06:00+00:00,33,97,7873621,96.375,96.375,96.375,96.375,1,DX  FMU0025!
2025-07-03 01:07:00+00:00,33,97,7873621,96.38,96.38,96.38,96.38,1,DX  FMU0025!
2025-07-03 01:08:00+00:00,33,97,7873621,96.385,96.385,96.385,96.385,1,DX  FMU0025!
2025-07-03 01:09:00+00:00,33,97,7873621,96.375,96.375,96.375,96.375,3,DX  FMU0025!
2025-07-03 01:09:00+00:00,33,97,8024379,95.99,95.99,95.985,95.985,2,DX  FMZ0025!
2025-07-03 01:10:00+00:00,33,97,7873621,96.375,96.375,96.365,96.365,7,DX  FMU0025!
2025-07-03 01:11:00+00:00,33,97,7873621,96.36,96.365,96.36,96.365,11,DX  FMU0025!
2025-07-03 01:14:00+00:00,33,97,7873621,96.36,96.36,96.36,96.36,1,DX  FMU0025!
2025-07-03 01:15:00+00:00,33,97,7873621,96.365,96.365,96.365,96.365,2,DX  FMU0025!
2025-07-03 01:16:00+00:00,33,97,7873621,96.36,96.36,96.36,96.36,5,DX  FMU0025!
2025-07-03 01:17:00+00:00,33,97,7873621,96.355,96.355,96.355,96.355,5,DX  FMU0025!
2025-07-03 01:18:00+00:00,33,97,7873621,96.355,96.355,96.355,96.355,2,DX  FMU0025!
2025-07-03 01:19:00+00:00,33,97,7873621,96.36,96.36,96.36,96.36,2,DX  FMU0025!
2025-07-03 01:20:00+00:00,33,97,7873621,96.365,96.365,96.365,96.365,10,DX  FMU0025!
2025-07-03 01:22:00+00:00,33,97,7873621,96.36,96.365,96.36,96.365,12,DX  FMU0025!
2025-07-03 01:23:00+00:00,33,97,7873621,96.355,96.355,96.355,96.355,7,DX  FMU0025!
2025-07-03 01:24:00+00:00,33,97,7873621,96.355,96.355,96.355,96.355,5,DX  FMU0025!
2025-07-03 01:25:00+00:00,33,97,7873621,96.355,96.355,96.355,96.355,1,DX  FMU0025!
2025-07-03 01:26:00+00:00,33,97,7873621,96.355,96.355,96.355,96.355,3,DX  FMU0025!
2025-07-03 01:29:00+00:00,33,97,7873621,96.355,96.355,96.355,96.355,2,DX  FMU0025!
2025-07-03 01:30:00+00:00,33,97,7873621,96.35,96.35,96.35,96.35,6,DX  FMU0025!
2025-07-03 01:32:00+00:00,33,97,7873621,96.365,96.365,96.365,96.365,3,DX  FMU0025!
2025-07-03 01:36:00+00:00,33,97,7873621,96.355,96.355,96.355,96.355,1,DX  FMU0025!
2025-07-03 01:37:00+00:00,33,97,7873621,96.36,96.36,96.36,96.36,2,DX  FMU0025!
2025-07-03 01:40:00+00:00,33,97,7873621,96.365,96.365,96.365,96.365,3,DX  FMU0025!
2025-07-03 01:41:00+00:00,33,97,7873621,96.365,96.365,96.365,96.365,3,DX  FMU0025!
2025-07-03 01:43:00+00:00,33,97,7873621,96.37,96.375,96.37,96.375,2,DX  FMU0025!
2025-07-03 01:44:00+00:00,33,97,7873621,96.37,96.37,96.37,96.37,1,DX  FMU0025!
2025-07-03 01:47:00+00:00,33,97,7873621,96.37,96.37,96.365,96.365,5,DX  FMU0025!
2025-07-03 01:48:00+00:00,33,97,7873621,96.365,96.365,96.365,96.365,2,DX  FMU0025!
2025-07-03 01:49:00+00:00,33,97,7873621,96.37,96.37,96.37,96.37,3,DX  FMU0025!
2025-07-03 01:50:00+00:00,33,97,7873621,96.37,96.37,96.37,96.37,14,DX  FMU0025!
2025-07-03 01:51:00+00:00,33,97,7873621,96.375,96.38,96.375,96.38,9,DX  FMU0025!
2025-07-03 01:53:00+00:00,33,97,7873621,96.39,96.39,96.39,96.39,3,DX  FMU0025!
2025-07-03 01:54:00+00:00,33,97,7873621,96.39,96.39,96.39,96.39,1,DX  FMU0025!
2025-07-03 01:55:00+00:00,33,97,7873621,96.38,96.38,96.38,96.38,10,DX  FMU0025!
2025-07-03 01:56:00+00:00,33,97,7873621,96.38,96.38,96.38,96.38,2,DX  FMU0025!
2025-07-03 01:57:00+00:00,33,97,7873621,96.385,96.385,96.385,96.385,2,DX  FMU0025!
2025-07-03 02:01:00+00:00,33,97,7873621,96.39,96.39,96.39,96.39,4,DX  FMU0025!
2025-07-03 02:03:00+00:00,33,97,7873621,96.39,96.39,96.39,96.39,1,DX  FMU0025!
2025-07-03 02:06:00+00:00,33,97,7873621,96.4,96.4,96.4,96.4,7,DX  FMU0025!
2025-07-03 02:07:00+00:00,33,97,7873621,96.405,96.405,96.405,96.405,8,DX  FMU0025!
2025-07-03 02:08:00+00:00,33,97,7873621,96.41,96.435,96.41,96.43,23,DX  FMU0025!
2025-07-03 02:09:00+00:00,33,97,7873621,96.43,96.435,96.43,96.435,3,DX  FMU0025!
2025-07-03 02:10:00+00:00,33,97,7873621,96.44,96.445,96.44,96.44,105,DX  FMU0025!
2025-07-03 02:11:00+00:00,33,97,7873621,96.45,96.455,96.45,96.455,3,DX  FMU0025!
2025-07-03 02:12:00+00:00,33,97,7873621,96.445,96.445,96.445,96.445,1,DX  FMU0025!
2025-07-03 02:13:00+00:00,33,97,7873621,96.455,96.455,96.455,96.455,1,DX  FMU0025!
2025-07-03 02:18:00+00:00,33,97,7873621,96.455,96.455,96.455,96.455,19,DX  FMU0025!
2025-07-03 02:19:00+00:00,33,97,7873621,96.46,96.465,96.455,96.455,11,DX  FMU0025!
2025-07-03 02:20:00+00:00,33,97,7873621,96.46,96.46,96.46,96.46,2,DX  FMU0025!
2025-07-03 02:21:00+00:00,33,97,7873621,96.465,96.465,96.465,96.465,6,DX  FMU0025!
2025-07-03 02:22:00+00:00,33,97,7873621,96.47,96.47,96.47,96.47,2,DX  FMU0025!
2025-07-03 02:22:00+00:00,33,97,8024379,96.09,96.09,96.09,96.09,1,DX  FMZ0025!
2025-07-03 02:23:00+00:00,33,97,7873621,96.47,96.47,96.47,96.47,1,DX  FMU0025!
2025-07-03 02:25:00+00:00,33,97,7873621,96.475,96.475,96.475,96.475,4,DX  FMU0025!
2025-07-03 02:26:00+00:00,33,97,7873621,96.475,96.475,96.475,96.475,3,DX  FMU0025!
2025-07-03 02:28:00+00:00,33,97,7873621,96.48,96.48,96.48,96.48,3,DX  FMU0025!
2025-07-03 02:32:00+00:00,33,97,7873621,96.475,96.475,96.475,96.475,6,DX  FMU0025!
2025-07-03 02:34:00+00:00,33,97,7873621,96.46,96.46,96.46,96.46,1,DX  FMU0025!
2025-07-03 02:35:00+00:00,33,97,7873621,96.44,96.44,96.44,96.44,6,DX  FMU0025!
2025-07-03 02:36:00+00:00,33,97,7873621,96.44,96.44,96.44,96.44,10,DX  FMU0025!
2025-07-03 02:37:00+00:00,33,97,7873621,96.435,96.435,96.435,96.435,4,DX  FMU0025!
2025-07-03 02:39:00+00:00,33,97,7873621,96.44,96.44,96.44,96.44,1,DX  FMU0025!
2025-07-03 02:40:00+00:00,33,97,7873621,96.445,96.445,96.445,96.445,3,DX  FMU0025!
2025-07-03 02:42:00+00:00,33,97,7873621,96.445,96.445,96.445,96.445,1,DX  FMU0025!
2025-07-03 02:43:00+00:00,33,97,7873621,96.445,96.445,96.445,96.445,6,DX  FMU0025!
2025-07-03 02:44:00+00:00,33,97,7873621,96.45,96.45,96.45,96.45,1,DX  FMU0025!
2025-07-03 02:48:00+00:00,33,97,7873621,96.435,96.435,96.435,96.435,2,DX  FMU0025!
2025-07-03 02:49:00+00:00,33,97,7873621,96.44,96.44,96.435,96.435,39,DX  FMU0025!
2025-07-03 02:50:00+00:00,33,97,7873621,96.435,96.435,96.435,96.435,8,DX  FMU0025!
2025-07-03 02:53:00+00:00,33,97,7873621,96.445,96.445,96.445,96.445,2,DX  FMU0025!
2025-07-03 02:55:00+00:00,33,97,7873621,96.445,96.445,96.445,96.445,1,DX  FMU0025!
2025-07-03 02:56:00+00:00,33,97,7873621,96.445,96.445,96.445,96.445,1,DX  FMU0025!
2025-07-03 02:57:00+00:00,33,97,7873621,96.45,96.45,96.45,96.45,1,DX  FMU0025!
2025-07-03 03:02:00+00:00,33,97,7873621,96.45,96.45,96.44,96.44,7,DX  FMU0025!
2025-07-03 03:06:00+00:00,33,97,7873621,96.455,96.455,96.455,96.455,1,DX  FMU0025!
2025-07-03 03:08:00+00:00,33,97,7873621,96.465,96.47,96.465,96.47,2,DX  FMU0025!
2025-07-03 03:09:00+00:00,33,97,7873621,96.46,96.46,96.46,96.46,2,DX  FMU0025!
2025-07-03 03:14:00+00:00,33,97,7873621,96.45,96.45,96.45,96.45,12,DX  FMU0025!
2025-07-03 03:16:00+00:00,33,97,7873621,96.445,96.445,96.445,96.445,4,DX  FMU0025!
2025-07-03 03:19:00+00:00,33,97,7873621,96.44,96.44,96.44,96.44,1,DX  FMU0025!
2025-07-03 03:21:00+00:00,33,97,7873621,96.455,96.455,96.455,96.455,1,DX  FMU0025!
2025-07-03 03:22:00+00:00,33,97,7873621,96.465,96.465,96.465,96.465,14,DX  FMU0025!
2025-07-03 03:28:00+00:00,33,97,7873621,96.475,96.475,96.475,96.475,4,DX  FMU0025!
2025-07-03 03:29:00+00:00,33,97,7873621,96.47,96.47,96.47,96.47,1,DX  FMU0025!
2025-07-03 03:31:00+00:00,33,97,7873621,96.475,96.475,96.475,96.475,1,DX  FMU0025!
2025-07-03 03:33:00+00:00,33,97,7873621,96.47,96.47,96.47,96.47,2,DX  FMU0025!
2025-07-03 03:34:00+00:00,33,97,7873621,96.465,96.465,96.465,96.465,2,DX  FMU0025!
2025-07-03 03:39:00+00:00,33,97,7873621,96.485,96.485,96.485,96.485,3,DX  FMU0025!
2025-07-03 03:40:00+00:00,33,97,7873621,96.495,96.495,96.495,96.495,10,DX  FMU0025!
2025-07-03 03:41:00+00:00,33,97,7873621,96.5,96.5,96.495,96.495,16,DX  FMU0025!
2025-07-03 03:47:00+00:00,33,97,7873621,96.48,96.48,96.48,96.48,2,DX  FMU0025!
2025-07-03 03:49:00+00:00,33,97,7873621,96.49,96.495,96.49,96.495,2,DX  FMU0025!
2025-07-03 03:50:00+00:00,33,97,7873621,96.5,96.51,96.5,96.51,2,DX  FMU0025!
2025-07-03 03:52:00+00:00,33,97,7873621,96.52,96.52,96.52,96.52,9,DX  FMU0025!
2025-07-03 03:54:00+00:00,33,97,7873621,96.51,96.51,96.51,96.51,5,DX  FMU0025!
2025-07-03 03:55:00+00:00,33,97,7873621,96.505,96.505,96.505,96.505,1,DX  FMU0025!
2025-07-03 03:57:00+00:00,33,97,7873621,96.5,96.5,96.5,96.5,2,DX  FMU0025!
2025-07-03 03:58:00+00:00,33,97,7873621,96.495,96.5,96.495,96.5,2,DX  FMU0025!
2025-07-03 04:02:00+00:00,33,97,7873621,96.505,96.515,96.505,96.515,6,DX  FMU0025!
2025-07-03 04:03:00+00:00,33,97,7873621,96.515,96.515,96.515,96.515,1,DX  FMU0025!
2025-07-03 04:05:00+00:00,33,97,7873621,96.505,96.505,96.505,96.505,1,DX  FMU0025!
2025-07-03 04:06:00+00:00,33,97,7873621,96.495,96.495,96.49,96.49,10,DX  FMU0025!
2025-07-03 04:07:00+00:00,33,97,7873621,96.49,96.49,96.485,96.485,7,DX  FMU0025!
2025-07-03 04:08:00+00:00,33,97,7873621,96.49,96.49,96.49,96.49,5,DX  FMU0025!
2025-07-03 04:10:00+00:00,33,97,7873621,96.495,96.495,96.495,96.495,3,DX  FMU0025!
2025-07-03 04:11:00+00:00,33,97,7873621,96.495,96.495,96.495,96.495,2,DX  FMU0025!
2025-07-03 04:12:00+00:00,33,97,7873621,96.495,96.495,96.495,96.495,12,DX  FMU0025!
2025-07-03 04:13:00+00:00,33,97,7873621,96.495,96.495,96.495,96.495,1,DX  FMU0025!
2025-07-03 04:15:00+00:00,33,97,7873621,96.5,96.5,96.5,96.5,3,DX  FMU0025!
2025-07-03 04:16:00+00:00,33,97,7873621,96.5,96.5,96.495,96.495,4,DX  FMU0025!
2025-07-03 04:18:00+00:00,33,97,7873621,96.495,96.495,96.495,96.495,4,DX  FMU0025!
2025-07-03 04:19:00+00:00,33,97,7873621,96.495,96.495,96.495,96.495,2,DX  FMU0025!
2025-07-03 04:21:00+00:00,33,97,7873621,96.49,96.49,96.49,96.49,1,DX  FMU0025!
2025-07-03 04:22:00+00:00,33,97,7873621,96.49,96.49,96.49,96.49,2,DX  FMU0025!
2025-07-03 04:26:00+00:00,33,97,7873621,96.49,96.49,96.49,96.49,1,DX  FMU0025!
2025-07-03 04:27:00+00:00,33,97,7873621,96.495,96.495,96.495,96.495,2,DX  FMU0025!
2025-07-03 04:29:00+00:00,33,97,7873621,96.5,96.5,96.5,96.5,2,DX  FMU0025!
2025-07-03 04:30:00+00:00,33,97,7873621,96.5,96.5,96.5,96.5,5,DX  FMU0025!
2025-07-03 04:31:00+00:00,33,97,7873621,96.495,96.495,96.495,96.495,1,DX  FMU0025!
2025-07-03 04:33:00+00:00,33,97,7873621,96.5,96.5,96.5,96.5,3,DX  FMU0025!
2025-07-03 04:34:00+00:00,33,97,7873621,96.505,96.505,96.505,96.505,3,DX  FMU0025!
2025-07-03 04:35:00+00:00,33,97,7873621,96.51,96.51,96.51,96.51,3,DX  FMU0025!
2025-07-03 04:36:00+00:00,33,97,7873621,96.51,96.51,96.505,96.505,5,DX  FMU0025!
2025-07-03 04:38:00+00:00,33,97,7873621,96.5,96.5,96.5,96.5,1,DX  FMU0025!
2025-07-03 04:41:00+00:00,33,97,7873621,96.5,96.505,96.5,96.505,18,DX  FMU0025!
2025-07-03 04:42:00+00:00,33,97,7873621,96.51,96.51,96.51,96.51,5,DX  FMU0025!
2025-07-03 04:43:00+00:00,33,97,7873621,96.51,96.51,96.51,96.51,2,DX  FMU0025!
2025-07-03 04:47:00+00:00,33,97,7873621,96.5,96.5,96.5,96.5,3,DX  FMU0025!
2025-07-03 04:49:00+00:00,33,97,7873621,96.505,96.505,96.505,96.505,2,DX  FMU0025!
2025-07-03 04:51:00+00:00,33,97,7873621,96.51,96.51,96.51,96.51,5,DX  FMU0025!
2025-07-03 04:52:00+00:00,33,97,7873621,96.52,96.52,96.52,96.52,11,DX  FMU0025!
2025-07-03 04:53:00+00:00,33,97,7873621,96.52,96.52,96.52,96.52,1,DX  FMU0025!
2025-07-03 04:55:00+00:00,33,97,7873621,96.52,96.52,96.52,96.52,29,DX  FMU0025!
2025-07-03 04:56:00+00:00,33,97,7873621,96.515,96.515,96.51,96.51,50,DX  FMU0025!
2025-07-03 04:59:00+00:00,33,97,7873621,96.51,96.515,96.51,96.51,7,DX  FMU0025!
2025-07-03 05:00:00+00:00,33,97,7873621,96.505,96.505,96.505,96.505,7,DX  FMU0025!
2025-07-03 05:01:00+00:00,33,97,7873621,96.51,96.51,96.505,96.505,3,DX  FMU0025!
2025-07-03 05:02:00+00:00,33,97,7873621,96.51,96.515,96.51,96.515,9,DX  FMU0025!
2025-07-03 05:04:00+00:00,33,97,7873621,96.52,96.52,96.52,96.52,1,DX  FMU0025!
2025-07-03 05:05:00+00:00,33,97,7873621,96.51,96.515,96.51,96.515,19,DX  FMU0025!
2025-07-03 05:06:00+00:00,33,97,7873621,96.515,96.515,96.515,96.515,3,DX  FMU0025!
2025-07-03 05:08:00+00:00,33,97,7873621,96.505,96.505,96.505,96.505,2,DX  FMU0025!
2025-07-03 05:09:00+00:00,33,97,7873621,96.505,96.505,96.505,96.505,3,DX  FMU0025!
2025-07-03 05:12:00+00:00,33,97,7873621,96.52,96.52,96.52,96.52,2,DX  FMU0025!
2025-07-03 05:13:00+00:00,33,97,7873621,96.525,96.525,96.525,96.525,5,DX  FMU0025!
2025-07-03 05:14:00+00:00,33,97,7873621,96.525,96.525,96.525,96.525,6,DX  FMU0025!
2025-07-03 05:15:00+00:00,33,97,7873621,96.525,96.525,96.515,96.515,18,DX  FMU0025!
2025-07-03 05:16:00+00:00,33,97,7873621,96.52,96.52,96.52,96.52,2,DX  FMU0025!
2025-07-03 05:18:00+00:00,33,97,7873621,96.52,96.52,96.52,96.52,3,DX  FMU0025!
2025-07-03 05:20:00+00:00,33,97,7873621,96.52,96.52,96.52,96.52,4,DX  FMU0025!
2025-07-03 05:22:00+00:00,33,97,7873621,96.525,96.525,96.525,96.525,5,DX  FMU0025!
2025-07-03 05:23:00+00:00,33,97,7873621,96.53,96.535,96.53,96.53,8,DX  FMU0025!
2025-07-03 05:24:00+00:00,33,97,7873621,96.53,96.53,96.525,96.525,22,DX  FMU0025!
2025-07-03 05:29:00+00:00,33,97,7873621,96.515,96.52,96.515,96.52,3,DX  FMU0025!
2025-07-03 05:33:00+00:00,33,97,7873621,96.515,96.515,96.515,96.515,50,DX  FMU0025!
2025-07-03 05:36:00+00:00,33,97,7873621,96.52,96.52,96.52,96.52,1,DX  FMU0025!
2025-07-03 05:37:00+00:00,33,97,7873621,96.525,96.525,96.525,96.525,1,DX  FMU0025!
2025-07-03 05:38:00+00:00,33,97,7873621,96.52,96.52,96.52,96.52,2,DX  FMU0025!
2025-07-03 05:39:00+00:00,33,97,7873621,96.515,96.515,96.515,96.515,2,DX  FMU0025!
2025-07-03 05:41:00+00:00,33,97,7873621,96.51,96.51,96.51,96.51,1,DX  FMU0025!
2025-07-03 05:42:00+00:00,33,97,7873621,96.5,96.5,96.5,96.5,1,DX  FMU0025!
2025-07-03 05:45:00+00:00,33,97,7873621,96.5,96.5,96.5,96.5,1,DX  FMU0025!
2025-07-03 05:46:00+00:00,33,97,7873621,96.495,96.5,96.495,96.5,20,DX  FMU0025!
2025-07-03 05:50:00+00:00,33,97,7873621,96.48,96.48,96.48,96.48,5,DX  FMU0025!
2025-07-03 05:53:00+00:00,33,97,7873621,96.47,96.475,96.47,96.475,4,DX  FMU0025!
2025-07-03 05:55:00+00:00,33,97,7873621,96.47,96.47,96.465,96.465,4,DX  FMU0025!
2025-07-03 05:56:00+00:00,33,97,7873621,96.47,96.48,96.47,96.48,9,DX  FMU0025!
2025-07-03 05:57:00+00:00,33,97,7873621,96.475,96.48,96.47,96.47,33,DX  FMU0025!
2025-07-03 05:58:00+00:00,33,97,7873621,96.475,96.475,96.475,96.475,3,DX  FMU0025!
2025-07-03 05:59:00+00:00,33,97,7873621,96.47,96.47,96.47,96.47,4,DX  FMU0025!
2025-07-03 06:00:00+00:00,33,97,7873621,96.465,96.47,96.465,96.47,7,DX  FMU0025!
2025-07-03 06:02:00+00:00,33,97,7873621,96.46,96.46,96.45,96.45,8,DX  FMU0025!
2025-07-03 06:03:00+00:00,33,97,7873621,96.455,96.455,96.445,96.445,8,DX  FMU0025!
2025-07-03 06:04:00+00:00,33,97,7873621,96.45,96.45,96.445,96.445,8,DX  FMU0025!
2025-07-03 06:05:00+00:00,33,97,7873621,96.435,96.435,96.435,96.435,1,DX  FMU0025!
2025-07-03 06:06:00+00:00,33,97,7873621,96.435,96.44,96.435,96.44,23,DX  FMU0025!
2025-07-03 06:07:00+00:00,33,97,7873621,96.44,96.44,96.43,96.43,6,DX  FMU0025!
2025-07-03 06:09:00+00:00,33,97,7873621,96.415,96.42,96.415,96.42,12,DX  FMU0025!
2025-07-03 06:10:00+00:00,33,97,7873621,96.42,96.425,96.42,96.425,2,DX  FMU0025!
2025-07-03 06:11:00+00:00,33,97,7873621,96.44,96.44,96.435,96.435,13,DX  FMU0025!
2025-07-03 06:12:00+00:00,33,97,7873621,96.44,96.44,96.44,96.44,1,DX  FMU0025!
2025-07-03 06:13:00+00:00,33,97,7873621,96.445,96.445,96.44,96.445,6,DX  FMU0025!
2025-07-03 06:15:00+00:00,33,97,7873621,96.445,96.445,96.445,96.445,5,DX  FMU0025!
2025-07-03 06:16:00+00:00,33,97,7873621,96.445,96.45,96.445,96.45,2,DX  FMU0025!
2025-07-03 06:17:00+00:00,33,97,7873621,96.46,96.46,96.45,96.45,6,DX  FMU0025!
2025-07-03 06:19:00+00:00,33,97,7873621,96.445,96.445,96.445,96.445,4,DX  FMU0025!
2025-07-03 06:20:00+00:00,33,97,7873621,96.45,96.45,96.45,96.45,3,DX  FMU0025!
2025-07-03 06:22:00+00:00,33,97,7873621,96.46,96.46,96.46,96.46,1,DX  FMU0025!
2025-07-03 06:23:00+00:00,33,97,7873621,96.465,96.47,96.465,96.47,7,DX  FMU0025!
2025-07-03 06:24:00+00:00,33,97,7873621,96.47,96.475,96.47,96.47,5,DX  FMU0025!
2025-07-03 06:25:00+00:00,33,97,7873621,96.47,96.47,96.47,96.47,3,DX  FMU0025!
2025-07-03 06:26:00+00:00,33,97,7873621,96.47,96.47,96.465,96.465,5,DX  FMU0025!
2025-07-03 06:27:00+00:00,33,97,7873621,96.46,96.46,96.45,96.45,7,DX  FMU0025!
2025-07-03 06:28:00+00:00,33,97,7873621,96.46,96.46,96.455,96.46,5,DX  FMU0025!
2025-07-03 06:29:00+00:00,33,97,7873621,96.465,96.465,96.465,96.465,4,DX  FMU0025!
2025-07-03 06:30:00+00:00,33,97,7873621,96.455,96.455,96.445,96.455,42,DX  FMU0025!
2025-07-03 06:31:00+00:00,33,97,7873621,96.47,96.47,96.47,96.47,2,DX  FMU0025!
2025-07-03 06:32:00+00:00,33,97,7873621,96.47,96.48,96.47,96.48,16,DX  FMU0025!
2025-07-03 06:33:00+00:00,33,97,7873621,96.49,96.49,96.49,96.49,50,DX  FMU0025!
2025-07-03 06:34:00+00:00,33,97,7873621,96.49,96.49,96.49,96.49,2,DX  FMU0025!
2025-07-03 06:35:00+00:00,33,97,7873621,96.475,96.475,96.47,96.47,7,DX  FMU0025!
2025-07-03 06:36:00+00:00,33,97,7873621,96.46,96.47,96.46,96.46,22,DX  FMU0025!
2025-07-03 06:37:00+00:00,33,97,7873621,96.46,96.46,96.46,96.46,5,DX  FMU0025!
2025-07-03 06:39:00+00:00,33,97,7873621,96.465,96.47,96.465,96.47,12,DX  FMU0025!
2025-07-03 06:40:00+00:00,33,97,7873621,96.47,96.48,96.47,96.48,22,DX  FMU0025!
2025-07-03 06:41:00+00:00,33,97,7873621,96.48,96.48,96.48,96.48,4,DX  FMU0025!
2025-07-03 06:42:00+00:00,33,97,7873621,96.475,96.475,96.46,96.46,5,DX  FMU0025!
2025-07-03 06:43:00+00:00,33,97,7873621,96.46,96.46,96.46,96.46,4,DX  FMU0025!
2025-07-03 06:44:00+00:00,33,97,7873621,96.465,96.47,96.465,96.47,5,DX  FMU0025!
2025-07-03 06:45:00+00:00,33,97,7873621,96.46,96.46,96.45,96.45,17,DX  FMU0025!
2025-07-03 06:46:00+00:00,33,97,7873621,96.465,96.47,96.465,96.47,9,DX  FMU0025!
2025-07-03 06:47:00+00:00,33,97,7873621,96.465,96.465,96.465,96.465,2,DX  FMU0025!
2025-07-03 06:48:00+00:00,33,97,7873621,96.465,96.465,96.465,96.465,3,DX  FMU0025!
2025-07-03 06:49:00+00:00,33,97,7873621,96.46,96.46,96.45,96.45,5,DX  FMU0025!
2025-07-03 06:50:00+00:00,33,97,7873621,96.445,96.445,96.445,96.445,1,DX  FMU0025!
2025-07-03 06:52:00+00:00,33,97,7873621,96.44,96.44,96.44,96.44,1,DX  FMU0025!
2025-07-03 06:53:00+00:00,33,97,7873621,96.445,96.445,96.44,96.44,9,DX  FMU0025!
2025-07-03 06:54:00+00:00,33,97,7873621,96.445,96.445,96.435,96.435,13,DX  FMU0025!
2025-07-03 06:55:00+00:00,33,97,7873621,96.435,96.435,96.415,96.42,27,DX  FMU0025!
2025-07-03 06:55:00+00:00,33,97,8024379,,,,,1,DX  FMZ0025!
2025-07-03 06:55:00+00:00,33,97,8024382,-0.38,-0.38,-0.38,-0.38,1,DX  FMZ0025-DX  FMU0025
2025-07-03 06:56:00+00:00,33,97,7873621,96.425,96.425,96.425,96.425,5,DX  FMU0025!
2025-07-03 06:57:00+00:00,33,97,7873621,96.415,96.415,96.415,96.415,17,DX  FMU0025!
2025-07-03 06:58:00+00:00,33,97,7873621,96.415,96.415,96.41,96.41,6,DX  FMU0025!
2025-07-03 06:59:00+00:00,33,97,7873621,96.41,96.41,96.41,96.41,7,DX  FMU0025!
2025-07-03 07:00:00+00:00,33,97,7873621,96.41,96.41,96.4,96.4,15,DX  FMU0025!
2025-07-03 07:01:00+00:00,33,97,7873621,96.41,96.42,96.41,96.42,15,DX  FMU0025!
2025-07-03 07:02:00+00:00,33,97,7873621,96.43,96.43,96.42,96.42,12,DX  FMU0025!
2025-07-03 07:03:00+00:00,33,97,7873621,96.415,96.425,96.415,96.425,8,DX  FMU0025!
2025-07-03 07:04:00+00:00,33,97,7873621,96.42,96.43,96.42,96.43,4,DX  FMU0025!
2025-07-03 07:05:00+00:00,33,97,7873621,96.43,96.445,96.43,96.44,11,DX  FMU0025!
2025-07-03 07:06:00+00:00,33,97,7873621,96.445,96.45,96.445,96.45,9,DX  FMU0025!
2025-07-03 07:07:00+00:00,33,97,7873621,96.445,96.45,96.445,96.445,8,DX  FMU0025!
2025-07-03 07:08:00+00:00,33,97,7873621,96.44,96.44,96.44,96.44,3,DX  FMU0025!
2025-07-03 07:09:00+00:00,33,97,7873621,96.425,96.425,96.425,96.425,3,DX  FMU0025!
2025-07-03 07:10:00+00:00,33,97,7873621,96.44,96.445,96.44,96.445,5,DX  FMU0025!
2025-07-03 07:11:00+00:00,33,97,7873621,96.44,96.44,96.41,96.41,15,DX  FMU0025!
2025-07-03 07:12:00+00:00,33,97,7873621,96.42,96.42,96.42,96.42,5,DX  FMU0025!
2025-07-03 07:13:00+00:00,33,97,7873621,96.425,96.435,96.425,96.435,3,DX  FMU0025!
2025-07-03 07:14:00+00:00,33,97,7873621,96.43,96.43,96.43,96.43,2,DX  FMU0025!
2025-07-03 07:15:00+00:00,33,97,7873621,96.435,96.435,96.43,96.43,7,DX  FMU0025!
2025-07-03 07:16:00+00:00,33,97,7873621,96.43,96.43,96.42,96.42,9,DX  FMU0025!
2025-07-03 07:17:00+00:00,33,97,7873621,96.415,96.415,96.415,96.415,3,DX  FMU0025!
2025-07-03 07:19:00+00:00,33,97,7873621,96.425,96.425,96.42,96.42,6,DX  FMU0025!
2025-07-03 07:20:00+00:00,33,97,7873621,96.425,96.425,96.425,96.425,1,DX  FMU0025!
2025-07-03 07:21:00+00:00,33,97,7873621,96.42,96.42,96.41,96.41,5,DX  FMU0025!
2025-07-03 07:23:00+00:00,33,97,7873621,96.4,96.4,96.39,96.39,5,DX  FMU0025!
2025-07-03 07:25:00+00:00,33,97,7873621,96.395,96.395,96.39,96.39,11,DX  FMU0025!
2025-07-03 07:26:00+00:00,33,97,7873621,96.385,96.385,96.385,96.385,4,DX  FMU0025!
2025-07-03 07:27:00+00:00,33,97,7873621,96.385,96.385,96.385,96.385,6,DX  FMU0025!
2025-07-03 07:28:00+00:00,33,97,7873621,96.385,96.385,96.375,96.375,7,DX  FMU0025!
2025-07-03 07:29:00+00:00,33,97,7873621,96.37,96.37,96.37,96.37,12,DX  FMU0025!
2025-07-03 07:30:00+00:00,33,97,7873621,96.375,96.375,96.37,96.37,9,DX  FMU0025!
2025-07-03 07:31:00+00:00,33,97,8024379,96.0,96.0,96.0,96.0,17,DX  FMZ0025!
2025-07-03 07:31:00+00:00,33,97,7873621,96.365,96.365,96.355,96.365,19,DX  FMU0025!
2025-07-03 07:32:00+00:00,33,97,7873621,96.37,96.37,96.37,96.37,7,DX  FMU0025!
2025-07-03 07:33:00+00:00,33,97,7873621,96.375,96.38,96.37,96.37,6,DX  FMU0025!
2025-07-03 07:34:00+00:00,33,97,8024379,96.0,96.0,96.0,96.0,2,DX  FMZ0025!
2025-07-03 07:34:00+00:00,33,97,7873621,96.365,96.365,96.355,96.36,9,DX  FMU0025!
2025-07-03 07:35:00+00:00,33,97,8024379,96.0,96.0,96.0,96.0,1,DX  FMZ0025!
2025-07-03 07:36:00+00:00,33,97,7873621,96.355,96.36,96.355,96.36,4,DX  FMU0025!
2025-07-03 07:37:00+00:00,33,97,7873621,96.37,96.37,96.365,96.365,12,DX  FMU0025!
2025-07-03 07:38:00+00:00,33,97,7873621,96.38,96.38,96.38,96.38,12,DX  FMU0025!
2025-07-03 07:39:00+00:00,33,97,7873621,96.385,96.385,96.385,96.385,12,DX  FMU0025!
2025-07-03 07:40:00+00:00,33,97,7873621,96.39,96.39,96.385,96.385,11,DX  FMU0025!
2025-07-03 07:41:00+00:00,33,97,7873621,96.385,96.385,96.385,96.385,2,DX  FMU0025!
2025-07-03 07:42:00+00:00,33,97,7873621,96.385,96.385,96.385,96.385,12,DX  FMU0025!
2025-07-03 07:43:00+00:00,33,97,7873621,96.38,96.38,96.375,96.38,7,DX  FMU0025!
2025-07-03 07:45:00+00:00,33,97,7873621,96.39,96.4,96.39,96.4,33,DX  FMU0025!
2025-07-03 07:46:00+00:00,33,97,7873621,96.39,96.39,96.385,96.385,11,DX  FMU0025!
2025-07-03 07:47:00+00:00,33,97,7873621,96.395,96.395,96.395,96.395,1,DX  FMU0025!
2025-07-03 07:48:00+00:00,33,97,7873621,96.395,96.4,96.395,96.4,10,DX  FMU0025!
2025-07-03 07:49:00+00:00,33,97,7873621,96.41,96.41,96.41,96.41,1,DX  FMU0025!
2025-07-03 07:50:00+00:00,33,97,7873621,96.405,96.405,96.405,96.405,20,DX  FMU0025!
2025-07-03 07:51:00+00:00,33,97,7873621,96.405,96.405,96.39,96.39,34,DX  FMU0025!
2025-07-03 07:52:00+00:00,33,97,7873621,96.395,96.405,96.395,96.405,6,DX  FMU0025!
2025-07-03 07:54:00+00:00,33,97,7873621,96.42,96.42,96.42,96.42,2,DX  FMU0025!
2025-07-03 07:55:00+00:00,33,97,7873621,96.415,96.415,96.41,96.41,4,DX  FMU0025!
2025-07-03 07:56:00+00:00,33,97,7873621,96.435,96.44,96.435,96.44,13,DX  FMU0025!
2025-07-03 07:58:00+00:00,33,97,7873621,96.425,96.425,96.425,96.425,1,DX  FMU0025!
2025-07-03 07:59:00+00:00,33,97,7873621,96.425,96.43,96.425,96.43,3,DX  FMU0025!
2025-07-03 08:01:00+00:00,33,97,7873621,96.425,96.425,96.42,96.42,3,DX  FMU0025!
2025-07-03 08:02:00+00:00,33,97,7873621,96.425,96.425,96.41,96.41,4,DX  FMU0025!
2025-07-03 08:03:00+00:00,33,97,7873621,96.41,96.415,96.41,96.415,2,DX  FMU0025!
2025-07-03 08:04:00+00:00,33,97,7873621,96.41,96.41,96.41,96.41,4,DX  FMU0025!
2025-07-03 08:05:00+00:00,33,97,7873621,96.405,96.405,96.4,96.4,2,DX  FMU0025!
2025-07-03 08:06:00+00:00,33,97,7873621,96.39,96.39,96.385,96.39,15,DX  FMU0025!
2025-07-03 08:07:00+00:00,33,97,7873621,96.39,96.39,96.385,96.385,3,DX  FMU0025!
2025-07-03 08:08:00+00:00,33,97,7873621,96.385,96.385,96.385,96.385,1,DX  FMU0025!
2025-07-03 08:09:00+00:00,33,97,7873621,96.385,96.385,96.385,96.385,1,DX  FMU0025!
2025-07-03 08:10:00+00:00,33,97,7873621,96.38,96.38,96.38,96.38,1,DX  FMU0025!
2025-07-03 08:11:00+00:00,33,97,7873621,96.385,96.385,96.385,96.385,2,DX  FMU0025!
2025-07-03 08:12:00+00:00,33,97,7873621,96.38,96.38,96.375,96.375,15,DX  FMU0025!
2025-07-03 08:13:00+00:00,33,97,7873621,96.38,96.38,96.38,96.38,6,DX  FMU0025!
2025-07-03 08:14:00+00:00,33,97,7873621,96.38,96.38,96.38,96.38,1,DX  FMU0025!
2025-07-03 08:15:00+00:00,33,97,7873621,96.39,96.39,96.39,96.39,2,DX  FMU0025!
2025-07-03 08:16:00+00:00,33,97,7873621,96.4,96.4,96.4,96.4,4,DX  FMU0025!
2025-07-03 08:18:00+00:00,33,97,7873621,96.375,96.375,96.375,96.375,4,DX  FMU0025!
2025-07-03 08:19:00+00:00,33,97,7873621,96.375,96.38,96.375,96.38,2,DX  FMU0025!
2025-07-03 08:20:00+00:00,33,97,7873621,96.37,96.38,96.37,96.38,3,DX  FMU0025!
2025-07-03 08:21:00+00:00,33,97,7873621,96.38,96.395,96.38,96.39,91,DX  FMU0025!
2025-07-03 08:22:00+00:00,33,97,7873621,96.395,96.395,96.395,96.395,1,DX  FMU0025!
2025-07-03 08:23:00+00:00,33,97,7873621,96.395,96.405,96.395,96.405,3,DX  FMU0025!
2025-07-03 08:24:00+00:00,33,97,7873621,96.41,96.41,96.41,96.41,4,DX  FMU0025!
2025-07-03 08:25:00+00:00,33,97,7873621,96.41,96.42,96.41,96.42,14,DX  FMU0025!
2025-07-03 08:26:00+00:00,33,97,7873621,96.42,96.435,96.42,96.43,8,DX  FMU0025!
2025-07-03 08:27:00+00:00,33,97,7873621,96.425,96.425,96.42,96.42,7,DX  FMU0025!
2025-07-03 08:28:00+00:00,33,97,7873621,96.42,96.425,96.42,96.425,4,DX  FMU0025!
2025-07-03 08:29:00+00:00,33,97,7873621,96.425,96.425,96.42,96.42,8,DX  FMU0025!
2025-07-03 08:30:00+00:00,33,97,7873621,96.415,96.415,96.41,96.41,9,DX  FMU0025!
2025-07-03 08:31:00+00:00,33,97,7873621,96.41,96.41,96.405,96.405,6,DX  FMU0025!
2025-07-03 08:33:00+00:00,33,97,7873621,96.4,96.4,96.4,96.4,2,DX  FMU0025!
2025-07-03 08:34:00+00:00,33,97,7873621,96.405,96.405,96.405,96.405,3,DX  FMU0025!
2025-07-03 08:36:00+00:00,33,97,7873621,96.425,96.425,96.425,96.425,1,DX  FMU0025!
2025-07-03 08:37:00+00:00,33,97,7873621,96.43,96.43,96.43,96.43,2,DX  FMU0025!
2025-07-03 08:38:00+00:00,33,97,7873621,96.44,96.45,96.44,96.45,20,DX  FMU0025!
2025-07-03 08:39:00+00:00,33,97,7873621,96.44,96.44,96.44,96.44,10,DX  FMU0025!
2025-07-03 08:40:00+00:00,33,97,7873621,96.435,96.435,96.435,96.435,2,DX  FMU0025!
2025-07-03 08:41:00+00:00,33,97,7873621,96.43,96.43,96.43,96.43,8,DX  FMU0025!
2025-07-03 08:42:00+00:00,33,97,7873621,96.44,96.44,96.44,96.44,5,DX  FMU0025!
2025-07-03 08:45:00+00:00,33,97,7873621,96.44,96.44,96.44,96.44,1,DX  FMU0025!
2025-07-03 08:46:00+00:00,33,97,7873621,96.43,96.43,96.43,96.43,2,DX  FMU0025!
2025-07-03 08:47:00+00:00,33,97,7873621,96.43,96.43,96.43,96.43,14,DX  FMU0025!
2025-07-03 08:50:00+00:00,33,97,7873621,96.43,96.435,96.43,96.435,5,DX  FMU0025!
2025-07-03 08:51:00+00:00,33,97,7873621,96.43,96.435,96.43,96.435,2,DX  FMU0025!
2025-07-03 08:52:00+00:00,33,97,7873621,96.44,96.44,96.425,96.43,8,DX  FMU0025!
2025-07-03 08:53:00+00:00,33,97,7873621,96.43,96.43,96.43,96.43,1,DX  FMU0025!
2025-07-03 08:56:00+00:00,33,97,7873621,96.43,96.43,96.43,96.43,8,DX  FMU0025!
2025-07-03 08:57:00+00:00,33,97,7873621,96.435,96.435,96.43,96.43,4,DX  FMU0025!
2025-07-03 08:58:00+00:00,33,97,7873621,96.44,96.44,96.44,96.44,2,DX  FMU0025!
2025-07-03 09:00:00+00:00,33,97,7873621,96.44,96.445,96.44,96.445,2,DX  FMU0025!
2025-07-03 09:01:00+00:00,33,97,7873621,96.445,96.45,96.445,96.445,19,DX  FMU0025!
2025-07-03 09:02:00+00:00,33,97,7873621,96.45,96.465,96.45,96.465,4,DX  FMU0025!
2025-07-03 09:03:00+00:00,33,97,7873621,96.465,96.475,96.465,96.475,4,DX  FMU0025!
2025-07-03 09:04:00+00:00,33,97,7873621,96.475,96.475,96.475,96.475,14,DX  FMU0025!
2025-07-03 09:05:00+00:00,33,97,7873621,96.465,96.465,96.465,96.465,3,DX  FMU0025!
2025-07-03 09:07:00+00:00,33,97,7873621,96.45,96.46,96.45,96.46,5,DX  FMU0025!
2025-07-03 09:08:00+00:00,33,97,7873621,96.465,96.465,96.46,96.46,4,DX  FMU0025!
2025-07-03 09:10:00+00:00,33,97,7873621,96.47,96.47,96.47,96.47,2,DX  FMU0025!
2025-07-03 09:14:00+00:00,33,97,7873621,96.465,96.47,96.465,96.47,6,DX  FMU0025!
2025-07-03 09:15:00+00:00,33,97,7873621,96.475,96.475,96.475,96.475,4,DX  FMU0025!
2025-07-03 09:16:00+00:00,33,97,7873621,96.48,96.48,96.48,96.48,2,DX  FMU0025!
2025-07-03 09:17:00+00:00,33,97,7873621,96.46,96.46,96.46,96.46,1,DX  FMU0025!
2025-07-03 09:18:00+00:00,33,97,7873621,96.46,96.46,96.445,96.45,10,DX  FMU0025!
2025-07-03 09:19:00+00:00,33,97,7873621,96.465,96.465,96.455,96.455,10,DX  FMU0025!
2025-07-03 09:20:00+00:00,33,97,7873621,96.46,96.46,96.46,96.46,3,DX  FMU0025!
2025-07-03 09:21:00+00:00,33,97,7873621,96.465,96.465,96.465,96.465,4,DX  FMU0025!
2025-07-03 09:22:00+00:00,33,97,7873621,96.475,96.48,96.475,96.48,4,DX  FMU0025!
2025-07-03 09:23:00+00:00,33,97,7873621,96.485,96.485,96.48,96.48,23,DX  FMU0025!
2025-07-03 09:24:00+00:00,33,97,7873621,96.475,96.475,96.475,96.475,5,DX  FMU0025!
2025-07-03 09:25:00+00:00,33,97,7873621,96.48,96.48,96.48,96.48,6,DX  FMU0025!
2025-07-03 09:26:00+00:00,33,97,7873621,96.48,96.48,96.48,96.48,3,DX  FMU0025!
2025-07-03 09:27:00+00:00,33,97,7873621,96.48,96.48,96.475,96.475,6,DX  FMU0025!
2025-07-03 09:28:00+00:00,33,97,7873621,96.48,96.48,96.48,96.48,1,DX  FMU0025!
2025-07-03 09:29:00+00:00,33,97,7873621,96.48,96.48,96.48,96.48,3,DX  FMU0025!
2025-07-03 09:31:00+00:00,33,97,7873621,96.485,96.485,96.485,96.485,1,DX  FMU0025!
2025-07-03 09:32:00+00:00,33,97,7873621,96.48,96.485,96.475,96.485,9,DX  FMU0025!
2025-07-03 09:33:00+00:00,33,97,7873621,96.495,96.495,96.495,96.495,2,DX  FMU0025!
2025-07-03 09:34:00+00:00,33,97,7873621,96.495,96.495,96.495,96.495,1,DX  FMU0025!
2025-07-03 09:35:00+00:00,33,97,7873621,96.49,96.49,96.49,96.49,2,DX  FMU0025!
2025-07-03 09:36:00+00:00,33,97,7873621,96.49,96.49,96.49,96.49,2,DX  FMU0025!
2025-07-03 09:37:00+00:00,33,97,7873621,96.495,96.495,96.495,96.495,2,DX  FMU0025!
2025-07-03 09:39:00+00:00,33,97,7873621,96.495,96.5,96.495,96.5,14,DX  FMU0025!
2025-07-03 09:40:00+00:00,33,97,7873621,96.495,96.495,96.495,96.495,2,DX  FMU0025!
2025-07-03 09:41:00+00:00,33,97,7873621,96.5,96.5,96.495,96.495,21,DX  FMU0025!
2025-07-03 09:42:00+00:00,33,97,7873621,96.495,96.495,96.485,96.485,4,DX  FMU0025!
2025-07-03 09:44:00+00:00,33,97,7873621,96.48,96.48,96.48,96.48,2,DX  FMU0025!
2025-07-03 09:45:00+00:00,33,97,7873621,96.49,96.495,96.49,96.495,8,DX  FMU0025!
2025-07-03 09:46:00+00:00,33,97,7873621,96.49,96.495,96.485,96.485,10,DX  FMU0025!
2025-07-03 09:48:00+00:00,33,97,7873621,96.485,96.485,96.485,96.485,1,DX  FMU0025!
2025-07-03 09:49:00+00:00,33,97,7873621,96.485,96.485,96.485,96.485,1,DX  FMU0025!
2025-07-03 09:50:00+00:00,33,97,7873621,96.49,96.49,96.49,96.49,4,DX  FMU0025!
2025-07-03 09:51:00+00:00,33,97,7873621,96.49,96.49,96.49,96.49,14,DX  FMU0025!
2025-07-03 09:52:00+00:00,33,97,7873621,96.49,96.495,96.49,96.495,12,DX  FMU0025!
2025-07-03 09:53:00+00:00,33,97,7873621,96.485,96.485,96.485,96.485,1,DX  FMU0025!
2025-07-03 09:54:00+00:00,33,97,7873621,96.48,96.49,96.48,96.49,22,DX  FMU0025!
2025-07-03 09:55:00+00:00,33,97,7873621,96.485,96.485,96.485,96.485,5,DX  FMU0025!
2025-07-03 09:57:00+00:00,33,97,7873621,96.475,96.475,96.47,96.47,14,DX  FMU0025!
2025-07-03 09:59:00+00:00,33,97,7873621,96.48,96.48,96.48,96.48,1,DX  FMU0025!
2025-07-03 10:00:00+00:00,33,97,7873621,96.48,96.48,96.475,96.475,4,DX  FMU0025!
2025-07-03 10:02:00+00:00,33,97,7873621,96.48,96.48,96.47,96.47,8,DX  FMU0025!
2025-07-03 10:03:00+00:00,33,97,7873621,96.47,96.47,96.47,96.47,25,DX  FMU0025!
2025-07-03 10:08:00+00:00,33,97,7873621,96.475,96.475,96.455,96.455,102,DX  FMU0025!
2025-07-03 10:09:00+00:00,33,97,7873621,96.465,96.48,96.465,96.48,10,DX  FMU0025!
2025-07-03 10:10:00+00:00,33,97,7873621,96.485,96.485,96.48,96.48,2,DX  FMU0025!
2025-07-03 10:11:00+00:00,33,97,7873621,96.49,96.505,96.49,96.505,25,DX  FMU0025!
2025-07-03 10:12:00+00:00,33,97,7873621,96.51,96.515,96.505,96.505,50,DX  FMU0025!
2025-07-03 10:14:00+00:00,33,97,7873621,96.495,96.495,96.495,96.495,1,DX  FMU0025!
2025-07-03 10:15:00+00:00,33,97,7873621,96.49,96.49,96.49,96.49,2,DX  FMU0025!
2025-07-03 10:16:00+00:00,33,97,7873621,96.49,96.49,96.485,96.485,4,DX  FMU0025!
2025-07-03 10:17:00+00:00,33,97,7873621,96.47,96.475,96.47,96.475,4,DX  FMU0025!
2025-07-03 10:18:00+00:00,33,97,7873621,96.47,96.47,96.47,96.47,1,DX  FMU0025!
2025-07-03 10:19:00+00:00,33,97,7873621,96.465,96.465,96.465,96.465,4,DX  FMU0025!
2025-07-03 10:20:00+00:00,33,97,7873621,96.465,96.465,96.465,96.465,4,DX  FMU0025!
2025-07-03 10:25:00+00:00,33,97,7873621,96.455,96.455,96.455,96.455,3,DX  FMU0025!
2025-07-03 10:27:00+00:00,33,97,7873621,96.455,96.455,96.445,96.445,14,DX  FMU0025!
2025-07-03 10:29:00+00:00,33,97,7873621,96.445,96.445,96.435,96.44,34,DX  FMU0025!
2025-07-03 10:30:00+00:00,33,97,7873621,96.45,96.45,96.45,96.45,4,DX  FMU0025!
2025-07-03 10:31:00+00:00,33,97,7873621,96.445,96.45,96.445,96.445,6,DX  FMU0025!
2025-07-03 10:32:00+00:00,33,97,7873621,96.445,96.45,96.445,96.45,2,DX  FMU0025!
2025-07-03 10:33:00+00:00,33,97,7873621,96.435,96.435,96.43,96.435,5,DX  FMU0025!
2025-07-03 10:34:00+00:00,33,97,7873621,96.43,96.43,96.425,96.425,5,DX  FMU0025!
2025-07-03 10:35:00+00:00,33,97,7873621,96.43,96.43,96.43,96.43,10,DX  FMU0025!
2025-07-03 10:36:00+00:00,33,97,7873621,96.435,96.435,96.435,96.435,4,DX  FMU0025!
2025-07-03 10:37:00+00:00,33,97,7873621,96.435,96.435,96.435,96.435,1,DX  FMU0025!
2025-07-03 10:38:00+00:00,33,97,7873621,96.425,96.425,96.42,96.42,10,DX  FMU0025!
2025-07-03 10:39:00+00:00,33,97,7873621,96.43,96.43,96.43,96.43,6,DX  FMU0025!
2025-07-03 10:40:00+00:00,33,97,7873621,96.43,96.435,96.43,96.435,13,DX  FMU0025!
2025-07-03 10:41:00+00:00,33,97,7873621,96.43,96.43,96.43,96.43,1,DX  FMU0025!
2025-07-03 10:42:00+00:00,33,97,7873621,96.43,96.43,96.43,96.43,2,DX  FMU0025!
2025-07-03 10:43:00+00:00,33,97,7873621,96.43,96.43,96.43,96.43,12,DX  FMU0025!
2025-07-03 10:44:00+00:00,33,97,7873621,96.43,96.43,96.43,96.43,12,DX  FMU0025!
2025-07-03 10:45:00+00:00,33,97,7873621,96.425,96.425,96.425,96.425,5,DX  FMU0025!
2025-07-03 10:46:00+00:00,33,97,7873621,96.425,96.425,96.425,96.425,2,DX  FMU0025!
2025-07-03 10:49:00+00:00,33,97,7873621,96.425,96.425,96.425,96.425,19,DX  FMU0025!
2025-07-03 10:50:00+00:00,33,97,7873621,96.435,96.435,96.435,96.435,1,DX  FMU0025!
2025-07-03 10:51:00+00:00,33,97,7873621,96.425,96.425,96.425,96.425,1,DX  FMU0025!
2025-07-03 10:52:00+00:00,33,97,7873621,96.43,96.43,96.43,96.43,1,DX  FMU0025!
2025-07-03 10:53:00+00:00,33,97,7873621,96.445,96.445,96.445,96.445,1,DX  FMU0025!
2025-07-03 10:54:00+00:00,33,97,7873621,96.445,96.445,96.445,96.445,2,DX  FMU0025!
2025-07-03 10:55:00+00:00,33,97,7873621,96.445,96.45,96.445,96.45,5,DX  FMU0025!
2025-07-03 10:56:00+00:00,33,97,7873621,96.46,96.46,96.46,96.46,2,DX  FMU0025!
2025-07-03 11:00:00+00:00,33,97,7873621,96.465,96.465,96.45,96.455,8,DX  FMU0025!
2025-07-03 11:02:00+00:00,33,97,7873621,96.455,96.46,96.455,96.46,3,DX  FMU0025!
2025-07-03 11:05:00+00:00,33,97,7873621,96.45,96.45,96.45,96.45,1,DX  FMU0025!
2025-07-03 11:06:00+00:00,33,97,7873621,96.445,96.45,96.445,96.45,6,DX  FMU0025!
2025-07-03 11:07:00+00:00,33,97,7873621,96.445,96.45,96.445,96.45,2,DX  FMU0025!
2025-07-03 11:08:00+00:00,33,97,7873621,96.455,96.455,96.455,96.455,4,DX  FMU0025!
2025-07-03 11:09:00+00:00,33,97,7873621,96.455,96.455,96.455,96.455,1,DX  FMU0025!
2025-07-03 11:11:00+00:00,33,97,7873621,96.455,96.46,96.455,96.46,5,DX  FMU0025!
2025-07-03 11:15:00+00:00,33,97,7873621,96.47,96.47,96.47,96.47,5,DX  FMU0025!
2025-07-03 11:17:00+00:00,33,97,7873621,96.47,96.475,96.47,96.475,2,DX  FMU0025!
2025-07-03 11:18:00+00:00,33,97,7873621,96.47,96.47,96.47,96.47,1,DX  FMU0025!
2025-07-03 11:20:00+00:00,33,97,7873621,96.46,96.46,96.46,96.46,1,DX  FMU0025!
2025-07-03 11:22:00+00:00,33,97,7873621,96.46,96.46,96.455,96.455,2,DX  FMU0025!
2025-07-03 11:24:00+00:00,33,97,7873621,96.46,96.46,96.455,96.46,7,DX  FMU0025!
2025-07-03 11:27:00+00:00,33,97,7873621,96.455,96.46,96.455,96.46,150,DX  FMU0025!
2025-07-03 11:28:00+00:00,33,97,7873621,96.455,96.455,96.455,96.455,14,DX  FMU0025!
2025-07-03 11:29:00+00:00,33,97,7873621,96.455,96.455,96.45,96.455,4,DX  FMU0025!
2025-07-03 11:30:00+00:00,33,97,7873621,96.46,96.47,96.46,96.47,10,DX  FMU0025!
2025-07-03 11:31:00+00:00,33,97,7873621,96.47,96.47,96.47,96.47,2,DX  FMU0025!
2025-07-03 11:32:00+00:00,33,97,7873621,96.475,96.475,96.475,96.475,2,DX  FMU0025!
2025-07-03 11:33:00+00:00,33,97,7873621,96.48,96.48,96.475,96.475,10,DX  FMU0025!
2025-07-03 11:35:00+00:00,33,97,7873621,96.47,96.47,96.47,96.47,1,DX  FMU0025!
2025-07-03 11:39:00+00:00,33,97,7873621,96.47,96.47,96.47,96.47,2,DX  FMU0025!
2025-07-03 11:40:00+00:00,33,97,7873621,96.465,96.465,96.465,96.465,2,DX  FMU0025!
2025-07-03 11:41:00+00:00,33,97,7873621,96.465,96.465,96.465,96.465,1,DX  FMU0025!
2025-07-03 11:42:00+00:00,33,97,7873621,96.465,96.465,96.455,96.455,5,DX  FMU0025!
2025-07-03 11:44:00+00:00,33,97,7873621,96.47,96.47,96.465,96.465,7,DX  FMU0025!
2025-07-03 11:45:00+00:00,33,97,7873621,96.47,96.47,96.47,96.47,6,DX  FMU0025!
2025-07-03 11:46:00+00:00,33,97,7873621,96.475,96.485,96.475,96.485,9,DX  FMU0025!
2025-07-03 11:47:00+00:00,33,97,7873621,96.485,96.49,96.485,96.49,5,DX  FMU0025!
2025-07-03 11:48:00+00:00,33,97,7873621,96.49,96.49,96.485,96.49,26,DX  FMU0025!
2025-07-03 11:49:00+00:00,33,97,7873621,96.49,96.495,96.49,96.495,37,DX  FMU0025!
2025-07-03 11:50:00+00:00,33,97,7873621,96.495,96.505,96.495,96.505,16,DX  FMU0025!
2025-07-03 11:51:00+00:00,33,97,7873621,96.5,96.505,96.5,96.505,7,DX  FMU0025!
2025-07-03 11:52:00+00:00,33,97,7873621,96.5,96.5,96.5,96.5,8,DX  FMU0025!
2025-07-03 11:53:00+00:00,33,97,7873621,96.5,96.5,96.49,96.495,34,DX  FMU0025!
2025-07-03 11:54:00+00:00,33,97,7873621,96.495,96.5,96.495,96.5,2,DX  FMU0025!
2025-07-03 11:55:00+00:00,33,97,7873621,96.495,96.505,96.495,96.5,41,DX  FMU0025!
2025-07-03 11:56:00+00:00,33,97,7873621,96.505,96.51,96.505,96.51,30,DX  FMU0025!
2025-07-03 11:57:00+00:00,33,97,7873621,96.515,96.52,96.515,96.52,8,DX  FMU0025!
2025-07-03 11:58:00+00:00,33,97,7873621,96.53,96.53,96.525,96.525,5,DX  FMU0025!
2025-07-03 11:59:00+00:00,33,97,7873621,96.525,96.525,96.52,96.52,6,DX  FMU0025!
2025-07-03 12:00:00+00:00,33,97,7873621,96.51,96.515,96.51,96.515,4,DX  FMU0025!
2025-07-03 12:02:00+00:00,33,97,7873621,96.51,96.51,96.51,96.51,3,DX  FMU0025!
2025-07-03 12:03:00+00:00,33,97,7873621,96.505,96.515,96.505,96.51,17,DX  FMU0025!
2025-07-03 12:04:00+00:00,33,97,7873621,96.515,96.52,96.515,96.52,37,DX  FMU0025!
2025-07-03 12:05:00+00:00,33,97,7873621,96.52,96.52,96.52,96.52,5,DX  FMU0025!
2025-07-03 12:06:00+00:00,33,97,7873621,96.525,96.53,96.525,96.53,32,DX  FMU0025!
2025-07-03 12:07:00+00:00,33,97,7873621,96.53,96.53,96.515,96.515,24,DX  FMU0025!
2025-07-03 12:08:00+00:00,33,97,7873621,96.515,96.53,96.515,96.53,12,DX  FMU0025!
2025-07-03 12:09:00+00:00,33,97,7873621,96.535,96.54,96.53,96.54,53,DX  FMU0025!
2025-07-03 12:10:00+00:00,33,97,7873621,96.54,96.545,96.54,96.545,31,DX  FMU0025!
2025-07-03 12:11:00+00:00,33,97,7873621,96.545,96.545,96.535,96.535,31,DX  FMU0025!
2025-07-03 12:12:00+00:00,33,97,7873621,96.535,96.54,96.535,96.535,11,DX  FMU0025!
2025-07-03 12:13:00+00:00,33,97,7873621,96.53,96.535,96.53,96.535,30,DX  FMU0025!
2025-07-03 12:14:00+00:00,33,97,7873621,96.535,96.54,96.53,96.535,59,DX  FMU0025!
2025-07-03 12:15:00+00:00,33,97,7873621,96.535,96.54,96.535,96.54,12,DX  FMU0025!
2025-07-03 12:16:00+00:00,33,97,7873621,96.54,96.54,96.53,96.53,3,DX  FMU0025!
2025-07-03 12:17:00+00:00,33,97,7873621,96.53,96.53,96.515,96.515,20,DX  FMU0025!
2025-07-03 12:18:00+00:00,33,97,7873621,96.52,96.52,96.515,96.515,12,DX  FMU0025!
2025-07-03 12:19:00+00:00,33,97,7873621,96.515,96.515,96.51,96.515,14,DX  FMU0025!
2025-07-03 12:20:00+00:00,33,97,7873621,96.515,96.525,96.5,96.5,112,DX  FMU0025!
2025-07-03 12:21:00+00:00,33,97,7873621,96.5,96.52,96.5,96.515,60,DX  FMU0025!
2025-07-03 12:22:00+00:00,33,97,7873621,96.515,96.52,96.505,96.51,45,DX  FMU0025!
2025-07-03 12:23:00+00:00,33,97,7873621,96.51,96.51,96.51,96.51,12,DX  FMU0025!
2025-07-03 12:24:00+00:00,33,97,7873621,96.51,96.51,96.505,96.51,13,DX  FMU0025!
2025-07-03 12:25:00+00:00,33,97,7873621,96.51,96.52,96.51,96.515,112,DX  FMU0025!
2025-07-03 12:26:00+00:00,33,97,7873621,96.515,96.515,96.51,96.51,16,DX  FMU0025!
2025-07-03 12:27:00+00:00,33,97,7873621,96.515,96.515,96.505,96.505,12,DX  FMU0025!
2025-07-03 12:28:00+00:00,33,97,7873621,96.505,96.51,96.505,96.51,10,DX  FMU0025!
2025-07-03 12:29:00+00:00,33,97,7873621,96.505,96.515,96.505,96.515,4,DX  FMU0025!
2025-07-03 12:30:00+00:00,33,97,8024382,-0.38,-0.38,-0.38,-0.38,1,DX  FMZ0025-DX  FMU0025
2025-07-03 12:30:00+00:00,33,97,7873621,96.515,97.005,96.515,96.92,1050,DX  FMU0025!
2025-07-03 12:30:00+00:00,33,97,8024379,96.2,96.2,96.2,96.2,3,DX  FMZ0025!
2025-07-03 12:31:00+00:00,33,97,7873621,96.91,96.98,96.905,96.955,313,DX  FMU0025!
2025-07-03 12:32:00+00:00,33,97,8024379,96.63,96.63,96.63,96.63,1,DX  FMZ0025!
2025-07-03 12:32:00+00:00,33,97,7873621,96.965,97.055,96.965,97.005,280,DX  FMU0025!
2025-07-03 12:33:00+00:00,33,97,8024379,96.6,96.6,96.6,96.6,1,DX  FMZ0025!
2025-07-03 12:33:00+00:00,33,97,7873621,96.995,97.025,96.965,97.0,566,DX  FMU0025!
2025-07-03 12:34:00+00:00,33,97,7873621,96.995,97.03,96.96,97.02,370,DX  FMU0025!
2025-07-03 12:34:00+00:00,33,97,8024379,96.585,96.67,96.585,96.67,3,DX  FMZ0025!
2025-07-03 12:35:00+00:00,33,97,7873621,97.015,97.04,96.94,96.96,270,DX  FMU0025!
2025-07-03 12:36:00+00:00,33,97,7873621,96.95,96.97,96.895,96.9,214,DX  FMU0025!
2025-07-03 12:36:00+00:00,33,97,8024379,96.51,96.51,96.51,96.51,2,DX  FMZ0025!
2025-07-03 12:37:00+00:00,33,97,7873621,96.9,96.92,96.87,96.91,68,DX  FMU0025!
2025-07-03 12:38:00+00:00,33,97,7873621,96.92,96.94,96.905,96.915,87,DX  FMU0025!
2025-07-03 12:39:00+00:00,33,97,7873621,96.915,96.915,96.87,96.87,120,DX  FMU0025!
2025-07-03 12:40:00+00:00,33,97,7873621,96.875,96.88,96.825,96.835,227,DX  FMU0025!
2025-07-03 12:41:00+00:00,33,97,7873621,96.835,96.87,96.835,96.87,85,DX  FMU0025!
2025-07-03 12:42:00+00:00,33,97,7873621,96.88,96.95,96.88,96.95,192,DX  FMU0025!
2025-07-03 12:43:00+00:00,33,97,7873621,96.955,96.97,96.945,96.945,171,DX  FMU0025!
2025-07-03 12:44:00+00:00,33,97,7873621,96.95,96.98,96.95,96.955,80,DX  FMU0025!
2025-07-03 12:45:00+00:00,33,97,7873621,96.955,97.02,96.955,97.01,185,DX  FMU0025!
2025-07-03 12:45:00+00:00,33,97,8024379,96.6,96.6,96.6,96.6,2,DX  FMZ0025!
2025-07-03 12:46:00+00:00,33,97,7873621,97.005,97.005,96.98,96.995,94,DX  FMU0025!
2025-07-03 12:47:00+00:00,33,97,7873621,96.995,97.015,96.96,96.985,82,DX  FMU0025!
2025-07-03 12:48:00+00:00,33,97,7873621,96.985,97.025,96.975,97.025,360,DX  FMU0025!
2025-07-03 12:49:00+00:00,33,97,7873621,97.015,97.03,97.005,97.025,87,DX  FMU0025!
2025-07-03 12:49:00+00:00,33,97,8024379,96.67,96.67,96.66,96.67,4,DX  FMZ0025!
2025-07-03 12:50:00+00:00,33,97,7873621,97.04,97.065,97.02,97.02,84,DX  FMU0025!
2025-07-03 12:51:00+00:00,33,97,7873621,97.02,97.035,96.995,97.0,144,DX  FMU0025!
2025-07-03 12:52:00+00:00,33,97,7873621,96.99,96.99,96.965,96.985,157,DX  FMU0025!
2025-07-03 12:53:00+00:00,33,97,7873621,96.985,96.99,96.97,96.99,28,DX  FMU0025!
2025-07-03 12:54:00+00:00,33,97,7873621,97.0,97.045,96.995,97.02,66,DX  FMU0025!
2025-07-03 12:55:00+00:00,33,97,7873621,97.01,97.01,96.955,96.975,49,DX  FMU0025!
2025-07-03 12:56:00+00:00,33,97,7873621,96.97,96.985,96.95,96.95,49,DX  FMU0025!
2025-07-03 12:57:00+00:00,33,97,7873621,96.945,96.945,96.91,96.93,68,DX  FMU0025!
2025-07-03 12:58:00+00:00,33,97,7873621,96.91,96.91,96.895,96.9,11,DX  FMU0025!
2025-07-03 12:59:00+00:00,33,97,7873621,96.905,96.92,96.9,96.92,29,DX  FMU0025!
2025-07-03 13:00:00+00:00,33,97,7873621,96.93,96.935,96.9,96.91,163,DX  FMU0025!
2025-07-03 13:01:00+00:00,33,97,7873621,96.925,96.95,96.91,96.915,55,DX  FMU0025!
2025-07-03 13:02:00+00:00,33,97,7873621,96.915,96.925,96.865,96.87,106,DX  FMU0025!
2025-07-03 13:03:00+00:00,33,97,7873621,96.86,96.875,96.85,96.855,34,DX  FMU0025!
2025-07-03 13:04:00+00:00,33,97,7873621,96.865,96.89,96.85,96.89,36,DX  FMU0025!
2025-07-03 13:05:00+00:00,33,97,7873621,96.905,96.91,96.885,96.895,116,DX  FMU0025!
2025-07-03 13:06:00+00:00,33,97,7873621,96.89,96.905,96.89,96.9,69,DX  FMU0025!
2025-07-03 13:07:00+00:00,33,97,7873621,96.905,96.91,96.87,96.88,58,DX  FMU0025!
2025-07-03 13:08:00+00:00,33,97,7873621,96.885,96.885,96.855,96.87,44,DX  FMU0025!
2025-07-03 13:09:00+00:00,33,97,7873621,96.87,96.885,96.86,96.885,43,DX  FMU0025!
2025-07-03 13:10:00+00:00,33,97,7873621,96.885,96.885,96.845,96.855,61,DX  FMU0025!
2025-07-03 13:11:00+00:00,33,97,7873621,96.86,96.875,96.84,96.845,47,DX  FMU0025!
2025-07-03 13:12:00+00:00,33,97,7873621,96.845,96.87,96.84,96.865,14,DX  FMU0025!
2025-07-03 13:13:00+00:00,33,97,7873621,96.875,96.88,96.84,96.84,44,DX  FMU0025!
2025-07-03 13:14:00+00:00,33,97,7873621,96.84,96.84,96.81,96.81,75,DX  FMU0025!
2025-07-03 13:15:00+00:00,33,97,7873621,96.81,96.81,96.77,96.77,173,DX  FMU0025!
2025-07-03 13:15:00+00:00,33,97,8024379,96.4,96.4,96.4,96.4,2,DX  FMZ0025!
2025-07-03 13:16:00+00:00,33,97,7873621,96.775,96.775,96.74,96.755,185,DX  FMU0025!
2025-07-03 13:17:00+00:00,33,97,7873621,96.745,96.75,96.73,96.73,15,DX  FMU0025!
2025-07-03 13:18:00+00:00,33,97,7873621,96.73,96.735,96.715,96.725,74,DX  FMU0025!
2025-07-03 13:19:00+00:00,33,97,7873621,96.715,96.77,96.715,96.765,60,DX  FMU0025!
2025-07-03 13:20:00+00:00,33,97,7873621,96.77,96.78,96.75,96.775,96,DX  FMU0025!
2025-07-03 13:21:00+00:00,33,97,7873621,96.77,96.8,96.77,96.79,45,DX  FMU0025!
2025-07-03 13:22:00+00:00,33,97,7873621,96.785,96.785,96.745,96.745,52,DX  FMU0025!
2025-07-03 13:23:00+00:00,33,97,7873621,96.745,96.76,96.74,96.76,34,DX  FMU0025!
2025-07-03 13:24:00+00:00,33,97,7873621,96.76,96.765,96.73,96.735,31,DX  FMU0025!
2025-07-03 13:25:00+00:00,33,97,7873621,96.735,96.735,96.715,96.73,43,DX  FMU0025!
2025-07-03 13:26:00+00:00,33,97,7873621,96.74,96.765,96.74,96.755,27,DX  FMU0025!
2025-07-03 13:27:00+00:00,33,97,7873621,96.755,96.76,96.74,96.76,56,DX  FMU0025!
2025-07-03 13:28:00+00:00,33,97,7873621,96.76,96.77,96.76,96.76,25,DX  FMU0025!
2025-07-03 13:29:00+00:00,33,97,7873621,96.755,96.755,96.71,96.71,85,DX  FMU0025!
2025-07-03 13:30:00+00:00,33,97,7873621,96.705,96.725,96.685,96.725,54,DX  FMU0025!
2025-07-03 13:31:00+00:00,33,97,7873621,96.725,96.725,96.715,96.72,14,DX  FMU0025!
2025-07-03 13:32:00+00:00,33,97,7873621,96.715,96.72,96.705,96.72,16,DX  FMU0025!
2025-07-03 13:33:00+00:00,33,97,7873621,96.705,96.72,96.7,96.72,28,DX  FMU0025!
2025-07-03 13:34:00+00:00,33,97,7873621,96.725,96.735,96.725,96.73,50,DX  FMU0025!
2025-07-03 13:35:00+00:00,33,97,7873621,96.73,96.745,96.725,96.74,19,DX  FMU0025!
2025-07-03 13:36:00+00:00,33,97,7873621,96.745,96.745,96.73,96.74,33,DX  FMU0025!
2025-07-03 13:37:00+00:00,33,97,7873621,96.745,96.76,96.725,96.73,103,DX  FMU0025!
2025-07-03 13:37:00+00:00,33,97,8024379,96.37,96.37,96.37,96.37,1,DX  FMZ0025!
2025-07-03 13:38:00+00:00,33,97,7873621,96.72,96.72,96.705,96.705,16,DX  FMU0025!
2025-07-03 13:39:00+00:00,33,97,7873621,96.715,96.72,96.705,96.705,47,DX  FMU0025!
2025-07-03 13:40:00+00:00,33,97,7873621,96.7,96.7,96.67,96.69,40,DX  FMU0025!
2025-07-03 13:40:00+00:00,33,97,8024379,96.3,96.3,96.3,96.3,1,DX  FMZ0025!
2025-07-03 13:41:00+00:00,33,97,7873621,96.69,96.695,96.66,96.66,51,DX  FMU0025!
2025-07-03 13:42:00+00:00,33,97,7873621,96.66,96.67,96.645,96.65,65,DX  FMU0025!
2025-07-03 13:43:00+00:00,33,97,7873621,96.65,96.66,96.645,96.655,15,DX  FMU0025!
2025-07-03 13:44:00+00:00,33,97,7873621,96.66,96.66,96.645,96.66,20,DX  FMU0025!
2025-07-03 13:45:00+00:00,33,97,7873621,96.65,96.65,96.63,96.645,43,DX  FMU0025!
2025-07-03 13:46:00+00:00,33,97,7873621,96.645,96.675,96.645,96.67,24,DX  FMU0025!
2025-07-03 13:47:00+00:00,33,97,7873621,96.67,96.68,96.67,96.675,24,DX  FMU0025!
2025-07-03 13:48:00+00:00,33,97,7873621,96.66,96.665,96.65,96.65,16,DX  FMU0025!
2025-07-03 13:49:00+00:00,33,97,7873621,96.65,96.68,96.65,96.68,32,DX  FMU0025!
2025-07-03 13:50:00+00:00,33,97,7873621,96.685,96.69,96.685,96.685,9,DX  FMU0025!
2025-07-03 13:51:00+00:00,33,97,7873621,96.67,96.675,96.655,96.665,39,DX  FMU0025!
2025-07-03 13:52:00+00:00,33,97,7873621,96.655,96.655,96.63,96.635,33,DX  FMU0025!
2025-07-03 13:53:00+00:00,33,97,7873621,96.635,96.65,96.635,96.64,20,DX  FMU0025!
2025-07-03 13:54:00+00:00,33,97,7873621,96.64,96.64,96.595,96.61,51,DX  FMU0025!
2025-07-03 13:55:00+00:00,33,97,7873621,96.61,96.61,96.605,96.61,5,DX  FMU0025!
2025-07-03 13:56:00+00:00,33,97,7873621,96.605,96.61,96.595,96.605,24,DX  FMU0025!
2025-07-03 13:57:00+00:00,33,97,7873621,96.605,96.62,96.6,96.62,34,DX  FMU0025!
2025-07-03 13:58:00+00:00,33,97,7873621,96.615,96.64,96.615,96.64,22,DX  FMU0025!
2025-07-03 13:59:00+00:00,33,97,7873621,96.64,96.645,96.635,96.64,33,DX  FMU0025!
2025-07-03 14:00:00+00:00,33,97,7873621,96.63,96.63,96.525,96.545,227,DX  FMU0025!
2025-07-03 14:00:00+00:00,33,97,8024379,96.2,96.2,96.2,96.2,2,DX  FMZ0025!
2025-07-03 14:01:00+00:00,33,97,7873621,96.55,96.585,96.545,96.58,75,DX  FMU0025!
2025-07-03 14:02:00+00:00,33,97,7873621,96.585,96.605,96.57,96.605,14,DX  FMU0025!
2025-07-03 14:03:00+00:00,33,97,7873621,96.615,96.67,96.61,96.665,107,DX  FMU0025!
2025-07-03 14:04:00+00:00,33,97,7873621,96.65,96.675,96.65,96.675,77,DX  FMU0025!
2025-07-03 14:05:00+00:00,33,97,7873621,96.675,96.685,96.665,96.68,30,DX  FMU0025!
2025-07-03 14:06:00+00:00,33,97,7873621,96.67,96.675,96.645,96.655,64,DX  FMU0025!
2025-07-03 14:07:00+00:00,33,97,7873621,96.65,96.67,96.645,96.645,21,DX  FMU0025!
2025-07-03 14:08:00+00:00,33,97,7873621,96.645,96.66,96.635,96.66,25,DX  FMU0025!
2025-07-03 14:09:00+00:00,33,97,7873621,96.655,96.67,96.655,96.665,23,DX  FMU0025!
2025-07-03 14:10:00+00:00,33,97,7873621,96.66,96.685,96.66,96.68,29,DX  FMU0025!
2025-07-03 14:11:00+00:00,33,97,7873621,96.675,96.685,96.665,96.665,58,DX  FMU0025!
2025-07-03 14:12:00+00:00,33,97,7873621,96.675,96.675,96.67,96.675,13,DX  FMU0025!
2025-07-03 14:13:00+00:00,33,97,7873621,96.67,96.72,96.66,96.72,75,DX  FMU0025!
2025-07-03 14:14:00+00:00,33,97,7873621,96.715,96.725,96.71,96.725,13,DX  FMU0025!
2025-07-03 14:15:00+00:00,33,97,7873621,96.735,96.74,96.73,96.74,35,DX  FMU0025!
2025-07-03 14:16:00+00:00,33,97,7873621,96.74,96.755,96.74,96.75,21,DX  FMU0025!
2025-07-03 14:17:00+00:00,33,97,7873621,96.76,96.77,96.755,96.755,93,DX  FMU0025!
2025-07-03 14:18:00+00:00,33,97,7873621,96.77,96.77,96.765,96.77,10,DX  FMU0025!
2025-07-03 14:18:00+00:00,33,97,8024379,96.4,96.4,96.4,96.4,1,DX  FMZ0025!
2025-07-03 14:19:00+00:00,33,97,7873621,96.77,96.78,96.765,96.775,49,DX  FMU0025!
2025-07-03 14:19:00+00:00,33,97,8024379,96.4,96.4,96.4,96.4,1,DX  FMZ0025!
2025-07-03 14:20:00+00:00,33,97,7873621,96.78,96.78,96.77,96.77,61,DX  FMU0025!
2025-07-03 14:21:00+00:00,33,97,7873621,96.77,96.79,96.77,96.785,26,DX  FMU0025!
2025-07-03 14:22:00+00:00,33,97,7873621,96.79,96.795,96.79,96.79,14,DX  FMU0025!
2025-07-03 14:23:00+00:00,33,97,7873621,96.785,96.785,96.775,96.785,12,DX  FMU0025!
2025-07-03 14:24:00+00:00,33,97,7873621,96.78,96.79,96.775,96.79,8,DX  FMU0025!
2025-07-03 14:25:00+00:00,33,97,7873621,96.795,96.795,96.765,96.765,24,DX  FMU0025!
2025-07-03 14:26:00+00:00,33,97,7873621,96.77,96.77,96.745,96.745,31,DX  FMU0025!
2025-07-03 14:27:00+00:00,33,97,7873621,96.745,96.745,96.735,96.745,20,DX  FMU0025!
2025-07-03 14:28:00+00:00,33,97,7873621,96.71,96.73,96.71,96.725,24,DX  FMU0025!
2025-07-03 14:29:00+00:00,33,97,7873621,96.745,96.745,96.735,96.735,4,DX  FMU0025!
2025-07-03 14:30:00+00:00,33,97,7873621,96.725,96.75,96.725,96.75,13,DX  FMU0025!
2025-07-03 14:31:00+00:00,33,97,7873621,96.75,96.755,96.73,96.755,22,DX  FMU0025!
2025-07-03 14:32:00+00:00,33,97,7873621,96.75,96.78,96.75,96.78,12,DX  FMU0025!
2025-07-03 14:33:00+00:00,33,97,7873621,96.785,96.795,96.78,96.78,53,DX  FMU0025!
2025-07-03 14:34:00+00:00,33,97,7873621,96.775,96.775,96.755,96.76,33,DX  FMU0025!
2025-07-03 14:35:00+00:00,33,97,7873621,96.765,96.77,96.745,96.75,59,DX  FMU0025!
2025-07-03 14:36:00+00:00,33,97,7873621,96.755,96.775,96.755,96.775,18,DX  FMU0025!
2025-07-03 14:37:00+00:00,33,97,7873621,96.755,96.755,96.74,96.74,9,DX  FMU0025!
2025-07-03 14:38:00+00:00,33,97,7873621,96.735,96.735,96.71,96.71,9,DX  FMU0025!
2025-07-03 14:39:00+00:00,33,97,7873621,96.715,96.72,96.705,96.72,39,DX  FMU0025!
2025-07-03 14:40:00+00:00,33,97,7873621,96.745,96.765,96.74,96.76,17,DX  FMU0025!
2025-07-03 14:41:00+00:00,33,97,7873621,96.76,96.785,96.76,96.785,19,DX  FMU0025!
2025-07-03 14:42:00+00:00,33,97,7873621,96.78,96.785,96.775,96.775,9,DX  FMU0025!
2025-07-03 14:43:00+00:00,33,97,7873621,96.78,96.78,96.775,96.775,9,DX  FMU0025!
2025-07-03 14:44:00+00:00,33,97,7873621,96.78,96.795,96.775,96.775,18,DX  FMU0025!
2025-07-03 14:45:00+00:00,33,97,7873621,96.78,96.785,96.77,96.77,8,DX  FMU0025!
2025-07-03 14:46:00+00:00,33,97,7873621,96.775,96.795,96.77,96.795,23,DX  FMU0025!
2025-07-03 14:47:00+00:00,33,97,7873621,96.795,96.795,96.78,96.78,8,DX  FMU0025!
2025-07-03 14:48:00+00:00,33,97,7873621,96.775,96.79,96.775,96.78,16,DX  FMU0025!
2025-07-03 14:49:00+00:00,33,97,7873621,96.77,96.775,96.765,96.765,18,DX  FMU0025!
2025-07-03 14:50:00+00:00,33,97,7873621,96.765,96.78,96.765,96.765,12,DX  FMU0025!
2025-07-03 14:51:00+00:00,33,97,7873621,96.775,96.775,96.765,96.77,37,DX  FMU0025!
2025-07-03 14:52:00+00:00,33,97,7873621,96.77,96.8,96.77,96.79,41,DX  FMU0025!
2025-07-03 14:53:00+00:00,33,97,7873621,96.795,96.795,96.79,96.795,36,DX  FMU0025!
2025-07-03 14:54:00+00:00,33,97,7873621,96.79,96.8,96.78,96.795,37,DX  FMU0025!
2025-07-03 14:55:00+00:00,33,97,7873621,96.79,96.79,96.77,96.77,30,DX  FMU0025!
2025-07-03 14:56:00+00:00,33,97,7873621,96.765,96.795,96.765,96.795,11,DX  FMU0025!
2025-07-03 14:57:00+00:00,33,97,7873621,96.8,96.805,96.79,96.795,15,DX  FMU0025!
2025-07-03 14:58:00+00:00,33,97,7873621,96.795,96.8,96.79,96.8,9,DX  FMU0025!
2025-07-03 14:59:00+00:00,33,97,7873621,96.79,96.795,96.79,96.795,9,DX  FMU0025!
2025-07-03 15:00:00+00:00,33,97,7873621,96.8,96.815,96.8,96.815,14,DX  FMU0025!
2025-07-03 15:01:00+00:00,33,97,7873621,96.815,96.815,96.8,96.81,56,DX  FMU0025!
2025-07-03 15:02:00+00:00,33,97,7873621,96.815,96.82,96.805,96.82,34,DX  FMU0025!
2025-07-03 15:03:00+00:00,33,97,7873621,96.82,96.82,96.81,96.815,25,DX  FMU0025!
2025-07-03 15:04:00+00:00,33,97,7873621,96.82,96.825,96.81,96.815,76,DX  FMU0025!
2025-07-03 15:05:00+00:00,33,97,7873621,96.815,96.83,96.815,96.825,5,DX  FMU0025!
2025-07-03 15:06:00+00:00,33,97,7873621,96.82,96.825,96.805,96.805,40,DX  FMU0025!
2025-07-03 15:07:00+00:00,33,97,7873621,96.795,96.8,96.79,96.79,17,DX  FMU0025!
2025-07-03 15:08:00+00:00,33,97,7873621,96.785,96.8,96.785,96.8,55,DX  FMU0025!
2025-07-03 15:09:00+00:00,33,97,7873621,96.795,96.8,96.79,96.8,11,DX  FMU0025!
2025-07-03 15:10:00+00:00,33,97,7873621,96.8,96.805,96.8,96.8,12,DX  FMU0025!
2025-07-03 15:11:00+00:00,33,97,7873621,96.785,96.785,96.78,96.78,21,DX  FMU0025!
2025-07-03 15:12:00+00:00,33,97,7873621,96.775,96.78,96.77,96.77,20,DX  FMU0025!
2025-07-03 15:13:00+00:00,33,97,7873621,96.755,96.755,96.75,96.75,8,DX  FMU0025!
2025-07-03 15:14:00+00:00,33,97,7873621,96.74,96.745,96.74,96.74,8,DX  FMU0025!
2025-07-03 15:15:00+00:00,33,97,7873621,96.74,96.745,96.74,96.745,12,DX  FMU0025!
2025-07-03 15:16:00+00:00,33,97,7873621,96.745,96.76,96.745,96.76,8,DX  FMU0025!
2025-07-03 15:17:00+00:00,33,97,7873621,96.76,96.775,96.76,96.77,11,DX  FMU0025!
2025-07-03 15:18:00+00:00,33,97,7873621,96.77,96.775,96.765,96.765,9,DX  FMU0025!
2025-07-03 15:19:00+00:00,33,97,7873621,96.775,96.775,96.775,96.775,4,DX  FMU0025!
2025-07-03 15:20:00+00:00,33,97,7873621,96.77,96.77,96.75,96.75,10,DX  FMU0025!
2025-07-03 15:21:00+00:00,33,97,7873621,96.75,96.75,96.75,96.75,9,DX  FMU0025!
2025-07-03 15:22:00+00:00,33,97,7873621,96.74,96.74,96.725,96.725,13,DX  FMU0025!
2025-07-03 15:23:00+00:00,33,97,8024382,-0.38,-0.38,-0.38,-0.38,1,DX  FMZ0025-DX  FMU0025
2025-07-03 15:23:00+00:00,33,97,7873621,96.72,96.72,96.715,96.715,34,DX  FMU0025!
2025-07-03 15:23:00+00:00,33,97,8024379,,,,,1,DX  FMZ0025!
2025-07-03 15:24:00+00:00,33,97,7873621,96.725,96.725,96.725,96.725,1,DX  FMU0025!
2025-07-03 15:25:00+00:00,33,97,7873621,96.72,96.72,96.715,96.72,8,DX  FMU0025!
2025-07-03 15:26:00+00:00,33,97,7873621,96.72,96.72,96.72,96.72,5,DX  FMU0025!
2025-07-03 15:27:00+00:00,33,97,7873621,96.72,96.72,96.715,96.715,6,DX  FMU0025!
2025-07-03 15:28:00+00:00,33,97,7873621,96.7,96.705,96.695,96.7,67,DX  FMU0025!
2025-07-03 15:29:00+00:00,33,97,7873621,96.705,96.71,96.705,96.705,6,DX  FMU0025!
2025-07-03 15:30:00+00:00,33,97,7873621,96.69,96.69,96.69,96.69,7,DX  FMU0025!
2025-07-03 15:31:00+00:00,33,97,7873621,96.685,96.69,96.685,96.69,8,DX  FMU0025!
2025-07-03 15:32:00+00:00,33,97,7873621,96.7,96.705,96.7,96.705,4,DX  FMU0025!
2025-07-03 15:33:00+00:00,33,97,7873621,96.72,96.72,96.72,96.72,22,DX  FMU0025!
2025-07-03 15:34:00+00:00,33,97,7873621,96.72,96.72,96.72,96.72,4,DX  FMU0025!
2025-07-03 15:35:00+00:00,33,97,7873621,96.705,96.71,96.705,96.71,8,DX  FMU0025!
2025-07-03 15:36:00+00:00,33,97,7873621,96.7,96.71,96.7,96.71,10,DX  FMU0025!
2025-07-03 15:37:00+00:00,33,97,7873621,96.705,96.705,96.705,96.705,5,DX  FMU0025!
2025-07-03 15:38:00+00:00,33,97,7873621,96.71,96.71,96.7,96.705,52,DX  FMU0025!
2025-07-03 15:39:00+00:00,33,97,7873621,96.71,96.72,96.71,96.72,8,DX  FMU0025!
2025-07-03 15:40:00+00:00,33,97,7873621,96.71,96.71,96.695,96.705,16,DX  FMU0025!
2025-07-03 15:41:00+00:00,33,97,7873621,96.72,96.72,96.72,96.72,12,DX  FMU0025!
2025-07-03 15:42:00+00:00,33,97,7873621,96.72,96.72,96.71,96.71,6,DX  FMU0025!
2025-07-03 15:43:00+00:00,33,97,7873621,96.71,96.735,96.71,96.735,16,DX  FMU0025!
2025-07-03 15:44:00+00:00,33,97,7873621,96.73,96.73,96.72,96.72,4,DX  FMU0025!
2025-07-03 15:45:00+00:00,33,97,7873621,96.725,96.725,96.715,96.725,12,DX  FMU0025!
2025-07-03 15:46:00+00:00,33,97,7873621,96.725,96.73,96.725,96.73,4,DX  FMU0025!
2025-07-03 15:47:00+00:00,33,97,7873621,96.705,96.705,96.705,96.705,5,DX  FMU0025!
2025-07-03 15:48:00+00:00,33,97,7873621,96.7,96.71,96.7,96.71,9,DX  FMU0025!
2025-07-03 15:49:00+00:00,33,97,7873621,96.715,96.72,96.715,96.72,2,DX  FMU0025!
2025-07-03 15:50:00+00:00,33,97,7873621,96.725,96.735,96.725,96.735,14,DX  FMU0025!
2025-07-03 15:51:00+00:00,33,97,7873621,96.74,96.74,96.735,96.735,53,DX  FMU0025!
2025-07-03 15:52:00+00:00,33,97,7873621,96.73,96.745,96.73,96.745,13,DX  FMU0025!
2025-07-03 15:53:00+00:00,33,97,7873621,96.745,96.745,96.745,96.745,6,DX  FMU0025!
2025-07-03 15:54:00+00:00,33,97,7873621,96.76,96.76,96.755,96.755,17,DX  FMU0025!
2025-07-03 15:55:00+00:00,33,97,7873621,96.755,96.755,96.75,96.755,15,DX  FMU0025!
2025-07-03 15:56:00+00:00,33,97,7873621,96.755,96.765,96.755,96.76,36,DX  FMU0025!
2025-07-03 15:57:00+00:00,33,97,7873621,96.76,96.76,96.75,96.75,17,DX  FMU0025!
2025-07-03 15:58:00+00:00,33,97,7873621,96.755,96.76,96.755,96.755,52,DX  FMU0025!
2025-07-03 15:59:00+00:00,33,97,7873621,96.75,96.755,96.75,96.75,7,DX  FMU0025!
2025-07-03 16:00:00+00:00,33,97,7873621,96.745,96.75,96.745,96.745,18,DX  FMU0025!
2025-07-03 16:01:00+00:00,33,97,7873621,96.765,96.765,96.755,96.755,13,DX  FMU0025!
2025-07-03 16:02:00+00:00,33,97,7873621,96.75,96.78,96.75,96.78,53,DX  FMU0025!
2025-07-03 16:03:00+00:00,33,97,7873621,96.78,96.785,96.775,96.78,60,DX  FMU0025!
2025-07-03 16:04:00+00:00,33,97,7873621,96.78,96.785,96.775,96.78,76,DX  FMU0025!
2025-07-03 16:05:00+00:00,33,97,7873621,96.78,96.795,96.78,96.785,13,DX  FMU0025!
2025-07-03 16:06:00+00:00,33,97,7873621,96.78,96.78,96.78,96.78,7,DX  FMU0025!
2025-07-03 16:07:00+00:00,33,97,7873621,96.77,96.77,96.77,96.77,14,DX  FMU0025!
2025-07-03 16:08:00+00:00,33,97,7873621,96.77,96.775,96.77,96.77,6,DX  FMU0025!
2025-07-03 16:09:00+00:00,33,97,7873621,96.78,96.78,96.765,96.775,46,DX  FMU0025!
2025-07-03 16:10:00+00:00,33,97,7873621,96.78,96.79,96.78,96.79,123,DX  FMU0025!
2025-07-03 16:11:00+00:00,33,97,7873621,96.795,96.795,96.78,96.78,9,DX  FMU0025!
2025-07-03 16:12:00+00:00,33,97,7873621,96.775,96.775,96.77,96.77,13,DX  FMU0025!
2025-07-03 16:13:00+00:00,33,97,7873621,96.775,96.775,96.775,96.775,2,DX  FMU0025!
2025-07-03 16:14:00+00:00,33,97,7873621,96.77,96.77,96.755,96.76,13,DX  FMU0025!
2025-07-03 16:15:00+00:00,33,97,7873621,96.765,96.78,96.765,96.78,226,DX  FMU0025!
2025-07-03 16:16:00+00:00,33,97,7873621,96.785,96.795,96.785,96.795,62,DX  FMU0025!
2025-07-03 16:17:00+00:00,33,97,7873621,96.79,96.79,96.79,96.79,13,DX  FMU0025!
2025-07-03 16:18:00+00:00,33,97,7873621,96.79,96.79,96.79,96.79,11,DX  FMU0025!
2025-07-03 16:19:00+00:00,33,97,7873621,96.795,96.795,96.79,96.795,10,DX  FMU0025!
2025-07-03 16:20:00+00:00,33,97,7873621,96.795,96.815,96.795,96.815,17,DX  FMU0025!
2025-07-03 16:21:00+00:00,33,97,7873621,96.82,96.83,96.82,96.825,75,DX  FMU0025!
2025-07-03 16:22:00+00:00,33,97,7873621,96.835,96.835,96.835,96.835,9,DX  FMU0025!
2025-07-03 16:23:00+00:00,33,97,7873621,96.835,96.835,96.83,96.83,8,DX  FMU0025!
2025-07-03 16:24:00+00:00,33,97,7873621,96.83,96.835,96.825,96.835,16,DX  FMU0025!
2025-07-03 16:25:00+00:00,33,97,7873621,96.83,96.84,96.83,96.84,5,DX  FMU0025!
2025-07-03 16:26:00+00:00,33,97,7873621,96.84,96.855,96.84,96.85,31,DX  FMU0025!
2025-07-03 16:27:00+00:00,33,97,7873621,96.85,96.85,96.845,96.845,21,DX  FMU0025!
2025-07-03 16:28:00+00:00,33,97,7873621,96.845,96.845,96.84,96.84,13,DX  FMU0025!
2025-07-03 16:29:00+00:00,33,97,7873621,96.85,96.85,96.845,96.845,12,DX  FMU0025!
2025-07-03 16:30:00+00:00,33,97,7873621,96.845,96.86,96.845,96.86,96,DX  FMU0025!
2025-07-03 16:31:00+00:00,33,97,7873621,96.86,96.86,96.855,96.855,31,DX  FMU0025!
2025-07-03 16:32:00+00:00,33,97,7873621,96.845,96.845,96.845,96.845,1,DX  FMU0025!
2025-07-03 16:33:00+00:00,33,97,7873621,96.865,96.865,96.865,96.865,6,DX  FMU0025!
2025-07-03 16:34:00+00:00,33,97,7873621,96.86,96.86,96.85,96.855,20,DX  FMU0025!
2025-07-03 16:35:00+00:00,33,97,7873621,96.85,96.855,96.85,96.855,8,DX  FMU0025!
2025-07-03 16:36:00+00:00,33,97,7873621,96.85,96.855,96.845,96.855,20,DX  FMU0025!
2025-07-03 16:37:00+00:00,33,97,7873621,96.855,96.865,96.855,96.865,9,DX  FMU0025!
2025-07-03 16:38:00+00:00,33,97,7873621,96.865,96.865,96.865,96.865,4,DX  FMU0025!
2025-07-03 16:39:00+00:00,33,97,7873621,96.86,96.86,96.86,96.86,5,DX  FMU0025!
2025-07-03 16:40:00+00:00,33,97,7873621,96.865,96.865,96.86,96.865,27,DX  FMU0025!
2025-07-03 16:41:00+00:00,33,97,7873621,96.87,96.875,96.865,96.875,24,DX  FMU0025!
2025-07-03 16:42:00+00:00,33,97,7873621,96.865,96.87,96.865,96.87,5,DX  FMU0025!
2025-07-03 16:43:00+00:00,33,97,7873621,96.855,96.855,96.85,96.85,6,DX  FMU0025!
2025-07-03 16:44:00+00:00,33,97,7873621,96.855,96.86,96.855,96.86,7,DX  FMU0025!
2025-07-03 16:45:00+00:00,33,97,7873621,96.865,96.865,96.86,96.86,12,DX  FMU0025!
2025-07-03 16:46:00+00:00,33,97,7873621,96.87,96.87,96.865,96.865,7,DX  FMU0025!
2025-07-03 16:47:00+00:00,33,97,7873621,96.865,96.865,96.86,96.86,6,DX  FMU0025!
2025-07-03 16:48:00+00:00,33,97,7873621,96.865,96.87,96.865,96.87,20,DX  FMU0025!
2025-07-03 16:49:00+00:00,33,97,7873621,96.87,96.875,96.87,96.875,15,DX  FMU0025!
2025-07-03 16:50:00+00:00,33,97,7873621,96.875,96.875,96.875,96.875,3,DX  FMU0025!
2025-07-03 16:51:00+00:00,33,97,7873621,96.875,96.88,96.865,96.87,62,DX  FMU0025!
2025-07-03 16:52:00+00:00,33,97,7873621,96.865,96.87,96.865,96.87,3,DX  FMU0025!
2025-07-03 16:53:00+00:00,33,97,7873621,96.845,96.845,96.83,96.83,12,DX  FMU0025!
2025-07-03 16:54:00+00:00,33,97,7873621,96.83,96.83,96.825,96.825,8,DX  FMU0025!
2025-07-03 16:55:00+00:00,33,97,7873621,96.815,96.815,96.805,96.805,8,DX  FMU0025!
2025-07-03 16:56:00+00:00,33,97,7873621,96.805,96.805,96.8,96.8,15,DX  FMU0025!
2025-07-03 16:57:00+00:00,33,97,7873621,96.805,96.805,96.785,96.79,105,DX  FMU0025!
2025-07-03 16:58:00+00:00,33,97,7873621,96.79,96.795,96.79,96.795,10,DX  FMU0025!
2025-07-03 16:59:00+00:00,33,97,7873621,96.79,96.79,96.78,96.78,25,DX  FMU0025!
2025-07-03 17:00:00+00:00,33,97,7873621,96.79,96.79,96.775,96.785,19,DX  FMU0025!
2025-07-03 17:01:00+00:00,33,97,7873621,96.785,96.805,96.785,96.805,8,DX  FMU0025!
2025-07-03 17:02:00+00:00,33,97,7873621,96.8,96.8,96.785,96.785,37,DX  FMU0025!
2025-07-03 17:03:00+00:00,33,97,7873621,96.78,96.78,96.775,96.775,5,DX  FMU0025!
2025-07-03 17:04:00+00:00,33,97,7873621,96.78,96.78,96.78,96.78,3,DX  FMU0025!
2025-07-03 17:05:00+00:00,33,97,7873621,96.785,96.785,96.785,96.785,3,DX  FMU0025!
2025-07-03 17:06:00+00:00,33,97,7873621,96.78,96.78,96.77,96.77,4,DX  FMU0025!
2025-07-03 17:07:00+00:00,33,97,7873621,96.77,96.775,96.76,96.775,13,DX  FMU0025!
2025-07-03 17:08:00+00:00,33,97,7873621,96.775,96.775,96.77,96.77,7,DX  FMU0025!
2025-07-03 17:09:00+00:00,33,97,7873621,96.775,96.775,96.775,96.775,4,DX  FMU0025!
2025-07-03 17:10:00+00:00,33,97,7873621,96.77,96.77,96.765,96.765,6,DX  FMU0025!
2025-07-03 17:12:00+00:00,33,97,7873621,96.77,96.77,96.77,96.77,2,DX  FMU0025!
2025-07-03 17:13:00+00:00,33,97,7873621,96.77,96.775,96.77,96.775,8,DX  FMU0025!
2025-07-03 17:14:00+00:00,33,97,7873621,96.78,96.78,96.775,96.775,3,DX  FMU0025!
2025-07-03 17:15:00+00:00,33,97,7873621,96.77,96.77,96.77,96.77,2,DX  FMU0025!
2025-07-03 17:17:00+00:00,33,97,7873621,96.77,96.77,96.76,96.76,3,DX  FMU0025!
2025-07-03 17:18:00+00:00,33,97,7873621,96.76,96.76,96.76,96.76,5,DX  FMU0025!
2025-07-03 17:19:00+00:00,33,97,7873621,96.755,96.755,96.755,96.755,59,DX  FMU0025!
2025-07-03 17:20:00+00:00,33,97,7873621,96.755,96.76,96.755,96.76,43,DX  FMU0025!
2025-07-03 17:23:00+00:00,33,97,7873621,96.755,96.755,96.755,96.755,11,DX  FMU0025!
2025-07-03 17:26:00+00:00,33,97,7873621,96.755,96.755,96.755,96.755,1,DX  FMU0025!
2025-07-03 17:27:00+00:00,33,97,7873621,96.76,96.76,96.76,96.76,10,DX  FMU0025!
2025-07-03 17:28:00+00:00,33,97,7873621,96.765,96.765,96.76,96.76,26,DX  FMU0025!
2025-07-03 17:29:00+00:00,33,97,7873621,96.755,96.755,96.755,96.755,15,DX  FMU0025!
2025-07-03 17:31:00+00:00,33,97,7873621,96.755,96.76,96.755,96.76,3,DX  FMU0025!
2025-07-03 17:32:00+00:00,33,97,7873621,96.76,96.76,96.76,96.76,1,DX  FMU0025!
2025-07-03 17:33:00+00:00,33,97,7873621,96.765,96.765,96.765,96.765,1,DX  FMU0025!
2025-07-03 17:34:00+00:00,33,97,7873621,96.77,96.78,96.77,96.78,50,DX  FMU0025!
2025-07-03 17:35:00+00:00,33,97,7873621,96.77,96.77,96.77,96.77,1,DX  FMU0025!
2025-07-03 17:36:00+00:00,33,97,7873621,96.775,96.775,96.775,96.775,2,DX  FMU0025!
2025-07-03 17:37:00+00:00,33,97,7873621,96.785,96.785,96.785,96.785,7,DX  FMU0025!
2025-07-03 17:38:00+00:00,33,97,7873621,96.775,96.775,96.775,96.775,1,DX  FMU0025!
2025-07-03 17:39:00+00:00,33,97,7873621,96.78,96.78,96.78,96.78,1,DX  FMU0025!
2025-07-03 17:40:00+00:00,33,97,7873621,96.785,96.785,96.785,96.785,1,DX  FMU0025!
2025-07-03 17:41:00+00:00,33,97,7873621,96.795,96.795,96.795,96.795,4,DX  FMU0025!
2025-07-03 17:42:00+00:00,33,97,7873621,96.79,96.79,96.785,96.785,8,DX  FMU0025!
2025-07-03 17:43:00+00:00,33,97,7873621,96.785,96.785,96.785,96.785,7,DX  FMU0025!
2025-07-03 17:44:00+00:00,33,97,7873621,96.785,96.785,96.785,96.785,1,DX  FMU0025!
2025-07-03 17:46:00+00:00,33,97,7873621,96.78,96.78,96.78,96.78,3,DX  FMU0025!
2025-07-03 17:47:00+00:00,33,97,7873621,96.79,96.79,96.79,96.79,1,DX  FMU0025!
2025-07-03 17:48:00+00:00,33,97,7873621,96.79,96.79,96.79,96.79,1,DX  FMU0025!
2025-07-03 17:50:00+00:00,33,97,7873621,96.785,96.785,96.785,96.785,1,DX  FMU0025!
2025-07-03 17:52:00+00:00,33,97,7873621,96.795,96.795,96.795,96.795,1,DX  FMU0025!
2025-07-03 17:53:00+00:00,33,97,7873621,96.795,96.795,96.795,96.795,3,DX  FMU0025!
2025-07-03 17:54:00+00:00,33,97,7873621,96.795,96.795,96.795,96.795,7,DX  FMU0025!
2025-07-03 17:55:00+00:00,33,97,7873621,96.795,96.805,96.795,96.805,13,DX  FMU0025!
2025-07-03 17:56:00+00:00,33,97,7873621,96.805,96.81,96.805,96.805,10,DX  FMU0025!
2025-07-03 17:57:00+00:00,33,97,7873621,96.805,96.805,96.8,96.8,7,DX  FMU0025!
2025-07-03 17:58:00+00:00,33,97,7873621,96.795,96.795,96.795,96.795,2,DX  FMU0025!
2025-07-03 17:59:00+00:00,33,97,7873621,96.79,96.79,96.79,96.79,3,DX  FMU0025!
2025-07-03 18:00:00+00:00,33,97,7873621,96.795,96.795,96.795,96.795,1,DX  FMU0025!
2025-07-03 18:02:00+00:00,33,97,7873621,96.79,96.79,96.79,96.79,2,DX  FMU0025!
2025-07-03 18:03:00+00:00,33,97,7873621,96.8,96.8,96.8,96.8,2,DX  FMU0025!
2025-07-03 18:07:00+00:00,33,97,7873621,96.795,96.795,96.795,96.795,1,DX  FMU0025!
2025-07-03 18:08:00+00:00,33,97,7873621,96.79,96.79,96.78,96.78,2,DX  FMU0025!
2025-07-03 18:10:00+00:00,33,97,7873621,96.78,96.78,96.78,96.78,2,DX  FMU0025!
2025-07-03 18:12:00+00:00,33,97,7873621,96.78,96.785,96.78,96.785,16,DX  FMU0025!
2025-07-03 18:14:00+00:00,33,97,7873621,96.78,96.78,96.775,96.775,4,DX  FMU0025!
2025-07-03 18:17:00+00:00,33,97,7873621,96.78,96.78,96.78,96.78,12,DX  FMU0025!
2025-07-03 18:19:00+00:00,33,97,8024379,96.4,96.4,96.4,96.4,1,DX  FMZ0025!
2025-07-03 18:20:00+00:00,33,97,8024379,96.4,96.4,96.4,96.4,1,DX  FMZ0025!
2025-07-03 18:20:00+00:00,33,97,7873621,96.795,96.8,96.795,96.8,4,DX  FMU0025!
2025-07-03 18:24:00+00:00,33,97,7873621,96.8,96.81,96.8,96.81,4,DX  FMU0025!
2025-07-03 18:25:00+00:00,33,97,7873621,96.815,96.815,96.815,96.815,2,DX  FMU0025!
2025-07-03 18:26:00+00:00,33,97,7873621,96.815,96.815,96.81,96.81,3,DX  FMU0025!
2025-07-03 18:27:00+00:00,33,97,7873621,96.805,96.805,96.805,96.805,1,DX  FMU0025!
2025-07-03 18:30:00+00:00,33,97,7873621,96.805,96.805,96.8,96.8,5,DX  FMU0025!
2025-07-03 18:33:00+00:00,33,97,7873621,96.81,96.81,96.81,96.81,2,DX  FMU0025!
2025-07-03 18:36:00+00:00,33,97,7873621,96.795,96.795,96.79,96.79,3,DX  FMU0025!
2025-07-03 18:37:00+00:00,33,97,7873621,96.79,96.79,96.79,96.79,2,DX  FMU0025!
2025-07-03 18:38:00+00:00,33,97,7873621,96.795,96.795,96.795,96.795,1,DX  FMU0025!
2025-07-03 18:39:00+00:00,33,97,7873621,96.8,96.8,96.8,96.8,5,DX  FMU0025!
2025-07-03 18:44:00+00:00,33,97,7873621,96.81,96.81,96.81,96.81,6,DX  FMU0025!
2025-07-03 18:45:00+00:00,33,97,7873621,96.81,96.81,96.81,96.81,1,DX  FMU0025!
2025-07-03 18:46:00+00:00,33,97,7873621,96.81,96.81,96.81,96.81,1,DX  FMU0025!
2025-07-03 18:47:00+00:00,33,97,7873621,96.815,96.815,96.815,96.815,2,DX  FMU0025!
2025-07-03 18:49:00+00:00,33,97,7873621,96.81,96.81,96.81,96.81,1,DX  FMU0025!
2025-07-03 18:53:00+00:00,33,97,7873621,96.805,96.805,96.8,96.8,2,DX  FMU0025!
2025-07-03 18:55:00+00:00,33,97,7873621,96.805,96.805,96.805,96.805,2,DX  FMU0025!
2025-07-03 18:56:00+00:00,33,97,7873621,96.805,96.805,96.805,96.805,1,DX  FMU0025!
2025-07-03 18:57:00+00:00,33,97,7873621,96.81,96.81,96.81,96.81,1,DX  FMU0025!
2025-07-03 18:58:00+00:00,33,97,7873621,96.815,96.82,96.815,96.82,10,DX  FMU0025!
2025-07-03 18:59:00+00:00,33,97,7873621,96.82,96.835,96.815,96.825,199,DX  FMU0025!
2025-07-03 18:59:00+00:00,33,97,8024379,96.405,96.405,96.405,96.405,1,DX  FMZ0025!
2025-07-03 18:59:00+00:00,33,97,8024161,0.01,0.01,0.01,0.01,5,DX  FMU0025_Z
2025-07-03 19:00:00+00:00,33,97,7873621,96.825,96.84,96.825,96.835,9,DX  FMU0025!
2025-07-03 19:01:00+00:00,33,97,7873621,96.84,96.84,96.84,96.84,6,DX  FMU0025!
2025-07-03 19:04:00+00:00,33,97,7873621,96.855,96.855,96.855,96.855,3,DX  FMU0025!
2025-07-03 19:05:00+00:00,33,97,7873621,96.85,96.85,96.85,96.85,1,DX  FMU0025!
2025-07-03 19:06:00+00:00,33,97,7873621,96.85,96.85,96.845,96.845,70,DX  FMU0025!
2025-07-03 19:07:00+00:00,33,97,7873621,96.84,96.84,96.84,96.84,1,DX  FMU0025!
2025-07-03 19:10:00+00:00,33,97,7873621,96.845,96.845,96.835,96.835,19,DX  FMU0025!
2025-07-03 19:11:00+00:00,33,97,7873621,96.84,96.84,96.84,96.84,2,DX  FMU0025!
2025-07-03 19:16:00+00:00,33,97,7873621,96.825,96.825,96.825,96.825,1,DX  FMU0025!
2025-07-03 19:17:00+00:00,33,97,7873621,96.825,96.825,96.825,96.825,1,DX  FMU0025!
2025-07-03 19:22:00+00:00,33,97,7873621,96.81,96.81,96.81,96.81,1,DX  FMU0025!
2025-07-03 19:25:00+00:00,33,97,7873621,96.81,96.81,96.81,96.81,2,DX  FMU0025!
2025-07-03 19:28:00+00:00,33,97,7873621,96.81,96.81,96.81,96.81,1,DX  FMU0025!
2025-07-03 19:29:00+00:00,33,97,7873621,96.81,96.81,96.81,96.81,1,DX  FMU0025!
2025-07-03 19:31:00+00:00,33,97,7873621,96.815,96.815,96.81,96.81,2,DX  FMU0025!
2025-07-03 19:32:00+00:00,33,97,7873621,96.82,96.82,96.82,96.82,1,DX  FMU0025!
2025-07-03 19:36:00+00:00,33,97,7873621,96.815,96.815,96.81,96.81,8,DX  FMU0025!
2025-07-03 19:40:00+00:00,33,97,7873621,96.815,96.815,96.815,96.815,1,DX  FMU0025!
2025-07-03 19:42:00+00:00,33,97,7873621,96.815,96.82,96.815,96.82,3,DX  FMU0025!
2025-07-03 19:44:00+00:00,33,97,7873621,96.815,96.815,96.815,96.815,1,DX  FMU0025!
2025-07-03 19:45:00+00:00,33,97,7873621,96.815,96.815,96.815,96.815,6,DX  FMU0025!
2025-07-03 19:48:00+00:00,33,97,7873621,96.81,96.81,96.81,96.81,1,DX  FMU0025!
2025-07-03 19:50:00+00:00,33,97,7873621,96.805,96.805,96.805,96.805,1,DX  FMU0025!
2025-07-03 19:51:00+00:00,33,97,7873621,96.8,96.8,96.8,96.8,2,DX  FMU0025!
2025-07-03 19:52:00+00:00,33,97,7873621,96.805,96.805,96.805,96.805,1,DX  FMU0025!
2025-07-03 19:53:00+00:00,33,97,7873621,96.8,96.8,96.795,96.795,13,DX  FMU0025!
2025-07-03 19:54:00+00:00,33,97,7873621,96.8,96.8,96.8,96.8,3,DX  FMU0025!
2025-07-03 19:56:00+00:00,33,97,7873621,96.81,96.81,96.81,96.81,1,DX  FMU0025!
2025-07-03 19:57:00+00:00,33,97,7873621,96.83,96.835,96.83,96.835,2,DX  FMU0025!
2025-07-03 19:58:00+00:00,33,97,7873621,96.83,96.83,96.83,96.83,4,DX  FMU0025!
2025-07-03 19:59:00+00:00,33,97,7873621,96.83,96.835,96.83,96.835,16,DX  FMU0025!
2025-07-03 20:00:00+00:00,33,97,7873621,96.835,96.835,96.835,96.835,4,DX  FMU0025!
2025-07-03 20:01:00+00:00,33,97,7873621,96.83,96.83,96.825,96.825,4,DX  FMU0025!
2025-07-03 20:03:00+00:00,33,97,7873621,96.825,96.825,96.825,96.825,2,DX  FMU0025!
2025-07-03 20:06:00+00:00,33,97,7873621,96.82,96.82,96.82,96.82,1,DX  FMU0025!
2025-07-03 20:14:00+00:00,33,97,7873621,96.83,96.83,96.83,96.83,14,DX  FMU0025!
2025-07-03 20:15:00+00:00,33,97,7873621,96.835,96.835,96.835,96.835,1,DX  FMU0025!
2025-07-03 20:16:00+00:00,33,97,7873621,96.825,96.825,96.825,96.825,1,DX  FMU0025!
2025-07-03 20:19:00+00:00,33,97,7873621,96.81,96.81,96.81,96.81,3,DX  FMU0025!
2025-07-03 20:21:00+00:00,33,97,7873621,96.805,96.805,96.805,96.805,1,DX  FMU0025!
2025-07-03 20:22:00+00:00,33,97,7873621,96.81,96.81,96.81,96.81,10,DX  FMU0025!
2025-07-03 20:24:00+00:00,33,97,7873621,96.81,96.81,96.8,96.8,2,DX  FMU0025!
2025-07-03 20:25:00+00:00,33,97,7873621,96.81,96.81,96.81,96.81,3,DX  FMU0025!
2025-07-03 20:33:00+00:00,33,97,7873621,96.805,96.805,96.805,96.805,1,DX  FMU0025!
2025-07-03 20:34:00+00:00,33,97,7873621,96.8,96.8,96.8,96.8,1,DX  FMU0025!
2025-07-03 20:36:00+00:00,33,97,7873621,96.795,96.8,96.795,96.8,2,DX  FMU0025!
2025-07-03 20:37:00+00:00,33,97,7873621,96.79,96.79,96.79,96.79,1,DX  FMU0025!
2025-07-03 20:39:00+00:00,33,97,7873621,96.785,96.785,96.785,96.785,2,DX  FMU0025!
2025-07-03 20:41:00+00:00,33,97,7873621,96.765,96.765,96.765,96.765,1,DX  FMU0025!
2025-07-03 20:45:00+00:00,33,97,7873621,96.78,96.78,96.78,96.78,1,DX  FMU0025!
2025-07-03 20:56:00+00:00,33,97,7873621,96.78,96.785,96.775,96.78,35,DX  FMU0025!
2025-07-03 20:59:00+00:00,33,97,7873621,96.77,96.77,96.765,96.765,11,DX  FMU0025!
2025-07-04 00:00:00+00:00,33,97,7873621,96.66,96.685,96.66,96.685,89,DX  FMU0025!
2025-07-04 00:01:00+00:00,33,97,7873621,96.685,96.685,96.675,96.675,5,DX  FMU0025!
2025-07-04 00:02:00+00:00,33,97,7873621,96.68,96.68,96.675,96.675,30,DX  FMU0025!
2025-07-04 00:03:00+00:00,33,97,7873621,96.675,96.675,96.67,96.67,30,DX  FMU0025!
2025-07-04 00:04:00+00:00,33,97,7873621,96.665,96.67,96.665,96.67,7,DX  FMU0025!
2025-07-04 00:05:00+00:00,33,97,7873621,96.675,96.675,96.675,96.675,3,DX  FMU0025!
2025-07-04 00:06:00+00:00,33,97,7873621,96.675,96.675,96.67,96.675,13,DX  FMU0025!
2025-07-04 00:07:00+00:00,33,97,7873621,96.685,96.685,96.685,96.685,3,DX  FMU0025!
2025-07-04 00:08:00+00:00,33,97,7873621,96.685,96.685,96.67,96.67,9,DX  FMU0025!
2025-07-04 00:09:00+00:00,33,97,7873621,96.675,96.675,96.675,96.675,1,DX  FMU0025!
2025-07-04 00:10:00+00:00,33,97,7873621,96.675,96.68,96.675,96.68,13,DX  FMU0025!
2025-07-04 00:11:00+00:00,33,97,7873621,96.685,96.685,96.68,96.685,41,DX  FMU0025!
2025-07-04 00:12:00+00:00,33,97,7873621,96.685,96.685,96.685,96.685,3,DX  FMU0025!
2025-07-04 00:14:00+00:00,33,97,7873621,96.685,96.685,96.685,96.685,1,DX  FMU0025!
2025-07-04 00:15:00+00:00,33,97,7873621,96.675,96.675,96.665,96.665,11,DX  FMU0025!
2025-07-04 00:17:00+00:00,33,97,7873621,96.67,96.675,96.67,96.675,4,DX  FMU0025!
2025-07-04 00:18:00+00:00,33,97,7873621,96.67,96.67,96.665,96.665,5,DX  FMU0025!
2025-07-04 00:19:00+00:00,33,97,7873621,96.66,96.66,96.66,96.66,9,DX  FMU0025!
2025-07-04 00:20:00+00:00,33,97,7873621,96.66,96.66,96.66,96.66,3,DX  FMU0025!
2025-07-04 00:21:00+00:00,33,97,7873621,96.66,96.665,96.66,96.66,19,DX  FMU0025!
2025-07-04 00:22:00+00:00,33,97,7873621,96.66,96.66,96.66,96.66,5,DX  FMU0025!
2025-07-04 00:23:00+00:00,33,97,7873621,96.67,96.675,96.67,96.675,6,DX  FMU0025!
2025-07-04 00:25:00+00:00,33,97,7873621,96.68,96.68,96.68,96.68,23,DX  FMU0025!
2025-07-04 00:26:00+00:00,33,97,7873621,96.685,96.685,96.685,96.685,7,DX  FMU0025!
2025-07-04 00:27:00+00:00,33,97,7873621,96.69,96.69,96.685,96.685,5,DX  FMU0025!
2025-07-04 00:28:00+00:00,33,97,7873621,96.68,96.68,96.68,96.68,5,DX  FMU0025!
2025-07-04 00:29:00+00:00,33,97,7873621,96.685,96.685,96.68,96.68,9,DX  FMU0025!
2025-07-04 00:31:00+00:00,33,97,7873621,96.67,96.67,96.66,96.66,3,DX  FMU0025!
2025-07-04 00:34:00+00:00,33,97,7873621,96.675,96.675,96.675,96.675,26,DX  FMU0025!
2025-07-04 00:35:00+00:00,33,97,7873621,96.68,96.68,96.68,96.68,1,DX  FMU0025!
2025-07-04 00:36:00+00:00,33,97,7873621,96.68,96.68,96.68,96.68,2,DX  FMU0025!
2025-07-04 00:37:00+00:00,33,97,7873621,96.675,96.675,96.675,96.675,4,DX  FMU0025!
2025-07-04 00:39:00+00:00,33,97,7873621,96.675,96.675,96.675,96.675,2,DX  FMU0025!
2025-07-04 00:40:00+00:00,33,97,7873621,96.68,96.685,96.68,96.685,5,DX  FMU0025!
2025-07-04 00:41:00+00:00,33,97,7873621,96.695,96.695,96.69,96.69,4,DX  FMU0025!
2025-07-04 00:43:00+00:00,33,97,7873621,96.695,96.695,96.69,96.69,8,DX  FMU0025!
2025-07-04 00:44:00+00:00,33,97,7873621,96.69,96.69,96.69,96.69,39,DX  FMU0025!
2025-07-04 00:45:00+00:00,33,97,7873621,96.695,96.695,96.69,96.69,9,DX  FMU0025!
2025-07-04 00:46:00+00:00,33,97,7873621,96.685,96.685,96.68,96.68,31,DX  FMU0025!
2025-07-04 00:47:00+00:00,33,97,7873621,96.68,96.68,96.68,96.68,12,DX  FMU0025!
2025-07-04 00:49:00+00:00,33,97,7873621,96.69,96.69,96.69,96.69,4,DX  FMU0025!
2025-07-04 00:50:00+00:00,33,97,7873621,96.68,96.68,96.68,96.68,3,DX  FMU0025!
2025-07-04 00:50:00+00:00,33,97,8024379,96.27,96.27,96.27,96.27,1,DX  FMZ0025!
2025-07-04 00:52:00+00:00,33,97,7873621,96.675,96.675,96.675,96.675,1,DX  FMU0025!
2025-07-04 00:53:00+00:00,33,97,7873621,96.675,96.68,96.675,96.68,14,DX  FMU0025!
2025-07-04 00:54:00+00:00,33,97,7873621,96.675,96.69,96.675,96.685,28,DX  FMU0025!
2025-07-04 00:59:00+00:00,33,97,7873621,96.675,96.675,96.67,96.67,2,DX  FMU0025!
2025-07-04 01:00:00+00:00,33,97,7873621,96.665,96.67,96.665,96.67,5,DX  FMU0025!
2025-07-04 01:01:00+00:00,33,97,7873621,96.675,96.675,96.675,96.675,4,DX  FMU0025!
2025-07-04 01:02:00+00:00,33,97,7873621,96.68,96.685,96.68,96.685,7,DX  FMU0025!
2025-07-04 01:03:00+00:00,33,97,7873621,96.685,96.695,96.685,96.695,7,DX  FMU0025!
2025-07-04 01:04:00+00:00,33,97,7873621,96.69,96.69,96.69,96.69,1,DX  FMU0025!
2025-07-04 01:05:00+00:00,33,97,7873621,96.675,96.675,96.675,96.675,2,DX  FMU0025!
2025-07-04 01:07:00+00:00,33,97,7873621,96.665,96.665,96.66,96.66,2,DX  FMU0025!
2025-07-04 01:08:00+00:00,33,97,7873621,96.68,96.68,96.68,96.68,3,DX  FMU0025!
2025-07-04 01:09:00+00:00,33,97,7873621,96.68,96.68,96.68,96.68,5,DX  FMU0025!
2025-07-04 01:10:00+00:00,33,97,7873621,96.685,96.69,96.685,96.69,3,DX  FMU0025!
2025-07-04 01:11:00+00:00,33,97,7873621,96.695,96.695,96.695,96.695,21,DX  FMU0025!
2025-07-04 01:12:00+00:00,33,97,7873621,96.695,96.7,96.695,96.7,12,DX  FMU0025!
2025-07-04 01:13:00+00:00,33,97,7873621,96.695,96.695,96.695,96.695,1,DX  FMU0025!
2025-07-04 01:14:00+00:00,33,97,7873621,96.69,96.69,96.69,96.69,2,DX  FMU0025!
2025-07-04 01:15:00+00:00,33,97,7873621,96.68,96.68,96.68,96.68,1,DX  FMU0025!
2025-07-04 01:16:00+00:00,33,97,7873621,96.68,96.68,96.67,96.67,4,DX  FMU0025!
2025-07-04 01:17:00+00:00,33,97,7873621,96.67,96.67,96.665,96.665,31,DX  FMU0025!
2025-07-04 01:18:00+00:00,33,97,7873621,96.665,96.665,96.665,96.665,2,DX  FMU0025!
2025-07-04 01:19:00+00:00,33,97,7873621,96.66,96.66,96.66,96.66,5,DX  FMU0025!
2025-07-04 01:20:00+00:00,33,97,7873621,96.665,96.68,96.665,96.68,2,DX  FMU0025!
2025-07-04 01:21:00+00:00,33,97,7873621,96.685,96.685,96.685,96.685,2,DX  FMU0025!
2025-07-04 01:24:00+00:00,33,97,7873621,96.685,96.685,96.685,96.685,9,DX  FMU0025!
2025-07-04 01:25:00+00:00,33,97,7873621,96.69,96.69,96.69,96.69,5,DX  FMU0025!
2025-07-04 01:26:00+00:00,33,97,7873621,96.69,96.69,96.69,96.69,7,DX  FMU0025!
2025-07-04 01:27:00+00:00,33,97,7873621,96.7,96.7,96.7,96.7,9,DX  FMU0025!
2025-07-04 01:29:00+00:00,33,97,7873621,96.7,96.705,96.7,96.7,31,DX  FMU0025!
2025-07-04 01:30:00+00:00,33,97,7873621,96.7,96.71,96.7,96.71,59,DX  FMU0025!
2025-07-04 01:32:00+00:00,33,97,7873621,96.705,96.71,96.705,96.71,14,DX  FMU0025!
2025-07-04 01:33:00+00:00,33,97,7873621,96.705,96.705,96.705,96.705,1,DX  FMU0025!
2025-07-04 01:36:00+00:00,33,97,7873621,96.715,96.715,96.715,96.715,2,DX  FMU0025!
2025-07-04 01:39:00+00:00,33,97,7873621,96.72,96.72,96.715,96.715,3,DX  FMU0025!
2025-07-04 01:41:00+00:00,33,97,7873621,96.74,96.745,96.74,96.745,58,DX  FMU0025!
2025-07-04 01:42:00+00:00,33,97,7873621,96.74,96.74,96.74,96.74,1,DX  FMU0025!
2025-07-04 01:43:00+00:00,33,97,7873621,96.74,96.74,96.74,96.74,32,DX  FMU0025!
2025-07-04 01:44:00+00:00,33,97,7873621,96.735,96.735,96.735,96.735,4,DX  FMU0025!
2025-07-04 01:45:00+00:00,33,97,7873621,96.73,96.73,96.73,96.73,17,DX  FMU0025!
2025-07-04 01:46:00+00:00,33,97,7873621,96.73,96.735,96.73,96.735,2,DX  FMU0025!
2025-07-04 01:47:00+00:00,33,97,7873621,96.73,96.735,96.73,96.735,4,DX  FMU0025!
2025-07-04 01:48:00+00:00,33,97,7873621,96.745,96.745,96.745,96.745,1,DX  FMU0025!
2025-07-04 01:49:00+00:00,33,97,7873621,96.74,96.74,96.74,96.74,1,DX  FMU0025!
2025-07-04 01:51:00+00:00,33,97,7873621,96.735,96.735,96.735,96.735,10,DX  FMU0025!
2025-07-04 01:54:00+00:00,33,97,7873621,96.72,96.725,96.72,96.725,5,DX  FMU0025!
2025-07-04 01:55:00+00:00,33,97,7873621,96.73,96.735,96.73,96.735,2,DX  FMU0025!
2025-07-04 01:56:00+00:00,33,97,7873621,96.75,96.75,96.745,96.745,24,DX  FMU0025!
2025-07-04 01:57:00+00:00,33,97,7873621,96.755,96.76,96.755,96.76,10,DX  FMU0025!
2025-07-04 01:58:00+00:00,33,97,7873621,96.745,96.745,96.745,96.745,1,DX  FMU0025!
2025-07-04 01:59:00+00:00,33,97,7873621,96.745,96.745,96.745,96.745,13,DX  FMU0025!
2025-07-04 02:00:00+00:00,33,97,7873621,96.735,96.74,96.735,96.735,24,DX  FMU0025!
2025-07-04 02:01:00+00:00,33,97,7873621,96.74,96.74,96.735,96.735,5,DX  FMU0025!
2025-07-04 02:02:00+00:00,33,97,7873621,96.735,96.735,96.735,96.735,1,DX  FMU0025!
2025-07-04 02:03:00+00:00,33,97,7873621,96.73,96.73,96.73,96.73,2,DX  FMU0025!
2025-07-04 02:05:00+00:00,33,97,7873621,96.73,96.73,96.725,96.725,3,DX  FMU0025!
2025-07-04 02:06:00+00:00,33,97,7873621,96.735,96.735,96.735,96.735,5,DX  FMU0025!
2025-07-04 02:07:00+00:00,33,97,7873621,96.735,96.735,96.735,96.735,5,DX  FMU0025!
2025-07-04 02:11:00+00:00,33,97,7873621,96.725,96.725,96.725,96.725,1,DX  FMU0025!
2025-07-04 02:12:00+00:00,33,97,7873621,96.72,96.72,96.72,96.72,1,DX  FMU0025!
2025-07-04 02:13:00+00:00,33,97,7873621,96.72,96.72,96.72,96.72,1,DX  FMU0025!
2025-07-04 02:15:00+00:00,33,97,7873621,96.71,96.71,96.71,96.71,1,DX  FMU0025!
2025-07-04 02:16:00+00:00,33,97,7873621,96.715,96.715,96.715,96.715,4,DX  FMU0025!
2025-07-04 02:19:00+00:00,33,97,7873621,96.72,96.72,96.695,96.7,35,DX  FMU0025!
2025-07-04 02:20:00+00:00,33,97,7873621,96.71,96.71,96.71,96.71,29,DX  FMU0025!
2025-07-04 02:21:00+00:00,33,97,7873621,96.71,96.71,96.705,96.705,31,DX  FMU0025!
2025-07-04 02:22:00+00:00,33,97,7873621,96.71,96.71,96.7,96.7,20,DX  FMU0025!
2025-07-04 02:23:00+00:00,33,97,7873621,96.7,96.7,96.7,96.7,6,DX  FMU0025!
2025-07-04 02:27:00+00:00,33,97,7873621,96.685,96.685,96.685,96.685,1,DX  FMU0025!
2025-07-04 02:28:00+00:00,33,97,7873621,96.685,96.685,96.685,96.685,1,DX  FMU0025!
2025-07-04 02:29:00+00:00,33,97,7873621,96.685,96.685,96.685,96.685,3,DX  FMU0025!
2025-07-04 02:30:00+00:00,33,97,7873621,96.68,96.68,96.675,96.675,2,DX  FMU0025!
2025-07-04 02:31:00+00:00,33,97,7873621,96.66,96.66,96.66,96.66,21,DX  FMU0025!
2025-07-04 02:32:00+00:00,33,97,7873621,96.66,96.675,96.66,96.67,8,DX  FMU0025!
2025-07-04 02:36:00+00:00,33,97,7873621,96.67,96.67,96.67,96.67,1,DX  FMU0025!
2025-07-04 02:39:00+00:00,33,97,7873621,96.675,96.675,96.675,96.675,2,DX  FMU0025!
2025-07-04 02:41:00+00:00,33,97,7873621,96.67,96.67,96.67,96.67,2,DX  FMU0025!
2025-07-04 02:44:00+00:00,33,97,7873621,96.67,96.67,96.665,96.665,8,DX  FMU0025!
2025-07-04 02:45:00+00:00,33,97,7873621,96.665,96.67,96.665,96.67,2,DX  FMU0025!
2025-07-04 02:52:00+00:00,33,97,7873621,96.685,96.685,96.685,96.685,2,DX  FMU0025!
2025-07-04 02:55:00+00:00,33,97,7873621,96.68,96.68,96.68,96.68,2,DX  FMU0025!
2025-07-04 02:56:00+00:00,33,97,7873621,96.685,96.685,96.675,96.675,7,DX  FMU0025!
2025-07-04 03:01:00+00:00,33,97,7873621,96.695,96.695,96.695,96.695,1,DX  FMU0025!
2025-07-04 03:02:00+00:00,33,97,7873621,96.69,96.69,96.69,96.69,12,DX  FMU0025!
2025-07-04 03:03:00+00:00,33,97,7873621,96.685,96.685,96.685,96.685,4,DX  FMU0025!
2025-07-04 03:06:00+00:00,33,97,7873621,96.69,96.69,96.69,96.69,9,DX  FMU0025!
2025-07-04 03:07:00+00:00,33,97,7873621,96.685,96.685,96.685,96.685,2,DX  FMU0025!
2025-07-04 03:13:00+00:00,33,97,7873621,96.68,96.68,96.68,96.68,1,DX  FMU0025!
2025-07-04 03:14:00+00:00,33,97,7873621,96.675,96.675,96.675,96.675,1,DX  FMU0025!
2025-07-04 03:15:00+00:00,33,97,7873621,96.67,96.67,96.67,96.67,1,DX  FMU0025!
2025-07-04 03:17:00+00:00,33,97,7873621,96.655,96.655,96.65,96.65,11,DX  FMU0025!
2025-07-04 03:19:00+00:00,33,97,7873621,96.64,96.64,96.635,96.635,39,DX  FMU0025!
2025-07-04 03:20:00+00:00,33,97,7873621,96.65,96.65,96.65,96.65,8,DX  FMU0025!
2025-07-04 03:25:00+00:00,33,97,7873621,96.645,96.645,96.645,96.645,1,DX  FMU0025!
2025-07-04 03:26:00+00:00,33,97,7873621,96.65,96.65,96.65,96.65,2,DX  FMU0025!
2025-07-04 03:28:00+00:00,33,97,7873621,96.65,96.65,96.65,96.65,7,DX  FMU0025!
2025-07-04 03:29:00+00:00,33,97,7873621,96.65,96.65,96.645,96.645,24,DX  FMU0025!
2025-07-04 03:30:00+00:00,33,97,7873621,96.65,96.65,96.64,96.64,21,DX  FMU0025!
2025-07-04 03:31:00+00:00,33,97,7873621,96.63,96.63,96.63,96.63,25,DX  FMU0025!
2025-07-04 03:32:00+00:00,33,97,7873621,96.63,96.635,96.63,96.635,3,DX  FMU0025!
2025-07-04 03:33:00+00:00,33,97,7873621,96.635,96.635,96.635,96.635,2,DX  FMU0025!
2025-07-04 03:36:00+00:00,33,97,7873621,96.64,96.64,96.635,96.635,14,DX  FMU0025!
2025-07-04 03:39:00+00:00,33,97,7873621,96.63,96.63,96.62,96.62,7,DX  FMU0025!
2025-07-04 03:41:00+00:00,33,97,7873621,96.63,96.635,96.625,96.635,11,DX  FMU0025!
2025-07-04 03:42:00+00:00,33,97,7873621,96.64,96.64,96.64,96.64,1,DX  FMU0025!
2025-07-04 03:43:00+00:00,33,97,7873621,96.645,96.645,96.64,96.64,4,DX  FMU0025!
2025-07-04 03:44:00+00:00,33,97,7873621,96.64,96.64,96.635,96.635,2,DX  FMU0025!
2025-07-04 03:46:00+00:00,33,97,7873621,96.63,96.63,96.625,96.625,3,DX  FMU0025!
2025-07-04 03:50:00+00:00,33,97,7873621,96.63,96.63,96.63,96.63,2,DX  FMU0025!
2025-07-04 03:52:00+00:00,33,97,7873621,96.625,96.625,96.625,96.625,4,DX  FMU0025!
2025-07-04 03:53:00+00:00,33,97,7873621,96.635,96.635,96.635,96.635,2,DX  FMU0025!
2025-07-04 03:57:00+00:00,33,97,7873621,96.63,96.63,96.63,96.63,3,DX  FMU0025!
2025-07-04 03:58:00+00:00,33,97,7873621,96.635,96.635,96.635,96.635,2,DX  FMU0025!
2025-07-04 04:00:00+00:00,33,97,7873621,96.64,96.645,96.64,96.645,4,DX  FMU0025!
2025-07-04 04:01:00+00:00,33,97,7873621,96.645,96.645,96.645,96.645,1,DX  FMU0025!
2025-07-04 04:02:00+00:00,33,97,7873621,96.645,96.645,96.64,96.64,7,DX  FMU0025!
2025-07-04 04:04:00+00:00,33,97,7873621,96.635,96.635,96.635,96.635,2,DX  FMU0025!
2025-07-04 04:05:00+00:00,33,97,7873621,96.63,96.63,96.625,96.625,16,DX  FMU0025!
2025-07-04 04:06:00+00:00,33,97,7873621,96.62,96.62,96.615,96.615,24,DX  FMU0025!
2025-07-04 04:07:00+00:00,33,97,7873621,96.61,96.61,96.61,96.61,4,DX  FMU0025!
2025-07-04 04:09:00+00:00,33,97,7873621,96.615,96.615,96.615,96.615,1,DX  FMU0025!
2025-07-04 04:10:00+00:00,33,97,7873621,96.61,96.61,96.61,96.61,12,DX  FMU0025!
2025-07-04 04:16:00+00:00,33,97,7873621,96.615,96.615,96.615,96.615,1,DX  FMU0025!
2025-07-04 04:17:00+00:00,33,97,7873621,96.61,96.61,96.61,96.61,1,DX  FMU0025!
2025-07-04 04:19:00+00:00,33,97,7873621,96.61,96.61,96.61,96.61,1,DX  FMU0025!
2025-07-04 04:21:00+00:00,33,97,7873621,96.6,96.6,96.59,96.59,34,DX  FMU0025!
2025-07-04 04:22:00+00:00,33,97,7873621,96.585,96.585,96.58,96.58,3,DX  FMU0025!
2025-07-04 04:23:00+00:00,33,97,7873621,96.58,96.585,96.58,96.585,4,DX  FMU0025!
2025-07-04 04:24:00+00:00,33,97,7873621,96.59,96.59,96.585,96.585,26,DX  FMU0025!
2025-07-04 04:27:00+00:00,33,97,7873621,96.59,96.595,96.59,96.595,10,DX  FMU0025!
2025-07-04 04:29:00+00:00,33,97,7873621,96.61,96.61,96.61,96.61,1,DX  FMU0025!
2025-07-04 04:30:00+00:00,33,97,7873621,96.615,96.615,96.615,96.615,14,DX  FMU0025!
2025-07-04 04:31:00+00:00,33,97,7873621,96.615,96.615,96.615,96.615,3,DX  FMU0025!
2025-07-04 04:32:00+00:00,33,97,7873621,96.62,96.62,96.615,96.615,13,DX  FMU0025!
2025-07-04 04:33:00+00:00,33,97,7873621,96.62,96.62,96.605,96.605,5,DX  FMU0025!
2025-07-04 04:34:00+00:00,33,97,7873621,96.605,96.61,96.605,96.61,3,DX  FMU0025!
2025-07-04 04:35:00+00:00,33,97,7873621,96.6,96.6,96.6,96.6,3,DX  FMU0025!
2025-07-04 04:36:00+00:00,33,97,7873621,96.6,96.605,96.6,96.605,4,DX  FMU0025!
2025-07-04 04:37:00+00:00,33,97,7873621,96.6,96.6,96.6,96.6,1,DX  FMU0025!
2025-07-04 04:39:00+00:00,33,97,7873621,96.58,96.58,96.58,96.58,4,DX  FMU0025!
2025-07-04 04:39:00+00:00,33,97,8024379,96.2,96.2,96.2,96.2,1,DX  FMZ0025!
2025-07-04 04:40:00+00:00,33,97,8024379,96.2,96.2,96.2,96.2,1,DX  FMZ0025!
2025-07-04 04:40:00+00:00,33,97,7873621,96.575,96.575,96.575,96.575,9,DX  FMU0025!
2025-07-04 04:41:00+00:00,33,97,7873621,96.575,96.575,96.57,96.57,49,DX  FMU0025!
2025-07-04 04:42:00+00:00,33,97,7873621,96.57,96.57,96.57,96.57,2,DX  FMU0025!
2025-07-04 04:43:00+00:00,33,97,7873621,96.58,96.58,96.58,96.58,2,DX  FMU0025!
2025-07-04 04:46:00+00:00,33,97,7873621,96.575,96.58,96.575,96.58,3,DX  FMU0025!
2025-07-04 04:47:00+00:00,33,97,7873621,96.585,96.585,96.585,96.585,2,DX  FMU0025!
2025-07-04 04:48:00+00:00,33,97,7873621,96.59,96.59,96.59,96.59,1,DX  FMU0025!
2025-07-04 04:51:00+00:00,33,97,7873621,96.59,96.59,96.59,96.59,2,DX  FMU0025!
2025-07-04 04:52:00+00:00,33,97,7873621,96.585,96.585,96.585,96.585,3,DX  FMU0025!
2025-07-04 04:53:00+00:00,33,97,7873621,96.585,96.585,96.585,96.585,1,DX  FMU0025!
2025-07-04 04:54:00+00:00,33,97,7873621,96.575,96.575,96.57,96.57,4,DX  FMU0025!
2025-07-04 04:55:00+00:00,33,97,7873621,96.57,96.57,96.57,96.57,1,DX  FMU0025!
2025-07-04 04:58:00+00:00,33,97,7873621,96.575,96.575,96.575,96.575,1,DX  FMU0025!
2025-07-04 04:59:00+00:00,33,97,7873621,96.57,96.57,96.57,96.57,7,DX  FMU0025!
2025-07-04 05:00:00+00:00,33,97,7873621,96.565,96.565,96.555,96.555,27,DX  FMU0025!
2025-07-04 05:01:00+00:00,33,97,7873621,96.56,96.565,96.56,96.56,4,DX  FMU0025!
2025-07-04 05:03:00+00:00,33,97,7873621,96.56,96.56,96.56,96.56,8,DX  FMU0025!
2025-07-04 05:05:00+00:00,33,97,7873621,96.56,96.56,96.56,96.56,5,DX  FMU0025!
2025-07-04 05:06:00+00:00,33,97,7873621,96.55,96.55,96.545,96.545,14,DX  FMU0025!
2025-07-04 05:07:00+00:00,33,97,7873621,96.545,96.545,96.545,96.545,1,DX  FMU0025!
2025-07-04 05:08:00+00:00,33,97,7873621,96.56,96.56,96.56,96.56,2,DX  FMU0025!
2025-07-04 05:10:00+00:00,33,97,7873621,96.55,96.55,96.55,96.55,1,DX  FMU0025!
2025-07-04 05:11:00+00:00,33,97,7873621,96.54,96.54,96.535,96.535,12,DX  FMU0025!
2025-07-04 05:14:00+00:00,33,97,7873621,96.535,96.535,96.535,96.535,4,DX  FMU0025!
2025-07-04 05:15:00+00:00,33,97,7873621,96.535,96.535,96.535,96.535,4,DX  FMU0025!
2025-07-04 05:16:00+00:00,33,97,7873621,96.535,96.54,96.535,96.54,2,DX  FMU0025!
2025-07-04 05:17:00+00:00,33,97,7873621,96.535,96.535,96.535,96.535,7,DX  FMU0025!
2025-07-04 05:19:00+00:00,33,97,7873621,96.54,96.54,96.54,96.54,1,DX  FMU0025!
2025-07-04 05:20:00+00:00,33,97,7873621,96.535,96.535,96.535,96.535,2,DX  FMU0025!
2025-07-04 05:25:00+00:00,33,97,7873621,96.54,96.54,96.54,96.54,3,DX  FMU0025!
2025-07-04 05:26:00+00:00,33,97,7873621,96.535,96.535,96.535,96.535,1,DX  FMU0025!
2025-07-04 05:28:00+00:00,33,97,7873621,96.54,96.54,96.54,96.54,2,DX  FMU0025!
2025-07-04 05:30:00+00:00,33,97,7873621,96.535,96.535,96.535,96.535,3,DX  FMU0025!
2025-07-04 05:31:00+00:00,33,97,7873621,96.53,96.53,96.53,96.53,1,DX  FMU0025!
2025-07-04 05:32:00+00:00,33,97,7873621,96.535,96.55,96.535,96.55,4,DX  FMU0025!
2025-07-04 05:33:00+00:00,33,97,7873621,96.555,96.555,96.55,96.55,2,DX  FMU0025!
2025-07-04 05:36:00+00:00,33,97,7873621,96.54,96.54,96.54,96.54,1,DX  FMU0025!
2025-07-04 05:39:00+00:00,33,97,7873621,96.53,96.53,96.52,96.52,3,DX  FMU0025!
2025-07-04 05:42:00+00:00,33,97,7873621,96.54,96.54,96.54,96.54,1,DX  FMU0025!
2025-07-04 05:43:00+00:00,33,97,7873621,96.54,96.54,96.54,96.54,2,DX  FMU0025!
2025-07-04 05:45:00+00:00,33,97,7873621,96.535,96.545,96.535,96.54,9,DX  FMU0025!
2025-07-04 05:47:00+00:00,33,97,7873621,96.535,96.535,96.535,96.535,2,DX  FMU0025!
2025-07-04 05:49:00+00:00,33,97,7873621,96.535,96.535,96.535,96.535,1,DX  FMU0025!
2025-07-04 05:52:00+00:00,33,97,7873621,96.54,96.54,96.54,96.54,1,DX  FMU0025!
2025-07-04 05:54:00+00:00,33,97,7873621,96.535,96.535,96.535,96.535,11,DX  FMU0025!
2025-07-04 05:56:00+00:00,33,97,7873621,96.53,96.53,96.53,96.53,2,DX  FMU0025!
2025-07-04 05:57:00+00:00,33,97,7873621,96.53,96.53,96.53,96.53,1,DX  FMU0025!
2025-07-04 05:59:00+00:00,33,97,7873621,96.535,96.535,96.535,96.535,6,DX  FMU0025!
2025-07-04 06:00:00+00:00,33,97,7873621,96.545,96.55,96.54,96.55,28,DX  FMU0025!
2025-07-04 06:01:00+00:00,33,97,7873621,96.55,96.56,96.55,96.56,7,DX  FMU0025!
2025-07-04 06:02:00+00:00,33,97,7873621,96.57,96.57,96.565,96.565,3,DX  FMU0025!
2025-07-04 06:03:00+00:00,33,97,7873621,96.575,96.575,96.575,96.575,3,DX  FMU0025!
2025-07-04 06:04:00+00:00,33,97,7873621,96.575,96.59,96.575,96.59,17,DX  FMU0025!
2025-07-04 06:05:00+00:00,33,97,7873621,96.595,96.595,96.585,96.585,21,DX  FMU0025!
2025-07-04 06:06:00+00:00,33,97,7873621,96.58,96.58,96.58,96.58,1,DX  FMU0025!
2025-07-04 06:08:00+00:00,33,97,7873621,96.585,96.585,96.585,96.585,6,DX  FMU0025!
2025-07-04 06:09:00+00:00,33,97,7873621,96.575,96.58,96.575,96.58,57,DX  FMU0025!
2025-07-04 06:10:00+00:00,33,97,7873621,96.585,96.59,96.585,96.59,2,DX  FMU0025!
2025-07-04 06:11:00+00:00,33,97,7873621,96.57,96.57,96.57,96.57,1,DX  FMU0025!
2025-07-04 06:14:00+00:00,33,97,7873621,96.565,96.57,96.555,96.555,28,DX  FMU0025!
2025-07-04 06:15:00+00:00,33,97,7873621,96.55,96.55,96.55,96.55,3,DX  FMU0025!
2025-07-04 06:16:00+00:00,33,97,7873621,96.545,96.545,96.545,96.545,4,DX  FMU0025!
2025-07-04 06:19:00+00:00,33,97,7873621,96.55,96.55,96.54,96.54,6,DX  FMU0025!
2025-07-04 06:20:00+00:00,33,97,7873621,96.53,96.53,96.525,96.53,32,DX  FMU0025!
2025-07-04 06:21:00+00:00,33,97,7873621,96.525,96.53,96.525,96.53,2,DX  FMU0025!
2025-07-04 06:23:00+00:00,33,97,7873621,96.535,96.535,96.535,96.535,2,DX  FMU0025!
2025-07-04 06:24:00+00:00,33,97,7873621,96.52,96.52,96.515,96.515,6,DX  FMU0025!
2025-07-04 06:25:00+00:00,33,97,7873621,96.52,96.525,96.515,96.525,92,DX  FMU0025!
2025-07-04 06:26:00+00:00,33,97,7873621,96.53,96.53,96.525,96.525,7,DX  FMU0025!
2025-07-04 06:27:00+00:00,33,97,7873621,96.53,96.545,96.53,96.545,11,DX  FMU0025!
2025-07-04 06:28:00+00:00,33,97,7873621,96.555,96.56,96.55,96.555,6,DX  FMU0025!
2025-07-04 06:29:00+00:00,33,97,7873621,96.555,96.555,96.555,96.555,1,DX  FMU0025!
2025-07-04 06:30:00+00:00,33,97,7873621,96.555,96.56,96.555,96.56,3,DX  FMU0025!
2025-07-04 06:31:00+00:00,33,97,7873621,96.56,96.565,96.56,96.56,9,DX  FMU0025!
2025-07-04 06:32:00+00:00,33,97,7873621,96.57,96.575,96.57,96.575,17,DX  FMU0025!
2025-07-04 06:33:00+00:00,33,97,7873621,96.575,96.58,96.575,96.58,3,DX  FMU0025!
2025-07-04 06:34:00+00:00,33,97,7873621,96.58,96.585,96.58,96.585,6,DX  FMU0025!
2025-07-04 06:35:00+00:00,33,97,7873621,96.585,96.585,96.58,96.58,19,DX  FMU0025!
2025-07-04 06:36:00+00:00,33,97,7873621,96.575,96.575,96.575,96.575,5,DX  FMU0025!
2025-07-04 06:37:00+00:00,33,97,7873621,96.56,96.56,96.56,96.56,2,DX  FMU0025!
2025-07-04 06:39:00+00:00,33,97,7873621,96.575,96.575,96.575,96.575,4,DX  FMU0025!
2025-07-04 06:42:00+00:00,33,97,7873621,96.55,96.55,96.55,96.55,3,DX  FMU0025!
2025-07-04 06:43:00+00:00,33,97,7873621,96.55,96.55,96.545,96.55,4,DX  FMU0025!
2025-07-04 06:44:00+00:00,33,97,7873621,96.55,96.55,96.535,96.545,17,DX  FMU0025!
2025-07-04 06:45:00+00:00,33,97,7873621,96.54,96.54,96.535,96.535,6,DX  FMU0025!
2025-07-04 06:46:00+00:00,33,97,7873621,96.54,96.55,96.54,96.55,78,DX  FMU0025!
2025-07-04 06:47:00+00:00,33,97,7873621,96.555,96.555,96.55,96.55,5,DX  FMU0025!
2025-07-04 06:49:00+00:00,33,97,7873621,96.545,96.545,96.545,96.545,3,DX  FMU0025!
2025-07-04 06:53:00+00:00,33,97,7873621,96.56,96.565,96.56,96.565,3,DX  FMU0025!
2025-07-04 06:55:00+00:00,33,97,7873621,96.555,96.555,96.55,96.55,7,DX  FMU0025!
2025-07-04 06:56:00+00:00,33,97,7873621,96.545,96.545,96.545,96.545,2,DX  FMU0025!
2025-07-04 06:57:00+00:00,33,97,7873621,96.545,96.545,96.54,96.545,26,DX  FMU0025!
2025-07-04 06:58:00+00:00,33,97,7873621,96.55,96.55,96.55,96.55,2,DX  FMU0025!
2025-07-04 06:59:00+00:00,33,97,7873621,96.54,96.54,96.54,96.54,1,DX  FMU0025!
2025-07-04 07:00:00+00:00,33,97,7873621,96.545,96.55,96.54,96.54,13,DX  FMU0025!
2025-07-04 07:01:00+00:00,33,97,7873621,96.545,96.55,96.54,96.55,9,DX  FMU0025!
2025-07-04 07:02:00+00:00,33,97,7873621,96.545,96.55,96.545,96.55,52,DX  FMU0025!
2025-07-04 07:03:00+00:00,33,97,7873621,96.55,96.55,96.545,96.545,40,DX  FMU0025!
2025-07-04 07:04:00+00:00,33,97,7873621,96.55,96.56,96.55,96.56,51,DX  FMU0025!
2025-07-04 07:05:00+00:00,33,97,7873621,96.56,96.585,96.56,96.585,9,DX  FMU0025!
2025-07-04 07:06:00+00:00,33,97,7873621,96.58,96.58,96.575,96.575,16,DX  FMU0025!
2025-07-04 07:07:00+00:00,33,97,7873621,96.575,96.585,96.575,96.585,9,DX  FMU0025!
2025-07-04 07:08:00+00:00,33,97,7873621,96.585,96.59,96.58,96.58,81,DX  FMU0025!
2025-07-04 07:09:00+00:00,33,97,7873621,96.58,96.59,96.58,96.59,55,DX  FMU0025!
2025-07-04 07:10:00+00:00,33,97,7873621,96.58,96.59,96.58,96.59,19,DX  FMU0025!
2025-07-04 07:11:00+00:00,33,97,7873621,96.59,96.59,96.575,96.58,11,DX  FMU0025!
2025-07-04 07:12:00+00:00,33,97,7873621,96.595,96.6,96.59,96.6,69,DX  FMU0025!
2025-07-04 07:13:00+00:00,33,97,7873621,96.605,96.605,96.585,96.585,49,DX  FMU0025!
2025-07-04 07:14:00+00:00,33,97,7873621,96.585,96.6,96.585,96.6,34,DX  FMU0025!
2025-07-04 07:15:00+00:00,33,97,7873621,96.605,96.605,96.595,96.595,47,DX  FMU0025!
2025-07-04 07:16:00+00:00,33,97,7873621,96.59,96.6,96.59,96.595,64,DX  FMU0025!
2025-07-04 07:17:00+00:00,33,97,7873621,96.595,96.6,96.595,96.595,68,DX  FMU0025!
2025-07-04 07:18:00+00:00,33,97,7873621,96.59,96.595,96.585,96.595,83,DX  FMU0025!
2025-07-04 07:19:00+00:00,33,97,7873621,96.605,96.605,96.605,96.605,13,DX  FMU0025!
2025-07-04 07:20:00+00:00,33,97,7873621,96.61,96.62,96.61,96.62,6,DX  FMU0025!
2025-07-04 07:21:00+00:00,33,97,7873621,96.625,96.635,96.625,96.63,20,DX  FMU0025!
2025-07-04 07:22:00+00:00,33,97,7873621,96.635,96.635,96.62,96.62,11,DX  FMU0025!
2025-07-04 07:23:00+00:00,33,97,7873621,96.61,96.61,96.595,96.605,14,DX  FMU0025!
2025-07-04 07:24:00+00:00,33,97,7873621,96.61,96.61,96.605,96.605,18,DX  FMU0025!
2025-07-04 07:25:00+00:00,33,97,7873621,96.61,96.615,96.61,96.615,3,DX  FMU0025!
2025-07-04 07:26:00+00:00,33,97,7873621,96.615,96.62,96.61,96.61,23,DX  FMU0025!
2025-07-04 07:27:00+00:00,33,97,7873621,96.61,96.61,96.61,96.61,9,DX  FMU0025!
2025-07-04 07:28:00+00:00,33,97,7873621,96.605,96.62,96.605,96.62,5,DX  FMU0025!
2025-07-04 07:29:00+00:00,33,97,7873621,96.615,96.615,96.615,96.615,2,DX  FMU0025!
2025-07-04 07:30:00+00:00,33,97,7873621,96.64,96.645,96.635,96.635,17,DX  FMU0025!
2025-07-04 07:31:00+00:00,33,97,7873621,96.64,96.64,96.64,96.64,33,DX  FMU0025!
2025-07-04 07:32:00+00:00,33,97,7873621,96.645,96.655,96.635,96.635,153,DX  FMU0025!
2025-07-04 07:33:00+00:00,33,97,7873621,96.64,96.65,96.64,96.65,18,DX  FMU0025!
2025-07-04 07:34:00+00:00,33,97,7873621,96.645,96.65,96.645,96.65,19,DX  FMU0025!
2025-07-04 07:35:00+00:00,33,97,7873621,96.645,96.645,96.625,96.63,12,DX  FMU0025!
2025-07-04 07:36:00+00:00,33,97,7873621,96.63,96.655,96.63,96.655,10,DX  FMU0025!
2025-07-04 07:37:00+00:00,33,97,7873621,96.66,96.66,96.655,96.655,4,DX  FMU0025!
2025-07-04 07:38:00+00:00,33,97,7873621,96.65,96.655,96.65,96.655,8,DX  FMU0025!
2025-07-04 07:39:00+00:00,33,97,7873621,96.645,96.645,96.645,96.645,1,DX  FMU0025!
2025-07-04 07:40:00+00:00,33,97,7873621,96.645,96.655,96.645,96.655,9,DX  FMU0025!
2025-07-04 07:41:00+00:00,33,97,7873621,96.65,96.65,96.65,96.65,3,DX  FMU0025!
2025-07-04 07:42:00+00:00,33,97,7873621,96.645,96.645,96.635,96.635,5,DX  FMU0025!
2025-07-04 07:43:00+00:00,33,97,7873621,96.635,96.655,96.635,96.655,9,DX  FMU0025!
2025-07-04 07:44:00+00:00,33,97,7873621,96.655,96.655,96.65,96.65,3,DX  FMU0025!
2025-07-04 07:45:00+00:00,33,97,7873621,96.64,96.64,96.615,96.62,14,DX  FMU0025!
2025-07-04 07:46:00+00:00,33,97,7873621,96.615,96.615,96.615,96.615,4,DX  FMU0025!
2025-07-04 07:47:00+00:00,33,97,7873621,96.615,96.615,96.615,96.615,1,DX  FMU0025!
2025-07-04 07:48:00+00:00,33,97,7873621,96.61,96.61,96.61,96.61,13,DX  FMU0025!
2025-07-04 07:49:00+00:00,33,97,7873621,96.605,96.605,96.6,96.6,9,DX  FMU0025!
2025-07-04 07:50:00+00:00,33,97,7873621,96.6,96.615,96.6,96.615,9,DX  FMU0025!
2025-07-04 07:51:00+00:00,33,97,7873621,96.62,96.62,96.62,96.62,1,DX  FMU0025!
2025-07-04 07:52:00+00:00,33,97,7873621,96.62,96.62,96.62,96.62,8,DX  FMU0025!
2025-07-04 07:54:00+00:00,33,97,7873621,96.63,96.63,96.62,96.62,22,DX  FMU0025!
2025-07-04 07:55:00+00:00,33,97,7873621,96.625,96.635,96.625,96.635,2,DX  FMU0025!
2025-07-04 07:56:00+00:00,33,97,7873621,96.63,96.63,96.625,96.625,3,DX  FMU0025!
2025-07-04 07:57:00+00:00,33,97,7873621,96.63,96.645,96.63,96.645,6,DX  FMU0025!
2025-07-04 07:58:00+00:00,33,97,7873621,96.65,96.66,96.65,96.66,14,DX  FMU0025!
2025-07-04 07:59:00+00:00,33,97,7873621,96.65,96.65,96.65,96.65,2,DX  FMU0025!
2025-07-04 08:00:00+00:00,33,97,7873621,96.655,96.655,96.655,96.655,1,DX  FMU0025!
2025-07-04 08:01:00+00:00,33,97,7873621,96.65,96.65,96.645,96.645,23,DX  FMU0025!
2025-07-04 08:02:00+00:00,33,97,7873621,96.64,96.64,96.63,96.63,2,DX  FMU0025!
2025-07-04 08:03:00+00:00,33,97,7873621,96.625,96.625,96.62,96.625,10,DX  FMU0025!
2025-07-04 08:04:00+00:00,33,97,7873621,96.62,96.62,96.615,96.615,4,DX  FMU0025!
2025-07-04 08:05:00+00:00,33,97,7873621,96.615,96.64,96.615,96.64,12,DX  FMU0025!
2025-07-04 08:06:00+00:00,33,97,7873621,96.64,96.64,96.63,96.63,11,DX  FMU0025!
2025-07-04 08:07:00+00:00,33,97,7873621,96.63,96.635,96.63,96.63,3,DX  FMU0025!
2025-07-04 08:08:00+00:00,33,97,7873621,96.62,96.62,96.615,96.615,3,DX  FMU0025!
2025-07-04 08:09:00+00:00,33,97,7873621,96.615,96.615,96.615,96.615,1,DX  FMU0025!
2025-07-04 08:10:00+00:00,33,97,7873621,96.615,96.615,96.615,96.615,4,DX  FMU0025!
2025-07-04 08:11:00+00:00,33,97,7873621,96.605,96.605,96.6,96.605,26,DX  FMU0025!
2025-07-04 08:13:00+00:00,33,97,7873621,96.615,96.62,96.615,96.62,7,DX  FMU0025!
2025-07-04 08:14:00+00:00,33,97,7873621,96.625,96.625,96.62,96.625,7,DX  FMU0025!
2025-07-04 08:15:00+00:00,33,97,7873621,96.61,96.61,96.605,96.605,20,DX  FMU0025!
2025-07-04 08:17:00+00:00,33,97,7873621,96.61,96.61,96.61,96.61,10,DX  FMU0025!
2025-07-04 08:18:00+00:00,33,97,7873621,96.61,96.61,96.6,96.6,2,DX  FMU0025!
2025-07-04 08:19:00+00:00,33,97,7873621,96.6,96.61,96.6,96.61,2,DX  FMU0025!
2025-07-04 08:20:00+00:00,33,97,7873621,96.62,96.635,96.62,96.635,20,DX  FMU0025!
2025-07-04 08:21:00+00:00,33,97,7873621,96.635,96.635,96.635,96.635,2,DX  FMU0025!
2025-07-04 08:22:00+00:00,33,97,7873621,96.645,96.65,96.645,96.645,47,DX  FMU0025!
2025-07-04 08:23:00+00:00,33,97,7873621,96.65,96.655,96.65,96.655,4,DX  FMU0025!
2025-07-04 08:24:00+00:00,33,97,7873621,96.655,96.655,96.635,96.635,12,DX  FMU0025!
2025-07-04 08:25:00+00:00,33,97,7873621,96.64,96.65,96.64,96.65,15,DX  FMU0025!
2025-07-04 08:26:00+00:00,33,97,7873621,96.645,96.65,96.645,96.65,8,DX  FMU0025!
2025-07-04 08:28:00+00:00,33,97,7873621,96.655,96.655,96.655,96.655,4,DX  FMU0025!
2025-07-04 08:29:00+00:00,33,97,7873621,96.65,96.655,96.65,96.655,8,DX  FMU0025!
2025-07-04 08:30:00+00:00,33,97,7873621,96.645,96.65,96.645,96.65,11,DX  FMU0025!
2025-07-04 08:31:00+00:00,33,97,7873621,96.65,96.65,96.65,96.65,5,DX  FMU0025!
2025-07-04 08:32:00+00:00,33,97,7873621,96.645,96.645,96.645,96.645,3,DX  FMU0025!
2025-07-04 08:33:00+00:00,33,97,7873621,96.64,96.64,96.63,96.63,6,DX  FMU0025!
2025-07-04 08:35:00+00:00,33,97,7873621,96.63,96.635,96.63,96.635,11,DX  FMU0025!
2025-07-04 08:36:00+00:00,33,97,7873621,96.635,96.635,96.635,96.635,7,DX  FMU0025!
2025-07-04 08:37:00+00:00,33,97,7873621,96.63,96.63,96.62,96.62,2,DX  FMU0025!
2025-07-04 08:38:00+00:00,33,97,7873621,96.62,96.62,96.62,96.62,1,DX  FMU0025!
2025-07-04 08:39:00+00:00,33,97,7873621,96.625,96.625,96.625,96.625,4,DX  FMU0025!
2025-07-04 08:40:00+00:00,33,97,7873621,96.635,96.635,96.635,96.635,2,DX  FMU0025!
2025-07-04 08:41:00+00:00,33,97,7873621,96.625,96.625,96.62,96.62,4,DX  FMU0025!
2025-07-04 08:42:00+00:00,33,97,7873621,96.63,96.63,96.625,96.625,3,DX  FMU0025!
2025-07-04 08:43:00+00:00,33,97,7873621,96.62,96.62,96.62,96.62,1,DX  FMU0025!
2025-07-04 08:44:00+00:00,33,97,7873621,96.625,96.625,96.62,96.62,7,DX  FMU0025!
2025-07-04 08:45:00+00:00,33,97,7873621,96.615,96.615,96.615,96.615,1,DX  FMU0025!
2025-07-04 08:46:00+00:00,33,97,7873621,96.615,96.615,96.615,96.615,4,DX  FMU0025!
2025-07-04 08:50:00+00:00,33,97,7873621,96.625,96.625,96.62,96.625,17,DX  FMU0025!
2025-07-04 08:52:00+00:00,33,97,7873621,96.615,96.615,96.615,96.615,13,DX  FMU0025!
2025-07-04 08:53:00+00:00,33,97,7873621,96.61,96.615,96.61,96.61,20,DX  FMU0025!
2025-07-04 08:55:00+00:00,33,97,7873621,96.61,96.61,96.61,96.61,9,DX  FMU0025!
2025-07-04 08:56:00+00:00,33,97,7873621,96.62,96.62,96.62,96.62,17,DX  FMU0025!
2025-07-04 08:57:00+00:00,33,97,7873621,96.61,96.62,96.61,96.62,26,DX  FMU0025!
2025-07-04 08:58:00+00:00,33,97,7873621,96.615,96.615,96.615,96.615,4,DX  FMU0025!
2025-07-04 09:00:00+00:00,33,97,7873621,96.62,96.62,96.61,96.61,3,DX  FMU0025!
2025-07-04 09:01:00+00:00,33,97,7873621,96.605,96.61,96.605,96.61,3,DX  FMU0025!
2025-07-04 09:03:00+00:00,33,97,7873621,96.62,96.62,96.62,96.62,21,DX  FMU0025!
2025-07-04 09:04:00+00:00,33,97,7873621,96.62,96.62,96.61,96.615,27,DX  FMU0025!
2025-07-04 09:05:00+00:00,33,97,7873621,96.625,96.625,96.625,96.625,1,DX  FMU0025!
2025-07-04 09:06:00+00:00,33,97,7873621,96.625,96.625,96.62,96.625,12,DX  FMU0025!
2025-07-04 09:07:00+00:00,33,97,7873621,96.62,96.635,96.62,96.635,7,DX  FMU0025!
2025-07-04 09:08:00+00:00,33,97,7873621,96.63,96.63,96.62,96.62,17,DX  FMU0025!
2025-07-04 09:09:00+00:00,33,97,7873621,96.625,96.625,96.62,96.62,20,DX  FMU0025!
2025-07-04 09:10:00+00:00,33,97,7873621,96.615,96.625,96.615,96.625,11,DX  FMU0025!
2025-07-04 09:11:00+00:00,33,97,7873621,96.62,96.62,96.615,96.62,8,DX  FMU0025!
2025-07-04 09:12:00+00:00,33,97,7873621,96.615,96.615,96.615,96.615,5,DX  FMU0025!
2025-07-04 09:13:00+00:00,33,97,7873621,96.61,96.63,96.61,96.615,160,DX  FMU0025!
2025-07-04 09:14:00+00:00,33,97,7873621,96.625,96.63,96.62,96.62,24,DX  FMU0025!
2025-07-04 09:15:00+00:00,33,97,7873621,96.62,96.62,96.62,96.62,7,DX  FMU0025!
2025-07-04 09:16:00+00:00,33,97,7873621,96.625,96.625,96.615,96.615,27,DX  FMU0025!
2025-07-04 09:17:00+00:00,33,97,7873621,96.615,96.615,96.615,96.615,11,DX  FMU0025!
2025-07-04 09:18:00+00:00,33,97,7873621,96.605,96.605,96.605,96.605,1,DX  FMU0025!
2025-07-04 09:19:00+00:00,33,97,7873621,96.605,96.61,96.605,96.61,24,DX  FMU0025!
2025-07-04 09:20:00+00:00,33,97,7873621,96.61,96.61,96.61,96.61,10,DX  FMU0025!
2025-07-04 09:22:00+00:00,33,97,7873621,96.62,96.625,96.62,96.625,14,DX  FMU0025!
2025-07-04 09:23:00+00:00,33,97,7873621,96.625,96.625,96.62,96.62,18,DX  FMU0025!
2025-07-04 09:25:00+00:00,33,97,7873621,96.61,96.61,96.61,96.61,8,DX  FMU0025!
2025-07-04 09:27:00+00:00,33,97,7873621,96.61,96.61,96.61,96.61,2,DX  FMU0025!
2025-07-04 09:28:00+00:00,33,97,7873621,96.61,96.61,96.61,96.61,12,DX  FMU0025!
2025-07-04 09:29:00+00:00,33,97,7873621,96.61,96.61,96.61,96.61,10,DX  FMU0025!
2025-07-04 09:30:00+00:00,33,97,7873621,96.61,96.61,96.595,96.595,19,DX  FMU0025!
2025-07-04 09:31:00+00:00,33,97,7873621,96.59,96.595,96.59,96.595,2,DX  FMU0025!
2025-07-04 09:32:00+00:00,33,97,7873621,96.6,96.6,96.6,96.6,5,DX  FMU0025!
2025-07-04 09:33:00+00:00,33,97,7873621,96.605,96.605,96.6,96.6,16,DX  FMU0025!
2025-07-04 09:34:00+00:00,33,97,7873621,96.6,96.6,96.595,96.595,5,DX  FMU0025!
2025-07-04 09:35:00+00:00,33,97,7873621,96.6,96.6,96.6,96.6,5,DX  FMU0025!
2025-07-04 09:38:00+00:00,33,97,7873621,96.595,96.6,96.595,96.6,3,DX  FMU0025!
2025-07-04 09:39:00+00:00,33,97,7873621,96.605,96.605,96.605,96.605,16,DX  FMU0025!
2025-07-04 09:41:00+00:00,33,97,7873621,96.595,96.595,96.58,96.58,19,DX  FMU0025!
2025-07-04 09:43:00+00:00,33,97,7873621,96.58,96.585,96.58,96.585,29,DX  FMU0025!
2025-07-04 09:44:00+00:00,33,97,7873621,96.585,96.59,96.585,96.585,13,DX  FMU0025!
2025-07-04 09:45:00+00:00,33,97,7873621,96.58,96.58,96.58,96.58,13,DX  FMU0025!
2025-07-04 09:46:00+00:00,33,97,7873621,96.575,96.575,96.575,96.575,4,DX  FMU0025!
2025-07-04 09:47:00+00:00,33,97,7873621,96.58,96.58,96.58,96.58,2,DX  FMU0025!
2025-07-04 09:49:00+00:00,33,97,7873621,96.59,96.595,96.59,96.595,4,DX  FMU0025!
2025-07-04 09:51:00+00:00,33,97,7873621,96.595,96.595,96.595,96.595,3,DX  FMU0025!
2025-07-04 09:52:00+00:00,33,97,7873621,96.595,96.595,96.595,96.595,7,DX  FMU0025!
2025-07-04 09:53:00+00:00,33,97,7873621,96.585,96.585,96.585,96.585,1,DX  FMU0025!
2025-07-04 09:54:00+00:00,33,97,7873621,96.59,96.59,96.59,96.59,1,DX  FMU0025!
2025-07-04 09:55:00+00:00,33,97,7873621,96.59,96.59,96.59,96.59,2,DX  FMU0025!
2025-07-04 09:56:00+00:00,33,97,7873621,96.585,96.59,96.585,96.59,6,DX  FMU0025!
2025-07-04 09:58:00+00:00,33,97,7873621,96.595,96.595,96.595,96.595,2,DX  FMU0025!
2025-07-04 09:59:00+00:00,33,97,7873621,96.595,96.595,96.59,96.59,4,DX  FMU0025!
2025-07-04 10:00:00+00:00,33,97,7873621,96.6,96.6,96.6,96.6,1,DX  FMU0025!
2025-07-04 10:03:00+00:00,33,97,7873621,96.605,96.605,96.6,96.6,8,DX  FMU0025!
2025-07-04 10:04:00+00:00,33,97,7873621,96.595,96.595,96.595,96.595,1,DX  FMU0025!
2025-07-04 10:05:00+00:00,33,97,7873621,96.6,96.605,96.6,96.605,56,DX  FMU0025!
2025-07-04 10:07:00+00:00,33,97,7873621,96.6,96.6,96.6,96.6,1,DX  FMU0025!
2025-07-04 10:09:00+00:00,33,97,7873621,96.605,96.605,96.605,96.605,1,DX  FMU0025!
2025-07-04 10:10:00+00:00,33,97,7873621,96.615,96.615,96.615,96.615,1,DX  FMU0025!
2025-07-04 10:11:00+00:00,33,97,7873621,96.605,96.615,96.605,96.615,12,DX  FMU0025!
2025-07-04 10:12:00+00:00,33,97,7873621,96.615,96.615,96.61,96.61,46,DX  FMU0025!
2025-07-04 10:14:00+00:00,33,97,7873621,96.605,96.605,96.605,96.605,16,DX  FMU0025!
2025-07-04 10:15:00+00:00,33,97,7873621,96.6,96.6,96.6,96.6,24,DX  FMU0025!
2025-07-04 10:16:00+00:00,33,97,7873621,96.6,96.6,96.6,96.6,25,DX  FMU0025!
2025-07-04 10:17:00+00:00,33,97,7873621,96.595,96.595,96.59,96.59,29,DX  FMU0025!
2025-07-04 10:19:00+00:00,33,97,7873621,96.59,96.595,96.585,96.595,31,DX  FMU0025!
2025-07-04 10:20:00+00:00,33,97,7873621,96.595,96.595,96.59,96.59,8,DX  FMU0025!
2025-07-04 10:21:00+00:00,33,97,7873621,96.59,96.59,96.59,96.59,2,DX  FMU0025!
2025-07-04 10:22:00+00:00,33,97,7873621,96.595,96.595,96.595,96.595,28,DX  FMU0025!
2025-07-04 10:23:00+00:00,33,97,7873621,96.59,96.59,96.59,96.59,16,DX  FMU0025!
2025-07-04 10:24:00+00:00,33,97,7873621,96.6,96.6,96.6,96.6,1,DX  FMU0025!
2025-07-04 10:25:00+00:00,33,97,7873621,96.59,96.59,96.59,96.59,4,DX  FMU0025!
2025-07-04 10:26:00+00:00,33,97,7873621,96.59,96.59,96.59,96.59,12,DX  FMU0025!
2025-07-04 10:29:00+00:00,33,97,7873621,96.59,96.59,96.59,96.59,3,DX  FMU0025!
2025-07-04 10:30:00+00:00,33,97,7873621,96.59,96.59,96.59,96.59,3,DX  FMU0025!
2025-07-04 10:31:00+00:00,33,97,7873621,96.595,96.6,96.59,96.6,4,DX  FMU0025!
2025-07-04 10:33:00+00:00,33,97,7873621,96.6,96.6,96.6,96.6,3,DX  FMU0025!
2025-07-04 10:35:00+00:00,33,97,7873621,96.615,96.615,96.615,96.615,7,DX  FMU0025!
2025-07-04 10:36:00+00:00,33,97,7873621,96.61,96.61,96.61,96.61,4,DX  FMU0025!
2025-07-04 10:37:00+00:00,33,97,7873621,96.61,96.61,96.605,96.605,19,DX  FMU0025!
2025-07-04 10:38:00+00:00,33,97,7873621,96.62,96.62,96.62,96.62,2,DX  FMU0025!
2025-07-04 10:39:00+00:00,33,97,7873621,96.625,96.625,96.625,96.625,10,DX  FMU0025!
2025-07-04 10:40:00+00:00,33,97,7873621,96.625,96.625,96.625,96.625,1,DX  FMU0025!
2025-07-04 10:41:00+00:00,33,97,7873621,96.625,96.625,96.625,96.625,9,DX  FMU0025!
2025-07-04 10:42:00+00:00,33,97,7873621,96.625,96.625,96.625,96.625,3,DX  FMU0025!
2025-07-04 10:44:00+00:00,33,97,7873621,96.625,96.635,96.625,96.63,16,DX  FMU0025!
2025-07-04 10:45:00+00:00,33,97,7873621,96.63,96.63,96.63,96.63,1,DX  FMU0025!
2025-07-04 10:46:00+00:00,33,97,7873621,96.625,96.63,96.625,96.63,3,DX  FMU0025!
2025-07-04 10:47:00+00:00,33,97,7873621,96.625,96.63,96.625,96.63,33,DX  FMU0025!
2025-07-04 10:48:00+00:00,33,97,7873621,96.62,96.62,96.62,96.62,1,DX  FMU0025!
2025-07-04 10:49:00+00:00,33,97,7873621,96.62,96.62,96.62,96.62,12,DX  FMU0025!
2025-07-04 10:50:00+00:00,33,97,7873621,96.625,96.625,96.615,96.615,24,DX  FMU0025!
2025-07-04 10:51:00+00:00,33,97,7873621,96.63,96.63,96.63,96.63,1,DX  FMU0025!
2025-07-04 10:52:00+00:00,33,97,7873621,96.625,96.625,96.625,96.625,4,DX  FMU0025!
2025-07-04 10:53:00+00:00,33,97,7873621,96.63,96.63,96.63,96.63,18,DX  FMU0025!
2025-07-04 10:54:00+00:00,33,97,7873621,96.625,96.625,96.625,96.625,9,DX  FMU0025!
2025-07-04 10:55:00+00:00,33,97,7873621,96.63,96.63,96.63,96.63,5,DX  FMU0025!
2025-07-04 10:57:00+00:00,33,97,7873621,96.62,96.62,96.62,96.62,1,DX  FMU0025!
2025-07-04 10:58:00+00:00,33,97,7873621,96.615,96.615,96.605,96.605,8,DX  FMU0025!
2025-07-04 10:59:00+00:00,33,97,7873621,96.615,96.615,96.615,96.615,3,DX  FMU0025!
2025-07-04 11:00:00+00:00,33,97,7873621,96.615,96.615,96.615,96.615,2,DX  FMU0025!
2025-07-04 11:01:00+00:00,33,97,7873621,96.615,96.615,96.6,96.6,37,DX  FMU0025!
2025-07-04 11:02:00+00:00,33,97,7873621,96.6,96.6,96.6,96.6,9,DX  FMU0025!
2025-07-04 11:03:00+00:00,33,97,7873621,96.605,96.605,96.605,96.605,2,DX  FMU0025!
2025-07-04 11:04:00+00:00,33,97,7873621,96.605,96.605,96.605,96.605,14,DX  FMU0025!
2025-07-04 11:06:00+00:00,33,97,7873621,96.605,96.605,96.605,96.605,4,DX  FMU0025!
2025-07-04 11:07:00+00:00,33,97,7873621,96.6,96.6,96.6,96.6,12,DX  FMU0025!
2025-07-04 11:08:00+00:00,33,97,7873621,96.6,96.6,96.595,96.595,34,DX  FMU0025!
2025-07-04 11:09:00+00:00,33,97,7873621,96.595,96.595,96.595,96.595,4,DX  FMU0025!
2025-07-04 11:10:00+00:00,33,97,7873621,96.595,96.595,96.595,96.595,3,DX  FMU0025!
2025-07-04 11:11:00+00:00,33,97,7873621,96.6,96.6,96.6,96.6,9,DX  FMU0025!
2025-07-04 11:12:00+00:00,33,97,7873621,96.6,96.6,96.595,96.6,7,DX  FMU0025!
2025-07-04 11:13:00+00:00,33,97,7873621,96.605,96.605,96.605,96.605,5,DX  FMU0025!
2025-07-04 11:15:00+00:00,33,97,7873621,96.605,96.605,96.605,96.605,19,DX  FMU0025!
2025-07-04 11:16:00+00:00,33,97,7873621,96.595,96.595,96.595,96.595,4,DX  FMU0025!
2025-07-04 11:17:00+00:00,33,97,7873621,96.59,96.59,96.59,96.59,1,DX  FMU0025!
2025-07-04 11:18:00+00:00,33,97,7873621,96.59,96.59,96.585,96.585,5,DX  FMU0025!
2025-07-04 11:19:00+00:00,33,97,7873621,96.58,96.58,96.58,96.58,1,DX  FMU0025!
2025-07-04 11:22:00+00:00,33,97,7873621,96.58,96.58,96.58,96.58,4,DX  FMU0025!
2025-07-04 11:23:00+00:00,33,97,7873621,96.58,96.58,96.58,96.58,3,DX  FMU0025!
2025-07-04 11:24:00+00:00,33,97,7873621,96.585,96.585,96.585,96.585,9,DX  FMU0025!
2025-07-04 11:25:00+00:00,33,97,7873621,96.585,96.6,96.585,96.6,13,DX  FMU0025!
2025-07-04 11:26:00+00:00,33,97,7873621,96.595,96.595,96.595,96.595,4,DX  FMU0025!
2025-07-04 11:27:00+00:00,33,97,7873621,96.59,96.59,96.59,96.59,11,DX  FMU0025!
2025-07-04 11:28:00+00:00,33,97,7873621,96.595,96.595,96.595,96.595,5,DX  FMU0025!
2025-07-04 11:29:00+00:00,33,97,7873621,96.595,96.595,96.595,96.595,3,DX  FMU0025!
2025-07-04 11:30:00+00:00,33,97,7873621,96.6,96.6,96.6,96.6,2,DX  FMU0025!
2025-07-04 11:31:00+00:00,33,97,7873621,96.6,96.6,96.6,96.6,2,DX  FMU0025!
2025-07-04 11:32:00+00:00,33,97,7873621,96.6,96.6,96.6,96.6,5,DX  FMU0025!
2025-07-04 11:33:00+00:00,33,97,7873621,96.6,96.6,96.6,96.6,17,DX  FMU0025!
2025-07-04 11:34:00+00:00,33,97,7873621,96.605,96.605,96.6,96.6,4,DX  FMU0025!
2025-07-04 11:36:00+00:00,33,97,7873621,96.6,96.6,96.6,96.6,1,DX  FMU0025!
2025-07-04 11:40:00+00:00,33,97,7873621,96.605,96.605,96.6,96.6,4,DX  FMU0025!
2025-07-04 11:42:00+00:00,33,97,7873621,96.61,96.61,96.61,96.61,5,DX  FMU0025!
2025-07-04 11:43:00+00:00,33,97,7873621,96.62,96.63,96.62,96.63,2,DX  FMU0025!
2025-07-04 11:44:00+00:00,33,97,7873621,96.63,96.63,96.63,96.63,4,DX  FMU0025!
2025-07-04 11:45:00+00:00,33,97,7873621,96.63,96.63,96.625,96.625,8,DX  FMU0025!
2025-07-04 11:47:00+00:00,33,97,7873621,96.62,96.62,96.62,96.62,19,DX  FMU0025!
2025-07-04 11:49:00+00:00,33,97,7873621,96.63,96.63,96.63,96.63,1,DX  FMU0025!
2025-07-04 11:51:00+00:00,33,97,7873621,96.635,96.635,96.635,96.635,2,DX  FMU0025!
2025-07-04 11:52:00+00:00,33,97,7873621,96.63,96.63,96.63,96.63,5,DX  FMU0025!
2025-07-04 11:53:00+00:00,33,97,7873621,96.63,96.635,96.63,96.635,20,DX  FMU0025!
2025-07-04 11:54:00+00:00,33,97,7873621,96.635,96.635,96.635,96.635,4,DX  FMU0025!
2025-07-04 11:55:00+00:00,33,97,8024379,96.245,96.245,96.245,96.245,2,DX  FMZ0025!
2025-07-04 11:55:00+00:00,33,97,7873621,96.64,96.64,96.64,96.64,45,DX  FMU0025!
2025-07-04 11:56:00+00:00,33,97,7873621,96.645,96.66,96.645,96.66,68,DX  FMU0025!
2025-07-04 11:57:00+00:00,33,97,7873621,96.655,96.66,96.645,96.66,119,DX  FMU0025!
2025-07-04 11:58:00+00:00,33,97,7873621,96.66,96.665,96.655,96.665,77,DX  FMU0025!
2025-07-04 11:59:00+00:00,33,97,7873621,96.66,96.665,96.66,96.66,17,DX  FMU0025!
2025-07-04 12:00:00+00:00,33,97,7873621,96.665,96.665,96.665,96.665,4,DX  FMU0025!
2025-07-04 12:01:00+00:00,33,97,7873621,96.66,96.66,96.655,96.655,35,DX  FMU0025!
2025-07-04 12:02:00+00:00,33,97,7873621,96.65,96.65,96.645,96.65,15,DX  FMU0025!
2025-07-04 12:03:00+00:00,33,97,7873621,96.645,96.65,96.645,96.65,11,DX  FMU0025!
2025-07-04 12:04:00+00:00,33,97,7873621,96.655,96.655,96.655,96.655,9,DX  FMU0025!
2025-07-04 12:05:00+00:00,33,97,7873621,96.65,96.66,96.65,96.66,11,DX  FMU0025!
2025-07-04 12:07:00+00:00,33,97,7873621,96.675,96.675,96.675,96.675,14,DX  FMU0025!
2025-07-04 12:08:00+00:00,33,97,7873621,96.675,96.685,96.675,96.685,8,DX  FMU0025!
2025-07-04 12:09:00+00:00,33,97,7873621,96.68,96.685,96.68,96.68,13,DX  FMU0025!
2025-07-04 12:10:00+00:00,33,97,7873621,96.68,96.68,96.68,96.68,8,DX  FMU0025!
2025-07-04 12:11:00+00:00,33,97,7873621,96.69,96.69,96.685,96.685,12,DX  FMU0025!
2025-07-04 12:12:00+00:00,33,97,7873621,96.685,96.685,96.685,96.685,3,DX  FMU0025!
2025-07-04 12:13:00+00:00,33,97,7873621,96.685,96.685,96.685,96.685,1,DX  FMU0025!
2025-07-04 12:14:00+00:00,33,97,7873621,96.68,96.68,96.68,96.68,2,DX  FMU0025!
2025-07-04 12:15:00+00:00,33,97,7873621,96.68,96.69,96.68,96.69,11,DX  FMU0025!
2025-07-04 12:16:00+00:00,33,97,7873621,96.69,96.69,96.69,96.69,3,DX  FMU0025!
2025-07-04 12:18:00+00:00,33,97,7873621,96.67,96.67,96.67,96.67,7,DX  FMU0025!
2025-07-04 12:19:00+00:00,33,97,7873621,96.67,96.67,96.67,96.67,3,DX  FMU0025!
2025-07-04 12:20:00+00:00,33,97,7873621,96.67,96.67,96.67,96.67,2,DX  FMU0025!
2025-07-04 12:22:00+00:00,33,97,7873621,96.685,96.69,96.685,96.69,21,DX  FMU0025!
2025-07-04 12:23:00+00:00,33,97,7873621,96.69,96.69,96.69,96.69,30,DX  FMU0025!
2025-07-04 12:24:00+00:00,33,97,7873621,96.695,96.695,96.69,96.69,3,DX  FMU0025!
2025-07-04 12:25:00+00:00,33,97,7873621,96.69,96.7,96.69,96.7,6,DX  FMU0025!
2025-07-04 12:26:00+00:00,33,97,7873621,96.69,96.695,96.69,96.695,3,DX  FMU0025!
2025-07-04 12:27:00+00:00,33,97,7873621,96.69,96.69,96.69,96.69,12,DX  FMU0025!
2025-07-04 12:28:00+00:00,33,97,7873621,96.685,96.685,96.685,96.685,1,DX  FMU0025!
2025-07-04 12:29:00+00:00,33,97,7873621,96.69,96.695,96.69,96.69,14,DX  FMU0025!
2025-07-04 12:30:00+00:00,33,97,7873621,96.685,96.685,96.68,96.68,91,DX  FMU0025!
2025-07-04 12:31:00+00:00,33,97,7873621,96.685,96.69,96.68,96.68,101,DX  FMU0025!
2025-07-04 12:32:00+00:00,33,97,7873621,96.68,96.685,96.68,96.685,2,DX  FMU0025!
2025-07-04 12:33:00+00:00,33,97,7873621,96.68,96.69,96.68,96.69,15,DX  FMU0025!
2025-07-04 12:34:00+00:00,33,97,7873621,96.695,96.695,96.695,96.695,6,DX  FMU0025!
2025-07-04 12:35:00+00:00,33,97,7873621,96.695,96.695,96.68,96.68,7,DX  FMU0025!
2025-07-04 12:36:00+00:00,33,97,7873621,96.685,96.7,96.685,96.7,13,DX  FMU0025!
2025-07-04 12:37:00+00:00,33,97,7873621,96.705,96.705,96.7,96.7,2,DX  FMU0025!
2025-07-04 12:38:00+00:00,33,97,7873621,96.69,96.69,96.69,96.69,2,DX  FMU0025!
2025-07-04 12:40:00+00:00,33,97,7873621,96.695,96.695,96.69,96.69,3,DX  FMU0025!
2025-07-04 12:41:00+00:00,33,97,7873621,96.685,96.685,96.685,96.685,3,DX  FMU0025!
2025-07-04 12:42:00+00:00,33,97,7873621,96.68,96.68,96.68,96.68,2,DX  FMU0025!
2025-07-04 12:43:00+00:00,33,97,7873621,96.68,96.68,96.675,96.675,8,DX  FMU0025!
2025-07-04 12:44:00+00:00,33,97,7873621,96.68,96.685,96.68,96.685,50,DX  FMU0025!
2025-07-04 12:45:00+00:00,33,97,7873621,96.69,96.69,96.69,96.69,3,DX  FMU0025!
2025-07-04 12:46:00+00:00,33,97,7873621,96.69,96.69,96.69,96.69,20,DX  FMU0025!
2025-07-04 12:47:00+00:00,33,97,7873621,96.695,96.7,96.695,96.7,3,DX  FMU0025!
2025-07-04 12:48:00+00:00,33,97,7873621,96.7,96.7,96.685,96.685,14,DX  FMU0025!
2025-07-04 12:49:00+00:00,33,97,7873621,96.685,96.685,96.685,96.685,1,DX  FMU0025!
2025-07-04 12:50:00+00:00,33,97,7873621,96.685,96.685,96.685,96.685,1,DX  FMU0025!
2025-07-04 12:51:00+00:00,33,97,7873621,96.69,96.69,96.69,96.69,4,DX  FMU0025!
2025-07-04 12:52:00+00:00,33,97,7873621,96.69,96.69,96.69,96.69,1,DX  FMU0025!
2025-07-04 12:53:00+00:00,33,97,7873621,96.69,96.69,96.69,96.69,7,DX  FMU0025!
2025-07-04 12:54:00+00:00,33,97,7873621,96.69,96.69,96.685,96.685,4,DX  FMU0025!
2025-07-04 12:56:00+00:00,33,97,7873621,96.69,96.695,96.69,96.695,7,DX  FMU0025!
2025-07-04 12:57:00+00:00,33,97,7873621,96.7,96.7,96.695,96.695,7,DX  FMU0025!
2025-07-04 12:58:00+00:00,33,97,7873621,96.7,96.7,96.695,96.695,16,DX  FMU0025!
2025-07-04 13:00:00+00:00,33,97,7873621,96.7,96.7,96.69,96.69,6,DX  FMU0025!
2025-07-04 13:01:00+00:00,33,97,7873621,96.69,96.69,96.685,96.685,32,DX  FMU0025!
2025-07-04 13:02:00+00:00,33,97,7873621,96.685,96.685,96.685,96.685,43,DX  FMU0025!
2025-07-04 13:03:00+00:00,33,97,7873621,96.68,96.69,96.68,96.69,23,DX  FMU0025!
2025-07-04 13:04:00+00:00,33,97,7873621,96.69,96.69,96.69,96.69,2,DX  FMU0025!
2025-07-04 13:05:00+00:00,33,97,7873621,96.685,96.685,96.685,96.685,40,DX  FMU0025!
2025-07-04 13:06:00+00:00,33,97,7873621,96.68,96.68,96.68,96.68,5,DX  FMU0025!
2025-07-04 13:07:00+00:00,33,97,7873621,96.68,96.68,96.675,96.675,27,DX  FMU0025!
2025-07-04 13:08:00+00:00,33,97,7873621,96.675,96.675,96.665,96.665,24,DX  FMU0025!
2025-07-04 13:09:00+00:00,33,97,7873621,96.665,96.665,96.66,96.66,53,DX  FMU0025!
2025-07-04 13:10:00+00:00,33,97,7873621,96.66,96.675,96.66,96.675,26,DX  FMU0025!
2025-07-04 13:11:00+00:00,33,97,7873621,96.675,96.675,96.675,96.675,32,DX  FMU0025!
2025-07-04 13:12:00+00:00,33,97,7873621,96.675,96.675,96.675,96.675,35,DX  FMU0025!
2025-07-04 13:12:00+00:00,33,97,8024379,96.255,96.255,96.25,96.25,2,DX  FMZ0025!
2025-07-04 13:13:00+00:00,33,97,7873621,96.675,96.685,96.675,96.685,14,DX  FMU0025!
2025-07-04 13:14:00+00:00,33,97,7873621,96.685,96.69,96.685,96.69,48,DX  FMU0025!
2025-07-04 13:15:00+00:00,33,97,7873621,96.695,96.695,96.69,96.69,9,DX  FMU0025!
2025-07-04 13:16:00+00:00,33,97,7873621,96.69,96.69,96.675,96.675,40,DX  FMU0025!
2025-07-04 13:18:00+00:00,33,97,7873621,96.675,96.68,96.675,96.68,41,DX  FMU0025!
2025-07-04 13:20:00+00:00,33,97,7873621,96.675,96.675,96.675,96.675,5,DX  FMU0025!
2025-07-04 13:21:00+00:00,33,97,7873621,96.68,96.68,96.68,96.68,1,DX  FMU0025!
2025-07-04 13:22:00+00:00,33,97,7873621,96.68,96.68,96.675,96.675,6,DX  FMU0025!
2025-07-04 13:23:00+00:00,33,97,7873621,96.675,96.68,96.675,96.68,7,DX  FMU0025!
2025-07-04 13:24:00+00:00,33,97,7873621,96.68,96.69,96.68,96.685,18,DX  FMU0025!
2025-07-04 13:25:00+00:00,33,97,7873621,96.68,96.68,96.68,96.68,3,DX  FMU0025!
2025-07-04 13:26:00+00:00,33,97,7873621,96.675,96.675,96.675,96.675,7,DX  FMU0025!
2025-07-04 13:27:00+00:00,33,97,7873621,96.685,96.685,96.685,96.685,40,DX  FMU0025!
2025-07-04 13:28:00+00:00,33,97,7873621,96.69,96.695,96.69,96.69,34,DX  FMU0025!
2025-07-04 13:30:00+00:00,33,97,7873621,96.695,96.695,96.69,96.69,2,DX  FMU0025!
2025-07-04 13:31:00+00:00,33,97,7873621,96.69,96.69,96.69,96.69,4,DX  FMU0025!
2025-07-04 13:32:00+00:00,33,97,7873621,96.695,96.7,96.695,96.7,4,DX  FMU0025!
2025-07-04 13:33:00+00:00,33,97,7873621,96.7,96.7,96.695,96.7,8,DX  FMU0025!
2025-07-04 13:34:00+00:00,33,97,7873621,96.7,96.7,96.695,96.7,3,DX  FMU0025!
2025-07-04 13:35:00+00:00,33,97,7873621,96.69,96.69,96.69,96.69,1,DX  FMU0025!
2025-07-04 13:36:00+00:00,33,97,7873621,96.695,96.695,96.685,96.685,25,DX  FMU0025!
2025-07-04 13:37:00+00:00,33,97,7873621,96.68,96.68,96.675,96.675,41,DX  FMU0025!
2025-07-04 13:38:00+00:00,33,97,7873621,96.67,96.67,96.67,96.67,11,DX  FMU0025!
2025-07-04 13:39:00+00:00,33,97,7873621,96.66,96.66,96.66,96.66,1,DX  FMU0025!
2025-07-04 13:40:00+00:00,33,97,7873621,96.665,96.67,96.665,96.67,5,DX  FMU0025!
2025-07-04 13:41:00+00:00,33,97,7873621,96.67,96.67,96.665,96.665,6,DX  FMU0025!
2025-07-04 13:42:00+00:00,33,97,7873621,96.665,96.665,96.65,96.65,13,DX  FMU0025!
2025-07-04 13:43:00+00:00,33,97,7873621,96.65,96.65,96.63,96.63,47,DX  FMU0025!
2025-07-04 13:44:00+00:00,33,97,7873621,96.63,96.64,96.63,96.635,4,DX  FMU0025!
2025-07-04 13:45:00+00:00,33,97,7873621,96.635,96.635,96.635,96.635,1,DX  FMU0025!
2025-07-04 13:46:00+00:00,33,97,7873621,96.64,96.655,96.64,96.655,21,DX  FMU0025!
2025-07-04 13:47:00+00:00,33,97,7873621,96.655,96.655,96.65,96.65,5,DX  FMU0025!
2025-07-04 13:48:00+00:00,33,97,7873621,96.65,96.65,96.65,96.65,3,DX  FMU0025!
2025-07-04 13:49:00+00:00,33,97,7873621,96.635,96.64,96.635,96.635,9,DX  FMU0025!
2025-07-04 13:50:00+00:00,33,97,7873621,96.635,96.64,96.635,96.64,31,DX  FMU0025!
2025-07-04 13:50:00+00:00,33,97,8024379,96.25,96.25,96.25,96.25,15,DX  FMZ0025!
2025-07-04 13:51:00+00:00,33,97,7873621,96.64,96.64,96.64,96.64,2,DX  FMU0025!
2025-07-04 13:52:00+00:00,33,97,7873621,96.64,96.64,96.635,96.635,7,DX  FMU0025!
2025-07-04 13:53:00+00:00,33,97,7873621,96.635,96.635,96.62,96.62,17,DX  FMU0025!
2025-07-04 13:54:00+00:00,33,97,7873621,96.625,96.625,96.615,96.615,7,DX  FMU0025!
2025-07-04 13:55:00+00:00,33,97,7873621,96.615,96.625,96.615,96.625,3,DX  FMU0025!
2025-07-04 13:56:00+00:00,33,97,7873621,96.63,96.63,96.62,96.62,5,DX  FMU0025!
2025-07-04 13:57:00+00:00,33,97,7873621,96.62,96.62,96.615,96.615,17,DX  FMU0025!
2025-07-04 13:58:00+00:00,33,97,7873621,96.615,96.615,96.61,96.615,9,DX  FMU0025!
2025-07-04 13:59:00+00:00,33,97,7873621,96.615,96.62,96.615,96.615,6,DX  FMU0025!
2025-07-04 14:00:00+00:00,33,97,7873621,96.62,96.62,96.615,96.615,3,DX  FMU0025!
2025-07-04 14:01:00+00:00,33,97,7873621,96.605,96.61,96.6,96.6,26,DX  FMU0025!
2025-07-04 14:02:00+00:00,33,97,7873621,96.6,96.6,96.585,96.595,33,DX  FMU0025!
2025-07-04 14:03:00+00:00,33,97,7873621,96.595,96.595,96.595,96.595,14,DX  FMU0025!
2025-07-04 14:04:00+00:00,33,97,7873621,96.6,96.6,96.58,96.58,53,DX  FMU0025!
2025-07-04 14:05:00+00:00,33,97,7873621,96.58,96.595,96.58,96.59,31,DX  FMU0025!
2025-07-04 14:06:00+00:00,33,97,7873621,96.585,96.59,96.58,96.58,13,DX  FMU0025!
2025-07-04 14:07:00+00:00,33,97,7873621,96.58,96.595,96.58,96.59,6,DX  FMU0025!
2025-07-04 14:08:00+00:00,33,97,7873621,96.595,96.595,96.595,96.595,4,DX  FMU0025!
2025-07-04 14:09:00+00:00,33,97,7873621,96.61,96.61,96.61,96.61,1,DX  FMU0025!
2025-07-04 14:10:00+00:00,33,97,7873621,96.61,96.615,96.61,96.615,4,DX  FMU0025!
2025-07-04 14:12:00+00:00,33,97,7873621,96.62,96.62,96.605,96.605,38,DX  FMU0025!
2025-07-04 14:13:00+00:00,33,97,7873621,96.605,96.605,96.6,96.6,4,DX  FMU0025!
2025-07-04 14:14:00+00:00,33,97,7873621,96.6,96.6,96.6,96.6,1,DX  FMU0025!
2025-07-04 14:15:00+00:00,33,97,7873621,96.615,96.615,96.615,96.615,5,DX  FMU0025!
2025-07-04 14:16:00+00:00,33,97,7873621,96.61,96.61,96.605,96.605,5,DX  FMU0025!
2025-07-04 14:18:00+00:00,33,97,7873621,96.6,96.6,96.6,96.6,7,DX  FMU0025!
2025-07-04 14:19:00+00:00,33,97,7873621,96.615,96.615,96.615,96.615,3,DX  FMU0025!
2025-07-04 14:20:00+00:00,33,97,7873621,96.61,96.61,96.61,96.61,2,DX  FMU0025!
2025-07-04 14:21:00+00:00,33,97,7873621,96.61,96.61,96.61,96.61,2,DX  FMU0025!
2025-07-04 14:22:00+00:00,33,97,7873621,96.61,96.61,96.605,96.605,3,DX  FMU0025!
2025-07-04 14:23:00+00:00,33,97,7873621,96.605,96.605,96.6,96.6,5,DX  FMU0025!
2025-07-04 14:24:00+00:00,33,97,7873621,96.595,96.595,96.595,96.595,3,DX  FMU0025!
2025-07-04 14:25:00+00:00,33,97,7873621,96.6,96.6,96.59,96.59,40,DX  FMU0025!
2025-07-04 14:28:00+00:00,33,97,7873621,96.585,96.59,96.585,96.59,2,DX  FMU0025!
2025-07-04 14:29:00+00:00,33,97,7873621,96.59,96.595,96.59,96.595,7,DX  FMU0025!
2025-07-04 14:30:00+00:00,33,97,7873621,96.605,96.605,96.595,96.6,21,DX  FMU0025!
2025-07-04 14:31:00+00:00,33,97,7873621,96.615,96.615,96.615,96.615,2,DX  FMU0025!
2025-07-04 14:32:00+00:00,33,97,7873621,96.615,96.615,96.615,96.615,6,DX  FMU0025!
2025-07-04 14:33:00+00:00,33,97,7873621,96.615,96.615,96.61,96.61,7,DX  FMU0025!
2025-07-04 14:35:00+00:00,33,97,7873621,96.615,96.615,96.615,96.615,1,DX  FMU0025!
2025-07-04 14:37:00+00:00,33,97,7873621,96.615,96.615,96.615,96.615,1,DX  FMU0025!
2025-07-04 14:38:00+00:00,33,97,7873621,96.63,96.635,96.63,96.635,7,DX  FMU0025!
2025-07-04 14:39:00+00:00,33,97,7873621,96.635,96.635,96.63,96.63,59,DX  FMU0025!
2025-07-04 14:40:00+00:00,33,97,7873621,96.63,96.63,96.63,96.63,6,DX  FMU0025!
2025-07-04 14:41:00+00:00,33,97,7873621,96.63,96.63,96.63,96.63,5,DX  FMU0025!
2025-07-04 14:42:00+00:00,33,97,7873621,96.635,96.635,96.63,96.635,6,DX  FMU0025!
2025-07-04 14:43:00+00:00,33,97,7873621,96.64,96.645,96.64,96.645,10,DX  FMU0025!
2025-07-04 14:44:00+00:00,33,97,7873621,96.645,96.645,96.645,96.645,34,DX  FMU0025!
2025-07-04 14:45:00+00:00,33,97,7873621,96.645,96.655,96.645,96.65,27,DX  FMU0025!
2025-07-04 14:46:00+00:00,33,97,8024379,96.25,96.25,96.25,96.25,3,DX  FMZ0025!
2025-07-04 14:46:00+00:00,33,97,7873621,96.65,96.655,96.645,96.645,48,DX  FMU0025!
2025-07-04 14:47:00+00:00,33,97,7873621,96.64,96.645,96.64,96.645,10,DX  FMU0025!
2025-07-04 14:48:00+00:00,33,97,7873621,96.65,96.65,96.65,96.65,3,DX  FMU0025!
2025-07-04 14:49:00+00:00,33,97,7873621,96.645,96.655,96.645,96.655,8,DX  FMU0025!
2025-07-04 14:50:00+00:00,33,97,7873621,96.65,96.65,96.64,96.645,20,DX  FMU0025!
2025-07-04 14:51:00+00:00,33,97,7873621,96.655,96.655,96.655,96.655,1,DX  FMU0025!
2025-07-04 14:52:00+00:00,33,97,7873621,96.66,96.66,96.655,96.655,18,DX  FMU0025!
2025-07-04 14:54:00+00:00,33,97,7873621,96.655,96.655,96.64,96.64,12,DX  FMU0025!
2025-07-04 14:55:00+00:00,33,97,7873621,96.645,96.645,96.64,96.64,10,DX  FMU0025!
2025-07-04 14:56:00+00:00,33,97,7873621,96.645,96.65,96.645,96.65,5,DX  FMU0025!
2025-07-04 14:57:00+00:00,33,97,7873621,96.655,96.655,96.65,96.65,16,DX  FMU0025!
2025-07-04 14:58:00+00:00,33,97,7873621,96.645,96.65,96.64,96.64,16,DX  FMU0025!
2025-07-04 14:59:00+00:00,33,97,7873621,96.64,96.64,96.635,96.635,14,DX  FMU0025!
2025-07-04 15:00:00+00:00,33,97,7873621,96.645,96.645,96.64,96.64,16,DX  FMU0025!
2025-07-04 15:01:00+00:00,33,97,7873621,96.64,96.64,96.64,96.64,2,DX  FMU0025!
2025-07-04 15:02:00+00:00,33,97,7873621,96.635,96.64,96.635,96.64,8,DX  FMU0025!
2025-07-04 15:03:00+00:00,33,97,7873621,96.64,96.64,96.64,96.64,2,DX  FMU0025!
2025-07-04 15:04:00+00:00,33,97,7873621,96.635,96.645,96.635,96.645,11,DX  FMU0025!
2025-07-04 15:05:00+00:00,33,97,7873621,96.645,96.645,96.64,96.64,8,DX  FMU0025!
2025-07-04 15:06:00+00:00,33,97,7873621,96.64,96.64,96.64,96.64,5,DX  FMU0025!
2025-07-04 15:07:00+00:00,33,97,7873621,96.64,96.64,96.63,96.63,10,DX  FMU0025!
2025-07-04 15:08:00+00:00,33,97,7873621,96.625,96.63,96.625,96.63,23,DX  FMU0025!
2025-07-04 15:09:00+00:00,33,97,7873621,96.625,96.625,96.62,96.62,12,DX  FMU0025!
2025-07-04 15:10:00+00:00,33,97,7873621,96.63,96.635,96.63,96.63,8,DX  FMU0025!
2025-07-04 15:11:00+00:00,33,97,7873621,96.63,96.63,96.615,96.615,17,DX  FMU0025!
2025-07-04 15:12:00+00:00,33,97,7873621,96.62,96.62,96.62,96.62,3,DX  FMU0025!
2025-07-04 15:13:00+00:00,33,97,7873621,96.62,96.64,96.62,96.64,18,DX  FMU0025!
2025-07-04 15:15:00+00:00,33,97,7873621,96.65,96.65,96.65,96.65,8,DX  FMU0025!
2025-07-04 15:16:00+00:00,33,97,7873621,96.65,96.65,96.65,96.65,21,DX  FMU0025!
2025-07-04 15:17:00+00:00,33,97,7873621,96.645,96.645,96.64,96.64,15,DX  FMU0025!
2025-07-04 15:19:00+00:00,33,97,7873621,96.63,96.635,96.63,96.63,12,DX  FMU0025!
2025-07-04 15:20:00+00:00,33,97,7873621,96.635,96.64,96.635,96.64,15,DX  FMU0025!
2025-07-04 15:22:00+00:00,33,97,7873621,96.64,96.64,96.64,96.64,2,DX  FMU0025!
2025-07-04 15:23:00+00:00,33,97,7873621,96.64,96.64,96.63,96.63,8,DX  FMU0025!
2025-07-04 15:25:00+00:00,33,97,7873621,96.635,96.64,96.635,96.64,7,DX  FMU0025!
2025-07-04 15:27:00+00:00,33,97,7873621,96.63,96.63,96.63,96.63,1,DX  FMU0025!
2025-07-04 15:28:00+00:00,33,97,7873621,96.62,96.62,96.62,96.62,21,DX  FMU0025!
2025-07-04 15:29:00+00:00,33,97,7873621,96.615,96.615,96.615,96.615,3,DX  FMU0025!
2025-07-04 15:30:00+00:00,33,97,7873621,96.615,96.615,96.615,96.615,4,DX  FMU0025!
2025-07-04 15:31:00+00:00,33,97,7873621,96.615,96.615,96.615,96.615,1,DX  FMU0025!
2025-07-04 15:32:00+00:00,33,97,7873621,96.615,96.615,96.61,96.615,8,DX  FMU0025!
2025-07-04 15:34:00+00:00,33,97,7873621,96.63,96.63,96.63,96.63,1,DX  FMU0025!
2025-07-04 15:35:00+00:00,33,97,7873621,96.62,96.62,96.615,96.62,11,DX  FMU0025!
2025-07-04 15:37:00+00:00,33,97,7873621,96.615,96.62,96.615,96.62,5,DX  FMU0025!
2025-07-04 15:38:00+00:00,33,97,7873621,96.62,96.62,96.62,96.62,2,DX  FMU0025!
2025-07-04 15:39:00+00:00,33,97,7873621,96.61,96.61,96.61,96.61,1,DX  FMU0025!
2025-07-04 15:40:00+00:00,33,97,7873621,96.61,96.61,96.61,96.61,5,DX  FMU0025!
2025-07-04 15:41:00+00:00,33,97,7873621,96.615,96.62,96.615,96.62,10,DX  FMU0025!
2025-07-04 15:42:00+00:00,33,97,7873621,96.62,96.62,96.62,96.62,2,DX  FMU0025!
2025-07-04 15:44:00+00:00,33,97,7873621,96.62,96.62,96.61,96.61,6,DX  FMU0025!
2025-07-04 15:46:00+00:00,33,97,7873621,96.605,96.61,96.605,96.61,2,DX  FMU0025!
2025-07-04 15:49:00+00:00,33,97,7873621,96.62,96.62,96.62,96.62,1,DX  FMU0025!
2025-07-04 15:50:00+00:00,33,97,7873621,96.615,96.615,96.605,96.605,3,DX  FMU0025!
2025-07-04 15:51:00+00:00,33,97,7873621,96.605,96.605,96.605,96.605,1,DX  FMU0025!
2025-07-04 15:52:00+00:00,33,97,7873621,96.6,96.62,96.6,96.62,23,DX  FMU0025!
2025-07-04 15:53:00+00:00,33,97,7873621,96.62,96.62,96.62,96.62,1,DX  FMU0025!
2025-07-04 15:55:00+00:00,33,97,7873621,96.62,96.62,96.615,96.615,6,DX  FMU0025!
2025-07-04 15:56:00+00:00,33,97,7873621,96.62,96.63,96.62,96.62,28,DX  FMU0025!
2025-07-04 15:57:00+00:00,33,97,7873621,96.625,96.625,96.625,96.625,1,DX  FMU0025!
2025-07-04 15:58:00+00:00,33,97,7873621,96.625,96.63,96.625,96.63,10,DX  FMU0025!
2025-07-04 15:59:00+00:00,33,97,7873621,96.63,96.63,96.63,96.63,17,DX  FMU0025!
2025-07-04 16:00:00+00:00,33,97,7873621,96.635,96.645,96.635,96.645,3,DX  FMU0025!
2025-07-04 16:01:00+00:00,33,97,7873621,96.64,96.64,96.64,96.64,6,DX  FMU0025!
2025-07-04 16:02:00+00:00,33,97,7873621,96.63,96.63,96.63,96.63,15,DX  FMU0025!
2025-07-04 16:03:00+00:00,33,97,7873621,96.635,96.635,96.63,96.63,32,DX  FMU0025!
2025-07-04 16:04:00+00:00,33,97,7873621,96.63,96.63,96.63,96.63,1,DX  FMU0025!
2025-07-04 16:05:00+00:00,33,97,7873621,96.625,96.625,96.625,96.625,11,DX  FMU0025!
2025-07-04 16:07:00+00:00,33,97,7873621,96.63,96.63,96.63,96.63,1,DX  FMU0025!
2025-07-04 16:08:00+00:00,33,97,7873621,96.625,96.625,96.625,96.625,1,DX  FMU0025!
2025-07-04 16:09:00+00:00,33,97,7873621,96.615,96.625,96.615,96.625,3,DX  FMU0025!
2025-07-04 16:13:00+00:00,33,97,7873621,96.615,96.615,96.615,96.615,3,DX  FMU0025!
2025-07-04 16:15:00+00:00,33,97,7873621,96.62,96.62,96.62,96.62,3,DX  FMU0025!
2025-07-04 16:16:00+00:00,33,97,7873621,96.625,96.625,96.625,96.625,9,DX  FMU0025!
2025-07-04 16:17:00+00:00,33,97,7873621,96.63,96.635,96.63,96.635,14,DX  FMU0025!
2025-07-04 16:18:00+00:00,33,97,7873621,96.635,96.64,96.63,96.63,18,DX  FMU0025!
2025-07-04 16:19:00+00:00,33,97,7873621,96.635,96.635,96.625,96.625,48,DX  FMU0025!
2025-07-04 16:20:00+00:00,33,97,7873621,96.63,96.63,96.625,96.625,13,DX  FMU0025!
2025-07-04 16:21:00+00:00,33,97,7873621,96.62,96.62,96.62,96.62,54,DX  FMU0025!
2025-07-04 16:22:00+00:00,33,97,7873621,96.615,96.615,96.61,96.615,7,DX  FMU0025!
2025-07-04 16:23:00+00:00,33,97,7873621,96.615,96.615,96.615,96.615,1,DX  FMU0025!
2025-07-04 16:24:00+00:00,33,97,7873621,96.615,96.615,96.615,96.615,1,DX  FMU0025!
2025-07-04 16:25:00+00:00,33,97,7873621,96.615,96.615,96.615,96.615,1,DX  FMU0025!
2025-07-04 16:27:00+00:00,33,97,7873621,96.615,96.615,96.615,96.615,1,DX  FMU0025!
2025-07-04 16:28:00+00:00,33,97,7873621,96.615,96.615,96.615,96.615,1,DX  FMU0025!
2025-07-04 16:29:00+00:00,33,97,7873621,96.615,96.62,96.605,96.605,12,DX  FMU0025!
2025-07-04 16:30:00+00:00,33,97,7873621,96.605,96.605,96.605,96.605,4,DX  FMU0025!
2025-07-04 16:31:00+00:00,33,97,7873621,96.61,96.61,96.61,96.61,2,DX  FMU0025!
2025-07-04 16:32:00+00:00,33,97,7873621,96.615,96.615,96.615,96.615,1,DX  FMU0025!
2025-07-04 16:34:00+00:00,33,97,7873621,96.625,96.625,96.625,96.625,5,DX  FMU0025!
2025-07-04 16:35:00+00:00,33,97,7873621,96.63,96.63,96.63,96.63,2,DX  FMU0025!
2025-07-04 16:36:00+00:00,33,97,7873621,96.63,96.63,96.63,96.63,2,DX  FMU0025!
2025-07-04 16:39:00+00:00,33,97,7873621,96.63,96.63,96.63,96.63,1,DX  FMU0025!
2025-07-04 16:41:00+00:00,33,97,7873621,96.63,96.63,96.63,96.63,1,DX  FMU0025!
2025-07-04 16:42:00+00:00,33,97,7873621,96.635,96.635,96.635,96.635,4,DX  FMU0025!
2025-07-04 16:48:00+00:00,33,97,7873621,96.645,96.645,96.645,96.645,5,DX  FMU0025!
2025-07-04 16:49:00+00:00,33,97,7873621,96.65,96.65,96.65,96.65,5,DX  FMU0025!
2025-07-04 16:52:00+00:00,33,97,7873621,96.65,96.65,96.65,96.65,8,DX  FMU0025!
2025-07-04 16:58:00+00:00,33,97,7873621,96.65,96.655,96.65,96.655,38,DX  FMU0025!
2025-07-04 16:59:00+00:00,33,97,7873621,96.65,96.65,96.645,96.645,5,DX  FMU0025!
2025-07-06 22:00:00+00:00,33,97,7873621,96.65,96.65,96.615,96.615,8,DX  FMU0025!
2025-07-06 22:01:00+00:00,33,97,7873621,96.63,96.63,96.63,96.63,1,DX  FMU0025!
2025-07-06 22:02:00+00:00,33,97,7873621,96.64,96.645,96.64,96.645,3,DX  FMU0025!
2025-07-06 22:05:00+00:00,33,97,7873621,96.65,96.66,96.65,96.655,4,DX  FMU0025!
2025-07-06 22:07:00+00:00,33,97,7873621,96.68,96.685,96.68,96.68,3,DX  FMU0025!
2025-07-06 22:12:00+00:00,33,97,7873621,96.655,96.655,96.655,96.655,1,DX  FMU0025!
2025-07-06 22:15:00+00:00,33,97,8024379,96.24,96.24,96.24,96.24,1,DX  FMZ0025!
2025-07-06 22:15:00+00:00,33,97,7873621,96.655,96.655,96.645,96.645,3,DX  FMU0025!
2025-07-06 22:21:00+00:00,33,97,7873621,96.655,96.655,96.655,96.655,25,DX  FMU0025!
2025-07-06 22:22:00+00:00,33,97,7873621,96.65,96.65,96.65,96.65,26,DX  FMU0025!
2025-07-06 22:45:00+00:00,33,97,7873621,96.635,96.635,96.635,96.635,1,DX  FMU0025!
2025-07-06 22:46:00+00:00,33,97,7873621,96.62,96.62,96.62,96.62,1,DX  FMU0025!
2025-07-06 22:48:00+00:00,33,97,7873621,96.62,96.62,96.62,96.62,2,DX  FMU0025!
2025-07-06 22:49:00+00:00,33,97,7873621,96.625,96.625,96.625,96.625,1,DX  FMU0025!
2025-07-06 22:52:00+00:00,33,97,7873621,96.635,96.635,96.635,96.635,1,DX  FMU0025!
2025-07-06 22:55:00+00:00,33,97,7873621,96.635,96.635,96.635,96.635,1,DX  FMU0025!
2025-07-06 23:00:00+00:00,33,97,8024379,96.24,96.24,96.24,96.24,1,DX  FMZ0025!
2025-07-06 23:17:00+00:00,33,97,7873621,96.63,96.63,96.63,96.63,1,DX  FMU0025!
2025-07-06 23:22:00+00:00,33,97,7873621,96.64,96.64,96.64,96.64,2,DX  FMU0025!
2025-07-06 23:23:00+00:00,33,97,7873621,96.64,96.64,96.64,96.64,1,DX  FMU0025!
2025-07-06 23:24:00+00:00,33,97,7873621,96.64,96.645,96.64,96.645,2,DX  FMU0025!
2025-07-06 23:27:00+00:00,33,97,7873621,96.64,96.64,96.64,96.64,5,DX  FMU0025!
2025-07-06 23:33:00+00:00,33,97,8024379,96.245,96.245,96.245,96.245,1,DX  FMZ0025!
2025-07-06 23:35:00+00:00,33,97,7873621,96.645,96.645,96.64,96.64,5,DX  FMU0025!
2025-07-06 23:39:00+00:00,33,97,7873621,96.635,96.635,96.635,96.635,1,DX  FMU0025!
2025-07-06 23:43:00+00:00,33,97,7873621,96.645,96.645,96.645,96.645,1,DX  FMU0025!
2025-07-06 23:45:00+00:00,33,97,7873621,96.655,96.655,96.655,96.655,1,DX  FMU0025!
2025-07-06 23:45:00+00:00,33,97,8024379,96.245,96.245,96.245,96.245,1,DX  FMZ0025!
2025-07-06 23:50:00+00:00,33,97,7873621,96.655,96.66,96.655,96.66,5,DX  FMU0025!
2025-07-06 23:55:00+00:00,33,97,7873621,96.65,96.65,96.65,96.65,1,DX  FMU0025!
2025-07-06 23:56:00+00:00,33,97,7873621,96.64,96.64,96.63,96.63,3,DX  FMU0025!
2025-07-06 23:59:00+00:00,33,97,7873621,96.63,96.63,96.63,96.63,4,DX  FMU0025!
2025-07-07 00:00:00+00:00,33,97,7873621,96.625,96.635,96.62,96.62,16,DX  FMU0025!
2025-07-07 00:01:00+00:00,33,97,7873621,96.63,96.63,96.615,96.615,5,DX  FMU0025!
2025-07-07 00:02:00+00:00,33,97,7873621,96.62,96.62,96.595,96.6,79,DX  FMU0025!
2025-07-07 00:03:00+00:00,33,97,7873621,96.6,96.6,96.595,96.595,10,DX  FMU0025!
2025-07-07 00:04:00+00:00,33,97,7873621,96.58,96.58,96.58,96.58,3,DX  FMU0025!
2025-07-07 00:05:00+00:00,33,97,7873621,96.57,96.575,96.57,96.575,17,DX  FMU0025!
2025-07-07 00:06:00+00:00,33,97,7873621,96.57,96.57,96.56,96.56,7,DX  FMU0025!
2025-07-07 00:07:00+00:00,33,97,7873621,96.555,96.56,96.555,96.56,6,DX  FMU0025!
2025-07-07 00:08:00+00:00,33,97,7873621,96.58,96.58,96.575,96.575,4,DX  FMU0025!
2025-07-07 00:09:00+00:00,33,97,7873621,96.565,96.57,96.565,96.57,3,DX  FMU0025!
2025-07-07 00:10:00+00:00,33,97,7873621,96.58,96.58,96.58,96.58,3,DX  FMU0025!
2025-07-07 00:11:00+00:00,33,97,7873621,96.58,96.59,96.58,96.59,10,DX  FMU0025!
2025-07-07 00:12:00+00:00,33,97,7873621,96.58,96.58,96.58,96.58,1,DX  FMU0025!
2025-07-07 00:13:00+00:00,33,97,7873621,96.575,96.575,96.575,96.575,1,DX  FMU0025!
2025-07-07 00:14:00+00:00,33,97,7873621,96.57,96.57,96.57,96.57,1,DX  FMU0025!
2025-07-07 00:16:00+00:00,33,97,7873621,96.565,96.565,96.56,96.56,8,DX  FMU0025!
2025-07-07 00:17:00+00:00,33,97,7873621,96.56,96.565,96.555,96.565,25,DX  FMU0025!
2025-07-07 00:18:00+00:00,33,97,7873621,96.565,96.58,96.565,96.58,15,DX  FMU0025!
2025-07-07 00:19:00+00:00,33,97,7873621,96.585,96.585,96.58,96.585,7,DX  FMU0025!
2025-07-07 00:20:00+00:00,33,97,7873621,96.575,96.58,96.57,96.58,13,DX  FMU0025!
2025-07-07 00:21:00+00:00,33,97,7873621,96.57,96.575,96.57,96.575,9,DX  FMU0025!
2025-07-07 00:22:00+00:00,33,97,7873621,96.57,96.58,96.57,96.58,6,DX  FMU0025!
2025-07-07 00:23:00+00:00,33,97,7873621,96.585,96.585,96.585,96.585,2,DX  FMU0025!
2025-07-07 00:25:00+00:00,33,97,7873621,96.6,96.6,96.6,96.6,2,DX  FMU0025!
2025-07-07 00:26:00+00:00,33,97,7873621,96.61,96.61,96.61,96.61,1,DX  FMU0025!
2025-07-07 00:27:00+00:00,33,97,7873621,96.62,96.62,96.62,96.62,2,DX  FMU0025!
2025-07-07 00:28:00+00:00,33,97,7873621,96.62,96.62,96.62,96.62,1,DX  FMU0025!
2025-07-07 00:29:00+00:00,33,97,7873621,96.615,96.615,96.615,96.615,1,DX  FMU0025!
2025-07-07 00:32:00+00:00,33,97,7873621,96.6,96.6,96.6,96.6,1,DX  FMU0025!
2025-07-07 00:33:00+00:00,33,97,7873621,96.615,96.615,96.615,96.615,2,DX  FMU0025!
2025-07-07 00:34:00+00:00,33,97,7873621,96.615,96.625,96.615,96.625,2,DX  FMU0025!
2025-07-07 00:35:00+00:00,33,97,7873621,96.625,96.625,96.625,96.625,1,DX  FMU0025!
2025-07-07 00:36:00+00:00,33,97,7873621,96.62,96.62,96.615,96.615,8,DX  FMU0025!
2025-07-07 00:37:00+00:00,33,97,7873621,96.62,96.62,96.62,96.62,3,DX  FMU0025!
2025-07-07 00:38:00+00:00,33,97,7873621,96.615,96.625,96.615,96.625,2,DX  FMU0025!
2025-07-07 00:42:00+00:00,33,97,7873621,96.62,96.62,96.62,96.62,1,DX  FMU0025!
2025-07-07 00:43:00+00:00,33,97,7873621,96.635,96.635,96.63,96.63,2,DX  FMU0025!
2025-07-07 00:45:00+00:00,33,97,7873621,96.62,96.62,96.62,96.62,4,DX  FMU0025!
2025-07-07 00:46:00+00:00,33,97,7873621,96.61,96.61,96.61,96.61,7,DX  FMU0025!
2025-07-07 00:48:00+00:00,33,97,7873621,96.61,96.61,96.61,96.61,1,DX  FMU0025!
2025-07-07 00:50:00+00:00,33,97,7873621,96.62,96.62,96.61,96.61,51,DX  FMU0025!
2025-07-07 00:51:00+00:00,33,97,7873621,96.605,96.61,96.605,96.61,4,DX  FMU0025!
2025-07-07 00:52:00+00:00,33,97,7873621,96.62,96.62,96.62,96.62,2,DX  FMU0025!
2025-07-07 00:53:00+00:00,33,97,7873621,96.63,96.63,96.63,96.63,2,DX  FMU0025!
2025-07-07 00:54:00+00:00,33,97,7873621,96.63,96.63,96.625,96.625,3,DX  FMU0025!
2025-07-07 00:55:00+00:00,33,97,7873621,96.62,96.625,96.62,96.62,3,DX  FMU0025!
2025-07-07 00:57:00+00:00,33,97,7873621,96.62,96.63,96.62,96.63,6,DX  FMU0025!
2025-07-07 00:58:00+00:00,33,97,7873621,96.62,96.62,96.62,96.62,4,DX  FMU0025!
2025-07-07 00:59:00+00:00,33,97,7873621,96.62,96.62,96.62,96.62,3,DX  FMU0025!
2025-07-07 01:00:00+00:00,33,97,7873621,96.645,96.645,96.645,96.645,5,DX  FMU0025!
2025-07-07 01:01:00+00:00,33,97,7873621,96.65,96.65,96.65,96.65,1,DX  FMU0025!
2025-07-07 01:02:00+00:00,33,97,7873621,96.65,96.65,96.645,96.645,3,DX  FMU0025!
2025-07-07 01:03:00+00:00,33,97,7873621,96.64,96.64,96.64,96.64,1,DX  FMU0025!
2025-07-07 01:04:00+00:00,33,97,7873621,96.645,96.645,96.645,96.645,4,DX  FMU0025!
2025-07-07 01:05:00+00:00,33,97,7873621,96.645,96.645,96.64,96.64,3,DX  FMU0025!
2025-07-07 01:06:00+00:00,33,97,7873621,96.65,96.65,96.65,96.65,1,DX  FMU0025!
2025-07-07 01:07:00+00:00,33,97,7873621,96.645,96.645,96.645,96.645,2,DX  FMU0025!
2025-07-07 01:09:00+00:00,33,97,7873621,96.65,96.675,96.65,96.675,45,DX  FMU0025!
2025-07-07 01:10:00+00:00,33,97,7873621,96.68,96.68,96.675,96.675,8,DX  FMU0025!
2025-07-07 01:11:00+00:00,33,97,7873621,96.675,96.675,96.675,96.675,1,DX  FMU0025!
2025-07-07 01:12:00+00:00,33,97,7873621,96.665,96.665,96.66,96.66,8,DX  FMU0025!
2025-07-07 01:13:00+00:00,33,97,7873621,96.655,96.655,96.655,96.655,1,DX  FMU0025!
2025-07-07 01:14:00+00:00,33,97,7873621,96.655,96.655,96.655,96.655,1,DX  FMU0025!
2025-07-07 01:15:00+00:00,33,97,7873621,96.655,96.655,96.64,96.64,6,DX  FMU0025!
2025-07-07 01:17:00+00:00,33,97,7873621,96.625,96.625,96.615,96.615,10,DX  FMU0025!
2025-07-07 01:18:00+00:00,33,97,7873621,96.615,96.62,96.615,96.615,6,DX  FMU0025!
2025-07-07 01:20:00+00:00,33,97,7873621,96.635,96.635,96.635,96.635,2,DX  FMU0025!
2025-07-07 01:23:00+00:00,33,97,7873621,96.635,96.635,96.635,96.635,1,DX  FMU0025!
2025-07-07 01:26:00+00:00,33,97,7873621,96.63,96.63,96.63,96.63,1,DX  FMU0025!
2025-07-07 01:27:00+00:00,33,97,7873621,96.63,96.64,96.63,96.64,5,DX  FMU0025!
2025-07-07 01:28:00+00:00,33,97,7873621,96.645,96.645,96.645,96.645,1,DX  FMU0025!
2025-07-07 01:29:00+00:00,33,97,7873621,96.64,96.64,96.64,96.64,1,DX  FMU0025!
2025-07-07 01:30:00+00:00,33,97,7873621,96.635,96.635,96.63,96.63,5,DX  FMU0025!
2025-07-07 01:31:00+00:00,33,97,7873621,96.62,96.63,96.62,96.63,5,DX  FMU0025!
2025-07-07 01:33:00+00:00,33,97,7873621,96.64,96.64,96.635,96.64,5,DX  FMU0025!
2025-07-07 01:34:00+00:00,33,97,7873621,96.635,96.635,96.635,96.635,2,DX  FMU0025!
2025-07-07 01:35:00+00:00,33,97,7873621,96.64,96.64,96.635,96.635,4,DX  FMU0025!
2025-07-07 01:36:00+00:00,33,97,7873621,96.63,96.63,96.63,96.63,2,DX  FMU0025!
2025-07-07 01:37:00+00:00,33,97,7873621,96.635,96.645,96.635,96.645,3,DX  FMU0025!
2025-07-07 01:38:00+00:00,33,97,7873621,96.645,96.645,96.645,96.645,3,DX  FMU0025!
2025-07-07 01:39:00+00:00,33,97,7873621,96.65,96.655,96.65,96.655,4,DX  FMU0025!
2025-07-07 01:40:00+00:00,33,97,7873621,96.66,96.67,96.66,96.67,6,DX  FMU0025!
2025-07-07 01:41:00+00:00,33,97,7873621,96.67,96.67,96.67,96.67,3,DX  FMU0025!
2025-07-07 01:42:00+00:00,33,97,7873621,96.675,96.675,96.665,96.665,8,DX  FMU0025!
2025-07-07 01:43:00+00:00,33,97,7873621,96.665,96.68,96.665,96.68,30,DX  FMU0025!
2025-07-07 01:44:00+00:00,33,97,7873621,96.685,96.69,96.68,96.69,7,DX  FMU0025!
2025-07-07 01:45:00+00:00,33,97,7873621,96.695,96.695,96.685,96.695,18,DX  FMU0025!
2025-07-07 01:46:00+00:00,33,97,7873621,96.685,96.69,96.685,96.69,4,DX  FMU0025!
2025-07-07 01:47:00+00:00,33,97,7873621,96.685,96.685,96.685,96.685,1,DX  FMU0025!
2025-07-07 01:48:00+00:00,33,97,7873621,96.685,96.695,96.685,96.69,6,DX  FMU0025!
2025-07-07 01:49:00+00:00,33,97,7873621,96.69,96.69,96.69,96.69,1,DX  FMU0025!
2025-07-07 01:50:00+00:00,33,97,7873621,96.695,96.695,96.685,96.695,19,DX  FMU0025!
2025-07-07 01:52:00+00:00,33,97,7873621,96.685,96.69,96.685,96.69,4,DX  FMU0025!
2025-07-07 01:53:00+00:00,33,97,7873621,96.685,96.69,96.685,96.69,6,DX  FMU0025!
2025-07-07 01:54:00+00:00,33,97,7873621,96.69,96.69,96.69,96.69,5,DX  FMU0025!
2025-07-07 01:55:00+00:00,33,97,7873621,96.7,96.7,96.695,96.695,6,DX  FMU0025!
2025-07-07 01:56:00+00:00,33,97,7873621,96.705,96.705,96.7,96.7,8,DX  FMU0025!
2025-07-07 01:57:00+00:00,33,97,7873621,96.69,96.695,96.69,96.695,5,DX  FMU0025!
2025-07-07 01:58:00+00:00,33,97,7873621,96.7,96.7,96.7,96.7,7,DX  FMU0025!
2025-07-07 01:59:00+00:00,33,97,7873621,96.7,96.7,96.695,96.695,10,DX  FMU0025!
2025-07-07 02:00:00+00:00,33,97,7873621,96.69,96.695,96.685,96.685,25,DX  FMU0025!
2025-07-07 02:01:00+00:00,33,97,7873621,96.69,96.695,96.69,96.695,3,DX  FMU0025!
2025-07-07 02:02:00+00:00,33,97,7873621,96.69,96.69,96.69,96.69,4,DX  FMU0025!
2025-07-07 02:03:00+00:00,33,97,7873621,96.695,96.695,96.69,96.695,10,DX  FMU0025!
2025-07-07 02:04:00+00:00,33,97,7873621,96.69,96.69,96.69,96.69,1,DX  FMU0025!
2025-07-07 02:05:00+00:00,33,97,7873621,96.69,96.69,96.69,96.69,2,DX  FMU0025!
2025-07-07 02:06:00+00:00,33,97,7873621,96.69,96.69,96.69,96.69,2,DX  FMU0025!
2025-07-07 02:07:00+00:00,33,97,7873621,96.685,96.685,96.685,96.685,2,DX  FMU0025!
2025-07-07 02:08:00+00:00,33,97,7873621,96.68,96.68,96.675,96.675,6,DX  FMU0025!
2025-07-07 02:11:00+00:00,33,97,7873621,96.685,96.69,96.685,96.69,4,DX  FMU0025!
2025-07-07 02:12:00+00:00,33,97,7873621,96.69,96.69,96.69,96.69,2,DX  FMU0025!
2025-07-07 02:13:00+00:00,33,97,7873621,96.685,96.685,96.68,96.68,6,DX  FMU0025!
2025-07-07 02:14:00+00:00,33,97,7873621,96.685,96.685,96.685,96.685,12,DX  FMU0025!
2025-07-07 02:15:00+00:00,33,97,7873621,96.685,96.685,96.68,96.68,26,DX  FMU0025!
2025-07-07 02:16:00+00:00,33,97,7873621,96.675,96.675,96.675,96.675,1,DX  FMU0025!
2025-07-07 02:18:00+00:00,33,97,7873621,96.68,96.68,96.68,96.68,3,DX  FMU0025!
2025-07-07 02:19:00+00:00,33,97,7873621,96.685,96.685,96.685,96.685,1,DX  FMU0025!
2025-07-07 02:21:00+00:00,33,97,7873621,96.685,96.695,96.685,96.695,7,DX  FMU0025!
2025-07-07 02:23:00+00:00,33,97,7873621,96.7,96.705,96.7,96.705,9,DX  FMU0025!
2025-07-07 02:24:00+00:00,33,97,7873621,96.7,96.7,96.7,96.7,1,DX  FMU0025!
2025-07-07 02:27:00+00:00,33,97,7873621,96.705,96.705,96.705,96.705,2,DX  FMU0025!
2025-07-07 02:28:00+00:00,33,97,7873621,96.71,96.71,96.71,96.71,1,DX  FMU0025!
2025-07-07 02:29:00+00:00,33,97,7873621,96.715,96.72,96.715,96.72,3,DX  FMU0025!
2025-07-07 02:30:00+00:00,33,97,7873621,96.725,96.735,96.725,96.735,3,DX  FMU0025!
2025-07-07 02:31:00+00:00,33,97,7873621,96.745,96.76,96.745,96.76,13,DX  FMU0025!
2025-07-07 02:32:00+00:00,33,97,7873621,96.755,96.765,96.755,96.76,10,DX  FMU0025!
2025-07-07 02:33:00+00:00,33,97,7873621,96.755,96.765,96.75,96.765,22,DX  FMU0025!
2025-07-07 02:34:00+00:00,33,97,7873621,96.765,96.765,96.755,96.755,7,DX  FMU0025!
2025-07-07 02:35:00+00:00,33,97,7873621,96.755,96.755,96.755,96.755,4,DX  FMU0025!
2025-07-07 02:36:00+00:00,33,97,7873621,96.755,96.755,96.755,96.755,10,DX  FMU0025!
2025-07-07 02:37:00+00:00,33,97,7873621,96.75,96.75,96.735,96.735,2,DX  FMU0025!
2025-07-07 02:38:00+00:00,33,97,7873621,96.73,96.73,96.725,96.725,8,DX  FMU0025!
2025-07-07 02:40:00+00:00,33,97,7873621,96.72,96.725,96.72,96.725,4,DX  FMU0025!
2025-07-07 02:42:00+00:00,33,97,7873621,96.73,96.73,96.73,96.73,1,DX  FMU0025!
2025-07-07 02:45:00+00:00,33,97,7873621,96.735,96.735,96.735,96.735,2,DX  FMU0025!
2025-07-07 02:48:00+00:00,33,97,7873621,96.715,96.72,96.715,96.72,6,DX  FMU0025!
2025-07-07 02:49:00+00:00,33,97,7873621,96.725,96.74,96.725,96.74,7,DX  FMU0025!
2025-07-07 02:50:00+00:00,33,97,7873621,96.73,96.735,96.73,96.735,12,DX  FMU0025!
2025-07-07 02:51:00+00:00,33,97,7873621,96.73,96.75,96.73,96.75,22,DX  FMU0025!
2025-07-07 02:52:00+00:00,33,97,7873621,96.745,96.75,96.745,96.75,5,DX  FMU0025!
2025-07-07 02:53:00+00:00,33,97,7873621,96.74,96.74,96.74,96.74,2,DX  FMU0025!
2025-07-07 02:54:00+00:00,33,97,7873621,96.74,96.74,96.74,96.74,1,DX  FMU0025!
2025-07-07 02:55:00+00:00,33,97,7873621,96.74,96.745,96.74,96.745,3,DX  FMU0025!
2025-07-07 02:57:00+00:00,33,97,7873621,96.75,96.755,96.75,96.755,8,DX  FMU0025!
2025-07-07 02:58:00+00:00,33,97,7873621,96.75,96.75,96.75,96.75,1,DX  FMU0025!
2025-07-07 02:59:00+00:00,33,97,7873621,96.75,96.755,96.75,96.755,5,DX  FMU0025!
2025-07-07 03:00:00+00:00,33,97,7873621,96.755,96.755,96.755,96.755,2,DX  FMU0025!
2025-07-07 03:01:00+00:00,33,97,7873621,96.76,96.76,96.75,96.75,14,DX  FMU0025!
2025-07-07 03:02:00+00:00,33,97,7873621,96.75,96.75,96.745,96.745,3,DX  FMU0025!
2025-07-07 03:03:00+00:00,33,97,7873621,96.745,96.76,96.745,96.76,7,DX  FMU0025!
2025-07-07 03:04:00+00:00,33,97,7873621,96.76,96.76,96.76,96.76,8,DX  FMU0025!
2025-07-07 03:05:00+00:00,33,97,7873621,96.755,96.755,96.75,96.755,9,DX  FMU0025!
2025-07-07 03:08:00+00:00,33,97,7873621,96.745,96.745,96.74,96.74,6,DX  FMU0025!
2025-07-07 03:09:00+00:00,33,97,7873621,96.73,96.73,96.73,96.73,3,DX  FMU0025!
2025-07-07 03:10:00+00:00,33,97,7873621,96.73,96.73,96.725,96.725,3,DX  FMU0025!
2025-07-07 03:11:00+00:00,33,97,7873621,96.735,96.735,96.725,96.725,4,DX  FMU0025!
2025-07-07 03:12:00+00:00,33,97,7873621,96.72,96.72,96.72,96.72,2,DX  FMU0025!
2025-07-07 03:13:00+00:00,33,97,7873621,96.71,96.71,96.7,96.71,25,DX  FMU0025!
2025-07-07 03:14:00+00:00,33,97,7873621,96.71,96.715,96.71,96.715,7,DX  FMU0025!
2025-07-07 03:15:00+00:00,33,97,7873621,96.72,96.72,96.715,96.715,9,DX  FMU0025!
2025-07-07 03:17:00+00:00,33,97,7873621,96.715,96.715,96.715,96.715,2,DX  FMU0025!
2025-07-07 03:18:00+00:00,33,97,7873621,96.715,96.72,96.715,96.72,4,DX  FMU0025!
2025-07-07 03:19:00+00:00,33,97,7873621,96.725,96.725,96.72,96.72,3,DX  FMU0025!
2025-07-07 03:20:00+00:00,33,97,7873621,96.71,96.71,96.71,96.71,2,DX  FMU0025!
2025-07-07 03:21:00+00:00,33,97,7873621,96.71,96.71,96.71,96.71,2,DX  FMU0025!
2025-07-07 03:22:00+00:00,33,97,7873621,96.71,96.71,96.71,96.71,5,DX  FMU0025!
2025-07-07 03:24:00+00:00,33,97,7873621,96.72,96.72,96.72,96.72,2,DX  FMU0025!
2025-07-07 03:26:00+00:00,33,97,7873621,96.72,96.72,96.715,96.715,21,DX  FMU0025!
2025-07-07 03:27:00+00:00,33,97,7873621,96.71,96.715,96.71,96.71,13,DX  FMU0025!
2025-07-07 03:30:00+00:00,33,97,7873621,96.71,96.715,96.71,96.715,13,DX  FMU0025!
2025-07-07 03:31:00+00:00,33,97,7873621,96.725,96.725,96.725,96.725,7,DX  FMU0025!
2025-07-07 03:33:00+00:00,33,97,7873621,96.73,96.73,96.73,96.73,1,DX  FMU0025!
2025-07-07 03:37:00+00:00,33,97,7873621,96.755,96.755,96.75,96.75,5,DX  FMU0025!
2025-07-07 03:38:00+00:00,33,97,7873621,96.745,96.745,96.745,96.745,10,DX  FMU0025!
2025-07-07 03:39:00+00:00,33,97,7873621,96.745,96.745,96.745,96.745,10,DX  FMU0025!
2025-07-07 03:42:00+00:00,33,97,7873621,96.735,96.735,96.735,96.735,4,DX  FMU0025!
2025-07-07 03:43:00+00:00,33,97,7873621,96.75,96.75,96.75,96.75,4,DX  FMU0025!
2025-07-07 03:46:00+00:00,33,97,7873621,96.74,96.74,96.74,96.74,1,DX  FMU0025!
2025-07-07 03:49:00+00:00,33,97,7873621,96.735,96.74,96.735,96.74,2,DX  FMU0025!
2025-07-07 03:50:00+00:00,33,97,7873621,96.745,96.745,96.745,96.745,5,DX  FMU0025!
2025-07-07 03:51:00+00:00,33,97,7873621,96.745,96.745,96.745,96.745,6,DX  FMU0025!
2025-07-07 03:56:00+00:00,33,97,7873621,96.745,96.745,96.745,96.745,3,DX  FMU0025!
2025-07-07 03:57:00+00:00,33,97,7873621,96.745,96.745,96.745,96.745,3,DX  FMU0025!
2025-07-07 03:59:00+00:00,33,97,7873621,96.745,96.745,96.745,96.745,4,DX  FMU0025!
2025-07-07 04:02:00+00:00,33,97,7873621,96.75,96.75,96.75,96.75,1,DX  FMU0025!
2025-07-07 04:04:00+00:00,33,97,7873621,96.74,96.74,96.74,96.74,1,DX  FMU0025!
2025-07-07 04:06:00+00:00,33,97,7873621,96.75,96.75,96.75,96.75,1,DX  FMU0025!
2025-07-07 04:10:00+00:00,33,97,7873621,96.77,96.77,96.77,96.77,1,DX  FMU0025!
2025-07-07 04:11:00+00:00,33,97,7873621,96.765,96.765,96.765,96.765,3,DX  FMU0025!
2025-07-07 04:14:00+00:00,33,97,7873621,96.765,96.765,96.765,96.765,1,DX  FMU0025!
2025-07-07 04:16:00+00:00,33,97,7873621,96.75,96.75,96.75,96.75,1,DX  FMU0025!
2025-07-07 04:19:00+00:00,33,97,7873621,96.765,96.77,96.76,96.77,12,DX  FMU0025!
2025-07-07 04:21:00+00:00,33,97,7873621,96.76,96.76,96.76,96.76,2,DX  FMU0025!
2025-07-07 04:22:00+00:00,33,97,7873621,96.765,96.765,96.765,96.765,4,DX  FMU0025!
2025-07-07 04:26:00+00:00,33,97,7873621,96.775,96.775,96.775,96.775,2,DX  FMU0025!
2025-07-07 04:27:00+00:00,33,97,7873621,96.775,96.775,96.77,96.77,3,DX  FMU0025!
2025-07-07 04:29:00+00:00,33,97,7873621,96.76,96.76,96.76,96.76,1,DX  FMU0025!
2025-07-07 04:30:00+00:00,33,97,7873621,96.75,96.755,96.75,96.755,2,DX  FMU0025!
2025-07-07 04:31:00+00:00,33,97,7873621,96.75,96.75,96.75,96.75,2,DX  FMU0025!
2025-07-07 04:32:00+00:00,33,97,7873621,96.76,96.76,96.76,96.76,2,DX  FMU0025!
2025-07-07 04:33:00+00:00,33,97,7873621,96.76,96.76,96.755,96.755,2,DX  FMU0025!
2025-07-07 04:35:00+00:00,33,97,7873621,96.75,96.75,96.75,96.75,1,DX  FMU0025!
2025-07-07 04:37:00+00:00,33,97,7873621,96.76,96.76,96.76,96.76,1,DX  FMU0025!
2025-07-07 04:39:00+00:00,33,97,7873621,96.765,96.765,96.765,96.765,27,DX  FMU0025!
2025-07-07 04:40:00+00:00,33,97,7873621,96.78,96.79,96.78,96.79,2,DX  FMU0025!
2025-07-07 04:41:00+00:00,33,97,7873621,96.78,96.79,96.78,96.79,3,DX  FMU0025!
2025-07-07 04:43:00+00:00,33,97,7873621,96.78,96.78,96.78,96.78,1,DX  FMU0025!
2025-07-07 04:44:00+00:00,33,97,7873621,96.79,96.79,96.78,96.79,16,DX  FMU0025!
2025-07-07 04:45:00+00:00,33,97,7873621,96.785,96.79,96.785,96.79,4,DX  FMU0025!
2025-07-07 04:46:00+00:00,33,97,8024379,96.39,96.39,96.39,96.39,1,DX  FMZ0025!
2025-07-07 04:47:00+00:00,33,97,7873621,96.8,96.805,96.8,96.8,32,DX  FMU0025!
2025-07-07 04:48:00+00:00,33,97,7873621,96.805,96.81,96.805,96.81,30,DX  FMU0025!
2025-07-07 04:48:00+00:00,33,97,8024379,96.4,96.4,96.4,96.4,2,DX  FMZ0025!
2025-07-07 04:49:00+00:00,33,97,7873621,96.81,96.81,96.805,96.805,3,DX  FMU0025!
2025-07-07 04:51:00+00:00,33,97,7873621,96.81,96.81,96.81,96.81,1,DX  FMU0025!
2025-07-07 04:52:00+00:00,33,97,7873621,96.79,96.79,96.79,96.79,1,DX  FMU0025!
2025-07-07 04:54:00+00:00,33,97,7873621,96.79,96.79,96.79,96.79,2,DX  FMU0025!
2025-07-07 04:55:00+00:00,33,97,7873621,96.79,96.79,96.79,96.79,1,DX  FMU0025!
2025-07-07 04:56:00+00:00,33,97,7873621,96.795,96.795,96.795,96.795,3,DX  FMU0025!
2025-07-07 04:58:00+00:00,33,97,7873621,96.8,96.8,96.8,96.8,7,DX  FMU0025!
2025-07-07 05:00:00+00:00,33,97,7873621,96.81,96.81,96.81,96.81,2,DX  FMU0025!
2025-07-07 05:01:00+00:00,33,97,7873621,96.805,96.805,96.805,96.805,15,DX  FMU0025!
2025-07-07 05:02:00+00:00,33,97,7873621,96.805,96.815,96.805,96.815,54,DX  FMU0025!
2025-07-07 05:03:00+00:00,33,97,7873621,96.815,96.825,96.815,96.82,14,DX  FMU0025!
2025-07-07 05:04:00+00:00,33,97,7873621,96.82,96.82,96.82,96.82,3,DX  FMU0025!
2025-07-07 05:05:00+00:00,33,97,7873621,96.815,96.815,96.805,96.805,7,DX  FMU0025!
2025-07-07 05:06:00+00:00,33,97,7873621,96.805,96.805,96.805,96.805,2,DX  FMU0025!
2025-07-07 05:10:00+00:00,33,97,7873621,96.785,96.785,96.785,96.785,7,DX  FMU0025!
2025-07-07 05:11:00+00:00,33,97,7873621,96.795,96.795,96.795,96.795,3,DX  FMU0025!
2025-07-07 05:13:00+00:00,33,97,7873621,96.81,96.815,96.805,96.805,17,DX  FMU0025!
2025-07-07 05:17:00+00:00,33,97,7873621,96.815,96.825,96.815,96.825,3,DX  FMU0025!
2025-07-07 05:19:00+00:00,33,97,7873621,96.815,96.815,96.815,96.815,1,DX  FMU0025!
2025-07-07 05:20:00+00:00,33,97,7873621,96.81,96.815,96.81,96.815,7,DX  FMU0025!
2025-07-07 05:22:00+00:00,33,97,7873621,96.805,96.805,96.805,96.805,1,DX  FMU0025!
2025-07-07 05:24:00+00:00,33,97,7873621,96.805,96.805,96.805,96.805,8,DX  FMU0025!
2025-07-07 05:27:00+00:00,33,97,7873621,96.82,96.82,96.82,96.82,2,DX  FMU0025!
2025-07-07 05:28:00+00:00,33,97,7873621,96.825,96.825,96.825,96.825,7,DX  FMU0025!
2025-07-07 05:29:00+00:00,33,97,7873621,96.82,96.82,96.82,96.82,4,DX  FMU0025!
2025-07-07 05:30:00+00:00,33,97,7873621,96.82,96.82,96.815,96.815,3,DX  FMU0025!
2025-07-07 05:31:00+00:00,33,97,7873621,96.82,96.82,96.82,96.82,6,DX  FMU0025!
2025-07-07 05:33:00+00:00,33,97,7873621,96.815,96.815,96.81,96.81,15,DX  FMU0025!
2025-07-07 05:35:00+00:00,33,97,7873621,96.8,96.8,96.8,96.8,1,DX  FMU0025!
2025-07-07 05:36:00+00:00,33,97,7873621,96.8,96.8,96.8,96.8,5,DX  FMU0025!
2025-07-07 05:39:00+00:00,33,97,7873621,96.8,96.8,96.8,96.8,7,DX  FMU0025!
2025-07-07 05:40:00+00:00,33,97,7873621,96.785,96.785,96.785,96.785,1,DX  FMU0025!
2025-07-07 05:42:00+00:00,33,97,7873621,96.79,96.79,96.78,96.78,3,DX  FMU0025!
2025-07-07 05:43:00+00:00,33,97,7873621,96.79,96.79,96.79,96.79,1,DX  FMU0025!
2025-07-07 05:45:00+00:00,33,97,8024379,96.4,96.4,96.4,96.4,1,DX  FMZ0025!
2025-07-07 05:45:00+00:00,33,97,7873621,96.785,96.785,96.785,96.785,1,DX  FMU0025!
2025-07-07 05:47:00+00:00,33,97,7873621,96.77,96.775,96.77,96.775,3,DX  FMU0025!
2025-07-07 05:48:00+00:00,33,97,7873621,96.77,96.77,96.77,96.77,14,DX  FMU0025!
2025-07-07 05:49:00+00:00,33,97,7873621,96.76,96.76,96.76,96.76,2,DX  FMU0025!
2025-07-07 05:50:00+00:00,33,97,7873621,96.76,96.76,96.755,96.755,3,DX  FMU0025!
2025-07-07 05:52:00+00:00,33,97,7873621,96.765,96.765,96.765,96.765,2,DX  FMU0025!
2025-07-07 05:53:00+00:00,33,97,7873621,96.765,96.765,96.765,96.765,2,DX  FMU0025!
2025-07-07 05:55:00+00:00,33,97,7873621,96.765,96.765,96.765,96.765,4,DX  FMU0025!
2025-07-07 05:57:00+00:00,33,97,7873621,96.76,96.76,96.755,96.755,3,DX  FMU0025!
2025-07-07 05:59:00+00:00,33,97,7873621,96.77,96.77,96.765,96.765,6,DX  FMU0025!
2025-07-07 06:00:00+00:00,33,97,7873621,96.77,96.785,96.77,96.775,30,DX  FMU0025!
2025-07-07 06:01:00+00:00,33,97,7873621,96.77,96.77,96.76,96.76,37,DX  FMU0025!
2025-07-07 06:02:00+00:00,33,97,7873621,96.76,96.76,96.745,96.75,26,DX  FMU0025!
2025-07-07 06:03:00+00:00,33,97,7873621,96.75,96.755,96.75,96.755,17,DX  FMU0025!
2025-07-07 06:04:00+00:00,33,97,7873621,96.755,96.76,96.755,96.76,4,DX  FMU0025!
2025-07-07 06:05:00+00:00,33,97,7873621,96.765,96.765,96.765,96.765,5,DX  FMU0025!
2025-07-07 06:06:00+00:00,33,97,7873621,96.775,96.775,96.775,96.775,2,DX  FMU0025!
2025-07-07 06:07:00+00:00,33,97,7873621,96.805,96.815,96.805,96.815,20,DX  FMU0025!
2025-07-07 06:08:00+00:00,33,97,7873621,96.805,96.805,96.795,96.8,7,DX  FMU0025!
2025-07-07 06:09:00+00:00,33,97,7873621,96.795,96.8,96.795,96.8,4,DX  FMU0025!
2025-07-07 06:10:00+00:00,33,97,7873621,96.8,96.8,96.8,96.8,3,DX  FMU0025!
2025-07-07 06:11:00+00:00,33,97,7873621,96.8,96.8,96.8,96.8,1,DX  FMU0025!
2025-07-07 06:12:00+00:00,33,97,7873621,96.795,96.795,96.795,96.795,1,DX  FMU0025!
2025-07-07 06:13:00+00:00,33,97,7873621,96.795,96.805,96.795,96.805,3,DX  FMU0025!
2025-07-07 06:14:00+00:00,33,97,7873621,96.805,96.805,96.79,96.79,4,DX  FMU0025!
2025-07-07 06:15:00+00:00,33,97,7873621,96.795,96.8,96.795,96.8,11,DX  FMU0025!
2025-07-07 06:16:00+00:00,33,97,7873621,96.8,96.81,96.8,96.81,52,DX  FMU0025!
2025-07-07 06:17:00+00:00,33,97,7873621,96.805,96.805,96.8,96.805,9,DX  FMU0025!
2025-07-07 06:18:00+00:00,33,97,7873621,96.805,96.81,96.805,96.805,5,DX  FMU0025!
2025-07-07 06:19:00+00:00,33,97,7873621,96.79,96.79,96.79,96.79,1,DX  FMU0025!
2025-07-07 06:20:00+00:00,33,97,7873621,96.79,96.79,96.79,96.79,2,DX  FMU0025!
2025-07-07 06:21:00+00:00,33,97,7873621,96.785,96.785,96.785,96.785,4,DX  FMU0025!
2025-07-07 06:22:00+00:00,33,97,7873621,96.785,96.785,96.785,96.785,1,DX  FMU0025!
2025-07-07 06:23:00+00:00,33,97,7873621,96.79,96.795,96.79,96.795,2,DX  FMU0025!
2025-07-07 06:24:00+00:00,33,97,7873621,96.805,96.805,96.805,96.805,1,DX  FMU0025!
2025-07-07 06:25:00+00:00,33,97,7873621,96.805,96.805,96.805,96.805,4,DX  FMU0025!
2025-07-07 06:26:00+00:00,33,97,7873621,96.81,96.825,96.81,96.825,9,DX  FMU0025!
2025-07-07 06:27:00+00:00,33,97,7873621,96.82,96.82,96.82,96.82,1,DX  FMU0025!
2025-07-07 06:28:00+00:00,33,97,7873621,96.815,96.825,96.815,96.825,13,DX  FMU0025!
2025-07-07 06:29:00+00:00,33,97,7873621,96.825,96.825,96.825,96.825,11,DX  FMU0025!
2025-07-07 06:30:00+00:00,33,97,7873621,96.835,96.855,96.835,96.85,11,DX  FMU0025!
2025-07-07 06:31:00+00:00,33,97,7873621,96.84,96.86,96.84,96.86,10,DX  FMU0025!
2025-07-07 06:32:00+00:00,33,97,7873621,96.86,96.87,96.86,96.87,26,DX  FMU0025!
2025-07-07 06:33:00+00:00,33,97,7873621,96.87,96.9,96.87,96.9,94,DX  FMU0025!
2025-07-07 06:34:00+00:00,33,97,7873621,96.9,96.9,96.885,96.885,15,DX  FMU0025!
2025-07-07 06:35:00+00:00,33,97,7873621,96.885,96.885,96.87,96.875,5,DX  FMU0025!
2025-07-07 06:36:00+00:00,33,97,7873621,96.875,96.875,96.87,96.87,5,DX  FMU0025!
2025-07-07 06:37:00+00:00,33,97,7873621,96.86,96.885,96.86,96.885,10,DX  FMU0025!
2025-07-07 06:38:00+00:00,33,97,7873621,96.88,96.89,96.88,96.885,3,DX  FMU0025!
2025-07-07 06:39:00+00:00,33,97,7873621,96.88,96.88,96.88,96.88,3,DX  FMU0025!
2025-07-07 06:40:00+00:00,33,97,7873621,96.89,96.89,96.88,96.88,3,DX  FMU0025!
2025-07-07 06:41:00+00:00,33,97,7873621,96.875,96.875,96.87,96.875,9,DX  FMU0025!
2025-07-07 06:43:00+00:00,33,97,7873621,96.885,96.885,96.885,96.885,1,DX  FMU0025!
2025-07-07 06:44:00+00:00,33,97,7873621,96.885,96.885,96.885,96.885,7,DX  FMU0025!
2025-07-07 06:45:00+00:00,33,97,7873621,96.88,96.88,96.88,96.88,2,DX  FMU0025!
2025-07-07 06:47:00+00:00,33,97,7873621,96.86,96.865,96.855,96.855,8,DX  FMU0025!
2025-07-07 06:48:00+00:00,33,97,7873621,96.865,96.875,96.865,96.875,7,DX  FMU0025!
2025-07-07 06:49:00+00:00,33,97,7873621,96.875,96.89,96.875,96.885,7,DX  FMU0025!
2025-07-07 06:50:00+00:00,33,97,7873621,96.895,96.9,96.895,96.9,6,DX  FMU0025!
2025-07-07 06:51:00+00:00,33,97,7873621,96.89,96.89,96.885,96.885,11,DX  FMU0025!
2025-07-07 06:52:00+00:00,33,97,7873621,96.88,96.88,96.88,96.88,5,DX  FMU0025!
2025-07-07 06:53:00+00:00,33,97,7873621,96.875,96.875,96.865,96.865,6,DX  FMU0025!
2025-07-07 06:54:00+00:00,33,97,7873621,96.865,96.875,96.865,96.865,10,DX  FMU0025!
2025-07-07 06:55:00+00:00,33,97,7873621,96.86,96.87,96.86,96.87,14,DX  FMU0025!
2025-07-07 06:58:00+00:00,33,97,7873621,96.86,96.86,96.86,96.86,4,DX  FMU0025!
2025-07-07 06:59:00+00:00,33,97,7873621,96.86,96.86,96.855,96.855,4,DX  FMU0025!
2025-07-07 07:00:00+00:00,33,97,7873621,96.845,96.845,96.825,96.845,102,DX  FMU0025!
2025-07-07 07:01:00+00:00,33,97,7873621,96.845,96.85,96.84,96.84,4,DX  FMU0025!
2025-07-07 07:02:00+00:00,33,97,7873621,96.84,96.845,96.835,96.845,15,DX  FMU0025!
2025-07-07 07:03:00+00:00,33,97,7873621,96.84,96.84,96.825,96.83,24,DX  FMU0025!
2025-07-07 07:04:00+00:00,33,97,7873621,96.84,96.845,96.84,96.845,64,DX  FMU0025!
2025-07-07 07:05:00+00:00,33,97,7873621,96.85,96.86,96.85,96.86,7,DX  FMU0025!
2025-07-07 07:06:00+00:00,33,97,7873621,96.855,96.86,96.855,96.86,6,DX  FMU0025!
2025-07-07 07:07:00+00:00,33,97,7873621,96.865,96.87,96.86,96.86,48,DX  FMU0025!
2025-07-07 07:08:00+00:00,33,97,7873621,96.865,96.87,96.865,96.87,32,DX  FMU0025!
2025-07-07 07:09:00+00:00,33,97,7873621,96.87,96.89,96.87,96.88,59,DX  FMU0025!
2025-07-07 07:10:00+00:00,33,97,7873621,96.875,96.875,96.85,96.855,56,DX  FMU0025!
2025-07-07 07:11:00+00:00,33,97,7873621,96.85,96.855,96.85,96.855,32,DX  FMU0025!
2025-07-07 07:12:00+00:00,33,97,7873621,96.845,96.845,96.83,96.83,12,DX  FMU0025!
2025-07-07 07:13:00+00:00,33,97,7873621,96.83,96.83,96.83,96.83,4,DX  FMU0025!
2025-07-07 07:14:00+00:00,33,97,7873621,96.825,96.84,96.825,96.84,3,DX  FMU0025!
2025-07-07 07:15:00+00:00,33,97,7873621,96.85,96.85,96.85,96.85,2,DX  FMU0025!
2025-07-07 07:16:00+00:00,33,97,7873621,96.845,96.845,96.845,96.845,1,DX  FMU0025!
2025-07-07 07:17:00+00:00,33,97,7873621,96.845,96.85,96.84,96.84,61,DX  FMU0025!
2025-07-07 07:18:00+00:00,33,97,7873621,96.835,96.85,96.835,96.845,10,DX  FMU0025!
2025-07-07 07:19:00+00:00,33,97,7873621,96.845,96.845,96.845,96.845,1,DX  FMU0025!
2025-07-07 07:20:00+00:00,33,97,7873621,96.835,96.845,96.835,96.84,26,DX  FMU0025!
2025-07-07 07:21:00+00:00,33,97,7873621,96.82,96.82,96.82,96.82,6,DX  FMU0025!
2025-07-07 07:22:00+00:00,33,97,7873621,96.84,96.84,96.84,96.84,1,DX  FMU0025!
2025-07-07 07:23:00+00:00,33,97,7873621,96.845,96.845,96.845,96.845,1,DX  FMU0025!
2025-07-07 07:24:00+00:00,33,97,7873621,96.83,96.835,96.83,96.835,3,DX  FMU0025!
2025-07-07 07:25:00+00:00,33,97,7873621,96.835,96.845,96.835,96.845,4,DX  FMU0025!
2025-07-07 07:26:00+00:00,33,97,7873621,96.845,96.845,96.84,96.84,6,DX  FMU0025!
2025-07-07 07:27:00+00:00,33,97,7873621,96.85,96.85,96.85,96.85,5,DX  FMU0025!
2025-07-07 07:28:00+00:00,33,97,7873621,96.855,96.86,96.85,96.86,8,DX  FMU0025!
2025-07-07 07:29:00+00:00,33,97,7873621,96.87,96.89,96.87,96.89,5,DX  FMU0025!
2025-07-07 07:30:00+00:00,33,97,7873621,96.895,96.9,96.895,96.9,14,DX  FMU0025!
2025-07-07 07:31:00+00:00,33,97,7873621,96.9,96.905,96.9,96.9,4,DX  FMU0025!
2025-07-07 07:32:00+00:00,33,97,7873621,96.895,96.9,96.89,96.9,8,DX  FMU0025!
2025-07-07 07:34:00+00:00,33,97,7873621,96.905,96.905,96.905,96.905,1,DX  FMU0025!
2025-07-07 07:35:00+00:00,33,97,8024379,,,,,3,DX  FMZ0025!
2025-07-07 07:35:00+00:00,33,97,7873621,96.895,96.895,96.895,96.895,6,DX  FMU0025!
2025-07-07 07:35:00+00:00,33,97,8024382,-0.4,-0.4,-0.4,-0.4,3,DX  FMZ0025-DX  FMU0025
2025-07-07 07:36:00+00:00,33,97,7873621,96.89,96.9,96.885,96.9,38,DX  FMU0025!
2025-07-07 07:37:00+00:00,33,97,7873621,96.885,96.885,96.885,96.885,3,DX  FMU0025!
2025-07-07 07:38:00+00:00,33,97,7873621,96.88,96.885,96.875,96.88,18,DX  FMU0025!
2025-07-07 07:39:00+00:00,33,97,7873621,96.87,96.875,96.865,96.865,5,DX  FMU0025!
2025-07-07 07:40:00+00:00,33,97,7873621,96.865,96.87,96.86,96.865,15,DX  FMU0025!
2025-07-07 07:41:00+00:00,33,97,7873621,96.87,96.88,96.87,96.88,32,DX  FMU0025!
2025-07-07 07:42:00+00:00,33,97,7873621,96.885,96.91,96.88,96.91,59,DX  FMU0025!
2025-07-07 07:43:00+00:00,33,97,7873621,96.92,96.925,96.915,96.915,25,DX  FMU0025!
2025-07-07 07:44:00+00:00,33,97,7873621,96.91,96.91,96.905,96.905,3,DX  FMU0025!
2025-07-07 07:44:00+00:00,33,97,8024379,96.525,96.53,96.525,96.53,2,DX  FMZ0025!
2025-07-07 07:45:00+00:00,33,97,7873621,96.905,96.91,96.905,96.91,4,DX  FMU0025!
2025-07-07 07:46:00+00:00,33,97,7873621,96.91,96.91,96.905,96.905,3,DX  FMU0025!
2025-07-07 07:47:00+00:00,33,97,7873621,96.905,96.905,96.9,96.9,3,DX  FMU0025!
2025-07-07 07:48:00+00:00,33,97,7873621,96.9,96.9,96.9,96.9,1,DX  FMU0025!
2025-07-07 07:49:00+00:00,33,97,7873621,96.89,96.895,96.885,96.885,11,DX  FMU0025!
2025-07-07 07:50:00+00:00,33,97,7873621,96.885,96.895,96.88,96.895,10,DX  FMU0025!
2025-07-07 07:51:00+00:00,33,97,7873621,96.88,96.885,96.88,96.88,9,DX  FMU0025!
2025-07-07 07:52:00+00:00,33,97,7873621,96.88,96.88,96.875,96.875,3,DX  FMU0025!
2025-07-07 07:53:00+00:00,33,97,7873621,96.885,96.885,96.885,96.885,1,DX  FMU0025!
2025-07-07 07:54:00+00:00,33,97,7873621,96.905,96.905,96.9,96.9,8,DX  FMU0025!
2025-07-07 07:55:00+00:00,33,97,7873621,96.895,96.895,96.895,96.895,6,DX  FMU0025!
2025-07-07 07:56:00+00:00,33,97,7873621,96.89,96.895,96.89,96.895,4,DX  FMU0025!
2025-07-07 07:57:00+00:00,33,97,7873621,96.905,96.905,96.895,96.9,15,DX  FMU0025!
2025-07-07 07:58:00+00:00,33,97,7873621,96.9,96.91,96.9,96.91,5,DX  FMU0025!
2025-07-07 07:59:00+00:00,33,97,7873621,96.91,96.92,96.91,96.92,4,DX  FMU0025!
2025-07-07 08:00:00+00:00,33,97,7873621,96.925,96.925,96.915,96.925,38,DX  FMU0025!
2025-07-07 08:01:00+00:00,33,97,7873621,96.92,96.92,96.92,96.92,1,DX  FMU0025!
2025-07-07 08:02:00+00:00,33,97,7873621,96.915,96.915,96.915,96.915,3,DX  FMU0025!
2025-07-07 08:03:00+00:00,33,97,7873621,96.915,96.92,96.915,96.92,11,DX  FMU0025!
2025-07-07 08:04:00+00:00,33,97,7873621,96.925,96.925,96.925,96.925,1,DX  FMU0025!
2025-07-07 08:05:00+00:00,33,97,7873621,96.925,96.925,96.925,96.925,2,DX  FMU0025!
2025-07-07 08:06:00+00:00,33,97,7873621,96.93,96.95,96.93,96.95,10,DX  FMU0025!
2025-07-07 08:07:00+00:00,33,97,7873621,96.955,96.955,96.945,96.955,11,DX  FMU0025!
2025-07-07 08:08:00+00:00,33,97,7873621,96.965,96.99,96.965,96.98,46,DX  FMU0025!
2025-07-07 08:09:00+00:00,33,97,7873621,96.985,96.995,96.985,96.985,26,DX  FMU0025!
2025-07-07 08:10:00+00:00,33,97,7873621,96.985,96.985,96.975,96.975,6,DX  FMU0025!
2025-07-07 08:11:00+00:00,33,97,8024379,96.59,96.59,96.59,96.59,2,DX  FMZ0025!
2025-07-07 08:11:00+00:00,33,97,7873621,96.98,96.98,96.97,96.97,20,DX  FMU0025!
2025-07-07 08:12:00+00:00,33,97,7873621,96.975,96.98,96.975,96.98,6,DX  FMU0025!
2025-07-07 08:14:00+00:00,33,97,7873621,96.97,96.97,96.97,96.97,8,DX  FMU0025!
2025-07-07 08:15:00+00:00,33,97,7873621,96.965,96.97,96.96,96.96,17,DX  FMU0025!
2025-07-07 08:16:00+00:00,33,97,7873621,96.965,96.965,96.96,96.965,38,DX  FMU0025!
2025-07-07 08:17:00+00:00,33,97,7873621,96.985,96.985,96.985,96.985,18,DX  FMU0025!
2025-07-07 08:18:00+00:00,33,97,7873621,96.98,96.98,96.98,96.98,4,DX  FMU0025!
2025-07-07 08:19:00+00:00,33,97,7873621,96.975,96.99,96.975,96.99,27,DX  FMU0025!
2025-07-07 08:21:00+00:00,33,97,7873621,96.985,96.995,96.985,96.99,44,DX  FMU0025!
2025-07-07 08:22:00+00:00,33,97,7873621,96.99,96.99,96.98,96.98,7,DX  FMU0025!
2025-07-07 08:24:00+00:00,33,97,7873621,96.97,96.98,96.97,96.98,9,DX  FMU0025!
2025-07-07 08:25:00+00:00,33,97,7873621,96.99,97.0,96.99,97.0,149,DX  FMU0025!
2025-07-07 08:25:00+00:00,33,97,8024379,96.6,96.6,96.6,96.6,2,DX  FMZ0025!
2025-07-07 08:26:00+00:00,33,97,7873621,96.995,96.995,96.985,96.985,16,DX  FMU0025!
2025-07-07 08:27:00+00:00,33,97,7873621,96.975,96.985,96.975,96.985,11,DX  FMU0025!
2025-07-07 08:28:00+00:00,33,97,7873621,96.975,96.98,96.975,96.98,2,DX  FMU0025!
2025-07-07 08:29:00+00:00,33,97,7873621,96.98,96.985,96.975,96.98,77,DX  FMU0025!
2025-07-07 08:30:00+00:00,33,97,7873621,96.975,96.975,96.965,96.965,8,DX  FMU0025!
2025-07-07 08:31:00+00:00,33,97,7873621,96.96,96.97,96.955,96.97,22,DX  FMU0025!
2025-07-07 08:32:00+00:00,33,97,7873621,96.975,96.975,96.96,96.96,9,DX  FMU0025!
2025-07-07 08:33:00+00:00,33,97,7873621,96.97,96.97,96.97,96.97,16,DX  FMU0025!
2025-07-07 08:35:00+00:00,33,97,7873621,96.96,96.97,96.96,96.97,8,DX  FMU0025!
2025-07-07 08:36:00+00:00,33,97,7873621,96.97,96.98,96.97,96.98,7,DX  FMU0025!
2025-07-07 08:37:00+00:00,33,97,7873621,96.98,96.98,96.975,96.975,2,DX  FMU0025!
2025-07-07 08:38:00+00:00,33,97,7873621,96.98,96.99,96.97,96.99,32,DX  FMU0025!
2025-07-07 08:39:00+00:00,33,97,7873621,96.985,96.985,96.985,96.985,4,DX  FMU0025!
2025-07-07 08:40:00+00:00,33,97,7873621,96.99,96.99,96.985,96.985,6,DX  FMU0025!
2025-07-07 08:42:00+00:00,33,97,7873621,96.98,96.985,96.97,96.985,28,DX  FMU0025!
2025-07-07 08:43:00+00:00,33,97,7873621,97.005,97.01,97.0,97.01,16,DX  FMU0025!
2025-07-07 08:44:00+00:00,33,97,7873621,97.015,97.015,97.015,97.015,2,DX  FMU0025!
2025-07-07 08:45:00+00:00,33,97,7873621,97.01,97.01,97.005,97.005,9,DX  FMU0025!
2025-07-07 08:46:00+00:00,33,97,7873621,96.995,96.995,96.995,96.995,2,DX  FMU0025!
2025-07-07 08:47:00+00:00,33,97,7873621,96.995,97.0,96.995,97.0,18,DX  FMU0025!
2025-07-07 08:48:00+00:00,33,97,7873621,97.0,97.005,97.0,97.005,5,DX  FMU0025!
2025-07-07 08:49:00+00:00,33,97,7873621,97.01,97.015,97.01,97.015,2,DX  FMU0025!
2025-07-07 08:50:00+00:00,33,97,7873621,97.02,97.025,97.02,97.025,23,DX  FMU0025!
2025-07-07 08:51:00+00:00,33,97,7873621,97.015,97.03,97.015,97.03,45,DX  FMU0025!
2025-07-07 08:52:00+00:00,33,97,7873621,97.035,97.045,97.035,97.045,5,DX  FMU0025!
2025-07-07 08:53:00+00:00,33,97,7873621,97.045,97.06,97.045,97.06,11,DX  FMU0025!
2025-07-07 08:54:00+00:00,33,97,7873621,97.055,97.065,97.05,97.055,78,DX  FMU0025!
2025-07-07 08:55:00+00:00,33,97,7873621,97.065,97.065,97.06,97.06,10,DX  FMU0025!
2025-07-07 08:56:00+00:00,33,97,7873621,97.065,97.075,97.065,97.07,20,DX  FMU0025!
2025-07-07 08:57:00+00:00,33,97,7873621,97.07,97.075,97.07,97.075,14,DX  FMU0025!
2025-07-07 08:58:00+00:00,33,97,7873621,97.075,97.075,97.065,97.065,18,DX  FMU0025!
2025-07-07 08:59:00+00:00,33,97,7873621,97.07,97.08,97.07,97.08,37,DX  FMU0025!
2025-07-07 09:00:00+00:00,33,97,7873621,97.075,97.075,97.07,97.075,4,DX  FMU0025!
2025-07-07 09:01:00+00:00,33,97,7873621,97.08,97.08,97.07,97.07,6,DX  FMU0025!
2025-07-07 09:02:00+00:00,33,97,7873621,97.07,97.075,97.065,97.065,8,DX  FMU0025!
2025-07-07 09:03:00+00:00,33,97,7873621,97.07,97.07,97.07,97.07,1,DX  FMU0025!
2025-07-07 09:04:00+00:00,33,97,7873621,97.065,97.065,97.06,97.065,45,DX  FMU0025!
2025-07-07 09:05:00+00:00,33,97,7873621,97.055,97.055,97.05,97.055,50,DX  FMU0025!
2025-07-07 09:06:00+00:00,33,97,7873621,97.065,97.07,97.065,97.07,40,DX  FMU0025!
2025-07-07 09:07:00+00:00,33,97,7873621,97.07,97.07,97.07,97.07,8,DX  FMU0025!
2025-07-07 09:08:00+00:00,33,97,7873621,97.065,97.08,97.065,97.08,15,DX  FMU0025!
2025-07-07 09:09:00+00:00,33,97,7873621,97.085,97.085,97.085,97.085,2,DX  FMU0025!
2025-07-07 09:10:00+00:00,33,97,7873621,97.08,97.085,97.075,97.075,7,DX  FMU0025!
2025-07-07 09:11:00+00:00,33,97,7873621,97.07,97.085,97.07,97.085,16,DX  FMU0025!
2025-07-07 09:12:00+00:00,33,97,7873621,97.09,97.09,97.085,97.085,5,DX  FMU0025!
2025-07-07 09:13:00+00:00,33,97,7873621,97.085,97.085,97.08,97.08,4,DX  FMU0025!
2025-07-07 09:14:00+00:00,33,97,7873621,97.07,97.07,97.065,97.065,14,DX  FMU0025!
2025-07-07 09:15:00+00:00,33,97,7873621,97.07,97.07,97.07,97.07,4,DX  FMU0025!
2025-07-07 09:16:00+00:00,33,97,7873621,97.065,97.065,97.065,97.065,1,DX  FMU0025!
2025-07-07 09:17:00+00:00,33,97,7873621,97.075,97.075,97.075,97.075,3,DX  FMU0025!
2025-07-07 09:18:00+00:00,33,97,7873621,97.07,97.07,97.055,97.055,17,DX  FMU0025!
2025-07-07 09:19:00+00:00,33,97,7873621,97.06,97.06,97.06,97.06,1,DX  FMU0025!
2025-07-07 09:21:00+00:00,33,97,7873621,97.075,97.075,97.07,97.07,8,DX  FMU0025!
2025-07-07 09:22:00+00:00,33,97,7873621,97.07,97.08,97.07,97.075,8,DX  FMU0025!
2025-07-07 09:23:00+00:00,33,97,7873621,97.07,97.07,97.07,97.07,1,DX  FMU0025!
2025-07-07 09:24:00+00:00,33,97,7873621,97.065,97.075,97.065,97.07,17,DX  FMU0025!
2025-07-07 09:25:00+00:00,33,97,7873621,97.075,97.08,97.075,97.08,3,DX  FMU0025!
2025-07-07 09:27:00+00:00,33,97,7873621,97.06,97.065,97.06,97.065,16,DX  FMU0025!
2025-07-07 09:28:00+00:00,33,97,7873621,97.07,97.07,97.07,97.07,3,DX  FMU0025!
2025-07-07 09:29:00+00:00,33,97,7873621,97.07,97.07,97.07,97.07,2,DX  FMU0025!
2025-07-07 09:30:00+00:00,33,97,7873621,97.065,97.075,97.065,97.075,4,DX  FMU0025!
2025-07-07 09:31:00+00:00,33,97,7873621,97.075,97.08,97.075,97.075,31,DX  FMU0025!
2025-07-07 09:32:00+00:00,33,97,7873621,97.07,97.075,97.06,97.06,18,DX  FMU0025!
2025-07-07 09:33:00+00:00,33,97,7873621,97.06,97.06,97.055,97.055,3,DX  FMU0025!
2025-07-07 09:34:00+00:00,33,97,7873621,97.06,97.06,97.055,97.055,3,DX  FMU0025!
2025-07-07 09:35:00+00:00,33,97,7873621,97.055,97.06,97.055,97.06,4,DX  FMU0025!
2025-07-07 09:36:00+00:00,33,97,7873621,97.06,97.06,97.06,97.06,2,DX  FMU0025!
2025-07-07 09:37:00+00:00,33,97,7873621,97.06,97.06,97.06,97.06,5,DX  FMU0025!
2025-07-07 09:38:00+00:00,33,97,7873621,97.06,97.06,97.06,97.06,5,DX  FMU0025!
2025-07-07 09:39:00+00:00,33,97,7873621,97.05,97.055,97.04,97.055,7,DX  FMU0025!
2025-07-07 09:40:00+00:00,33,97,7873621,97.05,97.05,97.045,97.045,3,DX  FMU0025!
2025-07-07 09:41:00+00:00,33,97,7873621,97.04,97.04,97.035,97.04,8,DX  FMU0025!
2025-07-07 09:42:00+00:00,33,97,7873621,97.045,97.045,97.045,97.045,7,DX  FMU0025!
2025-07-07 09:43:00+00:00,33,97,7873621,97.045,97.05,97.045,97.045,15,DX  FMU0025!
2025-07-07 09:44:00+00:00,33,97,7873621,97.05,97.05,97.05,97.05,8,DX  FMU0025!
2025-07-07 09:45:00+00:00,33,97,7873621,97.055,97.06,97.055,97.06,4,DX  FMU0025!
2025-07-07 09:46:00+00:00,33,97,7873621,97.055,97.055,97.055,97.055,4,DX  FMU0025!
2025-07-07 09:47:00+00:00,33,97,7873621,97.055,97.055,97.055,97.055,1,DX  FMU0025!
2025-07-07 09:48:00+00:00,33,97,7873621,97.05,97.06,97.05,97.06,7,DX  FMU0025!
2025-07-07 09:49:00+00:00,33,97,7873621,97.06,97.06,97.05,97.05,6,DX  FMU0025!
2025-07-07 09:51:00+00:00,33,97,7873621,97.045,97.055,97.045,97.055,32,DX  FMU0025!
2025-07-07 09:52:00+00:00,33,97,7873621,97.055,97.06,97.055,97.06,5,DX  FMU0025!
2025-07-07 09:53:00+00:00,33,97,7873621,97.05,97.05,97.045,97.045,2,DX  FMU0025!
2025-07-07 09:55:00+00:00,33,97,7873621,97.035,97.035,97.02,97.02,10,DX  FMU0025!
2025-07-07 09:56:00+00:00,33,97,7873621,97.025,97.025,97.025,97.025,4,DX  FMU0025!
2025-07-07 09:57:00+00:00,33,97,7873621,97.015,97.015,97.01,97.015,8,DX  FMU0025!
2025-07-07 09:58:00+00:00,33,97,7873621,97.02,97.02,97.01,97.015,8,DX  FMU0025!
2025-07-07 09:59:00+00:00,33,97,7873621,97.01,97.015,97.01,97.015,11,DX  FMU0025!
2025-07-07 10:00:00+00:00,33,97,7873621,97.015,97.015,97.015,97.015,1,DX  FMU0025!
2025-07-07 10:00:00+00:00,33,97,8024379,96.6,96.6,96.6,96.6,1,DX  FMZ0025!
2025-07-07 10:01:00+00:00,33,97,7873621,97.015,97.015,97.015,97.015,15,DX  FMU0025!
2025-07-07 10:02:00+00:00,33,97,7873621,97.02,97.02,97.02,97.02,1,DX  FMU0025!
2025-07-07 10:03:00+00:00,33,97,7873621,97.025,97.03,97.025,97.03,3,DX  FMU0025!
2025-07-07 10:04:00+00:00,33,97,7873621,97.04,97.04,97.03,97.03,9,DX  FMU0025!
2025-07-07 10:05:00+00:00,33,97,7873621,97.025,97.045,97.025,97.045,15,DX  FMU0025!
2025-07-07 10:06:00+00:00,33,97,7873621,97.025,97.03,97.015,97.03,211,DX  FMU0025!
2025-07-07 10:07:00+00:00,33,97,7873621,97.03,97.03,97.02,97.02,42,DX  FMU0025!
2025-07-07 10:08:00+00:00,33,97,7873621,97.02,97.02,97.015,97.015,15,DX  FMU0025!
2025-07-07 10:09:00+00:00,33,97,7873621,97.02,97.025,97.02,97.02,14,DX  FMU0025!
2025-07-07 10:09:00+00:00,33,97,8024379,96.65,96.66,96.65,96.66,20,DX  FMZ0025!
2025-07-07 10:10:00+00:00,33,97,7873621,97.02,97.02,97.02,97.02,1,DX  FMU0025!
2025-07-07 10:11:00+00:00,33,97,7873621,97.02,97.02,97.02,97.02,3,DX  FMU0025!
2025-07-07 10:12:00+00:00,33,97,7873621,97.025,97.025,97.025,97.025,3,DX  FMU0025!
2025-07-07 10:13:00+00:00,33,97,7873621,97.02,97.02,97.01,97.01,3,DX  FMU0025!
2025-07-07 10:15:00+00:00,33,97,7873621,97.01,97.01,97.0,97.005,101,DX  FMU0025!
2025-07-07 10:16:00+00:00,33,97,7873621,97.0,97.0,96.99,96.995,24,DX  FMU0025!
2025-07-07 10:17:00+00:00,33,97,7873621,97.0,97.01,97.0,97.01,8,DX  FMU0025!
2025-07-07 10:18:00+00:00,33,97,7873621,97.01,97.015,97.01,97.015,14,DX  FMU0025!
2025-07-07 10:19:00+00:00,33,97,7873621,97.015,97.015,97.015,97.015,6,DX  FMU0025!
2025-07-07 10:20:00+00:00,33,97,7873621,97.02,97.02,97.02,97.02,4,DX  FMU0025!
2025-07-07 10:23:00+00:00,33,97,7873621,97.035,97.035,97.035,97.035,4,DX  FMU0025!
2025-07-07 10:24:00+00:00,33,97,7873621,97.03,97.03,97.03,97.03,26,DX  FMU0025!
2025-07-07 10:25:00+00:00,33,97,7873621,97.04,97.04,97.035,97.035,17,DX  FMU0025!
2025-07-07 10:26:00+00:00,33,97,7873621,97.03,97.04,97.03,97.03,7,DX  FMU0025!
2025-07-07 10:27:00+00:00,33,97,7873621,97.04,97.04,97.04,97.04,2,DX  FMU0025!
2025-07-07 10:28:00+00:00,33,97,7873621,97.04,97.04,97.04,97.04,1,DX  FMU0025!
2025-07-07 10:29:00+00:00,33,97,7873621,97.04,97.04,97.04,97.04,3,DX  FMU0025!
2025-07-07 10:30:00+00:00,33,97,7873621,97.045,97.045,97.03,97.045,10,DX  FMU0025!
2025-07-07 10:31:00+00:00,33,97,7873621,97.05,97.065,97.05,97.06,20,DX  FMU0025!
2025-07-07 10:32:00+00:00,33,97,7873621,97.07,97.07,97.065,97.065,89,DX  FMU0025!
2025-07-07 10:33:00+00:00,33,97,7873621,97.06,97.06,97.06,97.06,3,DX  FMU0025!
2025-07-07 10:34:00+00:00,33,97,7873621,97.05,97.05,97.05,97.05,13,DX  FMU0025!
2025-07-07 10:35:00+00:00,33,97,7873621,97.05,97.05,97.045,97.045,3,DX  FMU0025!
2025-07-07 10:36:00+00:00,33,97,7873621,97.04,97.045,97.04,97.045,31,DX  FMU0025!
2025-07-07 10:37:00+00:00,33,97,7873621,97.04,97.04,97.04,97.04,2,DX  FMU0025!
2025-07-07 10:38:00+00:00,33,97,7873621,97.05,97.05,97.05,97.05,29,DX  FMU0025!
2025-07-07 10:39:00+00:00,33,97,7873621,97.05,97.055,97.05,97.05,6,DX  FMU0025!
2025-07-07 10:40:00+00:00,33,97,7873621,97.05,97.055,97.05,97.055,10,DX  FMU0025!
2025-07-07 10:41:00+00:00,33,97,7873621,97.06,97.06,97.055,97.06,9,DX  FMU0025!
2025-07-07 10:42:00+00:00,33,97,7873621,97.055,97.055,97.05,97.05,5,DX  FMU0025!
2025-07-07 10:43:00+00:00,33,97,7873621,97.045,97.05,97.045,97.05,6,DX  FMU0025!
2025-07-07 10:44:00+00:00,33,97,8024379,96.685,96.685,96.685,96.685,2,DX  FMZ0025!
2025-07-07 10:44:00+00:00,33,97,7873621,97.06,97.06,97.06,97.06,20,DX  FMU0025!
2025-07-07 10:46:00+00:00,33,97,7873621,97.05,97.05,97.04,97.04,8,DX  FMU0025!
2025-07-07 10:48:00+00:00,33,97,7873621,97.04,97.045,97.04,97.045,4,DX  FMU0025!
2025-07-07 10:49:00+00:00,33,97,7873621,97.045,97.045,97.045,97.045,3,DX  FMU0025!
2025-07-07 10:50:00+00:00,33,97,7873621,97.045,97.045,97.035,97.04,7,DX  FMU0025!
2025-07-07 10:51:00+00:00,33,97,7873621,97.045,97.045,97.045,97.045,9,DX  FMU0025!
2025-07-07 10:53:00+00:00,33,97,7873621,97.045,97.05,97.045,97.045,112,DX  FMU0025!
2025-07-07 10:54:00+00:00,33,97,7873621,97.05,97.05,97.045,97.045,18,DX  FMU0025!
2025-07-07 10:55:00+00:00,33,97,7873621,97.04,97.04,97.035,97.035,9,DX  FMU0025!
2025-07-07 10:56:00+00:00,33,97,7873621,97.04,97.04,97.04,97.04,7,DX  FMU0025!
2025-07-07 10:57:00+00:00,33,97,7873621,97.035,97.035,97.035,97.035,1,DX  FMU0025!
2025-07-07 10:58:00+00:00,33,97,7873621,97.035,97.035,97.035,97.035,3,DX  FMU0025!
2025-07-07 10:59:00+00:00,33,97,7873621,97.03,97.03,97.03,97.03,12,DX  FMU0025!
2025-07-07 11:00:00+00:00,33,97,7873621,97.035,97.04,97.035,97.04,6,DX  FMU0025!
2025-07-07 11:01:00+00:00,33,97,7873621,97.04,97.045,97.04,97.045,5,DX  FMU0025!
2025-07-07 11:02:00+00:00,33,97,7873621,97.045,97.045,97.045,97.045,2,DX  FMU0025!
2025-07-07 11:03:00+00:00,33,97,7873621,97.04,97.04,97.035,97.035,7,DX  FMU0025!
2025-07-07 11:04:00+00:00,33,97,7873621,97.035,97.035,97.02,97.02,25,DX  FMU0025!
2025-07-07 11:05:00+00:00,33,97,7873621,97.025,97.025,97.025,97.025,1,DX  FMU0025!
2025-07-07 11:07:00+00:00,33,97,7873621,97.03,97.03,97.03,97.03,4,DX  FMU0025!
2025-07-07 11:08:00+00:00,33,97,7873621,97.025,97.025,97.025,97.025,1,DX  FMU0025!
2025-07-07 11:09:00+00:00,33,97,7873621,97.03,97.03,97.03,97.03,1,DX  FMU0025!
2025-07-07 11:10:00+00:00,33,97,7873621,97.03,97.03,97.025,97.025,2,DX  FMU0025!
2025-07-07 11:11:00+00:00,33,97,7873621,97.03,97.03,97.03,97.03,6,DX  FMU0025!
2025-07-07 11:12:00+00:00,33,97,7873621,97.025,97.03,97.02,97.02,8,DX  FMU0025!
2025-07-07 11:13:00+00:00,33,97,7873621,97.025,97.025,97.025,97.025,1,DX  FMU0025!
2025-07-07 11:14:00+00:00,33,97,7873621,97.03,97.03,97.03,97.03,1,DX  FMU0025!
2025-07-07 11:15:00+00:00,33,97,7873621,97.03,97.035,97.03,97.035,2,DX  FMU0025!
2025-07-07 11:16:00+00:00,33,97,7873621,97.04,97.045,97.04,97.04,28,DX  FMU0025!
2025-07-07 11:17:00+00:00,33,97,7873621,97.045,97.05,97.045,97.05,4,DX  FMU0025!
2025-07-07 11:18:00+00:00,33,97,7873621,97.045,97.05,97.045,97.05,4,DX  FMU0025!
2025-07-07 11:19:00+00:00,33,97,7873621,97.035,97.035,97.03,97.03,3,DX  FMU0025!
2025-07-07 11:20:00+00:00,33,97,7873621,97.03,97.03,97.03,97.03,8,DX  FMU0025!
2025-07-07 11:23:00+00:00,33,97,7873621,97.03,97.03,97.03,97.03,9,DX  FMU0025!
2025-07-07 11:24:00+00:00,33,97,7873621,97.025,97.03,97.025,97.03,4,DX  FMU0025!
2025-07-07 11:25:00+00:00,33,97,7873621,97.04,97.04,97.04,97.04,9,DX  FMU0025!
2025-07-07 11:26:00+00:00,33,97,7873621,97.05,97.05,97.045,97.045,7,DX  FMU0025!
2025-07-07 11:27:00+00:00,33,97,7873621,97.035,97.035,97.035,97.035,1,DX  FMU0025!
2025-07-07 11:29:00+00:00,33,97,7873621,97.035,97.035,97.03,97.03,4,DX  FMU0025!
2025-07-07 11:30:00+00:00,33,97,7873621,97.025,97.025,97.02,97.025,18,DX  FMU0025!
2025-07-07 11:32:00+00:00,33,97,7873621,97.02,97.02,97.02,97.02,1,DX  FMU0025!
2025-07-07 11:33:00+00:00,33,97,7873621,97.02,97.02,97.02,97.02,1,DX  FMU0025!
2025-07-07 11:34:00+00:00,33,97,7873621,97.025,97.03,97.02,97.02,7,DX  FMU0025!
2025-07-07 11:35:00+00:00,33,97,7873621,97.02,97.025,97.015,97.015,11,DX  FMU0025!
2025-07-07 11:36:00+00:00,33,97,7873621,97.02,97.025,97.015,97.015,9,DX  FMU0025!
2025-07-07 11:38:00+00:00,33,97,7873621,97.025,97.03,97.025,97.03,13,DX  FMU0025!
2025-07-07 11:39:00+00:00,33,97,7873621,97.03,97.03,97.03,97.03,2,DX  FMU0025!
2025-07-07 11:40:00+00:00,33,97,7873621,97.025,97.025,97.025,97.025,4,DX  FMU0025!
2025-07-07 11:43:00+00:00,33,97,7873621,97.03,97.03,97.03,97.03,1,DX  FMU0025!
2025-07-07 11:44:00+00:00,33,97,7873621,97.025,97.025,97.015,97.02,21,DX  FMU0025!
2025-07-07 11:45:00+00:00,33,97,7873621,97.015,97.015,97.0,97.0,24,DX  FMU0025!
2025-07-07 11:46:00+00:00,33,97,7873621,97.0,97.0,96.985,96.985,8,DX  FMU0025!
2025-07-07 11:47:00+00:00,33,97,7873621,96.985,96.985,96.98,96.98,7,DX  FMU0025!
2025-07-07 11:48:00+00:00,33,97,7873621,96.975,96.985,96.975,96.985,6,DX  FMU0025!
2025-07-07 11:50:00+00:00,33,97,7873621,96.98,96.985,96.98,96.985,11,DX  FMU0025!
2025-07-07 11:51:00+00:00,33,97,7873621,96.985,96.99,96.985,96.99,3,DX  FMU0025!
2025-07-07 11:52:00+00:00,33,97,7873621,96.985,96.995,96.975,96.995,46,DX  FMU0025!
2025-07-07 11:53:00+00:00,33,97,7873621,96.99,96.99,96.985,96.985,13,DX  FMU0025!
2025-07-07 11:54:00+00:00,33,97,7873621,96.995,97.0,96.995,97.0,13,DX  FMU0025!
2025-07-07 11:55:00+00:00,33,97,7873621,97.01,97.01,97.01,97.01,2,DX  FMU0025!
2025-07-07 11:56:00+00:00,33,97,7873621,97.0,97.005,97.0,97.0,13,DX  FMU0025!
2025-07-07 11:57:00+00:00,33,97,7873621,97.005,97.02,97.005,97.02,7,DX  FMU0025!
2025-07-07 11:58:00+00:00,33,97,7873621,97.015,97.015,97.015,97.015,1,DX  FMU0025!
2025-07-07 11:59:00+00:00,33,97,7873621,97.025,97.025,97.015,97.015,9,DX  FMU0025!
2025-07-07 12:00:00+00:00,33,97,7873621,97.005,97.015,97.005,97.015,17,DX  FMU0025!
2025-07-07 12:02:00+00:00,33,97,7873621,97.02,97.025,97.02,97.025,2,DX  FMU0025!
2025-07-07 12:03:00+00:00,33,97,7873621,97.035,97.04,97.03,97.04,8,DX  FMU0025!
2025-07-07 12:04:00+00:00,33,97,7873621,97.035,97.035,97.03,97.03,6,DX  FMU0025!
2025-07-07 12:05:00+00:00,33,97,7873621,97.02,97.025,97.02,97.025,7,DX  FMU0025!
2025-07-07 12:06:00+00:00,33,97,7873621,97.02,97.02,97.02,97.02,2,DX  FMU0025!
2025-07-07 12:08:00+00:00,33,97,7873621,97.03,97.035,97.03,97.035,5,DX  FMU0025!
2025-07-07 12:09:00+00:00,33,97,7873621,97.035,97.035,97.03,97.03,2,DX  FMU0025!
2025-07-07 12:10:00+00:00,33,97,7873621,97.03,97.03,97.03,97.03,3,DX  FMU0025!
2025-07-07 12:11:00+00:00,33,97,7873621,97.025,97.03,97.025,97.03,14,DX  FMU0025!
2025-07-07 12:12:00+00:00,33,97,7873621,97.035,97.04,97.035,97.04,6,DX  FMU0025!
2025-07-07 12:13:00+00:00,33,97,7873621,97.045,97.045,97.04,97.04,24,DX  FMU0025!
2025-07-07 12:14:00+00:00,33,97,7873621,97.03,97.03,97.025,97.03,5,DX  FMU0025!
2025-07-07 12:15:00+00:00,33,97,7873621,97.03,97.035,97.03,97.03,65,DX  FMU0025!
2025-07-07 12:16:00+00:00,33,97,7873621,97.03,97.03,97.03,97.03,14,DX  FMU0025!
2025-07-07 12:17:00+00:00,33,97,7873621,97.025,97.025,97.02,97.02,3,DX  FMU0025!
2025-07-07 12:18:00+00:00,33,97,7873621,97.02,97.02,97.02,97.02,2,DX  FMU0025!
2025-07-07 12:19:00+00:00,33,97,7873621,97.02,97.025,97.02,97.02,4,DX  FMU0025!
2025-07-07 12:20:00+00:00,33,97,7873621,97.02,97.03,97.02,97.03,16,DX  FMU0025!
2025-07-07 12:21:00+00:00,33,97,7873621,97.035,97.035,97.035,97.035,15,DX  FMU0025!
2025-07-07 12:22:00+00:00,33,97,7873621,97.04,97.05,97.04,97.05,25,DX  FMU0025!
2025-07-07 12:23:00+00:00,33,97,7873621,97.05,97.05,97.045,97.045,9,DX  FMU0025!
2025-07-07 12:24:00+00:00,33,97,7873621,97.05,97.055,97.05,97.055,15,DX  FMU0025!
2025-07-07 12:25:00+00:00,33,97,7873621,97.06,97.06,97.05,97.06,45,DX  FMU0025!
2025-07-07 12:26:00+00:00,33,97,7873621,97.06,97.065,97.055,97.065,38,DX  FMU0025!
2025-07-07 12:27:00+00:00,33,97,7873621,97.065,97.08,97.065,97.08,2,DX  FMU0025!
2025-07-07 12:28:00+00:00,33,97,7873621,97.07,97.08,97.07,97.08,6,DX  FMU0025!
2025-07-07 12:29:00+00:00,33,97,7873621,97.08,97.08,97.07,97.07,7,DX  FMU0025!
2025-07-07 12:30:00+00:00,33,97,7873621,97.07,97.07,97.065,97.07,7,DX  FMU0025!
2025-07-07 12:31:00+00:00,33,97,7873621,97.07,97.07,97.06,97.06,4,DX  FMU0025!
2025-07-07 12:32:00+00:00,33,97,7873621,97.055,97.065,97.055,97.065,4,DX  FMU0025!
2025-07-07 12:33:00+00:00,33,97,7873621,97.075,97.075,97.075,97.075,1,DX  FMU0025!
2025-07-07 12:34:00+00:00,33,97,7873621,97.075,97.075,97.075,97.075,3,DX  FMU0025!
2025-07-07 12:35:00+00:00,33,97,7873621,97.085,97.085,97.08,97.08,9,DX  FMU0025!
2025-07-07 12:36:00+00:00,33,97,7873621,97.08,97.09,97.08,97.09,13,DX  FMU0025!
2025-07-07 12:37:00+00:00,33,97,7873621,97.095,97.095,97.085,97.085,9,DX  FMU0025!
2025-07-07 12:38:00+00:00,33,97,7873621,97.065,97.065,97.065,97.065,14,DX  FMU0025!
2025-07-07 12:39:00+00:00,33,97,7873621,97.07,97.07,97.07,97.07,3,DX  FMU0025!
2025-07-07 12:40:00+00:00,33,97,7873621,97.055,97.055,97.05,97.05,7,DX  FMU0025!
2025-07-07 12:41:00+00:00,33,97,7873621,97.05,97.055,97.05,97.055,4,DX  FMU0025!
2025-07-07 12:42:00+00:00,33,97,7873621,97.045,97.045,97.045,97.045,2,DX  FMU0025!
2025-07-07 12:43:00+00:00,33,97,7873621,97.04,97.05,97.035,97.05,24,DX  FMU0025!
2025-07-07 12:44:00+00:00,33,97,7873621,97.055,97.06,97.055,97.06,32,DX  FMU0025!
2025-07-07 12:45:00+00:00,33,97,7873621,97.06,97.065,97.055,97.065,9,DX  FMU0025!
2025-07-07 12:46:00+00:00,33,97,7873621,97.065,97.075,97.065,97.075,2,DX  FMU0025!
2025-07-07 12:47:00+00:00,33,97,7873621,97.065,97.065,97.065,97.065,6,DX  FMU0025!
2025-07-07 12:48:00+00:00,33,97,7873621,97.075,97.075,97.07,97.07,28,DX  FMU0025!
2025-07-07 12:49:00+00:00,33,97,7873621,97.065,97.07,97.065,97.07,105,DX  FMU0025!
2025-07-07 12:50:00+00:00,33,97,7873621,97.07,97.07,97.06,97.06,47,DX  FMU0025!
2025-07-07 12:51:00+00:00,33,97,7873621,97.055,97.055,97.055,97.055,12,DX  FMU0025!
2025-07-07 12:52:00+00:00,33,97,7873621,97.055,97.06,97.055,97.06,15,DX  FMU0025!
2025-07-07 12:53:00+00:00,33,97,7873621,97.06,97.065,97.055,97.06,42,DX  FMU0025!
2025-07-07 12:54:00+00:00,33,97,7873621,97.06,97.065,97.055,97.065,25,DX  FMU0025!
2025-07-07 12:55:00+00:00,33,97,7873621,97.06,97.06,97.055,97.055,35,DX  FMU0025!
2025-07-07 12:56:00+00:00,33,97,7873621,97.055,97.065,97.055,97.06,26,DX  FMU0025!
2025-07-07 12:57:00+00:00,33,97,7873621,97.06,97.07,97.06,97.065,4,DX  FMU0025!
2025-07-07 12:58:00+00:00,33,97,7873621,97.065,97.065,97.065,97.065,1,DX  FMU0025!
2025-07-07 12:59:00+00:00,33,97,7873621,97.06,97.06,97.05,97.05,5,DX  FMU0025!
2025-07-07 13:00:00+00:00,33,97,7873621,97.055,97.06,97.05,97.05,10,DX  FMU0025!
2025-07-07 13:01:00+00:00,33,97,7873621,97.055,97.055,97.05,97.05,4,DX  FMU0025!
2025-07-07 13:02:00+00:00,33,97,7873621,97.05,97.05,97.05,97.05,2,DX  FMU0025!
2025-07-07 13:03:00+00:00,33,97,7873621,97.05,97.05,97.045,97.045,9,DX  FMU0025!
2025-07-07 13:04:00+00:00,33,97,7873621,97.04,97.04,97.04,97.04,4,DX  FMU0025!
2025-07-07 13:05:00+00:00,33,97,7873621,97.04,97.045,97.035,97.035,4,DX  FMU0025!
2025-07-07 13:06:00+00:00,33,97,7873621,97.03,97.035,97.025,97.035,7,DX  FMU0025!
2025-07-07 13:08:00+00:00,33,97,7873621,97.03,97.03,97.025,97.025,3,DX  FMU0025!
2025-07-07 13:09:00+00:00,33,97,7873621,97.03,97.04,97.03,97.04,5,DX  FMU0025!
2025-07-07 13:10:00+00:00,33,97,7873621,97.04,97.04,97.04,97.04,5,DX  FMU0025!
2025-07-07 13:11:00+00:00,33,97,7873621,97.055,97.065,97.055,97.065,57,DX  FMU0025!
2025-07-07 13:12:00+00:00,33,97,7873621,97.055,97.065,97.045,97.045,57,DX  FMU0025!
2025-07-07 13:13:00+00:00,33,97,7873621,97.04,97.045,97.035,97.045,86,DX  FMU0025!
2025-07-07 13:14:00+00:00,33,97,7873621,97.04,97.05,97.04,97.045,41,DX  FMU0025!
2025-07-07 13:15:00+00:00,33,97,7873621,97.045,97.045,97.04,97.04,22,DX  FMU0025!
2025-07-07 13:16:00+00:00,33,97,7873621,97.035,97.035,97.025,97.025,50,DX  FMU0025!
2025-07-07 13:17:00+00:00,33,97,7873621,97.02,97.02,97.01,97.01,12,DX  FMU0025!
2025-07-07 13:18:00+00:00,33,97,7873621,97.01,97.03,97.01,97.03,27,DX  FMU0025!
2025-07-07 13:19:00+00:00,33,97,7873621,97.03,97.035,97.03,97.035,4,DX  FMU0025!
2025-07-07 13:20:00+00:00,33,97,7873621,97.025,97.03,97.02,97.02,15,DX  FMU0025!
2025-07-07 13:21:00+00:00,33,97,7873621,97.015,97.015,97.015,97.015,1,DX  FMU0025!
2025-07-07 13:22:00+00:00,33,97,7873621,97.015,97.015,96.995,96.995,12,DX  FMU0025!
2025-07-07 13:23:00+00:00,33,97,7873621,96.995,97.015,96.995,97.01,8,DX  FMU0025!
2025-07-07 13:24:00+00:00,33,97,7873621,97.01,97.015,97.01,97.01,4,DX  FMU0025!
2025-07-07 13:25:00+00:00,33,97,7873621,97.005,97.005,97.005,97.005,3,DX  FMU0025!
2025-07-07 13:26:00+00:00,33,97,7873621,97.01,97.01,96.99,96.99,67,DX  FMU0025!
2025-07-07 13:27:00+00:00,33,97,7873621,96.99,96.99,96.975,96.975,115,DX  FMU0025!
2025-07-07 13:28:00+00:00,33,97,7873621,96.97,96.97,96.955,96.955,74,DX  FMU0025!
2025-07-07 13:29:00+00:00,33,97,7873621,96.955,96.975,96.955,96.975,29,DX  FMU0025!
2025-07-07 13:30:00+00:00,33,97,7873621,96.975,96.985,96.97,96.985,21,DX  FMU0025!
2025-07-07 13:31:00+00:00,33,97,7873621,96.97,96.97,96.96,96.965,121,DX  FMU0025!
2025-07-07 13:31:00+00:00,33,97,8024379,96.585,96.585,96.585,96.585,1,DX  FMZ0025!
2025-07-07 13:32:00+00:00,33,97,7873621,96.96,96.965,96.955,96.965,4,DX  FMU0025!
2025-07-07 13:33:00+00:00,33,97,7873621,96.955,96.96,96.95,96.955,103,DX  FMU0025!
2025-07-07 13:34:00+00:00,33,97,7873621,96.95,96.975,96.95,96.975,8,DX  FMU0025!
2025-07-07 13:35:00+00:00,33,97,7873621,96.975,96.975,96.955,96.955,59,DX  FMU0025!
2025-07-07 13:36:00+00:00,33,97,7873621,96.96,96.965,96.955,96.965,32,DX  FMU0025!
2025-07-07 13:37:00+00:00,33,97,7873621,96.97,96.97,96.965,96.965,39,DX  FMU0025!
2025-07-07 13:38:00+00:00,33,97,7873621,96.97,96.975,96.965,96.97,28,DX  FMU0025!
2025-07-07 13:39:00+00:00,33,97,7873621,96.965,96.965,96.955,96.96,33,DX  FMU0025!
2025-07-07 13:39:00+00:00,33,97,8024379,96.575,96.575,96.575,96.575,1,DX  FMZ0025!
2025-07-07 13:40:00+00:00,33,97,7873621,96.96,96.97,96.955,96.955,244,DX  FMU0025!
2025-07-07 13:41:00+00:00,33,97,7873621,96.96,96.96,96.955,96.955,32,DX  FMU0025!
2025-07-07 13:42:00+00:00,33,97,7873621,96.955,96.96,96.955,96.96,18,DX  FMU0025!
2025-07-07 13:43:00+00:00,33,97,7873621,96.965,96.97,96.965,96.965,3,DX  FMU0025!
2025-07-07 13:44:00+00:00,33,97,7873621,96.96,96.965,96.955,96.965,10,DX  FMU0025!
2025-07-07 13:45:00+00:00,33,97,7873621,96.965,96.97,96.965,96.97,9,DX  FMU0025!
2025-07-07 13:46:00+00:00,33,97,7873621,96.965,96.965,96.965,96.965,8,DX  FMU0025!
2025-07-07 13:47:00+00:00,33,97,7873621,96.97,96.97,96.97,96.97,7,DX  FMU0025!
2025-07-07 13:48:00+00:00,33,97,7873621,96.97,96.97,96.945,96.95,99,DX  FMU0025!
2025-07-07 13:49:00+00:00,33,97,7873621,96.95,96.955,96.95,96.955,9,DX  FMU0025!
2025-07-07 13:50:00+00:00,33,97,8176192,96.06,96.06,96.06,96.06,4,DX  FMH0026!
2025-07-07 13:50:00+00:00,33,97,7873621,96.95,96.96,96.95,96.955,18,DX  FMU0025!
2025-07-07 13:51:00+00:00,33,97,7873621,96.955,96.965,96.955,96.965,20,DX  FMU0025!
2025-07-07 13:52:00+00:00,33,97,7873621,96.965,96.985,96.965,96.98,31,DX  FMU0025!
2025-07-07 13:53:00+00:00,33,97,7873621,96.975,96.975,96.975,96.975,8,DX  FMU0025!
2025-07-07 13:54:00+00:00,33,97,7873621,96.97,96.985,96.97,96.985,16,DX  FMU0025!
2025-07-07 13:55:00+00:00,33,97,7873621,96.99,96.99,96.985,96.985,9,DX  FMU0025!
2025-07-07 13:56:00+00:00,33,97,7873621,96.985,96.995,96.985,96.985,84,DX  FMU0025!
2025-07-07 13:57:00+00:00,33,97,7873621,96.985,96.985,96.98,96.98,8,DX  FMU0025!
2025-07-07 13:58:00+00:00,33,97,7873621,96.975,96.98,96.975,96.98,6,DX  FMU0025!
2025-07-07 13:59:00+00:00,33,97,7873621,96.98,96.98,96.975,96.975,4,DX  FMU0025!
2025-07-07 14:00:00+00:00,33,97,7873621,96.97,96.975,96.965,96.975,38,DX  FMU0025!
2025-07-07 14:01:00+00:00,33,97,7873621,96.97,96.97,96.97,96.97,1,DX  FMU0025!
2025-07-07 14:03:00+00:00,33,97,7873621,96.96,96.965,96.96,96.965,8,DX  FMU0025!
2025-07-07 14:04:00+00:00,33,97,7873621,96.96,96.96,96.95,96.95,2,DX  FMU0025!
2025-07-07 14:05:00+00:00,33,97,7873621,96.96,96.965,96.96,96.965,12,DX  FMU0025!
2025-07-07 14:06:00+00:00,33,97,7873621,96.965,96.965,96.96,96.96,8,DX  FMU0025!
2025-07-07 14:07:00+00:00,33,97,7873621,96.955,96.97,96.955,96.97,8,DX  FMU0025!
2025-07-07 14:07:00+00:00,33,97,8024379,96.585,96.585,96.585,96.585,1,DX  FMZ0025!
2025-07-07 14:08:00+00:00,33,97,7873621,96.965,96.965,96.955,96.955,5,DX  FMU0025!
2025-07-07 14:09:00+00:00,33,97,7873621,96.955,96.96,96.955,96.955,6,DX  FMU0025!
2025-07-07 14:10:00+00:00,33,97,7873621,96.955,96.955,96.94,96.945,11,DX  FMU0025!
2025-07-07 14:11:00+00:00,33,97,7873621,96.945,96.955,96.945,96.95,5,DX  FMU0025!
2025-07-07 14:12:00+00:00,33,97,7873621,96.945,96.945,96.93,96.935,6,DX  FMU0025!
2025-07-07 14:13:00+00:00,33,97,7873621,96.94,96.955,96.935,96.955,8,DX  FMU0025!
2025-07-07 14:14:00+00:00,33,97,7873621,96.96,96.965,96.96,96.96,12,DX  FMU0025!
2025-07-07 14:14:00+00:00,33,97,8024379,96.575,96.575,96.575,96.575,1,DX  FMZ0025!
2025-07-07 14:15:00+00:00,33,97,7873621,96.955,96.955,96.945,96.945,7,DX  FMU0025!
2025-07-07 14:16:00+00:00,33,97,7873621,96.945,96.955,96.945,96.955,4,DX  FMU0025!
2025-07-07 14:17:00+00:00,33,97,7873621,96.955,96.97,96.955,96.97,9,DX  FMU0025!
2025-07-07 14:18:00+00:00,33,97,7873621,96.965,96.965,96.965,96.965,2,DX  FMU0025!
2025-07-07 14:19:00+00:00,33,97,7873621,96.96,96.96,96.955,96.955,2,DX  FMU0025!
2025-07-07 14:20:00+00:00,33,97,8024379,96.585,96.585,96.585,96.585,1,DX  FMZ0025!
2025-07-07 14:20:00+00:00,33,97,7873621,96.96,96.98,96.96,96.975,23,DX  FMU0025!
2025-07-07 14:21:00+00:00,33,97,7873621,96.975,96.975,96.97,96.97,20,DX  FMU0025!
2025-07-07 14:22:00+00:00,33,97,7873621,96.97,96.97,96.965,96.97,7,DX  FMU0025!
2025-07-07 14:23:00+00:00,33,97,7873621,96.97,96.97,96.965,96.965,10,DX  FMU0025!
2025-07-07 14:24:00+00:00,33,97,7873621,96.97,96.97,96.97,96.97,8,DX  FMU0025!
2025-07-07 14:25:00+00:00,33,97,7873621,96.97,96.985,96.97,96.98,13,DX  FMU0025!
2025-07-07 14:26:00+00:00,33,97,7873621,96.97,96.97,96.97,96.97,4,DX  FMU0025!
2025-07-07 14:27:00+00:00,33,97,7873621,96.97,96.97,96.97,96.97,7,DX  FMU0025!
2025-07-07 14:28:00+00:00,33,97,7873621,96.975,96.975,96.97,96.97,2,DX  FMU0025!
2025-07-07 14:30:00+00:00,33,97,7873621,96.97,96.97,96.95,96.95,18,DX  FMU0025!
2025-07-07 14:31:00+00:00,33,97,7873621,96.945,96.945,96.94,96.94,8,DX  FMU0025!
2025-07-07 14:32:00+00:00,33,97,7873621,96.945,96.95,96.945,96.95,8,DX  FMU0025!
2025-07-07 14:33:00+00:00,33,97,7873621,96.95,96.95,96.95,96.95,7,DX  FMU0025!
2025-07-07 14:34:00+00:00,33,97,7873621,96.945,96.945,96.945,96.945,2,DX  FMU0025!
2025-07-07 14:35:00+00:00,33,97,7873621,96.94,96.94,96.93,96.93,39,DX  FMU0025!
2025-07-07 14:36:00+00:00,33,97,7873621,96.93,96.94,96.93,96.94,50,DX  FMU0025!
2025-07-07 14:37:00+00:00,33,97,7873621,96.94,96.95,96.94,96.95,13,DX  FMU0025!
2025-07-07 14:38:00+00:00,33,97,7873621,96.945,96.945,96.925,96.93,42,DX  FMU0025!
2025-07-07 14:39:00+00:00,33,97,7873621,96.93,96.93,96.915,96.915,10,DX  FMU0025!
2025-07-07 14:40:00+00:00,33,97,7873621,96.91,96.915,96.905,96.905,114,DX  FMU0025!
2025-07-07 14:41:00+00:00,33,97,7873621,96.905,96.915,96.905,96.915,31,DX  FMU0025!
2025-07-07 14:42:00+00:00,33,97,7873621,96.915,96.915,96.905,96.905,41,DX  FMU0025!
2025-07-07 14:43:00+00:00,33,97,8024379,96.525,96.525,96.525,96.525,1,DX  FMZ0025!
2025-07-07 14:43:00+00:00,33,97,7873621,96.91,96.925,96.91,96.925,11,DX  FMU0025!
2025-07-07 14:44:00+00:00,33,97,7873621,96.92,96.92,96.92,96.92,7,DX  FMU0025!
2025-07-07 14:45:00+00:00,33,97,7873621,96.92,96.92,96.91,96.91,11,DX  FMU0025!
2025-07-07 14:46:00+00:00,33,97,7873621,96.905,96.905,96.905,96.905,6,DX  FMU0025!
2025-07-07 14:47:00+00:00,33,97,7873621,96.91,96.91,96.91,96.91,4,DX  FMU0025!
2025-07-07 14:48:00+00:00,33,97,7873621,96.905,96.91,96.905,96.91,15,DX  FMU0025!
2025-07-07 14:49:00+00:00,33,97,7873621,96.915,96.92,96.915,96.92,9,DX  FMU0025!
2025-07-07 14:50:00+00:00,33,97,7873621,96.92,96.95,96.92,96.945,92,DX  FMU0025!
2025-07-07 14:51:00+00:00,33,97,7873621,96.945,96.95,96.94,96.94,21,DX  FMU0025!
2025-07-07 14:52:00+00:00,33,97,7873621,96.94,96.965,96.94,96.965,23,DX  FMU0025!
2025-07-07 14:53:00+00:00,33,97,7873621,96.965,96.965,96.955,96.96,12,DX  FMU0025!
2025-07-07 14:54:00+00:00,33,97,7873621,96.965,96.97,96.965,96.97,4,DX  FMU0025!
2025-07-07 14:55:00+00:00,33,97,7873621,96.965,96.965,96.955,96.955,9,DX  FMU0025!
2025-07-07 14:56:00+00:00,33,97,7873621,96.955,96.97,96.955,96.955,66,DX  FMU0025!
2025-07-07 14:57:00+00:00,33,97,7873621,96.96,96.975,96.96,96.975,9,DX  FMU0025!
2025-07-07 14:58:00+00:00,33,97,7873621,96.96,96.96,96.96,96.96,2,DX  FMU0025!
2025-07-07 14:59:00+00:00,33,97,7873621,96.96,96.965,96.96,96.96,8,DX  FMU0025!
2025-07-07 15:00:00+00:00,33,97,7873621,96.95,96.95,96.95,96.95,12,DX  FMU0025!
2025-07-07 15:01:00+00:00,33,97,7873621,96.95,96.96,96.945,96.96,17,DX  FMU0025!
2025-07-07 15:02:00+00:00,33,97,7873621,96.955,96.955,96.955,96.955,8,DX  FMU0025!
2025-07-07 15:03:00+00:00,33,97,7873621,96.96,96.965,96.96,96.965,25,DX  FMU0025!
2025-07-07 15:04:00+00:00,33,97,7873621,96.98,96.98,96.975,96.975,18,DX  FMU0025!
2025-07-07 15:05:00+00:00,33,97,7873621,96.985,96.985,96.985,96.985,2,DX  FMU0025!
2025-07-07 15:06:00+00:00,33,97,7873621,96.985,97.0,96.985,96.995,92,DX  FMU0025!
2025-07-07 15:07:00+00:00,33,97,7873621,97.0,97.0,96.99,96.99,3,DX  FMU0025!
2025-07-07 15:08:00+00:00,33,97,7873621,96.985,96.99,96.985,96.99,45,DX  FMU0025!
2025-07-07 15:09:00+00:00,33,97,7873621,96.985,96.985,96.985,96.985,10,DX  FMU0025!
2025-07-07 15:11:00+00:00,33,97,7873621,96.985,96.995,96.985,96.985,20,DX  FMU0025!
2025-07-07 15:12:00+00:00,33,97,7873621,96.98,96.98,96.975,96.98,3,DX  FMU0025!
2025-07-07 15:13:00+00:00,33,97,7873621,96.985,96.985,96.975,96.975,2,DX  FMU0025!
2025-07-07 15:14:00+00:00,33,97,7873621,96.975,96.975,96.97,96.97,5,DX  FMU0025!
2025-07-07 15:15:00+00:00,33,97,7873621,96.965,96.965,96.965,96.965,7,DX  FMU0025!
2025-07-07 15:16:00+00:00,33,97,7873621,96.97,96.99,96.97,96.985,13,DX  FMU0025!
2025-07-07 15:17:00+00:00,33,97,7873621,96.98,96.98,96.98,96.98,1,DX  FMU0025!
2025-07-07 15:18:00+00:00,33,97,7873621,96.975,96.99,96.975,96.985,43,DX  FMU0025!
2025-07-07 15:19:00+00:00,33,97,7873621,96.99,96.995,96.99,96.99,13,DX  FMU0025!
2025-07-07 15:20:00+00:00,33,97,7873621,96.985,96.99,96.985,96.985,11,DX  FMU0025!
2025-07-07 15:21:00+00:00,33,97,7873621,96.99,96.995,96.99,96.995,3,DX  FMU0025!
2025-07-07 15:24:00+00:00,33,97,7873621,96.995,97.0,96.995,97.0,2,DX  FMU0025!
2025-07-07 15:25:00+00:00,33,97,7873621,97.0,97.0,96.995,96.995,30,DX  FMU0025!
2025-07-07 15:26:00+00:00,33,97,7873621,96.99,96.99,96.99,96.99,2,DX  FMU0025!
2025-07-07 15:27:00+00:00,33,97,7873621,96.985,96.985,96.975,96.975,24,DX  FMU0025!
2025-07-07 15:28:00+00:00,33,97,7873621,96.965,96.965,96.965,96.965,5,DX  FMU0025!
2025-07-07 15:29:00+00:00,33,97,7873621,96.97,96.97,96.965,96.965,4,DX  FMU0025!
2025-07-07 15:30:00+00:00,33,97,7873621,96.97,96.97,96.97,96.97,5,DX  FMU0025!
2025-07-07 15:31:00+00:00,33,97,7873621,96.965,96.965,96.965,96.965,1,DX  FMU0025!
2025-07-07 15:32:00+00:00,33,97,7873621,96.97,96.97,96.965,96.965,5,DX  FMU0025!
2025-07-07 15:33:00+00:00,33,97,7873621,96.965,96.975,96.965,96.975,4,DX  FMU0025!
2025-07-07 15:34:00+00:00,33,97,7873621,96.985,96.985,96.975,96.975,10,DX  FMU0025!
2025-07-07 15:36:00+00:00,33,97,7873621,96.985,96.985,96.975,96.98,26,DX  FMU0025!
2025-07-07 15:37:00+00:00,33,97,7873621,96.98,96.98,96.98,96.98,4,DX  FMU0025!
2025-07-07 15:38:00+00:00,33,97,7873621,96.98,96.985,96.98,96.98,5,DX  FMU0025!
2025-07-07 15:39:00+00:00,33,97,7873621,96.98,96.98,96.96,96.96,37,DX  FMU0025!
2025-07-07 15:40:00+00:00,33,97,7873621,96.97,96.985,96.965,96.985,11,DX  FMU0025!
2025-07-07 15:41:00+00:00,33,97,7873621,96.985,96.985,96.98,96.98,7,DX  FMU0025!
2025-07-07 15:42:00+00:00,33,97,7873621,96.985,97.0,96.985,97.0,36,DX  FMU0025!
2025-07-07 15:43:00+00:00,33,97,7873621,96.995,96.995,96.99,96.99,8,DX  FMU0025!
2025-07-07 15:44:00+00:00,33,97,7873621,96.99,97.01,96.99,97.005,104,DX  FMU0025!
2025-07-07 15:45:00+00:00,33,97,7873621,97.005,97.005,97.005,97.005,6,DX  FMU0025!
2025-07-07 15:47:00+00:00,33,97,7873621,96.995,96.995,96.995,96.995,1,DX  FMU0025!
2025-07-07 15:48:00+00:00,33,97,7873621,97.005,97.01,97.005,97.01,8,DX  FMU0025!
2025-07-07 15:49:00+00:00,33,97,7873621,97.005,97.01,97.005,97.005,4,DX  FMU0025!
2025-07-07 15:50:00+00:00,33,97,7873621,97.0,97.005,96.995,96.995,20,DX  FMU0025!
2025-07-07 15:51:00+00:00,33,97,7873621,97.0,97.0,97.0,97.0,3,DX  FMU0025!
2025-07-07 15:54:00+00:00,33,97,7873621,96.995,96.995,96.995,96.995,5,DX  FMU0025!
2025-07-07 15:55:00+00:00,33,97,7873621,96.99,96.995,96.99,96.995,11,DX  FMU0025!
2025-07-07 15:56:00+00:00,33,97,7873621,97.0,97.0,97.0,97.0,3,DX  FMU0025!
2025-07-07 15:57:00+00:00,33,97,7873621,96.995,96.995,96.99,96.99,2,DX  FMU0025!
2025-07-07 15:58:00+00:00,33,97,7873621,96.99,96.99,96.99,96.99,5,DX  FMU0025!
2025-07-07 15:59:00+00:00,33,97,7873621,96.99,96.99,96.99,96.99,8,DX  FMU0025!
2025-07-07 16:00:00+00:00,33,97,7873621,96.995,96.995,96.985,96.995,8,DX  FMU0025!
2025-07-07 16:01:00+00:00,33,97,7873621,96.995,97.0,96.99,96.99,6,DX  FMU0025!
2025-07-07 16:02:00+00:00,33,97,7873621,96.99,96.995,96.99,96.995,3,DX  FMU0025!
2025-07-07 16:05:00+00:00,33,97,7873621,96.985,96.985,96.98,96.985,13,DX  FMU0025!
2025-07-07 16:06:00+00:00,33,97,7873621,96.99,96.99,96.99,96.99,3,DX  FMU0025!
2025-07-07 16:08:00+00:00,33,97,7873621,96.98,96.98,96.975,96.98,5,DX  FMU0025!
2025-07-07 16:09:00+00:00,33,97,7873621,96.98,96.98,96.98,96.98,7,DX  FMU0025!
2025-07-07 16:10:00+00:00,33,97,7873621,96.98,96.98,96.975,96.975,6,DX  FMU0025!
2025-07-07 16:12:00+00:00,33,97,7873621,96.975,96.975,96.975,96.975,2,DX  FMU0025!
2025-07-07 16:13:00+00:00,33,97,7873621,96.975,96.975,96.97,96.97,11,DX  FMU0025!
2025-07-07 16:14:00+00:00,33,97,7873621,96.965,96.965,96.965,96.965,2,DX  FMU0025!
2025-07-07 16:15:00+00:00,33,97,7873621,96.965,96.975,96.965,96.975,8,DX  FMU0025!
2025-07-07 16:16:00+00:00,33,97,7873621,96.965,96.965,96.965,96.965,2,DX  FMU0025!
2025-07-07 16:17:00+00:00,33,97,7873621,96.965,96.965,96.965,96.965,13,DX  FMU0025!
2025-07-07 16:18:00+00:00,33,97,7873621,96.965,96.965,96.96,96.96,8,DX  FMU0025!
2025-07-07 16:19:00+00:00,33,97,7873621,96.96,96.995,96.96,96.99,99,DX  FMU0025!
2025-07-07 16:20:00+00:00,33,97,7873621,96.985,96.995,96.955,96.99,63,DX  FMU0025!
2025-07-07 16:21:00+00:00,33,97,7873621,96.995,97.045,96.995,97.04,300,DX  FMU0025!
2025-07-07 16:21:00+00:00,33,97,8024379,96.62,96.62,96.62,96.62,2,DX  FMZ0025!
2025-07-07 16:22:00+00:00,33,97,7873621,97.035,97.045,97.03,97.045,7,DX  FMU0025!
2025-07-07 16:23:00+00:00,33,97,7873621,97.045,97.15,97.045,97.12,1052,DX  FMU0025!
2025-07-07 16:24:00+00:00,33,97,7873621,97.115,97.135,97.105,97.125,105,DX  FMU0025!
2025-07-07 16:25:00+00:00,33,97,8024379,96.715,96.715,96.715,96.715,1,DX  FMZ0025!
2025-07-07 16:25:00+00:00,33,97,7873621,97.125,97.125,97.075,97.075,96,DX  FMU0025!
2025-07-07 16:26:00+00:00,33,97,7873621,97.075,97.075,97.07,97.07,70,DX  FMU0025!
2025-07-07 16:27:00+00:00,33,97,7873621,97.07,97.07,97.05,97.05,72,DX  FMU0025!
2025-07-07 16:28:00+00:00,33,97,7873621,97.05,97.055,97.045,97.055,81,DX  FMU0025!
2025-07-07 16:29:00+00:00,33,97,7873621,97.05,97.05,97.045,97.045,12,DX  FMU0025!
2025-07-07 16:30:00+00:00,33,97,7873621,97.055,97.055,97.05,97.055,7,DX  FMU0025!
2025-07-07 16:30:00+00:00,33,97,8024379,96.65,96.65,96.65,96.65,1,DX  FMZ0025!
2025-07-07 16:31:00+00:00,33,97,7873621,97.06,97.09,97.045,97.09,129,DX  FMU0025!
2025-07-07 16:31:00+00:00,33,97,8024382,-0.4,-0.4,-0.4,-0.4,1,DX  FMZ0025-DX  FMU0025
2025-07-07 16:31:00+00:00,33,97,8024379,96.67,96.67,96.67,96.67,2,DX  FMZ0025!
2025-07-07 16:32:00+00:00,33,97,8024382,-0.405,-0.405,-0.405,-0.405,1,DX  FMZ0025-DX  FMU0025
2025-07-07 16:32:00+00:00,33,97,8024379,96.715,96.715,96.715,96.715,2,DX  FMZ0025!
2025-07-07 16:32:00+00:00,33,97,7873621,97.085,97.155,97.085,97.145,346,DX  FMU0025!
2025-07-07 16:33:00+00:00,33,97,7873621,97.145,97.145,97.12,97.14,66,DX  FMU0025!
2025-07-07 16:34:00+00:00,33,97,7873621,97.135,97.165,97.135,97.165,73,DX  FMU0025!
2025-07-07 16:35:00+00:00,33,97,7873621,97.155,97.17,97.15,97.16,56,DX  FMU0025!
2025-07-07 16:36:00+00:00,33,97,7873621,97.16,97.16,97.145,97.145,20,DX  FMU0025!
2025-07-07 16:37:00+00:00,33,97,7873621,97.155,97.155,97.155,97.155,10,DX  FMU0025!
2025-07-07 16:38:00+00:00,33,97,7873621,97.155,97.155,97.14,97.155,29,DX  FMU0025!
2025-07-07 16:39:00+00:00,33,97,7873621,97.165,97.165,97.145,97.15,23,DX  FMU0025!
2025-07-07 16:40:00+00:00,33,97,7873621,97.145,97.155,97.145,97.155,24,DX  FMU0025!
2025-07-07 16:41:00+00:00,33,97,7873621,97.14,97.14,97.13,97.13,21,DX  FMU0025!
2025-07-07 16:42:00+00:00,33,97,7873621,97.13,97.135,97.13,97.135,13,DX  FMU0025!
2025-07-07 16:43:00+00:00,33,97,7873621,97.135,97.17,97.135,97.165,78,DX  FMU0025!
2025-07-07 16:44:00+00:00,33,97,7873621,97.17,97.175,97.165,97.175,7,DX  FMU0025!
2025-07-07 16:45:00+00:00,33,97,7873621,97.17,97.17,97.165,97.165,5,DX  FMU0025!
2025-07-07 16:46:00+00:00,33,97,7873621,97.165,97.18,97.165,97.18,16,DX  FMU0025!
2025-07-07 16:47:00+00:00,33,97,8024379,96.8,96.8,96.8,96.8,2,DX  FMZ0025!
2025-07-07 16:47:00+00:00,33,97,7873621,97.18,97.225,97.18,97.225,160,DX  FMU0025!
2025-07-07 16:48:00+00:00,33,97,7873621,97.225,97.23,97.21,97.21,127,DX  FMU0025!
2025-07-07 16:49:00+00:00,33,97,7873621,97.21,97.21,97.185,97.195,369,DX  FMU0025!
2025-07-07 16:50:00+00:00,33,97,7873621,97.19,97.205,97.19,97.205,132,DX  FMU0025!
2025-07-07 16:51:00+00:00,33,97,7873621,97.21,97.21,97.2,97.205,19,DX  FMU0025!
2025-07-07 16:52:00+00:00,33,97,7873621,97.205,97.225,97.205,97.225,54,DX  FMU0025!
2025-07-07 16:53:00+00:00,33,97,7873621,97.22,97.22,97.21,97.22,16,DX  FMU0025!
2025-07-07 16:54:00+00:00,33,97,7873621,97.225,97.245,97.225,97.24,229,DX  FMU0025!
2025-07-07 16:55:00+00:00,33,97,7873621,97.24,97.295,97.24,97.285,382,DX  FMU0025!
2025-07-07 16:56:00+00:00,33,97,7873621,97.29,97.3,97.29,97.3,184,DX  FMU0025!
2025-07-07 16:57:00+00:00,33,97,7873621,97.3,97.32,97.3,97.315,132,DX  FMU0025!
2025-07-07 16:58:00+00:00,33,97,7873621,97.31,97.31,97.3,97.305,173,DX  FMU0025!
2025-07-07 16:59:00+00:00,33,97,7873621,97.3,97.3,97.28,97.28,63,DX  FMU0025!
2025-07-07 17:00:00+00:00,33,97,7873621,97.28,97.305,97.275,97.3,28,DX  FMU0025!
2025-07-07 17:01:00+00:00,33,97,7873621,97.295,97.295,97.28,97.29,12,DX  FMU0025!
2025-07-07 17:02:00+00:00,33,97,7873621,97.295,97.315,97.295,97.315,20,DX  FMU0025!
2025-07-07 17:03:00+00:00,33,97,8024379,96.92,96.92,96.92,96.92,2,DX  FMZ0025!
2025-07-07 17:03:00+00:00,33,97,7873621,97.32,97.33,97.305,97.31,96,DX  FMU0025!
2025-07-07 17:04:00+00:00,33,97,7873621,97.31,97.315,97.305,97.305,13,DX  FMU0025!
2025-07-07 17:05:00+00:00,33,97,7873621,97.295,97.3,97.295,97.295,12,DX  FMU0025!
2025-07-07 17:06:00+00:00,33,97,7873621,97.295,97.295,97.275,97.275,21,DX  FMU0025!
2025-07-07 17:07:00+00:00,33,97,7873621,97.27,97.275,97.265,97.275,18,DX  FMU0025!
2025-07-07 17:08:00+00:00,33,97,7873621,97.275,97.28,97.265,97.265,16,DX  FMU0025!
2025-07-07 17:09:00+00:00,33,97,7873621,97.26,97.27,97.26,97.27,6,DX  FMU0025!
2025-07-07 17:10:00+00:00,33,97,7873621,97.27,97.27,97.265,97.265,2,DX  FMU0025!
2025-07-07 17:11:00+00:00,33,97,7873621,97.26,97.265,97.26,97.265,9,DX  FMU0025!
2025-07-07 17:12:00+00:00,33,97,7873621,97.26,97.26,97.25,97.25,37,DX  FMU0025!
2025-07-07 17:13:00+00:00,33,97,7873621,97.245,97.25,97.24,97.24,9,DX  FMU0025!
2025-07-07 17:14:00+00:00,33,97,7873621,97.245,97.245,97.24,97.245,61,DX  FMU0025!
2025-07-07 17:15:00+00:00,33,97,7873621,97.24,97.24,97.23,97.23,16,DX  FMU0025!
2025-07-07 17:16:00+00:00,33,97,7873621,97.235,97.25,97.23,97.25,80,DX  FMU0025!
2025-07-07 17:17:00+00:00,33,97,7873621,97.245,97.245,97.24,97.24,7,DX  FMU0025!
2025-07-07 17:18:00+00:00,33,97,7873621,97.235,97.24,97.235,97.24,6,DX  FMU0025!
2025-07-07 17:19:00+00:00,33,97,7873621,97.235,97.245,97.235,97.245,11,DX  FMU0025!
2025-07-07 17:20:00+00:00,33,97,7873621,97.245,97.245,97.235,97.235,16,DX  FMU0025!
2025-07-07 17:21:00+00:00,33,97,7873621,97.23,97.235,97.23,97.235,11,DX  FMU0025!
2025-07-07 17:22:00+00:00,33,97,7873621,97.25,97.275,97.25,97.27,29,DX  FMU0025!
2025-07-07 17:23:00+00:00,33,97,7873621,97.265,97.275,97.26,97.26,9,DX  FMU0025!
2025-07-07 17:24:00+00:00,33,97,7873621,97.26,97.26,97.26,97.26,1,DX  FMU0025!
2025-07-07 17:25:00+00:00,33,97,7873621,97.255,97.255,97.255,97.255,9,DX  FMU0025!
2025-07-07 17:26:00+00:00,33,97,8024379,96.885,96.885,96.885,96.885,1,DX  FMZ0025!
2025-07-07 17:26:00+00:00,33,97,7873621,97.28,97.28,97.28,97.28,1,DX  FMU0025!
2025-07-07 17:27:00+00:00,33,97,7873621,97.285,97.285,97.275,97.275,8,DX  FMU0025!
2025-07-07 17:27:00+00:00,33,97,8024379,96.9,96.9,96.895,96.895,3,DX  FMZ0025!
2025-07-07 17:28:00+00:00,33,97,7873621,97.28,97.29,97.28,97.29,12,DX  FMU0025!
2025-07-07 17:28:00+00:00,33,97,8024379,96.885,96.885,96.885,96.885,1,DX  FMZ0025!
2025-07-07 17:29:00+00:00,33,97,7873621,97.285,97.285,97.28,97.28,24,DX  FMU0025!
2025-07-07 17:30:00+00:00,33,97,8024379,96.885,96.885,96.8,96.8,3,DX  FMZ0025!
2025-07-07 17:30:00+00:00,33,97,7873621,97.29,97.295,97.195,97.22,519,DX  FMU0025!
2025-07-07 17:31:00+00:00,33,97,7873621,97.215,97.245,97.215,97.225,130,DX  FMU0025!
2025-07-07 17:32:00+00:00,33,97,7873621,97.22,97.22,97.185,97.185,111,DX  FMU0025!
2025-07-07 17:33:00+00:00,33,97,7873621,97.19,97.215,97.18,97.21,23,DX  FMU0025!
2025-07-07 17:34:00+00:00,33,97,7873621,97.205,97.205,97.17,97.18,15,DX  FMU0025!
2025-07-07 17:35:00+00:00,33,97,7873621,97.185,97.185,97.185,97.185,26,DX  FMU0025!
2025-07-07 17:36:00+00:00,33,97,7873621,97.18,97.185,97.17,97.175,33,DX  FMU0025!
2025-07-07 17:37:00+00:00,33,97,7873621,97.17,97.18,97.17,97.18,3,DX  FMU0025!
2025-07-07 17:38:00+00:00,33,97,7873621,97.175,97.205,97.175,97.205,5,DX  FMU0025!
2025-07-07 17:39:00+00:00,33,97,7873621,97.215,97.215,97.17,97.175,11,DX  FMU0025!
2025-07-07 17:40:00+00:00,33,97,7873621,97.175,97.19,97.155,97.16,27,DX  FMU0025!
2025-07-07 17:41:00+00:00,33,97,7873621,97.16,97.175,97.155,97.165,36,DX  FMU0025!
2025-07-07 17:42:00+00:00,33,97,7873621,97.165,97.165,97.16,97.165,127,DX  FMU0025!
2025-07-07 17:43:00+00:00,33,97,7873621,97.165,97.19,97.165,97.185,23,DX  FMU0025!
2025-07-07 17:44:00+00:00,33,97,7873621,97.185,97.195,97.18,97.185,25,DX  FMU0025!
2025-07-07 17:45:00+00:00,33,97,7873621,97.195,97.195,97.19,97.19,7,DX  FMU0025!
2025-07-07 17:46:00+00:00,33,97,7873621,97.205,97.205,97.195,97.195,9,DX  FMU0025!
2025-07-07 17:47:00+00:00,33,97,7873621,97.2,97.205,97.2,97.2,105,DX  FMU0025!
2025-07-07 17:48:00+00:00,33,97,7873621,97.205,97.21,97.205,97.21,13,DX  FMU0025!
2025-07-07 17:49:00+00:00,33,97,7873621,97.2,97.2,97.195,97.195,3,DX  FMU0025!
2025-07-07 17:50:00+00:00,33,97,7873621,97.205,97.225,97.205,97.21,53,DX  FMU0025!
2025-07-07 17:51:00+00:00,33,97,7873621,97.21,97.21,97.205,97.205,9,DX  FMU0025!
2025-07-07 17:52:00+00:00,33,97,7873621,97.205,97.205,97.205,97.205,5,DX  FMU0025!
2025-07-07 17:53:00+00:00,33,97,7873621,97.205,97.21,97.205,97.21,6,DX  FMU0025!
2025-07-07 17:54:00+00:00,33,97,7873621,97.21,97.22,97.21,97.215,3,DX  FMU0025!
2025-07-07 17:55:00+00:00,33,97,7873621,97.21,97.21,97.21,97.21,11,DX  FMU0025!
2025-07-07 17:56:00+00:00,33,97,7873621,97.215,97.215,97.215,97.215,1,DX  FMU0025!
2025-07-07 17:57:00+00:00,33,97,7873621,97.21,97.22,97.205,97.22,10,DX  FMU0025!
2025-07-07 17:58:00+00:00,33,97,7873621,97.22,97.22,97.22,97.22,1,DX  FMU0025!
2025-07-07 17:59:00+00:00,33,97,7873621,97.215,97.215,97.21,97.21,20,DX  FMU0025!
2025-07-07 18:00:00+00:00,33,97,7873621,97.205,97.21,97.205,97.21,30,DX  FMU0025!
2025-07-07 18:01:00+00:00,33,97,7873621,97.21,97.21,97.205,97.205,2,DX  FMU0025!
2025-07-07 18:02:00+00:00,33,97,7873621,97.205,97.205,97.205,97.205,1,DX  FMU0025!
2025-07-07 18:03:00+00:00,33,97,7873621,97.195,97.195,97.195,97.195,3,DX  FMU0025!
2025-07-07 18:03:00+00:00,33,97,8024379,96.805,96.805,96.805,96.805,1,DX  FMZ0025!
2025-07-07 18:04:00+00:00,33,97,7873621,97.195,97.2,97.195,97.2,2,DX  FMU0025!
2025-07-07 18:05:00+00:00,33,97,7873621,97.205,97.21,97.205,97.21,4,DX  FMU0025!
2025-07-07 18:06:00+00:00,33,97,7873621,97.215,97.215,97.215,97.215,4,DX  FMU0025!
2025-07-07 18:07:00+00:00,33,97,7873621,97.19,97.19,97.17,97.17,9,DX  FMU0025!
2025-07-07 18:08:00+00:00,33,97,7873621,97.165,97.165,97.155,97.155,11,DX  FMU0025!
2025-07-07 18:09:00+00:00,33,97,7873621,97.15,97.155,97.145,97.15,111,DX  FMU0025!
2025-07-07 18:10:00+00:00,33,97,7873621,97.155,97.17,97.155,97.17,5,DX  FMU0025!
2025-07-07 18:12:00+00:00,33,97,7873621,97.18,97.195,97.18,97.195,10,DX  FMU0025!
2025-07-07 18:13:00+00:00,33,97,7873621,97.195,97.2,97.195,97.2,7,DX  FMU0025!
2025-07-07 18:14:00+00:00,33,97,7873621,97.21,97.21,97.205,97.21,11,DX  FMU0025!
2025-07-07 18:15:00+00:00,33,97,7873621,97.21,97.23,97.21,97.225,12,DX  FMU0025!
2025-07-07 18:16:00+00:00,33,97,7873621,97.235,97.245,97.235,97.245,115,DX  FMU0025!
2025-07-07 18:17:00+00:00,33,97,7873621,97.245,97.27,97.245,97.27,104,DX  FMU0025!
2025-07-07 18:18:00+00:00,33,97,7873621,97.265,97.27,97.265,97.27,9,DX  FMU0025!
2025-07-07 18:19:00+00:00,33,97,7873621,97.26,97.26,97.255,97.255,16,DX  FMU0025!
2025-07-07 18:20:00+00:00,33,97,7873621,97.25,97.26,97.245,97.245,16,DX  FMU0025!
2025-07-07 18:21:00+00:00,33,97,7873621,97.25,97.25,97.25,97.25,2,DX  FMU0025!
2025-07-07 18:22:00+00:00,33,97,7873621,97.26,97.26,97.26,97.26,5,DX  FMU0025!
2025-07-07 18:23:00+00:00,33,97,7873621,97.255,97.255,97.25,97.25,2,DX  FMU0025!
2025-07-07 18:24:00+00:00,33,97,7873621,97.245,97.245,97.235,97.245,6,DX  FMU0025!
2025-07-07 18:25:00+00:00,33,97,7873621,97.25,97.25,97.25,97.25,1,DX  FMU0025!
2025-07-07 18:27:00+00:00,33,97,7873621,97.25,97.25,97.25,97.25,1,DX  FMU0025!
2025-07-07 18:28:00+00:00,33,97,7873621,97.255,97.255,97.255,97.255,1,DX  FMU0025!
2025-07-07 18:29:00+00:00,33,97,7873621,97.255,97.26,97.255,97.26,4,DX  FMU0025!
2025-07-07 18:30:00+00:00,33,97,7873621,97.255,97.255,97.255,97.255,4,DX  FMU0025!
2025-07-07 18:31:00+00:00,33,97,7873621,97.255,97.265,97.255,97.265,4,DX  FMU0025!
2025-07-07 18:32:00+00:00,33,97,7873621,97.26,97.26,97.26,97.26,1,DX  FMU0025!
2025-07-07 18:33:00+00:00,33,97,7873621,97.26,97.26,97.26,97.26,3,DX  FMU0025!
2025-07-07 18:34:00+00:00,33,97,7873621,97.265,97.28,97.265,97.28,131,DX  FMU0025!
2025-07-07 18:35:00+00:00,33,97,7873621,97.275,97.275,97.255,97.26,12,DX  FMU0025!
2025-07-07 18:36:00+00:00,33,97,7873621,97.25,97.25,97.23,97.23,5,DX  FMU0025!
2025-07-07 18:37:00+00:00,33,97,7873621,97.235,97.24,97.225,97.225,3,DX  FMU0025!
2025-07-07 18:38:00+00:00,33,97,7873621,97.225,97.23,97.225,97.23,4,DX  FMU0025!
2025-07-07 18:39:00+00:00,33,97,7873621,97.23,97.23,97.215,97.215,69,DX  FMU0025!
2025-07-07 18:40:00+00:00,33,97,7873621,97.215,97.215,97.2,97.2,9,DX  FMU0025!
2025-07-07 18:41:00+00:00,33,97,7873621,97.205,97.205,97.2,97.2,2,DX  FMU0025!
2025-07-07 18:42:00+00:00,33,97,7873621,97.19,97.19,97.175,97.175,85,DX  FMU0025!
2025-07-07 18:43:00+00:00,33,97,7873621,97.185,97.19,97.175,97.175,26,DX  FMU0025!
2025-07-07 18:44:00+00:00,33,97,7873621,97.18,97.18,97.18,97.18,1,DX  FMU0025!
2025-07-07 18:45:00+00:00,33,97,7873621,97.18,97.18,97.175,97.175,13,DX  FMU0025!
2025-07-07 18:46:00+00:00,33,97,7873621,97.175,97.175,97.165,97.17,54,DX  FMU0025!
2025-07-07 18:47:00+00:00,33,97,7873621,97.175,97.18,97.17,97.17,31,DX  FMU0025!
2025-07-07 18:48:00+00:00,33,97,7873621,97.165,97.165,97.165,97.165,6,DX  FMU0025!
2025-07-07 18:49:00+00:00,33,97,7873621,97.15,97.16,97.15,97.15,16,DX  FMU0025!
2025-07-07 18:50:00+00:00,33,97,7873621,97.15,97.15,97.14,97.145,42,DX  FMU0025!
2025-07-07 18:51:00+00:00,33,97,7873621,97.135,97.14,97.135,97.14,8,DX  FMU0025!
2025-07-07 18:52:00+00:00,33,97,7873621,97.14,97.145,97.14,97.145,9,DX  FMU0025!
2025-07-07 18:53:00+00:00,33,97,7873621,97.145,97.15,97.145,97.145,16,DX  FMU0025!
2025-07-07 18:54:00+00:00,33,97,7873621,97.15,97.155,97.15,97.15,47,DX  FMU0025!
2025-07-07 18:55:00+00:00,33,97,7873621,97.155,97.155,97.145,97.15,4,DX  FMU0025!
2025-07-07 18:56:00+00:00,33,97,7873621,97.145,97.145,97.13,97.135,22,DX  FMU0025!
2025-07-07 18:57:00+00:00,33,97,7873621,97.13,97.13,97.125,97.13,22,DX  FMU0025!
2025-07-07 18:58:00+00:00,33,97,7873621,97.135,97.14,97.125,97.135,179,DX  FMU0025!
2025-07-07 18:59:00+00:00,33,97,7873621,97.145,97.145,97.135,97.145,342,DX  FMU0025!
2025-07-07 19:00:00+00:00,33,97,7873621,97.14,97.14,97.13,97.13,28,DX  FMU0025!
2025-07-07 19:01:00+00:00,33,97,7873621,97.125,97.13,97.12,97.125,33,DX  FMU0025!
2025-07-07 19:02:00+00:00,33,97,7873621,97.13,97.135,97.13,97.13,6,DX  FMU0025!
2025-07-07 19:03:00+00:00,33,97,7873621,97.13,97.135,97.13,97.135,3,DX  FMU0025!
2025-07-07 19:04:00+00:00,33,97,7873621,97.14,97.15,97.14,97.15,5,DX  FMU0025!
2025-07-07 19:05:00+00:00,33,97,7873621,97.145,97.155,97.145,97.155,3,DX  FMU0025!
2025-07-07 19:06:00+00:00,33,97,7873621,97.145,97.145,97.145,97.145,2,DX  FMU0025!
2025-07-07 19:07:00+00:00,33,97,7873621,97.135,97.135,97.135,97.135,5,DX  FMU0025!
2025-07-07 19:08:00+00:00,33,97,7873621,97.135,97.135,97.135,97.135,14,DX  FMU0025!
2025-07-07 19:10:00+00:00,33,97,7873621,97.13,97.13,97.125,97.125,10,DX  FMU0025!
2025-07-07 19:11:00+00:00,33,97,7873621,97.125,97.125,97.125,97.125,1,DX  FMU0025!
2025-07-07 19:12:00+00:00,33,97,7873621,97.11,97.11,97.11,97.11,6,DX  FMU0025!
2025-07-07 19:13:00+00:00,33,97,7873621,97.11,97.115,97.11,97.115,5,DX  FMU0025!
2025-07-07 19:14:00+00:00,33,97,7873621,97.105,97.11,97.105,97.105,56,DX  FMU0025!
2025-07-07 19:15:00+00:00,33,97,7873621,97.125,97.125,97.12,97.12,2,DX  FMU0025!
2025-07-07 19:16:00+00:00,33,97,7873621,97.115,97.125,97.115,97.125,2,DX  FMU0025!
2025-07-07 19:17:00+00:00,33,97,7873621,97.12,97.12,97.12,97.12,2,DX  FMU0025!
2025-07-07 19:18:00+00:00,33,97,7873621,97.12,97.12,97.12,97.12,3,DX  FMU0025!
2025-07-07 19:19:00+00:00,33,97,7873621,97.12,97.12,97.12,97.12,2,DX  FMU0025!
2025-07-07 19:20:00+00:00,33,97,7873621,97.115,97.115,97.115,97.115,3,DX  FMU0025!
2025-07-07 19:21:00+00:00,33,97,7873621,97.115,97.12,97.11,97.12,5,DX  FMU0025!
2025-07-07 19:22:00+00:00,33,97,7873621,97.12,97.12,97.115,97.115,7,DX  FMU0025!
2025-07-07 19:23:00+00:00,33,97,7873621,97.12,97.12,97.12,97.12,4,DX  FMU0025!
2025-07-07 19:24:00+00:00,33,97,7873621,97.125,97.125,97.125,97.125,1,DX  FMU0025!
2025-07-07 19:26:00+00:00,33,97,7873621,97.135,97.135,97.13,97.13,7,DX  FMU0025!
2025-07-07 19:28:00+00:00,33,97,7873621,97.13,97.13,97.125,97.125,5,DX  FMU0025!
2025-07-07 19:29:00+00:00,33,97,7873621,97.125,97.125,97.125,97.125,1,DX  FMU0025!
2025-07-07 19:30:00+00:00,33,97,7873621,97.13,97.13,97.13,97.13,3,DX  FMU0025!
2025-07-07 19:34:00+00:00,33,97,7873621,97.12,97.12,97.12,97.12,4,DX  FMU0025!
2025-07-07 19:35:00+00:00,33,97,7873621,97.115,97.115,97.105,97.105,6,DX  FMU0025!
2025-07-07 19:36:00+00:00,33,97,7873621,97.105,97.105,97.095,97.1,38,DX  FMU0025!
2025-07-07 19:37:00+00:00,33,97,7873621,97.1,97.105,97.1,97.105,8,DX  FMU0025!
2025-07-07 19:38:00+00:00,33,97,7873621,97.105,97.105,97.1,97.1,5,DX  FMU0025!
2025-07-07 19:39:00+00:00,33,97,7873621,97.1,97.1,97.1,97.1,1,DX  FMU0025!
2025-07-07 19:40:00+00:00,33,97,7873621,97.095,97.1,97.095,97.1,10,DX  FMU0025!
2025-07-07 19:41:00+00:00,33,97,7873621,97.105,97.115,97.105,97.115,3,DX  FMU0025!
2025-07-07 19:42:00+00:00,33,97,7873621,97.11,97.115,97.105,97.115,22,DX  FMU0025!
2025-07-07 19:43:00+00:00,33,97,7873621,97.115,97.125,97.115,97.12,6,DX  FMU0025!
2025-07-07 19:44:00+00:00,33,97,7873621,97.11,97.11,97.11,97.11,4,DX  FMU0025!
2025-07-07 19:45:00+00:00,33,97,7873621,97.11,97.11,97.11,97.11,3,DX  FMU0025!
2025-07-07 19:46:00+00:00,33,97,7873621,97.115,97.115,97.115,97.115,7,DX  FMU0025!
2025-07-07 19:49:00+00:00,33,97,7873621,97.105,97.105,97.105,97.105,6,DX  FMU0025!
2025-07-07 19:50:00+00:00,33,97,7873621,97.105,97.11,97.105,97.11,3,DX  FMU0025!
2025-07-07 19:51:00+00:00,33,97,7873621,97.105,97.105,97.1,97.105,26,DX  FMU0025!
2025-07-07 19:52:00+00:00,33,97,7873621,97.105,97.105,97.105,97.105,1,DX  FMU0025!
2025-07-07 19:53:00+00:00,33,97,7873621,97.105,97.105,97.105,97.105,4,DX  FMU0025!
2025-07-07 19:54:00+00:00,33,97,7873621,97.11,97.11,97.11,97.11,27,DX  FMU0025!
2025-07-07 19:55:00+00:00,33,97,7873621,97.11,97.11,97.105,97.105,29,DX  FMU0025!
2025-07-07 19:57:00+00:00,33,97,7873621,97.11,97.115,97.11,97.115,8,DX  FMU0025!
2025-07-07 19:58:00+00:00,33,97,7873621,97.115,97.115,97.105,97.11,22,DX  FMU0025!
2025-07-07 19:59:00+00:00,33,97,7873621,97.125,97.13,97.12,97.125,23,DX  FMU0025!
2025-07-07 20:00:00+00:00,33,97,7873621,97.12,97.125,97.12,97.125,5,DX  FMU0025!
2025-07-07 20:01:00+00:00,33,97,7873621,97.12,97.12,97.12,97.12,2,DX  FMU0025!
2025-07-07 20:03:00+00:00,33,97,7873621,97.125,97.13,97.125,97.125,17,DX  FMU0025!
2025-07-07 20:05:00+00:00,33,97,7873621,97.13,97.13,97.13,97.13,4,DX  FMU0025!
2025-07-07 20:07:00+00:00,33,97,7873621,97.13,97.145,97.13,97.145,13,DX  FMU0025!
2025-07-07 20:10:00+00:00,33,97,7873621,97.15,97.16,97.15,97.16,2,DX  FMU0025!
2025-07-07 20:11:00+00:00,33,97,7873621,97.16,97.19,97.16,97.185,72,DX  FMU0025!
2025-07-07 20:12:00+00:00,33,97,7873621,97.185,97.185,97.185,97.185,7,DX  FMU0025!
2025-07-07 20:13:00+00:00,33,97,7873621,97.19,97.19,97.19,97.19,1,DX  FMU0025!
2025-07-07 20:15:00+00:00,33,97,7873621,97.18,97.185,97.18,97.185,22,DX  FMU0025!
2025-07-07 20:17:00+00:00,33,97,7873621,97.18,97.19,97.18,97.19,33,DX  FMU0025!
2025-07-07 20:18:00+00:00,33,97,7873621,97.19,97.205,97.19,97.205,20,DX  FMU0025!
2025-07-07 20:19:00+00:00,33,97,7873621,97.2,97.2,97.195,97.195,2,DX  FMU0025!
2025-07-07 20:20:00+00:00,33,97,7873621,97.2,97.2,97.2,97.2,1,DX  FMU0025!
2025-07-07 20:21:00+00:00,33,97,7873621,97.195,97.195,97.195,97.195,38,DX  FMU0025!
2025-07-07 20:24:00+00:00,33,97,7873621,97.2,97.2,97.2,97.2,1,DX  FMU0025!
2025-07-07 20:27:00+00:00,33,97,7873621,97.21,97.21,97.205,97.205,51,DX  FMU0025!
2025-07-07 20:30:00+00:00,33,97,7873621,97.21,97.21,97.205,97.205,2,DX  FMU0025!
2025-07-07 20:34:00+00:00,33,97,7873621,97.2,97.2,97.2,97.2,1,DX  FMU0025!
2025-07-07 20:37:00+00:00,33,97,7873621,97.195,97.195,97.195,97.195,2,DX  FMU0025!
2025-07-07 20:39:00+00:00,33,97,7873621,97.195,97.195,97.195,97.195,4,DX  FMU0025!
2025-07-07 20:41:00+00:00,33,97,7873621,97.195,97.195,97.195,97.195,2,DX  FMU0025!
2025-07-07 20:42:00+00:00,33,97,7873621,97.195,97.2,97.195,97.2,38,DX  FMU0025!
2025-07-07 20:44:00+00:00,33,97,7873621,97.21,97.21,97.21,97.21,3,DX  FMU0025!
2025-07-07 20:45:00+00:00,33,97,7873621,97.21,97.21,97.21,97.21,5,DX  FMU0025!
2025-07-07 20:46:00+00:00,33,97,7873621,97.21,97.21,97.21,97.21,1,DX  FMU0025!
2025-07-07 20:49:00+00:00,33,97,7873621,97.2,97.2,97.2,97.2,2,DX  FMU0025!
2025-07-07 20:50:00+00:00,33,97,7873621,97.21,97.21,97.21,97.21,5,DX  FMU0025!
2025-07-07 20:52:00+00:00,33,97,7873621,97.21,97.21,97.21,97.21,1,DX  FMU0025!
2025-07-07 20:57:00+00:00,33,97,7873621,97.21,97.21,97.21,97.21,1,DX  FMU0025!
2025-07-07 20:59:00+00:00,33,97,7873621,97.205,97.205,97.2,97.2,20,DX  FMU0025!
