ts_event,open,high,low,close,volume,rtype,publisher_id,instrument_id,symbol
2024-11-01 00:00:00+00:00,2756.6,2757.1,2755.6,2757.0,155,33.0,1.0,393.0,GC
2024-11-01 00:05:00+00:00,2757.0,2757.2,2756.1,2756.2,79,33.0,1.0,393.0,GC
2024-11-01 00:10:00+00:00,2756.6,2757.0,2756.2,2756.6,99,33.0,1.0,393.0,GC
2024-11-01 00:15:00+00:00,2756.8,2756.8,2755.7,2756.3,72,33.0,1.0,393.0,GC
2024-11-01 00:20:00+00:00,2756.3,2757.2,2756.0,2756.6,133,33.0,1.0,393.0,GC
2024-11-01 00:25:00+00:00,2756.5,2756.5,2755.5,2756.3,102,33.0,1.0,393.0,GC
2024-11-01 00:30:00+00:00,2756.4,2756.5,2755.4,2755.4,87,33.0,1.0,393.0,GC
2024-11-01 00:35:00+00:00,2755.3,2756.1,2755.2,2755.5,69,33.0,1.0,393.0,GC
2024-11-01 00:40:00+00:00,2755.5,2756.1,2755.0,2756.1,85,33.0,1.0,393.0,GC
2024-11-01 00:45:00+00:00,2756.1,2756.7,2755.7,2756.5,77,33.0,1.0,393.0,GC
2024-11-01 00:50:00+00:00,2756.4,2756.4,2754.9,2755.1,125,33.0,1.0,393.0,GC
2024-11-01 00:55:00+00:00,2755.3,2755.5,2754.5,2754.6,197,33.0,1.0,393.0,GC
2024-11-01 01:00:00+00:00,2754.6,2756.4,2754.5,2756.2,401,33.0,1.0,393.0,GC
2024-11-01 01:05:00+00:00,2756.2,2757.0,2755.5,2756.4,278,33.0,1.0,393.0,GC
2024-11-01 01:10:00+00:00,2756.3,2757.5,2756.1,2756.8,449,33.0,1.0,393.0,GC
2024-11-01 01:15:00+00:00,2756.7,2756.9,2755.4,2756.0,405,33.0,1.0,393.0,GC
2024-11-01 01:20:00+00:00,2755.9,2756.5,2755.2,2755.8,306,33.0,1.0,393.0,GC
2024-11-01 01:25:00+00:00,2755.9,2757.5,2755.9,2756.6,852,33.0,1.0,393.0,GC
2024-11-01 01:30:00+00:00,2756.5,2757.8,2755.9,2756.8,380,33.0,1.0,393.0,GC
2024-11-01 01:35:00+00:00,2756.7,2757.2,2755.6,2755.8,248,33.0,1.0,393.0,GC
2024-11-01 01:40:00+00:00,2755.7,2756.6,2755.0,2756.6,270,33.0,1.0,393.0,GC
2024-11-01 01:45:00+00:00,2756.4,2758.4,2756.4,2758.4,484,33.0,1.0,393.0,GC
2024-11-01 01:50:00+00:00,2758.2,2759.2,2757.6,2758.9,744,33.0,1.0,393.0,GC
2024-11-01 01:55:00+00:00,2758.8,2759.8,2758.5,2759.6,728,33.0,1.0,393.0,GC
2024-11-01 02:00:00+00:00,2759.4,2760.9,2758.3,2759.3,552,33.0,1.0,393.0,GC
2024-11-01 02:05:00+00:00,2759.3,2760.4,2758.6,2758.6,283,33.0,1.0,393.0,GC
2024-11-01 02:10:00+00:00,2758.8,2758.9,2756.4,2756.4,319,33.0,1.0,393.0,GC
2024-11-01 02:15:00+00:00,2756.7,2757.5,2756.5,2757.4,174,33.0,1.0,393.0,GC
2024-11-01 02:20:00+00:00,2757.3,2757.6,2756.7,2757.6,121,33.0,1.0,393.0,GC
2024-11-01 02:25:00+00:00,2757.7,2758.2,2756.8,2758.2,134,33.0,1.0,393.0,GC
2024-11-01 02:30:00+00:00,2757.9,2758.2,2755.5,2756.3,329,33.0,1.0,393.0,GC
2024-11-01 02:35:00+00:00,2756.4,2757.7,2755.5,2757.3,359,33.0,1.0,393.0,GC
2024-11-01 02:40:00+00:00,2757.3,2759.5,2756.7,2758.5,357,33.0,1.0,393.0,GC
2024-11-01 02:45:00+00:00,2758.5,2758.8,2757.9,2758.1,191,33.0,1.0,393.0,GC
2024-11-01 02:50:00+00:00,2757.9,2758.2,2756.2,2757.8,214,33.0,1.0,393.0,GC
2024-11-01 02:55:00+00:00,2757.6,2758.8,2757.2,2758.5,122,33.0,1.0,393.0,GC
2024-11-01 03:00:00+00:00,2758.6,2758.9,2757.7,2757.8,140,33.0,1.0,393.0,GC
2024-11-01 03:05:00+00:00,2757.5,2758.6,2757.2,2758.5,141,33.0,1.0,393.0,GC
2024-11-01 03:10:00+00:00,2758.4,2759.0,2758.2,2758.7,91,33.0,1.0,393.0,GC
2024-11-01 03:15:00+00:00,2758.6,2759.0,2758.2,2758.9,67,33.0,1.0,393.0,GC
2024-11-01 03:20:00+00:00,2758.6,2760.1,2758.6,2759.0,384,33.0,1.0,393.0,GC
2024-11-01 03:25:00+00:00,2759.0,2759.9,2758.5,2759.7,220,33.0,1.0,393.0,GC
2024-11-01 03:30:00+00:00,2759.7,2759.8,2758.7,2759.5,186,33.0,1.0,393.0,GC
2024-11-01 03:35:00+00:00,2759.5,2760.2,2759.4,2759.8,111,33.0,1.0,393.0,GC
2024-11-01 03:40:00+00:00,2759.9,2760.8,2759.5,2759.5,220,33.0,1.0,393.0,GC
2024-11-01 03:45:00+00:00,2759.6,2760.7,2759.2,2760.4,244,33.0,1.0,393.0,GC
2024-11-01 03:50:00+00:00,2760.5,2761.6,2760.5,2761.3,483,33.0,1.0,393.0,GC
2024-11-01 03:55:00+00:00,2761.4,2761.7,2760.8,2761.5,518,33.0,1.0,393.0,GC
2024-11-01 04:00:00+00:00,2761.4,2761.7,2760.8,2761.1,285,33.0,1.0,393.0,GC
2024-11-01 04:05:00+00:00,2761.1,2761.3,2760.7,2760.9,96,33.0,1.0,393.0,GC
2024-11-01 04:10:00+00:00,2761.0,2761.1,2760.8,2761.0,81,33.0,1.0,393.0,GC
2024-11-01 04:15:00+00:00,2761.1,2761.5,2760.9,2760.9,80,33.0,1.0,393.0,GC
2024-11-01 04:20:00+00:00,2760.9,2761.1,2760.4,2760.8,118,33.0,1.0,393.0,GC
2024-11-01 04:25:00+00:00,2760.8,2761.5,2760.8,2761.4,74,33.0,1.0,393.0,GC
2024-11-01 04:30:00+00:00,2761.4,2761.4,2760.9,2761.2,62,33.0,1.0,393.0,GC
2024-11-01 04:35:00+00:00,2761.3,2761.4,2761.0,2761.3,141,33.0,1.0,393.0,GC
2024-11-01 04:40:00+00:00,2761.3,2762.3,2761.1,2761.9,503,33.0,1.0,393.0,GC
2024-11-01 04:45:00+00:00,2761.9,2762.7,2761.9,2762.3,120,33.0,1.0,393.0,GC
2024-11-01 04:50:00+00:00,2762.3,2762.3,2761.0,2761.5,103,33.0,1.0,393.0,GC
2024-11-01 04:55:00+00:00,2761.8,2762.3,2761.5,2761.8,97,33.0,1.0,393.0,GC
2024-11-01 05:00:00+00:00,2761.9,2762.3,2761.6,2761.8,167,33.0,1.0,393.0,GC
2024-11-01 05:05:00+00:00,2761.9,2762.7,2761.8,2762.4,342,33.0,1.0,393.0,GC
2024-11-01 05:10:00+00:00,2762.3,2762.4,2762.0,2762.2,123,33.0,1.0,393.0,GC
2024-11-01 05:15:00+00:00,2762.2,2762.3,2761.6,2762.2,182,33.0,1.0,393.0,GC
2024-11-01 05:20:00+00:00,2762.4,2762.7,2761.9,2761.9,125,33.0,1.0,393.0,GC
2024-11-01 05:25:00+00:00,2761.8,2762.0,2761.2,2761.7,139,33.0,1.0,393.0,GC
2024-11-01 05:30:00+00:00,2761.7,2762.6,2761.5,2762.2,316,33.0,1.0,393.0,GC
2024-11-01 05:35:00+00:00,2762.3,2763.9,2761.9,2763.5,396,33.0,1.0,393.0,GC
2024-11-01 05:40:00+00:00,2763.3,2763.8,2762.7,2762.8,207,33.0,1.0,393.0,GC
2024-11-01 05:45:00+00:00,2762.9,2763.4,2762.5,2763.1,326,33.0,1.0,393.0,GC
2024-11-01 05:50:00+00:00,2763.2,2764.4,2763.1,2764.4,347,33.0,1.0,393.0,GC
2024-11-01 05:55:00+00:00,2764.3,2765.0,2763.8,2764.7,479,33.0,1.0,393.0,GC
2024-11-01 06:00:00+00:00,2764.8,2766.6,2764.8,2765.5,524,33.0,1.0,393.0,GC
2024-11-01 06:05:00+00:00,2765.4,2767.3,2764.4,2766.6,1022,33.0,1.0,393.0,GC
2024-11-01 06:10:00+00:00,2766.5,2767.5,2766.0,2766.3,313,33.0,1.0,393.0,GC
2024-11-01 06:15:00+00:00,2766.3,2766.4,2764.2,2764.3,689,33.0,1.0,393.0,GC
2024-11-01 06:20:00+00:00,2764.4,2765.3,2763.7,2764.0,702,33.0,1.0,393.0,GC
2024-11-01 06:25:00+00:00,2764.0,2764.1,2762.4,2762.7,719,33.0,1.0,393.0,GC
2024-11-01 06:30:00+00:00,2762.6,2763.9,2761.6,2762.7,382,33.0,1.0,393.0,GC
2024-11-01 06:35:00+00:00,2762.7,2762.9,2761.5,2762.2,360,33.0,1.0,393.0,GC
2024-11-01 06:40:00+00:00,2762.1,2763.1,2761.0,2761.4,285,33.0,1.0,393.0,GC
2024-11-01 06:45:00+00:00,2761.5,2763.4,2761.5,2763.0,172,33.0,1.0,393.0,GC
2024-11-01 06:50:00+00:00,2763.1,2763.4,2761.5,2762.0,134,33.0,1.0,393.0,GC
2024-11-01 06:55:00+00:00,2762.0,2762.3,2761.5,2761.5,169,33.0,1.0,393.0,GC
2024-11-01 07:00:00+00:00,2761.6,2762.5,2760.9,2762.4,317,33.0,1.0,393.0,GC
2024-11-01 07:05:00+00:00,2762.4,2762.9,2760.9,2760.9,271,33.0,1.0,393.0,GC
2024-11-01 07:10:00+00:00,2760.9,2760.9,2759.6,2760.0,287,33.0,1.0,393.0,GC
2024-11-01 07:15:00+00:00,2760.2,2761.3,2760.0,2760.3,241,33.0,1.0,393.0,GC
2024-11-01 07:20:00+00:00,2760.4,2761.7,2759.9,2761.7,228,33.0,1.0,393.0,GC
2024-11-01 07:25:00+00:00,2761.6,2761.7,2759.5,2759.8,196,33.0,1.0,393.0,GC
2024-11-01 07:30:00+00:00,2759.7,2760.2,2758.0,2759.3,333,33.0,1.0,393.0,GC
2024-11-01 07:35:00+00:00,2759.4,2759.5,2757.7,2757.7,429,33.0,1.0,393.0,GC
2024-11-01 07:40:00+00:00,2757.7,2757.9,2756.8,2757.0,546,33.0,1.0,393.0,GC
2024-11-01 07:45:00+00:00,2756.9,2758.9,2756.9,2758.9,283,33.0,1.0,393.0,GC
2024-11-01 07:50:00+00:00,2758.8,2759.0,2757.6,2758.1,243,33.0,1.0,393.0,GC
2024-11-01 07:55:00+00:00,2758.1,2759.5,2757.8,2759.5,199,33.0,1.0,393.0,GC
2024-11-01 08:00:00+00:00,2759.3,2761.1,2758.2,2761.0,512,33.0,1.0,393.0,GC
2024-11-01 08:05:00+00:00,2761.1,2761.7,2760.1,2761.3,341,33.0,1.0,393.0,GC
2024-11-01 08:10:00+00:00,2761.1,2762.7,2761.1,2762.2,336,33.0,1.0,393.0,GC
2024-11-01 08:15:00+00:00,2762.2,2762.8,2761.3,2762.5,233,33.0,1.0,393.0,GC
2024-11-01 08:20:00+00:00,2762.5,2763.7,2761.6,2763.7,645,33.0,1.0,393.0,GC
2024-11-01 08:25:00+00:00,2763.7,2764.2,2763.5,2763.9,471,33.0,1.0,393.0,GC
2024-11-01 08:30:00+00:00,2763.8,2764.3,2763.0,2763.2,390,33.0,1.0,393.0,GC
2024-11-01 08:35:00+00:00,2763.2,2764.3,2761.6,2764.2,618,33.0,1.0,393.0,GC
2024-11-01 08:40:00+00:00,2764.3,2764.8,2763.2,2764.5,987,33.0,1.0,393.0,GC
2024-11-01 08:45:00+00:00,2764.4,2764.4,2762.5,2763.3,772,33.0,1.0,393.0,GC
2024-11-01 08:50:00+00:00,2763.3,2763.3,2761.2,2761.7,390,33.0,1.0,393.0,GC
2024-11-01 08:55:00+00:00,2761.8,2763.6,2761.7,2763.2,300,33.0,1.0,393.0,GC
2024-11-01 09:00:00+00:00,2763.2,2764.0,2762.2,2763.1,279,33.0,1.0,393.0,GC
2024-11-01 09:05:00+00:00,2763.1,2764.8,2762.1,2764.6,396,33.0,1.0,393.0,GC
2024-11-01 09:10:00+00:00,2764.6,2764.9,2764.0,2764.8,264,33.0,1.0,393.0,GC
2024-11-01 09:15:00+00:00,2764.8,2765.2,2762.5,2762.7,416,33.0,1.0,393.0,GC
2024-11-01 09:20:00+00:00,2762.7,2763.6,2762.2,2762.9,252,33.0,1.0,393.0,GC
2024-11-01 09:25:00+00:00,2762.9,2763.2,2761.9,2762.8,358,33.0,1.0,393.0,GC
2024-11-01 09:30:00+00:00,2762.8,2762.9,2760.4,2761.0,406,33.0,1.0,393.0,GC
2024-11-01 09:35:00+00:00,2760.9,2761.0,2757.9,2760.2,1269,33.0,1.0,393.0,GC
2024-11-01 09:40:00+00:00,2760.2,2761.2,2759.4,2761.0,394,33.0,1.0,393.0,GC
2024-11-01 09:45:00+00:00,2760.9,2761.5,2759.7,2761.5,267,33.0,1.0,393.0,GC
2024-11-01 09:50:00+00:00,2761.5,2762.4,2761.1,2761.2,154,33.0,1.0,393.0,GC
2024-11-01 09:55:00+00:00,2761.2,2761.8,2760.5,2761.3,143,33.0,1.0,393.0,GC
2024-11-01 10:00:00+00:00,2761.3,2761.3,2760.5,2760.8,226,33.0,1.0,393.0,GC
2024-11-01 10:05:00+00:00,2760.9,2761.7,2760.6,2761.4,128,33.0,1.0,393.0,GC
2024-11-01 10:10:00+00:00,2761.4,2761.4,2760.2,2760.4,174,33.0,1.0,393.0,GC
2024-11-01 10:15:00+00:00,2760.4,2760.6,2758.6,2759.0,352,33.0,1.0,393.0,GC
2024-11-01 10:20:00+00:00,2758.9,2760.2,2758.6,2758.9,274,33.0,1.0,393.0,GC
2024-11-01 10:25:00+00:00,2758.9,2759.2,2757.1,2757.2,405,33.0,1.0,393.0,GC
2024-11-01 10:30:00+00:00,2757.2,2758.3,2756.2,2756.2,688,33.0,1.0,393.0,GC
2024-11-01 10:35:00+00:00,2756.3,2756.8,2754.8,2756.6,634,33.0,1.0,393.0,GC
2024-11-01 10:40:00+00:00,2756.7,2756.9,2755.8,2756.9,362,33.0,1.0,393.0,GC
2024-11-01 10:45:00+00:00,2756.9,2758.9,2756.6,2758.9,460,33.0,1.0,393.0,GC
2024-11-01 10:50:00+00:00,2758.7,2759.9,2758.7,2759.9,247,33.0,1.0,393.0,GC
2024-11-01 10:55:00+00:00,2760.0,2760.2,2759.0,2759.6,282,33.0,1.0,393.0,GC
2024-11-01 11:00:00+00:00,2759.6,2761.3,2759.6,2761.2,315,33.0,1.0,393.0,GC
2024-11-01 11:05:00+00:00,2761.1,2763.0,2760.6,2762.8,591,33.0,1.0,393.0,GC
2024-11-01 11:10:00+00:00,2762.9,2762.9,2760.8,2761.6,1090,33.0,1.0,393.0,GC
2024-11-01 11:15:00+00:00,2761.4,2762.2,2761.1,2762.1,251,33.0,1.0,393.0,GC
2024-11-01 11:20:00+00:00,2762.1,2764.0,2762.1,2762.8,638,33.0,1.0,393.0,GC
2024-11-01 11:25:00+00:00,2763.0,2763.7,2761.8,2762.1,595,33.0,1.0,393.0,GC
2024-11-01 11:30:00+00:00,2762.0,2763.1,2761.9,2762.5,330,33.0,1.0,393.0,GC
2024-11-01 11:35:00+00:00,2762.5,2762.8,2761.4,2761.9,300,33.0,1.0,393.0,GC
2024-11-01 11:40:00+00:00,2761.9,2763.1,2761.3,2762.7,312,33.0,1.0,393.0,GC
2024-11-01 11:45:00+00:00,2762.7,2763.5,2761.9,2763.4,291,33.0,1.0,393.0,GC
2024-11-01 11:50:00+00:00,2763.2,2763.2,2761.8,2762.7,307,33.0,1.0,393.0,GC
2024-11-01 11:55:00+00:00,2762.7,2763.5,2762.2,2762.7,488,33.0,1.0,393.0,GC
2024-11-01 12:00:00+00:00,2762.7,2763.0,2761.4,2761.8,613,33.0,1.0,393.0,GC
2024-11-01 12:05:00+00:00,2761.9,2763.1,2761.8,2763.0,459,33.0,1.0,393.0,GC
2024-11-01 12:10:00+00:00,2763.0,2764.0,2762.1,2763.6,674,33.0,1.0,393.0,GC
2024-11-01 12:15:00+00:00,2763.8,2764.4,2760.2,2761.1,1677,33.0,1.0,393.0,GC
2024-11-01 12:20:00+00:00,2761.2,2762.4,2760.2,2761.4,1404,33.0,1.0,393.0,GC
2024-11-01 12:25:00+00:00,2761.4,2762.9,2759.6,2759.6,1392,33.0,1.0,393.0,GC
2024-11-01 12:30:00+00:00,2762.5,2769.4,2758.7,2766.4,6759,33.0,1.0,393.0,GC
2024-11-01 12:35:00+00:00,2766.4,2770.0,2765.7,2768.2,3238,33.0,1.0,393.0,GC
2024-11-01 12:40:00+00:00,2768.1,2769.2,2764.8,2766.0,1855,33.0,1.0,393.0,GC
2024-11-01 12:45:00+00:00,2765.9,2766.6,2764.0,2764.3,1505,33.0,1.0,393.0,GC
2024-11-01 12:50:00+00:00,2764.5,2768.8,2762.9,2765.2,2228,33.0,1.0,393.0,GC
2024-11-01 12:55:00+00:00,2765.4,2767.0,2763.6,2764.0,1233,33.0,1.0,393.0,GC
2024-11-01 13:00:00+00:00,2763.9,2770.4,2763.7,2770.1,2220,33.0,1.0,393.0,GC
2024-11-01 13:05:00+00:00,2770.2,2771.6,2767.9,2771.3,2246,33.0,1.0,393.0,GC
2024-11-01 13:10:00+00:00,2771.4,2771.5,2769.6,2771.1,1305,33.0,1.0,393.0,GC
2024-11-01 13:15:00+00:00,2771.1,2772.4,2768.9,2770.1,1467,33.0,1.0,393.0,GC
2024-11-01 13:20:00+00:00,2770.1,2770.2,2766.3,2767.5,1351,33.0,1.0,393.0,GC
2024-11-01 13:25:00+00:00,2767.6,2768.5,2763.4,2763.9,1880,33.0,1.0,393.0,GC
2024-11-01 13:30:00+00:00,2764.0,2765.6,2762.2,2765.3,2405,33.0,1.0,393.0,GC
2024-11-01 13:35:00+00:00,2765.3,2768.6,2763.4,2768.6,1267,33.0,1.0,393.0,GC
2024-11-01 13:40:00+00:00,2768.6,2769.7,2767.8,2768.7,1038,33.0,1.0,393.0,GC
2024-11-01 13:45:00+00:00,2768.6,2768.7,2766.1,2766.6,1673,33.0,1.0,393.0,GC
2024-11-01 13:50:00+00:00,2766.7,2769.4,2766.7,2767.9,1454,33.0,1.0,393.0,GC
2024-11-01 13:55:00+00:00,2767.9,2767.9,2765.6,2766.1,825,33.0,1.0,393.0,GC
2024-11-01 14:00:00+00:00,2766.2,2769.7,2762.9,2763.8,2943,33.0,1.0,393.0,GC
2024-11-01 14:05:00+00:00,2763.7,2766.9,2763.4,2765.6,1137,33.0,1.0,393.0,GC
2024-11-01 14:10:00+00:00,2765.6,2768.1,2765.1,2766.3,1024,33.0,1.0,393.0,GC
2024-11-01 14:15:00+00:00,2766.5,2766.9,2764.0,2764.5,1078,33.0,1.0,393.0,GC
2024-11-01 14:20:00+00:00,2764.4,2764.4,2760.4,2760.6,2779,33.0,1.0,393.0,GC
2024-11-01 14:25:00+00:00,2760.6,2762.3,2757.7,2761.6,2306,33.0,1.0,393.0,GC
2024-11-01 14:30:00+00:00,2761.7,2762.7,2758.6,2759.5,1487,33.0,1.0,393.0,GC
2024-11-01 14:35:00+00:00,2759.5,2761.5,2754.8,2755.7,2411,33.0,1.0,393.0,GC
2024-11-01 14:40:00+00:00,2755.7,2756.0,2749.4,2749.5,4182,33.0,1.0,393.0,GC
2024-11-01 14:45:00+00:00,2749.5,2753.6,2749.5,2752.8,3714,33.0,1.0,393.0,GC
2024-11-01 14:50:00+00:00,2752.7,2755.6,2750.6,2755.4,2128,33.0,1.0,393.0,GC
2024-11-01 14:55:00+00:00,2755.3,2757.5,2753.5,2757.1,1377,33.0,1.0,393.0,GC
2024-11-01 15:00:00+00:00,2757.1,2757.7,2754.1,2755.2,1471,33.0,1.0,393.0,GC
2024-11-01 15:05:00+00:00,2755.1,2755.1,2752.3,2755.0,1233,33.0,1.0,393.0,GC
2024-11-01 15:10:00+00:00,2754.9,2758.2,2754.9,2757.3,982,33.0,1.0,393.0,GC
2024-11-01 15:15:00+00:00,2757.3,2758.8,2757.1,2758.5,556,33.0,1.0,393.0,GC
2024-11-01 15:20:00+00:00,2758.4,2759.7,2757.0,2759.5,693,33.0,1.0,393.0,GC
2024-11-01 15:25:00+00:00,2759.6,2760.3,2758.6,2760.2,663,33.0,1.0,393.0,GC
2024-11-01 15:30:00+00:00,2760.4,2760.4,2757.7,2758.3,515,33.0,1.0,393.0,GC
2024-11-01 15:35:00+00:00,2758.2,2759.3,2757.1,2757.5,558,33.0,1.0,393.0,GC
2024-11-01 15:40:00+00:00,2757.4,2757.8,2755.9,2756.5,429,33.0,1.0,393.0,GC
2024-11-01 15:45:00+00:00,2756.3,2756.5,2753.3,2753.4,785,33.0,1.0,393.0,GC
2024-11-01 15:50:00+00:00,2753.3,2754.8,2752.5,2754.7,581,33.0,1.0,393.0,GC
2024-11-01 15:55:00+00:00,2754.5,2755.9,2754.1,2754.4,726,33.0,1.0,393.0,GC
2024-11-01 16:00:00+00:00,2754.4,2755.9,2753.9,2755.3,432,33.0,1.0,393.0,GC
2024-11-01 16:05:00+00:00,2755.4,2755.8,2753.2,2753.2,481,33.0,1.0,393.0,GC
2024-11-01 16:10:00+00:00,2753.2,2754.5,2752.2,2753.0,716,33.0,1.0,393.0,GC
2024-11-01 16:15:00+00:00,2753.0,2754.3,2752.2,2754.3,400,33.0,1.0,393.0,GC
2024-11-01 16:20:00+00:00,2754.1,2754.1,2752.6,2753.4,425,33.0,1.0,393.0,GC
2024-11-01 16:25:00+00:00,2753.4,2753.9,2752.8,2753.3,524,33.0,1.0,393.0,GC
2024-11-01 16:30:00+00:00,2753.4,2755.0,2753.4,2754.5,414,33.0,1.0,393.0,GC
2024-11-01 16:35:00+00:00,2754.6,2755.0,2753.7,2754.0,409,33.0,1.0,393.0,GC
2024-11-01 16:40:00+00:00,2753.9,2754.1,2750.5,2750.9,839,33.0,1.0,393.0,GC
2024-11-01 16:45:00+00:00,2750.9,2752.2,2749.8,2751.6,669,33.0,1.0,393.0,GC
2024-11-01 16:50:00+00:00,2751.6,2753.0,2751.4,2752.4,378,33.0,1.0,393.0,GC
2024-11-01 16:55:00+00:00,2752.5,2752.9,2751.2,2752.7,346,33.0,1.0,393.0,GC
2024-11-01 17:00:00+00:00,2752.8,2753.6,2751.6,2752.9,386,33.0,1.0,393.0,GC
2024-11-01 17:05:00+00:00,2752.7,2752.9,2751.4,2751.9,343,33.0,1.0,393.0,GC
2024-11-01 17:10:00+00:00,2751.8,2752.9,2751.2,2752.0,294,33.0,1.0,393.0,GC
2024-11-01 17:15:00+00:00,2751.8,2752.3,2750.4,2751.1,557,33.0,1.0,393.0,GC
2024-11-01 17:20:00+00:00,2751.0,2751.4,2749.7,2749.8,615,33.0,1.0,393.0,GC
2024-11-01 17:25:00+00:00,2749.8,2750.1,2748.5,2749.5,2390,33.0,1.0,393.0,GC
2024-11-01 17:30:00+00:00,2749.5,2749.6,2746.8,2746.8,1393,33.0,1.0,393.0,GC
2024-11-01 17:35:00+00:00,2746.8,2747.6,2745.9,2745.9,676,33.0,1.0,393.0,GC
2024-11-01 17:40:00+00:00,2745.8,2746.3,2745.0,2745.3,866,33.0,1.0,393.0,GC
2024-11-01 17:45:00+00:00,2745.2,2745.9,2744.6,2745.0,803,33.0,1.0,393.0,GC
2024-11-01 17:50:00+00:00,2745.1,2747.4,2745.0,2745.9,740,33.0,1.0,393.0,GC
2024-11-01 17:55:00+00:00,2745.9,2746.6,2745.4,2746.1,278,33.0,1.0,393.0,GC
2024-11-01 18:00:00+00:00,2745.9,2746.2,2745.4,2746.1,375,33.0,1.0,393.0,GC
2024-11-01 18:05:00+00:00,2746.2,2746.5,2743.9,2744.5,735,33.0,1.0,393.0,GC
2024-11-01 18:10:00+00:00,2744.4,2744.8,2743.5,2744.2,553,33.0,1.0,393.0,GC
2024-11-01 18:15:00+00:00,2744.2,2744.8,2743.2,2743.3,702,33.0,1.0,393.0,GC
2024-11-01 18:20:00+00:00,2743.5,2746.0,2743.1,2745.7,465,33.0,1.0,393.0,GC
2024-11-01 18:25:00+00:00,2745.7,2747.7,2745.5,2746.8,632,33.0,1.0,393.0,GC
2024-11-01 18:30:00+00:00,2746.9,2747.0,2745.5,2745.8,409,33.0,1.0,393.0,GC
2024-11-01 18:35:00+00:00,2745.6,2747.6,2745.6,2747.6,425,33.0,1.0,393.0,GC
2024-11-01 18:40:00+00:00,2747.4,2747.5,2745.8,2746.2,418,33.0,1.0,393.0,GC
2024-11-01 18:45:00+00:00,2746.2,2747.3,2745.9,2747.0,226,33.0,1.0,393.0,GC
2024-11-01 18:50:00+00:00,2747.0,2747.2,2746.4,2746.7,252,33.0,1.0,393.0,GC
2024-11-01 18:55:00+00:00,2746.6,2746.7,2745.5,2745.7,376,33.0,1.0,393.0,GC
2024-11-01 19:00:00+00:00,2745.7,2746.1,2743.6,2744.0,777,33.0,1.0,393.0,GC
2024-11-01 19:05:00+00:00,2744.0,2745.8,2743.6,2745.7,523,33.0,1.0,393.0,GC
2024-11-01 19:10:00+00:00,2745.9,2746.6,2745.0,2746.1,210,33.0,1.0,393.0,GC
2024-11-01 19:15:00+00:00,2746.0,2746.2,2744.6,2744.6,242,33.0,1.0,393.0,GC
2024-11-01 19:20:00+00:00,2744.7,2745.7,2744.6,2744.6,241,33.0,1.0,393.0,GC
2024-11-01 19:25:00+00:00,2744.6,2744.6,2742.6,2743.1,401,33.0,1.0,393.0,GC
2024-11-01 19:30:00+00:00,2743.1,2744.3,2743.1,2744.3,274,33.0,1.0,393.0,GC
2024-11-01 19:35:00+00:00,2744.2,2744.9,2743.8,2744.1,240,33.0,1.0,393.0,GC
2024-11-01 19:40:00+00:00,2744.1,2745.5,2744.0,2744.8,361,33.0,1.0,393.0,GC
2024-11-01 19:45:00+00:00,2744.9,2744.9,2743.8,2743.8,272,33.0,1.0,393.0,GC
2024-11-01 19:50:00+00:00,2743.8,2744.4,2743.2,2744.1,407,33.0,1.0,393.0,GC
2024-11-01 19:55:00+00:00,2744.1,2744.6,2743.8,2743.8,492,33.0,1.0,393.0,GC
2024-11-01 20:00:00+00:00,2743.9,2744.3,2743.5,2744.1,227,33.0,1.0,393.0,GC
2024-11-01 20:05:00+00:00,2744.0,2744.5,2743.2,2743.7,214,33.0,1.0,393.0,GC
2024-11-01 20:10:00+00:00,2743.7,2744.8,2743.1,2744.5,175,33.0,1.0,393.0,GC
2024-11-01 20:15:00+00:00,2744.5,2744.5,2743.5,2743.8,159,33.0,1.0,393.0,GC
2024-11-01 20:20:00+00:00,2744.0,2744.0,2743.0,2743.2,168,33.0,1.0,393.0,GC
2024-11-01 20:25:00+00:00,2743.3,2744.4,2743.2,2744.3,165,33.0,1.0,393.0,GC
2024-11-01 20:30:00+00:00,2744.1,2744.6,2743.5,2744.4,166,33.0,1.0,393.0,GC
2024-11-01 20:35:00+00:00,2744.5,2744.5,2743.6,2744.3,168,33.0,1.0,393.0,GC
2024-11-01 20:40:00+00:00,2744.4,2744.8,2744.2,2744.2,164,33.0,1.0,393.0,GC
2024-11-01 20:45:00+00:00,2744.2,2744.6,2744.1,2744.3,155,33.0,1.0,393.0,GC
2024-11-01 20:50:00+00:00,2744.4,2745.2,2744.0,2744.8,316,33.0,1.0,393.0,GC
2024-11-01 20:55:00+00:00,2744.9,2746.7,2744.6,2745.9,375,33.0,1.0,393.0,GC
2024-11-03 23:00:00+00:00,2743.5,2749.0,2739.4,2741.4,2067,33.0,1.0,393.0,GC
2024-11-03 23:05:00+00:00,2741.4,2744.9,2741.4,2744.1,851,33.0,1.0,393.0,GC
2024-11-03 23:10:00+00:00,2743.9,2745.9,2743.5,2745.8,343,33.0,1.0,393.0,GC
2024-11-03 23:15:00+00:00,2745.8,2748.4,2745.5,2746.7,508,33.0,1.0,393.0,GC
2024-11-03 23:20:00+00:00,2746.8,2748.6,2746.6,2748.5,294,33.0,1.0,393.0,GC
2024-11-03 23:25:00+00:00,2748.4,2748.6,2747.9,2748.3,219,33.0,1.0,393.0,GC
2024-11-03 23:30:00+00:00,2748.3,2749.5,2748.0,2748.2,265,33.0,1.0,393.0,GC
2024-11-03 23:35:00+00:00,2748.2,2748.2,2746.9,2747.8,174,33.0,1.0,393.0,GC
2024-11-03 23:40:00+00:00,2748.0,2748.9,2747.5,2748.9,92,33.0,1.0,393.0,GC
2024-11-03 23:45:00+00:00,2748.7,2749.0,2747.8,2748.9,124,33.0,1.0,393.0,GC
2024-11-03 23:50:00+00:00,2748.9,2749.0,2748.1,2748.3,75,33.0,1.0,393.0,GC
2024-11-03 23:55:00+00:00,2748.2,2748.3,2747.4,2747.4,85,33.0,1.0,393.0,GC
2024-11-04 00:00:00+00:00,2747.6,2749.1,2747.5,2748.8,153,33.0,1.0,393.0,GC
2024-11-04 00:05:00+00:00,2748.7,2749.0,2746.4,2746.4,241,33.0,1.0,393.0,GC
2024-11-04 00:10:00+00:00,2746.6,2747.7,2746.3,2746.9,291,33.0,1.0,393.0,GC
2024-11-04 00:15:00+00:00,2746.9,2747.4,2745.9,2746.2,541,33.0,1.0,393.0,GC
2024-11-04 00:20:00+00:00,2746.3,2748.0,2746.0,2747.9,169,33.0,1.0,393.0,GC
2024-11-04 00:25:00+00:00,2748.1,2748.7,2747.9,2748.6,98,33.0,1.0,393.0,GC
2024-11-04 00:30:00+00:00,2748.5,2748.5,2747.4,2747.5,146,33.0,1.0,393.0,GC
2024-11-04 00:35:00+00:00,2747.8,2748.4,2747.5,2747.6,99,33.0,1.0,393.0,GC
2024-11-04 00:40:00+00:00,2747.6,2747.9,2747.1,2747.7,71,33.0,1.0,393.0,GC
2024-11-04 00:45:00+00:00,2747.7,2748.4,2747.7,2748.4,108,33.0,1.0,393.0,GC
2024-11-04 00:50:00+00:00,2748.5,2749.5,2748.4,2749.2,145,33.0,1.0,393.0,GC
2024-11-04 00:55:00+00:00,2749.3,2750.5,2748.9,2749.6,452,33.0,1.0,393.0,GC
2024-11-04 01:00:00+00:00,2749.8,2750.8,2746.9,2748.2,1213,33.0,1.0,393.0,GC
2024-11-04 01:05:00+00:00,2748.1,2748.2,2745.2,2746.6,606,33.0,1.0,393.0,GC
2024-11-04 01:10:00+00:00,2746.5,2746.6,2744.5,2745.9,463,33.0,1.0,393.0,GC
2024-11-04 01:15:00+00:00,2745.8,2747.8,2745.8,2747.6,476,33.0,1.0,393.0,GC
2024-11-04 01:20:00+00:00,2747.6,2748.6,2746.8,2748.1,205,33.0,1.0,393.0,GC
2024-11-04 01:25:00+00:00,2748.3,2748.6,2746.6,2747.4,168,33.0,1.0,393.0,GC
2024-11-04 01:30:00+00:00,2747.4,2748.6,2746.9,2748.4,246,33.0,1.0,393.0,GC
2024-11-04 01:35:00+00:00,2748.4,2749.3,2747.6,2748.0,248,33.0,1.0,393.0,GC
2024-11-04 01:40:00+00:00,2747.9,2748.3,2746.6,2747.6,196,33.0,1.0,393.0,GC
2024-11-04 01:45:00+00:00,2747.5,2749.1,2746.9,2748.9,116,33.0,1.0,393.0,GC
2024-11-04 01:50:00+00:00,2749.0,2749.9,2748.0,2749.8,208,33.0,1.0,393.0,GC
2024-11-04 01:55:00+00:00,2749.9,2750.5,2749.0,2749.2,295,33.0,1.0,393.0,GC
2024-11-04 02:00:00+00:00,2749.1,2749.1,2747.9,2748.6,245,33.0,1.0,393.0,GC
2024-11-04 02:05:00+00:00,2748.7,2750.3,2747.3,2749.3,406,33.0,1.0,393.0,GC
2024-11-04 02:10:00+00:00,2749.3,2749.3,2747.3,2747.3,226,33.0,1.0,393.0,GC
2024-11-04 02:15:00+00:00,2747.4,2747.4,2746.2,2746.4,247,33.0,1.0,393.0,GC
2024-11-04 02:20:00+00:00,2746.2,2747.1,2746.1,2747.0,142,33.0,1.0,393.0,GC
2024-11-04 02:25:00+00:00,2747.0,2748.4,2747.0,2748.0,116,33.0,1.0,393.0,GC
2024-11-04 02:30:00+00:00,2747.8,2748.7,2747.4,2747.4,199,33.0,1.0,393.0,GC
2024-11-04 02:35:00+00:00,2747.3,2747.9,2746.5,2747.5,256,33.0,1.0,393.0,GC
2024-11-04 02:40:00+00:00,2747.5,2748.6,2747.5,2748.4,129,33.0,1.0,393.0,GC
2024-11-04 02:45:00+00:00,2748.4,2748.6,2747.6,2748.2,115,33.0,1.0,393.0,GC
2024-11-04 02:50:00+00:00,2748.7,2749.7,2748.7,2749.4,182,33.0,1.0,393.0,GC
2024-11-04 02:55:00+00:00,2749.5,2749.9,2749.1,2749.3,136,33.0,1.0,393.0,GC
2024-11-04 03:00:00+00:00,2749.5,2750.4,2749.2,2749.6,220,33.0,1.0,393.0,GC
2024-11-04 03:05:00+00:00,2749.5,2750.4,2748.7,2750.0,173,33.0,1.0,393.0,GC
2024-11-04 03:10:00+00:00,2750.1,2751.7,2750.0,2751.4,223,33.0,1.0,393.0,GC
2024-11-04 03:15:00+00:00,2751.5,2751.7,2750.1,2750.4,169,33.0,1.0,393.0,GC
2024-11-04 03:20:00+00:00,2750.3,2751.4,2749.5,2751.0,167,33.0,1.0,393.0,GC
2024-11-04 03:25:00+00:00,2751.2,2751.6,2750.8,2751.6,333,33.0,1.0,393.0,GC
2024-11-04 03:30:00+00:00,2751.6,2751.7,2749.8,2750.4,155,33.0,1.0,393.0,GC
2024-11-04 03:35:00+00:00,2750.6,2751.9,2750.4,2751.6,94,33.0,1.0,393.0,GC
2024-11-04 03:40:00+00:00,2751.8,2751.8,2750.4,2750.6,117,33.0,1.0,393.0,GC
2024-11-04 03:45:00+00:00,2750.7,2750.7,2749.9,2750.3,168,33.0,1.0,393.0,GC
2024-11-04 03:50:00+00:00,2750.3,2750.7,2750.2,2750.3,46,33.0,1.0,393.0,GC
2024-11-04 03:55:00+00:00,2750.4,2750.6,2749.8,2750.3,77,33.0,1.0,393.0,GC
2024-11-04 04:00:00+00:00,2750.3,2750.6,2749.8,2750.6,85,33.0,1.0,393.0,GC
2024-11-04 04:05:00+00:00,2750.5,2751.3,2749.8,2750.8,138,33.0,1.0,393.0,GC
2024-11-04 04:10:00+00:00,2750.9,2751.1,2750.0,2750.6,73,33.0,1.0,393.0,GC
2024-11-04 04:15:00+00:00,2750.6,2750.7,2749.9,2749.9,57,33.0,1.0,393.0,GC
2024-11-04 04:20:00+00:00,2750.0,2750.0,2749.5,2749.8,75,33.0,1.0,393.0,GC
2024-11-04 04:25:00+00:00,2749.9,2750.1,2748.9,2749.1,148,33.0,1.0,393.0,GC
2024-11-04 04:30:00+00:00,2749.0,2750.4,2749.0,2750.4,124,33.0,1.0,393.0,GC
2024-11-04 04:35:00+00:00,2750.4,2751.1,2750.4,2751.0,92,33.0,1.0,393.0,GC
2024-11-04 04:40:00+00:00,2751.1,2751.2,2750.9,2751.0,66,33.0,1.0,393.0,GC
2024-11-04 04:45:00+00:00,2751.1,2751.4,2750.8,2750.8,94,33.0,1.0,393.0,GC
2024-11-04 04:50:00+00:00,2750.8,2751.1,2750.3,2750.6,136,33.0,1.0,393.0,GC
2024-11-04 04:55:00+00:00,2750.7,2750.7,2750.1,2750.3,79,33.0,1.0,393.0,GC
2024-11-04 05:00:00+00:00,2750.4,2750.4,2749.3,2749.5,111,33.0,1.0,393.0,GC
2024-11-04 05:05:00+00:00,2749.6,2751.4,2749.5,2751.0,362,33.0,1.0,393.0,GC
2024-11-04 05:10:00+00:00,2751.0,2752.0,2750.5,2751.9,461,33.0,1.0,393.0,GC
2024-11-04 05:15:00+00:00,2751.8,2753.0,2751.2,2751.4,552,33.0,1.0,393.0,GC
2024-11-04 05:20:00+00:00,2751.3,2751.7,2750.4,2751.0,127,33.0,1.0,393.0,GC
2024-11-04 05:25:00+00:00,2750.9,2751.0,2750.0,2750.2,124,33.0,1.0,393.0,GC
2024-11-04 05:30:00+00:00,2750.2,2750.3,2748.3,2748.9,392,33.0,1.0,393.0,GC
2024-11-04 05:35:00+00:00,2748.7,2749.6,2747.7,2747.9,271,33.0,1.0,393.0,GC
2024-11-04 05:40:00+00:00,2747.8,2749.0,2747.7,2748.5,142,33.0,1.0,393.0,GC
2024-11-04 05:45:00+00:00,2748.6,2748.8,2746.8,2747.5,218,33.0,1.0,393.0,GC
2024-11-04 05:50:00+00:00,2747.6,2748.7,2747.6,2748.2,185,33.0,1.0,393.0,GC
2024-11-04 05:55:00+00:00,2748.2,2750.9,2748.2,2750.8,364,33.0,1.0,393.0,GC
2024-11-04 06:00:00+00:00,2750.8,2750.8,2749.0,2749.2,283,33.0,1.0,393.0,GC
2024-11-04 06:05:00+00:00,2749.0,2749.0,2746.7,2747.0,340,33.0,1.0,393.0,GC
2024-11-04 06:10:00+00:00,2746.9,2747.8,2746.8,2747.3,145,33.0,1.0,393.0,GC
2024-11-04 06:15:00+00:00,2747.2,2747.9,2747.0,2747.5,260,33.0,1.0,393.0,GC
2024-11-04 06:20:00+00:00,2747.4,2747.4,2745.0,2745.7,859,33.0,1.0,393.0,GC
2024-11-04 06:25:00+00:00,2745.8,2747.8,2745.1,2747.7,743,33.0,1.0,393.0,GC
2024-11-04 06:30:00+00:00,2747.8,2747.8,2746.4,2747.4,349,33.0,1.0,393.0,GC
2024-11-04 06:35:00+00:00,2747.3,2747.9,2746.8,2747.1,233,33.0,1.0,393.0,GC
2024-11-04 06:40:00+00:00,2747.1,2747.4,2746.7,2747.3,140,33.0,1.0,393.0,GC
2024-11-04 06:45:00+00:00,2747.4,2748.1,2746.7,2747.5,292,33.0,1.0,393.0,GC
2024-11-04 06:50:00+00:00,2747.4,2748.8,2746.9,2748.7,230,33.0,1.0,393.0,GC
2024-11-04 06:55:00+00:00,2748.8,2750.8,2748.6,2750.8,507,33.0,1.0,393.0,GC
2024-11-04 07:00:00+00:00,2750.7,2751.6,2750.0,2750.0,507,33.0,1.0,393.0,GC
2024-11-04 07:05:00+00:00,2750.0,2753.0,2749.8,2752.3,835,33.0,1.0,393.0,GC
2024-11-04 07:10:00+00:00,2752.4,2754.0,2751.8,2751.8,1135,33.0,1.0,393.0,GC
2024-11-04 07:15:00+00:00,2751.8,2752.3,2750.8,2751.3,289,33.0,1.0,393.0,GC
2024-11-04 07:20:00+00:00,2751.3,2751.3,2750.4,2750.6,139,33.0,1.0,393.0,GC
2024-11-04 07:25:00+00:00,2750.8,2750.8,2748.7,2749.1,270,33.0,1.0,393.0,GC
2024-11-04 07:30:00+00:00,2749.2,2749.7,2748.3,2748.7,303,33.0,1.0,393.0,GC
2024-11-04 07:35:00+00:00,2748.6,2749.3,2748.2,2748.3,157,33.0,1.0,393.0,GC
2024-11-04 07:40:00+00:00,2748.3,2748.8,2747.4,2747.4,260,33.0,1.0,393.0,GC
2024-11-04 07:45:00+00:00,2747.3,2747.3,2745.8,2746.1,388,33.0,1.0,393.0,GC
2024-11-04 07:50:00+00:00,2746.1,2746.1,2744.2,2745.0,371,33.0,1.0,393.0,GC
2024-11-04 07:55:00+00:00,2744.9,2745.7,2744.6,2745.0,364,33.0,1.0,393.0,GC
2024-11-04 08:00:00+00:00,2745.0,2745.2,2743.3,2744.6,1168,33.0,1.0,393.0,GC
2024-11-04 08:05:00+00:00,2744.7,2746.4,2744.4,2746.2,719,33.0,1.0,393.0,GC
2024-11-04 08:10:00+00:00,2746.1,2746.5,2745.0,2745.1,379,33.0,1.0,393.0,GC
2024-11-04 08:15:00+00:00,2745.1,2745.6,2743.0,2743.5,542,33.0,1.0,393.0,GC
2024-11-04 08:20:00+00:00,2743.6,2744.8,2743.3,2744.7,300,33.0,1.0,393.0,GC
2024-11-04 08:25:00+00:00,2744.7,2745.2,2744.4,2745.0,270,33.0,1.0,393.0,GC
2024-11-04 08:30:00+00:00,2744.8,2747.7,2743.9,2747.2,863,33.0,1.0,393.0,GC
2024-11-04 08:35:00+00:00,2747.3,2747.6,2745.9,2746.8,484,33.0,1.0,393.0,GC
2024-11-04 08:40:00+00:00,2746.9,2747.4,2745.3,2745.7,493,33.0,1.0,393.0,GC
2024-11-04 08:45:00+00:00,2745.7,2746.3,2744.4,2744.5,187,33.0,1.0,393.0,GC
2024-11-04 08:50:00+00:00,2744.4,2744.8,2740.7,2742.5,1180,33.0,1.0,393.0,GC
2024-11-04 08:55:00+00:00,2742.5,2743.7,2742.3,2742.3,466,33.0,1.0,393.0,GC
2024-11-04 09:00:00+00:00,2742.3,2744.5,2741.5,2744.0,744,33.0,1.0,393.0,GC
2024-11-04 09:05:00+00:00,2743.9,2744.1,2742.6,2742.9,514,33.0,1.0,393.0,GC
2024-11-04 09:10:00+00:00,2742.9,2743.2,2741.9,2742.9,453,33.0,1.0,393.0,GC
2024-11-04 09:15:00+00:00,2742.9,2747.1,2742.9,2747.1,1012,33.0,1.0,393.0,GC
2024-11-04 09:20:00+00:00,2747.0,2749.1,2746.6,2748.5,908,33.0,1.0,393.0,GC
2024-11-04 09:25:00+00:00,2748.5,2750.8,2748.5,2750.3,516,33.0,1.0,393.0,GC
2024-11-04 09:30:00+00:00,2750.3,2751.8,2750.0,2751.5,565,33.0,1.0,393.0,GC
2024-11-04 09:35:00+00:00,2751.3,2752.3,2750.9,2751.7,433,33.0,1.0,393.0,GC
2024-11-04 09:40:00+00:00,2751.7,2751.7,2749.7,2749.7,783,33.0,1.0,393.0,GC
2024-11-04 09:45:00+00:00,2749.8,2752.2,2748.6,2752.2,1402,33.0,1.0,393.0,GC
2024-11-04 09:50:00+00:00,2752.2,2753.2,2750.8,2751.9,1039,33.0,1.0,393.0,GC
2024-11-04 09:55:00+00:00,2751.8,2752.9,2750.2,2752.4,663,33.0,1.0,393.0,GC
2024-11-04 10:00:00+00:00,2752.4,2753.5,2752.0,2752.3,292,33.0,1.0,393.0,GC
2024-11-04 10:05:00+00:00,2752.3,2752.8,2751.4,2752.8,180,33.0,1.0,393.0,GC
2024-11-04 10:10:00+00:00,2752.7,2754.4,2752.7,2753.5,945,33.0,1.0,393.0,GC
2024-11-04 10:15:00+00:00,2753.5,2753.6,2751.6,2751.8,922,33.0,1.0,393.0,GC
2024-11-04 10:20:00+00:00,2751.8,2752.1,2751.2,2752.0,186,33.0,1.0,393.0,GC
2024-11-04 10:25:00+00:00,2752.1,2752.7,2750.3,2751.1,429,33.0,1.0,393.0,GC
2024-11-04 10:30:00+00:00,2751.0,2751.0,2749.7,2750.0,903,33.0,1.0,393.0,GC
2024-11-04 10:35:00+00:00,2750.0,2751.3,2749.2,2751.2,382,33.0,1.0,393.0,GC
2024-11-04 10:40:00+00:00,2751.1,2751.5,2749.8,2750.2,286,33.0,1.0,393.0,GC
2024-11-04 10:45:00+00:00,2750.0,2750.3,2748.2,2748.3,313,33.0,1.0,393.0,GC
2024-11-04 10:50:00+00:00,2748.4,2748.5,2746.2,2746.6,889,33.0,1.0,393.0,GC
2024-11-04 10:55:00+00:00,2746.5,2748.3,2746.3,2747.6,575,33.0,1.0,393.0,GC
2024-11-04 11:00:00+00:00,2747.6,2749.2,2746.6,2747.0,498,33.0,1.0,393.0,GC
2024-11-04 11:05:00+00:00,2747.0,2748.3,2746.2,2748.3,245,33.0,1.0,393.0,GC
2024-11-04 11:10:00+00:00,2748.2,2748.2,2746.8,2747.1,201,33.0,1.0,393.0,GC
2024-11-04 11:15:00+00:00,2747.0,2747.2,2745.4,2746.7,338,33.0,1.0,393.0,GC
2024-11-04 11:20:00+00:00,2746.8,2747.6,2746.2,2747.3,341,33.0,1.0,393.0,GC
2024-11-04 11:25:00+00:00,2747.3,2747.6,2746.6,2747.0,112,33.0,1.0,393.0,GC
2024-11-04 11:30:00+00:00,2747.2,2748.9,2746.9,2747.9,225,33.0,1.0,393.0,GC
2024-11-04 11:35:00+00:00,2748.0,2750.0,2747.6,2749.7,359,33.0,1.0,393.0,GC
2024-11-04 11:40:00+00:00,2749.8,2750.0,2747.6,2748.5,620,33.0,1.0,393.0,GC
2024-11-04 11:45:00+00:00,2748.5,2750.1,2748.4,2749.8,201,33.0,1.0,393.0,GC
2024-11-04 11:50:00+00:00,2749.9,2750.3,2749.5,2749.7,292,33.0,1.0,393.0,GC
2024-11-04 11:55:00+00:00,2749.6,2750.0,2749.4,2749.9,206,33.0,1.0,393.0,GC
2024-11-04 12:00:00+00:00,2749.7,2751.6,2749.7,2751.2,403,33.0,1.0,393.0,GC
2024-11-04 12:05:00+00:00,2751.3,2752.3,2750.9,2751.7,282,33.0,1.0,393.0,GC
2024-11-04 12:10:00+00:00,2751.7,2752.4,2749.3,2750.0,843,33.0,1.0,393.0,GC
2024-11-04 12:15:00+00:00,2750.1,2751.3,2749.2,2750.0,388,33.0,1.0,393.0,GC
2024-11-04 12:20:00+00:00,2750.0,2750.3,2749.3,2750.1,185,33.0,1.0,393.0,GC
2024-11-04 12:25:00+00:00,2750.1,2750.6,2748.2,2749.4,433,33.0,1.0,393.0,GC
2024-11-04 12:30:00+00:00,2749.5,2749.9,2748.6,2749.2,316,33.0,1.0,393.0,GC
2024-11-04 12:35:00+00:00,2749.3,2750.3,2748.8,2750.2,204,33.0,1.0,393.0,GC
2024-11-04 12:40:00+00:00,2750.2,2751.3,2749.7,2751.1,404,33.0,1.0,393.0,GC
2024-11-04 12:45:00+00:00,2751.0,2753.0,2751.0,2752.9,630,33.0,1.0,393.0,GC
2024-11-04 12:50:00+00:00,2752.9,2753.2,2751.4,2751.7,553,33.0,1.0,393.0,GC
2024-11-04 12:55:00+00:00,2751.8,2753.1,2751.6,2752.7,367,33.0,1.0,393.0,GC
2024-11-04 13:00:00+00:00,2752.7,2753.8,2751.3,2752.7,852,33.0,1.0,393.0,GC
2024-11-04 13:05:00+00:00,2752.4,2753.0,2751.3,2752.1,290,33.0,1.0,393.0,GC
2024-11-04 13:10:00+00:00,2752.2,2753.4,2751.8,2753.4,498,33.0,1.0,393.0,GC
2024-11-04 13:15:00+00:00,2753.4,2754.2,2751.7,2752.2,500,33.0,1.0,393.0,GC
2024-11-04 13:20:00+00:00,2752.3,2753.4,2748.9,2749.6,1388,33.0,1.0,393.0,GC
2024-11-04 13:25:00+00:00,2749.7,2751.2,2749.0,2750.0,910,33.0,1.0,393.0,GC
2024-11-04 13:30:00+00:00,2749.7,2751.5,2747.9,2750.5,1303,33.0,1.0,393.0,GC
2024-11-04 13:35:00+00:00,2750.6,2753.4,2749.5,2753.0,817,33.0,1.0,393.0,GC
2024-11-04 13:40:00+00:00,2752.9,2754.3,2752.8,2753.8,767,33.0,1.0,393.0,GC
2024-11-04 13:45:00+00:00,2754.0,2755.3,2753.2,2753.7,1088,33.0,1.0,393.0,GC
2024-11-04 13:50:00+00:00,2753.7,2755.8,2753.5,2755.2,775,33.0,1.0,393.0,GC
2024-11-04 13:55:00+00:00,2755.2,2756.2,2754.6,2756.1,804,33.0,1.0,393.0,GC
2024-11-04 14:00:00+00:00,2756.1,2756.6,2754.6,2756.4,1033,33.0,1.0,393.0,GC
2024-11-04 14:05:00+00:00,2756.4,2757.5,2755.3,2755.4,1036,33.0,1.0,393.0,GC
2024-11-04 14:10:00+00:00,2755.4,2756.2,2754.9,2755.3,682,33.0,1.0,393.0,GC
2024-11-04 14:15:00+00:00,2755.4,2755.6,2754.2,2754.3,781,33.0,1.0,393.0,GC
2024-11-04 14:20:00+00:00,2754.2,2754.4,2752.1,2752.8,942,33.0,1.0,393.0,GC
2024-11-04 14:25:00+00:00,2752.9,2753.2,2751.5,2752.0,708,33.0,1.0,393.0,GC
2024-11-04 14:30:00+00:00,2752.0,2752.7,2750.9,2751.2,1407,33.0,1.0,393.0,GC
2024-11-04 14:35:00+00:00,2751.4,2751.9,2747.1,2748.7,2097,33.0,1.0,393.0,GC
2024-11-04 14:40:00+00:00,2748.7,2755.3,2748.0,2754.9,1936,33.0,1.0,393.0,GC
2024-11-04 14:45:00+00:00,2754.9,2755.1,2751.2,2751.4,1170,33.0,1.0,393.0,GC
2024-11-04 14:50:00+00:00,2751.1,2753.2,2750.2,2752.4,736,33.0,1.0,393.0,GC
2024-11-04 14:55:00+00:00,2752.4,2753.9,2751.8,2752.6,450,33.0,1.0,393.0,GC
2024-11-04 15:00:00+00:00,2752.9,2753.8,2751.0,2751.6,1696,33.0,1.0,393.0,GC
2024-11-04 15:05:00+00:00,2751.7,2753.3,2750.5,2752.4,900,33.0,1.0,393.0,GC
2024-11-04 15:10:00+00:00,2752.5,2754.5,2752.1,2754.0,632,33.0,1.0,393.0,GC
2024-11-04 15:15:00+00:00,2754.2,2754.8,2753.5,2754.8,861,33.0,1.0,393.0,GC
2024-11-04 15:20:00+00:00,2754.8,2755.0,2751.5,2753.0,838,33.0,1.0,393.0,GC
2024-11-04 15:25:00+00:00,2753.0,2753.2,2750.9,2751.1,455,33.0,1.0,393.0,GC
2024-11-04 15:30:00+00:00,2751.0,2751.3,2748.1,2748.2,1586,33.0,1.0,393.0,GC
2024-11-04 15:35:00+00:00,2748.1,2750.5,2747.0,2749.7,1730,33.0,1.0,393.0,GC
2024-11-04 15:40:00+00:00,2749.9,2752.4,2748.7,2751.1,2427,33.0,1.0,393.0,GC
2024-11-04 15:45:00+00:00,2751.3,2751.3,2748.7,2750.0,949,33.0,1.0,393.0,GC
2024-11-04 15:50:00+00:00,2749.9,2750.4,2748.8,2749.8,650,33.0,1.0,393.0,GC
2024-11-04 15:55:00+00:00,2749.7,2749.9,2747.2,2747.8,1219,33.0,1.0,393.0,GC
2024-11-04 16:00:00+00:00,2747.9,2748.3,2745.6,2745.8,1821,33.0,1.0,393.0,GC
2024-11-04 16:05:00+00:00,2745.9,2746.8,2744.7,2746.1,1167,33.0,1.0,393.0,GC
2024-11-04 16:10:00+00:00,2746.1,2747.1,2744.6,2744.8,1059,33.0,1.0,393.0,GC
2024-11-04 16:15:00+00:00,2744.9,2746.4,2744.2,2745.8,708,33.0,1.0,393.0,GC
2024-11-04 16:20:00+00:00,2745.9,2747.3,2745.1,2746.8,768,33.0,1.0,393.0,GC
2024-11-04 16:25:00+00:00,2746.8,2747.7,2746.2,2747.2,744,33.0,1.0,393.0,GC
2024-11-04 16:30:00+00:00,2747.3,2748.4,2746.8,2746.8,580,33.0,1.0,393.0,GC
2024-11-04 16:35:00+00:00,2746.8,2748.2,2746.5,2747.6,760,33.0,1.0,393.0,GC
2024-11-04 16:40:00+00:00,2747.5,2748.0,2744.4,2744.8,778,33.0,1.0,393.0,GC
2024-11-04 16:45:00+00:00,2744.7,2745.1,2743.1,2743.4,864,33.0,1.0,393.0,GC
2024-11-04 16:50:00+00:00,2743.3,2744.0,2742.8,2742.9,554,33.0,1.0,393.0,GC
2024-11-04 16:55:00+00:00,2742.9,2744.3,2741.8,2743.8,1146,33.0,1.0,393.0,GC
2024-11-04 17:00:00+00:00,2743.8,2744.8,2742.8,2742.9,782,33.0,1.0,393.0,GC
2024-11-04 17:05:00+00:00,2742.9,2743.4,2742.3,2743.1,557,33.0,1.0,393.0,GC
2024-11-04 17:10:00+00:00,2743.0,2744.3,2741.0,2744.1,950,33.0,1.0,393.0,GC
2024-11-04 17:15:00+00:00,2744.3,2745.7,2743.6,2745.2,672,33.0,1.0,393.0,GC
2024-11-04 17:20:00+00:00,2745.3,2746.2,2745.2,2746.0,381,33.0,1.0,393.0,GC
2024-11-04 17:25:00+00:00,2746.1,2747.5,2745.8,2747.1,644,33.0,1.0,393.0,GC
2024-11-04 17:30:00+00:00,2747.1,2747.6,2745.5,2745.6,496,33.0,1.0,393.0,GC
2024-11-04 17:35:00+00:00,2745.8,2746.6,2745.8,2746.2,472,33.0,1.0,393.0,GC
2024-11-04 17:40:00+00:00,2746.2,2746.7,2745.2,2745.8,249,33.0,1.0,393.0,GC
2024-11-04 17:45:00+00:00,2745.8,2745.8,2744.6,2745.5,375,33.0,1.0,393.0,GC
2024-11-04 17:50:00+00:00,2745.7,2747.6,2745.7,2747.4,508,33.0,1.0,393.0,GC
2024-11-04 17:55:00+00:00,2747.4,2747.9,2746.4,2747.8,260,33.0,1.0,393.0,GC
2024-11-04 18:00:00+00:00,2747.7,2748.0,2746.2,2746.7,625,33.0,1.0,393.0,GC
2024-11-04 18:05:00+00:00,2746.8,2747.1,2744.9,2745.3,405,33.0,1.0,393.0,GC
2024-11-04 18:10:00+00:00,2745.3,2747.1,2745.2,2746.4,378,33.0,1.0,393.0,GC
2024-11-04 18:15:00+00:00,2746.4,2747.8,2745.9,2747.6,529,33.0,1.0,393.0,GC
2024-11-04 18:20:00+00:00,2747.5,2747.5,2745.9,2746.9,511,33.0,1.0,393.0,GC
2024-11-04 18:25:00+00:00,2746.9,2748.0,2745.9,2746.1,963,33.0,1.0,393.0,GC
2024-11-04 18:30:00+00:00,2746.1,2747.2,2745.7,2747.1,561,33.0,1.0,393.0,GC
2024-11-04 18:35:00+00:00,2747.3,2748.6,2747.2,2748.6,711,33.0,1.0,393.0,GC
2024-11-04 18:40:00+00:00,2748.5,2748.6,2747.2,2747.3,258,33.0,1.0,393.0,GC
2024-11-04 18:45:00+00:00,2747.4,2747.4,2746.4,2747.2,145,33.0,1.0,393.0,GC
2024-11-04 18:50:00+00:00,2747.1,2747.7,2746.4,2747.5,77,33.0,1.0,393.0,GC
2024-11-04 18:55:00+00:00,2747.4,2747.7,2746.6,2747.7,187,33.0,1.0,393.0,GC
2024-11-04 19:00:00+00:00,2747.6,2748.2,2747.5,2747.7,120,33.0,1.0,393.0,GC
2024-11-04 19:05:00+00:00,2747.6,2748.8,2747.6,2748.5,149,33.0,1.0,393.0,GC
2024-11-04 19:10:00+00:00,2748.4,2748.6,2747.0,2747.6,139,33.0,1.0,393.0,GC
2024-11-04 19:15:00+00:00,2747.6,2748.2,2746.9,2747.1,151,33.0,1.0,393.0,GC
2024-11-04 19:20:00+00:00,2747.0,2747.6,2746.8,2747.2,156,33.0,1.0,393.0,GC
2024-11-04 19:25:00+00:00,2747.3,2747.3,2746.9,2747.0,107,33.0,1.0,393.0,GC
2024-11-04 19:30:00+00:00,2746.9,2748.4,2746.5,2748.4,198,33.0,1.0,393.0,GC
2024-11-04 19:35:00+00:00,2748.2,2749.0,2748.1,2748.9,287,33.0,1.0,393.0,GC
2024-11-04 19:40:00+00:00,2749.0,2749.2,2747.8,2748.2,349,33.0,1.0,393.0,GC
2024-11-04 19:45:00+00:00,2748.3,2748.6,2747.9,2748.5,156,33.0,1.0,393.0,GC
2024-11-04 19:50:00+00:00,2748.7,2748.9,2747.8,2747.9,82,33.0,1.0,393.0,GC
2024-11-04 19:55:00+00:00,2747.8,2748.4,2747.5,2747.7,126,33.0,1.0,393.0,GC
2024-11-04 20:00:00+00:00,2747.6,2747.6,2746.2,2746.6,196,33.0,1.0,393.0,GC
2024-11-04 20:05:00+00:00,2746.6,2746.8,2745.9,2746.3,280,33.0,1.0,393.0,GC
2024-11-04 20:10:00+00:00,2746.3,2746.5,2745.7,2746.3,127,33.0,1.0,393.0,GC
2024-11-04 20:15:00+00:00,2746.2,2746.9,2745.9,2746.9,168,33.0,1.0,393.0,GC
2024-11-04 20:20:00+00:00,2747.0,2747.2,2746.4,2746.7,90,33.0,1.0,393.0,GC
2024-11-04 20:25:00+00:00,2746.8,2747.8,2746.8,2747.7,129,33.0,1.0,393.0,GC
2024-11-04 20:30:00+00:00,2747.6,2748.1,2747.1,2747.3,233,33.0,1.0,393.0,GC
2024-11-04 20:35:00+00:00,2747.4,2747.5,2745.9,2745.9,161,33.0,1.0,393.0,GC
2024-11-04 20:40:00+00:00,2745.9,2746.8,2745.7,2746.5,119,33.0,1.0,393.0,GC
2024-11-04 20:45:00+00:00,2746.7,2746.8,2746.1,2746.1,182,33.0,1.0,393.0,GC
2024-11-04 20:50:00+00:00,2746.2,2746.6,2745.8,2746.5,253,33.0,1.0,393.0,GC
2024-11-04 20:55:00+00:00,2746.4,2747.1,2746.3,2746.5,315,33.0,1.0,393.0,GC
2024-11-04 21:00:00+00:00,2746.6,2746.8,2746.5,2746.5,94,33.0,1.0,393.0,GC
2024-11-04 21:05:00+00:00,2746.4,2746.4,2745.7,2746.2,61,33.0,1.0,393.0,GC
2024-11-04 21:10:00+00:00,2746.1,2746.1,2745.6,2745.8,57,33.0,1.0,393.0,GC
2024-11-04 21:15:00+00:00,2745.7,2745.7,2745.2,2745.4,86,33.0,1.0,393.0,GC
2024-11-04 21:20:00+00:00,2745.3,2745.4,2745.1,2745.3,96,33.0,1.0,393.0,GC
2024-11-04 21:25:00+00:00,2745.3,2745.5,2745.1,2745.4,57,33.0,1.0,393.0,GC
2024-11-04 21:30:00+00:00,2745.3,2746.0,2745.3,2745.9,67,33.0,1.0,393.0,GC
2024-11-04 21:35:00+00:00,2745.8,2746.1,2745.6,2745.8,38,33.0,1.0,393.0,GC
2024-11-04 21:40:00+00:00,2745.6,2745.6,2745.3,2745.3,32,33.0,1.0,393.0,GC
2024-11-04 21:45:00+00:00,2745.4,2745.7,2745.3,2745.7,27,33.0,1.0,393.0,GC
2024-11-04 21:50:00+00:00,2745.6,2745.8,2745.4,2745.6,50,33.0,1.0,393.0,GC
2024-11-04 21:55:00+00:00,2745.6,2745.9,2745.2,2745.8,87,33.0,1.0,393.0,GC
2024-11-04 23:00:00+00:00,2746.0,2746.9,2745.5,2746.1,174,33.0,1.0,393.0,GC
2024-11-04 23:05:00+00:00,2746.2,2746.4,2745.8,2746.4,88,33.0,1.0,393.0,GC
2024-11-04 23:10:00+00:00,2746.4,2746.4,2745.9,2746.2,60,33.0,1.0,393.0,GC
2024-11-04 23:15:00+00:00,2746.1,2746.1,2745.5,2745.6,97,33.0,1.0,393.0,GC
2024-11-04 23:20:00+00:00,2745.7,2746.0,2745.5,2745.5,87,33.0,1.0,393.0,GC
2024-11-04 23:25:00+00:00,2745.5,2745.7,2745.5,2745.5,35,33.0,1.0,393.0,GC
2024-11-04 23:30:00+00:00,2745.5,2745.5,2745.1,2745.4,60,33.0,1.0,393.0,GC
2024-11-04 23:35:00+00:00,2745.4,2745.7,2745.4,2745.7,59,33.0,1.0,393.0,GC
2024-11-04 23:40:00+00:00,2745.6,2745.7,2745.4,2745.6,31,33.0,1.0,393.0,GC
2024-11-04 23:45:00+00:00,2745.8,2746.2,2745.6,2745.8,168,33.0,1.0,393.0,GC
2024-11-04 23:50:00+00:00,2745.8,2746.0,2745.3,2745.5,85,33.0,1.0,393.0,GC
2024-11-04 23:55:00+00:00,2745.5,2745.6,2744.8,2744.8,133,33.0,1.0,393.0,GC
2024-11-05 00:00:00+00:00,2744.8,2744.9,2744.0,2744.5,214,33.0,1.0,393.0,GC
2024-11-05 00:05:00+00:00,2744.5,2744.6,2743.0,2743.2,323,33.0,1.0,393.0,GC
2024-11-05 00:10:00+00:00,2743.1,2744.1,2742.9,2743.3,302,33.0,1.0,393.0,GC
2024-11-05 00:15:00+00:00,2743.3,2744.1,2742.8,2744.0,299,33.0,1.0,393.0,GC
2024-11-05 00:20:00+00:00,2744.1,2744.8,2744.1,2744.6,92,33.0,1.0,393.0,GC
2024-11-05 00:25:00+00:00,2744.6,2745.3,2744.5,2745.1,78,33.0,1.0,393.0,GC
2024-11-05 00:30:00+00:00,2745.1,2745.3,2744.5,2745.0,73,33.0,1.0,393.0,GC
2024-11-05 00:35:00+00:00,2744.8,2744.8,2744.1,2744.6,83,33.0,1.0,393.0,GC
2024-11-05 00:40:00+00:00,2744.6,2745.0,2744.3,2744.9,85,33.0,1.0,393.0,GC
2024-11-05 00:45:00+00:00,2745.0,2745.3,2744.8,2745.1,48,33.0,1.0,393.0,GC
2024-11-05 00:50:00+00:00,2745.2,2745.4,2744.3,2744.6,71,33.0,1.0,393.0,GC
2024-11-05 00:55:00+00:00,2744.6,2744.7,2743.7,2743.8,118,33.0,1.0,393.0,GC
2024-11-05 01:00:00+00:00,2743.7,2744.2,2742.8,2743.4,396,33.0,1.0,393.0,GC
2024-11-05 01:05:00+00:00,2743.2,2743.6,2742.7,2743.3,227,33.0,1.0,393.0,GC
2024-11-05 01:10:00+00:00,2743.2,2744.0,2742.8,2743.0,123,33.0,1.0,393.0,GC
2024-11-05 01:15:00+00:00,2743.2,2744.1,2742.0,2743.7,343,33.0,1.0,393.0,GC
2024-11-05 01:20:00+00:00,2743.6,2743.8,2742.6,2743.0,281,33.0,1.0,393.0,GC
2024-11-05 01:25:00+00:00,2742.9,2742.9,2741.6,2742.4,344,33.0,1.0,393.0,GC
2024-11-05 01:30:00+00:00,2742.5,2743.4,2741.6,2743.4,306,33.0,1.0,393.0,GC
2024-11-05 01:35:00+00:00,2743.4,2743.6,2741.6,2743.1,187,33.0,1.0,393.0,GC
2024-11-05 01:40:00+00:00,2743.1,2743.9,2742.2,2742.5,183,33.0,1.0,393.0,GC
2024-11-05 01:45:00+00:00,2742.6,2745.0,2742.5,2745.0,262,33.0,1.0,393.0,GC
2024-11-05 01:50:00+00:00,2744.7,2744.8,2742.0,2742.0,498,33.0,1.0,393.0,GC
2024-11-05 01:55:00+00:00,2742.0,2743.5,2741.8,2743.1,185,33.0,1.0,393.0,GC
2024-11-05 02:00:00+00:00,2743.0,2744.0,2741.9,2743.3,337,33.0,1.0,393.0,GC
2024-11-05 02:05:00+00:00,2743.3,2743.9,2742.8,2743.6,129,33.0,1.0,393.0,GC
2024-11-05 02:10:00+00:00,2743.6,2744.1,2742.9,2743.7,116,33.0,1.0,393.0,GC
2024-11-05 02:15:00+00:00,2743.9,2744.1,2743.1,2744.0,85,33.0,1.0,393.0,GC
2024-11-05 02:20:00+00:00,2743.8,2744.0,2742.2,2742.4,133,33.0,1.0,393.0,GC
2024-11-05 02:25:00+00:00,2742.7,2743.2,2742.4,2742.9,93,33.0,1.0,393.0,GC
2024-11-05 02:30:00+00:00,2743.0,2743.6,2739.1,2739.4,915,33.0,1.0,393.0,GC
2024-11-05 02:35:00+00:00,2739.4,2739.5,2735.2,2737.3,1951,33.0,1.0,393.0,GC
2024-11-05 02:40:00+00:00,2737.3,2738.2,2734.2,2734.8,1171,33.0,1.0,393.0,GC
2024-11-05 02:45:00+00:00,2734.9,2735.5,2733.4,2735.3,1081,33.0,1.0,393.0,GC
2024-11-05 02:50:00+00:00,2735.4,2736.0,2734.9,2735.1,405,33.0,1.0,393.0,GC
2024-11-05 02:55:00+00:00,2735.0,2737.7,2734.6,2737.1,438,33.0,1.0,393.0,GC
2024-11-05 03:00:00+00:00,2737.1,2738.9,2736.8,2738.5,782,33.0,1.0,393.0,GC
2024-11-05 03:05:00+00:00,2738.5,2739.6,2738.0,2738.4,619,33.0,1.0,393.0,GC
2024-11-05 03:10:00+00:00,2738.5,2738.8,2737.3,2738.0,398,33.0,1.0,393.0,GC
2024-11-05 03:15:00+00:00,2737.7,2737.9,2736.6,2736.7,241,33.0,1.0,393.0,GC
2024-11-05 03:20:00+00:00,2736.6,2738.3,2736.6,2738.2,176,33.0,1.0,393.0,GC
2024-11-05 03:25:00+00:00,2738.1,2739.3,2738.0,2739.2,181,33.0,1.0,393.0,GC
2024-11-05 03:30:00+00:00,2739.0,2739.5,2738.9,2739.1,121,33.0,1.0,393.0,GC
2024-11-05 03:35:00+00:00,2739.2,2740.9,2739.1,2740.7,387,33.0,1.0,393.0,GC
2024-11-05 03:40:00+00:00,2740.8,2743.2,2740.8,2742.9,799,33.0,1.0,393.0,GC
2024-11-05 03:45:00+00:00,2742.9,2743.8,2742.3,2743.7,309,33.0,1.0,393.0,GC
2024-11-05 03:50:00+00:00,2743.9,2743.9,2743.3,2743.8,240,33.0,1.0,393.0,GC
2024-11-05 03:55:00+00:00,2743.9,2744.8,2743.8,2744.1,451,33.0,1.0,393.0,GC
2024-11-05 04:00:00+00:00,2744.1,2744.4,2743.8,2743.8,189,33.0,1.0,393.0,GC
2024-11-05 04:05:00+00:00,2743.9,2744.8,2743.6,2744.3,226,33.0,1.0,393.0,GC
2024-11-05 04:10:00+00:00,2744.4,2744.7,2743.8,2743.8,119,33.0,1.0,393.0,GC
2024-11-05 04:15:00+00:00,2743.9,2744.9,2743.5,2743.9,262,33.0,1.0,393.0,GC
2024-11-05 04:20:00+00:00,2744.0,2744.9,2743.9,2744.6,141,33.0,1.0,393.0,GC
2024-11-05 04:25:00+00:00,2744.7,2745.1,2744.1,2744.1,194,33.0,1.0,393.0,GC
2024-11-05 04:30:00+00:00,2744.1,2744.1,2741.7,2742.4,461,33.0,1.0,393.0,GC
2024-11-05 04:35:00+00:00,2742.4,2743.5,2742.3,2743.0,603,33.0,1.0,393.0,GC
2024-11-05 04:40:00+00:00,2743.0,2743.9,2743.0,2743.7,72,33.0,1.0,393.0,GC
2024-11-05 04:45:00+00:00,2743.8,2744.3,2743.5,2743.9,144,33.0,1.0,393.0,GC
2024-11-05 04:50:00+00:00,2744.0,2744.0,2743.6,2743.7,51,33.0,1.0,393.0,GC
2024-11-05 04:55:00+00:00,2743.7,2743.7,2742.6,2743.1,127,33.0,1.0,393.0,GC
2024-11-05 05:00:00+00:00,2743.1,2743.7,2743.0,2743.1,91,33.0,1.0,393.0,GC
2024-11-05 05:05:00+00:00,2742.9,2743.9,2742.8,2743.3,124,33.0,1.0,393.0,GC
2024-11-05 05:10:00+00:00,2743.1,2744.2,2743.0,2744.0,150,33.0,1.0,393.0,GC
2024-11-05 05:15:00+00:00,2744.1,2745.2,2744.1,2744.8,144,33.0,1.0,393.0,GC
2024-11-05 05:20:00+00:00,2744.7,2745.2,2744.5,2744.6,113,33.0,1.0,393.0,GC
2024-11-05 05:25:00+00:00,2744.7,2744.8,2744.2,2744.3,93,33.0,1.0,393.0,GC
2024-11-05 05:30:00+00:00,2744.5,2745.6,2743.9,2744.1,316,33.0,1.0,393.0,GC
2024-11-05 05:35:00+00:00,2744.2,2745.9,2744.1,2745.8,234,33.0,1.0,393.0,GC
2024-11-05 05:40:00+00:00,2745.8,2745.9,2743.9,2744.1,220,33.0,1.0,393.0,GC
2024-11-05 05:45:00+00:00,2744.1,2744.2,2742.7,2742.7,239,33.0,1.0,393.0,GC
2024-11-05 05:50:00+00:00,2742.7,2743.1,2741.6,2742.2,309,33.0,1.0,393.0,GC
2024-11-05 05:55:00+00:00,2742.2,2742.5,2740.7,2741.2,330,33.0,1.0,393.0,GC
2024-11-05 06:00:00+00:00,2741.2,2741.2,2740.3,2740.7,272,33.0,1.0,393.0,GC
2024-11-05 06:05:00+00:00,2740.7,2743.3,2740.5,2743.0,363,33.0,1.0,393.0,GC
2024-11-05 06:10:00+00:00,2743.2,2743.5,2742.1,2742.9,348,33.0,1.0,393.0,GC
2024-11-05 06:15:00+00:00,2743.0,2743.5,2742.4,2742.8,283,33.0,1.0,393.0,GC
2024-11-05 06:20:00+00:00,2742.7,2743.8,2742.4,2742.9,743,33.0,1.0,393.0,GC
2024-11-05 06:25:00+00:00,2742.9,2743.2,2741.9,2742.9,211,33.0,1.0,393.0,GC
2024-11-05 06:30:00+00:00,2742.8,2745.7,2742.6,2745.6,372,33.0,1.0,393.0,GC
2024-11-05 06:35:00+00:00,2745.7,2747.1,2745.5,2746.4,588,33.0,1.0,393.0,GC
2024-11-05 06:40:00+00:00,2746.2,2747.2,2745.9,2746.6,231,33.0,1.0,393.0,GC
2024-11-05 06:45:00+00:00,2746.7,2746.9,2746.0,2746.3,289,33.0,1.0,393.0,GC
2024-11-05 06:50:00+00:00,2746.4,2747.7,2746.1,2746.9,226,33.0,1.0,393.0,GC
2024-11-05 06:55:00+00:00,2746.9,2747.5,2746.4,2746.6,240,33.0,1.0,393.0,GC
2024-11-05 07:00:00+00:00,2746.5,2747.6,2746.0,2747.5,247,33.0,1.0,393.0,GC
2024-11-05 07:05:00+00:00,2747.7,2749.7,2747.3,2749.6,526,33.0,1.0,393.0,GC
2024-11-05 07:10:00+00:00,2749.7,2749.9,2749.2,2749.6,238,33.0,1.0,393.0,GC
2024-11-05 07:15:00+00:00,2749.6,2750.1,2749.5,2750.0,245,33.0,1.0,393.0,GC
2024-11-05 07:20:00+00:00,2750.1,2750.2,2748.9,2749.0,450,33.0,1.0,393.0,GC
2024-11-05 07:25:00+00:00,2749.0,2749.7,2748.2,2749.7,258,33.0,1.0,393.0,GC
2024-11-05 07:30:00+00:00,2749.5,2749.6,2746.5,2746.7,354,33.0,1.0,393.0,GC
2024-11-05 07:35:00+00:00,2747.0,2747.5,2746.4,2746.5,198,33.0,1.0,393.0,GC
2024-11-05 07:40:00+00:00,2746.7,2746.8,2745.0,2745.3,286,33.0,1.0,393.0,GC
2024-11-05 07:45:00+00:00,2745.2,2746.0,2744.8,2745.0,325,33.0,1.0,393.0,GC
2024-11-05 07:50:00+00:00,2745.1,2746.0,2744.6,2744.6,292,33.0,1.0,393.0,GC
2024-11-05 07:55:00+00:00,2744.5,2746.1,2744.1,2745.3,394,33.0,1.0,393.0,GC
2024-11-05 08:00:00+00:00,2745.4,2745.4,2742.7,2742.7,517,33.0,1.0,393.0,GC
2024-11-05 08:05:00+00:00,2742.8,2743.2,2741.7,2742.0,673,33.0,1.0,393.0,GC
2024-11-05 08:10:00+00:00,2742.0,2742.4,2741.0,2741.4,676,33.0,1.0,393.0,GC
2024-11-05 08:15:00+00:00,2741.3,2742.8,2741.2,2741.8,542,33.0,1.0,393.0,GC
2024-11-05 08:20:00+00:00,2742.0,2745.1,2742.0,2744.7,860,33.0,1.0,393.0,GC
2024-11-05 08:25:00+00:00,2744.6,2745.4,2743.3,2745.0,562,33.0,1.0,393.0,GC
2024-11-05 08:30:00+00:00,2745.0,2747.0,2744.9,2746.6,404,33.0,1.0,393.0,GC
2024-11-05 08:35:00+00:00,2746.7,2749.1,2746.6,2748.5,702,33.0,1.0,393.0,GC
2024-11-05 08:40:00+00:00,2748.6,2749.1,2747.2,2748.2,363,33.0,1.0,393.0,GC
2024-11-05 08:45:00+00:00,2748.0,2750.5,2748.0,2748.7,692,33.0,1.0,393.0,GC
2024-11-05 08:50:00+00:00,2748.8,2751.2,2748.6,2750.9,611,33.0,1.0,393.0,GC
2024-11-05 08:55:00+00:00,2751.1,2752.5,2750.8,2751.6,884,33.0,1.0,393.0,GC
2024-11-05 09:00:00+00:00,2751.6,2752.8,2751.4,2751.6,526,33.0,1.0,393.0,GC
2024-11-05 09:05:00+00:00,2751.6,2752.4,2751.0,2751.2,449,33.0,1.0,393.0,GC
2024-11-05 09:10:00+00:00,2751.3,2754.1,2750.8,2753.9,668,33.0,1.0,393.0,GC
2024-11-05 09:15:00+00:00,2753.8,2754.2,2752.9,2753.4,518,33.0,1.0,393.0,GC
2024-11-05 09:20:00+00:00,2753.5,2753.6,2751.9,2752.0,316,33.0,1.0,393.0,GC
2024-11-05 09:25:00+00:00,2751.8,2752.7,2751.6,2751.9,244,33.0,1.0,393.0,GC
2024-11-05 09:30:00+00:00,2752.0,2752.0,2750.8,2751.3,237,33.0,1.0,393.0,GC
2024-11-05 09:35:00+00:00,2751.3,2751.5,2750.3,2750.4,217,33.0,1.0,393.0,GC
2024-11-05 09:40:00+00:00,2750.4,2752.0,2750.4,2751.3,219,33.0,1.0,393.0,GC
2024-11-05 09:45:00+00:00,2751.3,2751.4,2748.8,2749.4,835,33.0,1.0,393.0,GC
2024-11-05 09:50:00+00:00,2749.4,2751.2,2749.3,2749.3,556,33.0,1.0,393.0,GC
2024-11-05 09:55:00+00:00,2749.4,2749.4,2748.1,2749.2,357,33.0,1.0,393.0,GC
2024-11-05 10:00:00+00:00,2749.1,2749.3,2747.4,2748.2,382,33.0,1.0,393.0,GC
2024-11-05 10:05:00+00:00,2748.3,2748.6,2747.3,2747.4,289,33.0,1.0,393.0,GC
2024-11-05 10:10:00+00:00,2747.4,2747.7,2746.3,2746.8,369,33.0,1.0,393.0,GC
2024-11-05 10:15:00+00:00,2746.8,2747.2,2745.8,2745.9,291,33.0,1.0,393.0,GC
2024-11-05 10:20:00+00:00,2745.8,2746.6,2745.4,2745.9,298,33.0,1.0,393.0,GC
2024-11-05 10:25:00+00:00,2746.0,2746.9,2744.8,2746.9,662,33.0,1.0,393.0,GC
2024-11-05 10:30:00+00:00,2746.9,2749.7,2746.8,2747.6,1511,33.0,1.0,393.0,GC
2024-11-05 10:35:00+00:00,2747.6,2748.1,2746.3,2747.1,601,33.0,1.0,393.0,GC
2024-11-05 10:40:00+00:00,2747.1,2748.3,2746.2,2748.2,710,33.0,1.0,393.0,GC
2024-11-05 10:45:00+00:00,2748.3,2748.9,2747.1,2747.4,281,33.0,1.0,393.0,GC
2024-11-05 10:50:00+00:00,2747.6,2748.1,2746.8,2746.9,212,33.0,1.0,393.0,GC
2024-11-05 10:55:00+00:00,2746.8,2747.2,2746.4,2747.0,192,33.0,1.0,393.0,GC
2024-11-05 11:00:00+00:00,2747.5,2749.9,2747.5,2749.4,483,33.0,1.0,393.0,GC
2024-11-05 11:05:00+00:00,2749.5,2749.8,2748.3,2748.8,190,33.0,1.0,393.0,GC
2024-11-05 11:10:00+00:00,2748.8,2749.8,2748.8,2749.3,162,33.0,1.0,393.0,GC
2024-11-05 11:15:00+00:00,2749.3,2749.4,2748.0,2749.0,265,33.0,1.0,393.0,GC
2024-11-05 11:20:00+00:00,2748.8,2749.1,2748.3,2748.4,160,33.0,1.0,393.0,GC
2024-11-05 11:25:00+00:00,2748.4,2750.4,2748.3,2750.4,238,33.0,1.0,393.0,GC
2024-11-05 11:30:00+00:00,2750.3,2751.0,2749.9,2750.1,789,33.0,1.0,393.0,GC
2024-11-05 11:35:00+00:00,2750.3,2751.0,2749.9,2750.6,232,33.0,1.0,393.0,GC
2024-11-05 11:40:00+00:00,2750.5,2752.0,2749.0,2749.7,1436,33.0,1.0,393.0,GC
2024-11-05 11:45:00+00:00,2749.8,2751.2,2748.4,2750.5,1918,33.0,1.0,393.0,GC
2024-11-05 11:50:00+00:00,2750.6,2751.9,2750.5,2751.9,282,33.0,1.0,393.0,GC
2024-11-05 11:55:00+00:00,2751.9,2752.1,2750.7,2750.7,294,33.0,1.0,393.0,GC
2024-11-05 12:00:00+00:00,2750.9,2751.7,2750.6,2751.5,288,33.0,1.0,393.0,GC
2024-11-05 12:05:00+00:00,2751.5,2752.2,2750.8,2750.8,520,33.0,1.0,393.0,GC
2024-11-05 12:10:00+00:00,2750.9,2751.7,2750.4,2751.2,208,33.0,1.0,393.0,GC
2024-11-05 12:15:00+00:00,2751.1,2751.7,2750.5,2750.9,279,33.0,1.0,393.0,GC
2024-11-05 12:20:00+00:00,2751.0,2751.2,2749.8,2750.8,352,33.0,1.0,393.0,GC
2024-11-05 12:25:00+00:00,2750.7,2750.7,2749.1,2749.3,285,33.0,1.0,393.0,GC
2024-11-05 12:30:00+00:00,2749.2,2749.7,2748.1,2748.6,367,33.0,1.0,393.0,GC
2024-11-05 12:35:00+00:00,2748.6,2748.6,2748.1,2748.5,204,33.0,1.0,393.0,GC
2024-11-05 12:40:00+00:00,2748.6,2749.3,2748.3,2748.6,213,33.0,1.0,393.0,GC
2024-11-05 12:45:00+00:00,2748.7,2749.6,2747.9,2748.0,239,33.0,1.0,393.0,GC
2024-11-05 12:50:00+00:00,2748.1,2748.1,2746.9,2746.9,518,33.0,1.0,393.0,GC
2024-11-05 12:55:00+00:00,2746.9,2747.3,2746.5,2747.0,303,33.0,1.0,393.0,GC
2024-11-05 13:00:00+00:00,2747.1,2748.0,2746.1,2747.8,983,33.0,1.0,393.0,GC
2024-11-05 13:05:00+00:00,2747.7,2747.7,2746.3,2747.1,453,33.0,1.0,393.0,GC
2024-11-05 13:10:00+00:00,2747.3,2748.3,2746.2,2747.9,422,33.0,1.0,393.0,GC
2024-11-05 13:15:00+00:00,2747.9,2748.6,2746.2,2746.2,566,33.0,1.0,393.0,GC
2024-11-05 13:20:00+00:00,2746.2,2750.1,2745.8,2750.0,936,33.0,1.0,393.0,GC
2024-11-05 13:25:00+00:00,2750.0,2751.5,2749.0,2751.5,1199,33.0,1.0,393.0,GC
2024-11-05 13:30:00+00:00,2751.3,2753.0,2750.7,2752.0,1231,33.0,1.0,393.0,GC
2024-11-05 13:35:00+00:00,2752.1,2752.8,2750.9,2752.2,863,33.0,1.0,393.0,GC
2024-11-05 13:40:00+00:00,2752.2,2753.9,2752.0,2753.7,717,33.0,1.0,393.0,GC
2024-11-05 13:45:00+00:00,2753.8,2755.1,2752.8,2754.9,990,33.0,1.0,393.0,GC
2024-11-05 13:50:00+00:00,2754.8,2756.0,2754.2,2755.8,1276,33.0,1.0,393.0,GC
2024-11-05 13:55:00+00:00,2755.7,2756.0,2754.0,2754.0,1138,33.0,1.0,393.0,GC
2024-11-05 14:00:00+00:00,2753.9,2756.0,2752.6,2753.0,1335,33.0,1.0,393.0,GC
2024-11-05 14:05:00+00:00,2753.1,2754.1,2752.4,2754.1,795,33.0,1.0,393.0,GC
2024-11-05 14:10:00+00:00,2754.0,2754.5,2752.9,2753.4,708,33.0,1.0,393.0,GC
2024-11-05 14:15:00+00:00,2753.3,2754.3,2752.6,2754.3,463,33.0,1.0,393.0,GC
2024-11-05 14:20:00+00:00,2754.3,2755.5,2753.4,2754.7,991,33.0,1.0,393.0,GC
2024-11-05 14:25:00+00:00,2754.6,2757.1,2754.5,2756.9,872,33.0,1.0,393.0,GC
2024-11-05 14:30:00+00:00,2757.1,2759.4,2756.1,2759.1,2594,33.0,1.0,393.0,GC
2024-11-05 14:35:00+00:00,2759.1,2759.5,2757.0,2757.2,1924,33.0,1.0,393.0,GC
2024-11-05 14:40:00+00:00,2757.1,2757.1,2753.6,2754.6,1396,33.0,1.0,393.0,GC
2024-11-05 14:45:00+00:00,2754.5,2754.6,2750.4,2753.0,1769,33.0,1.0,393.0,GC
2024-11-05 14:50:00+00:00,2753.1,2754.2,2752.0,2754.0,865,33.0,1.0,393.0,GC
2024-11-05 14:55:00+00:00,2754.1,2756.7,2753.6,2756.2,1483,33.0,1.0,393.0,GC
2024-11-05 15:00:00+00:00,2756.2,2756.2,2749.4,2750.9,3097,33.0,1.0,393.0,GC
2024-11-05 15:05:00+00:00,2750.9,2750.9,2746.3,2746.5,1724,33.0,1.0,393.0,GC
2024-11-05 15:10:00+00:00,2746.6,2748.2,2745.9,2747.1,2225,33.0,1.0,393.0,GC
2024-11-05 15:15:00+00:00,2747.2,2747.8,2744.9,2747.6,1773,33.0,1.0,393.0,GC
2024-11-05 15:20:00+00:00,2747.5,2747.5,2744.3,2745.0,1221,33.0,1.0,393.0,GC
2024-11-05 15:25:00+00:00,2745.1,2746.0,2742.6,2743.3,1604,33.0,1.0,393.0,GC
2024-11-05 15:30:00+00:00,2743.3,2745.5,2742.2,2745.2,1722,33.0,1.0,393.0,GC
2024-11-05 15:35:00+00:00,2745.2,2746.5,2744.8,2745.2,1003,33.0,1.0,393.0,GC
2024-11-05 15:40:00+00:00,2745.1,2748.2,2744.5,2747.6,919,33.0,1.0,393.0,GC
2024-11-05 15:45:00+00:00,2747.6,2751.8,2746.8,2750.4,1938,33.0,1.0,393.0,GC
2024-11-05 15:50:00+00:00,2750.3,2750.9,2749.0,2750.1,786,33.0,1.0,393.0,GC
2024-11-05 15:55:00+00:00,2750.2,2751.6,2750.1,2751.4,738,33.0,1.0,393.0,GC
2024-11-05 16:00:00+00:00,2751.5,2754.0,2751.2,2752.1,1087,33.0,1.0,393.0,GC
2024-11-05 16:05:00+00:00,2752.1,2752.5,2751.2,2751.5,621,33.0,1.0,393.0,GC
2024-11-05 16:10:00+00:00,2751.4,2752.0,2750.3,2751.4,567,33.0,1.0,393.0,GC
2024-11-05 16:15:00+00:00,2751.5,2751.5,2749.3,2749.7,662,33.0,1.0,393.0,GC
2024-11-05 16:20:00+00:00,2749.8,2750.6,2748.4,2749.8,659,33.0,1.0,393.0,GC
2024-11-05 16:25:00+00:00,2750.0,2750.1,2746.9,2747.1,731,33.0,1.0,393.0,GC
2024-11-05 16:30:00+00:00,2747.2,2748.0,2746.6,2747.8,623,33.0,1.0,393.0,GC
2024-11-05 16:35:00+00:00,2747.8,2748.0,2746.4,2747.6,443,33.0,1.0,393.0,GC
2024-11-05 16:40:00+00:00,2747.7,2748.0,2745.5,2747.1,670,33.0,1.0,393.0,GC
2024-11-05 16:45:00+00:00,2747.2,2749.4,2747.0,2749.2,647,33.0,1.0,393.0,GC
2024-11-05 16:50:00+00:00,2749.2,2750.5,2749.1,2749.5,741,33.0,1.0,393.0,GC
2024-11-05 16:55:00+00:00,2749.4,2749.4,2747.9,2748.3,281,33.0,1.0,393.0,GC
2024-11-05 17:00:00+00:00,2748.3,2749.3,2747.4,2749.2,498,33.0,1.0,393.0,GC
2024-11-05 17:05:00+00:00,2749.4,2749.5,2748.5,2749.2,349,33.0,1.0,393.0,GC
2024-11-05 17:10:00+00:00,2749.2,2751.3,2749.2,2751.2,604,33.0,1.0,393.0,GC
2024-11-05 17:15:00+00:00,2751.2,2753.0,2751.1,2752.7,515,33.0,1.0,393.0,GC
2024-11-05 17:20:00+00:00,2752.7,2753.0,2751.4,2751.7,596,33.0,1.0,393.0,GC
2024-11-05 17:25:00+00:00,2751.7,2752.7,2751.2,2752.6,559,33.0,1.0,393.0,GC
2024-11-05 17:30:00+00:00,2752.5,2753.0,2751.6,2751.6,520,33.0,1.0,393.0,GC
2024-11-05 17:35:00+00:00,2751.8,2751.9,2750.9,2751.1,278,33.0,1.0,393.0,GC
2024-11-05 17:40:00+00:00,2751.0,2751.4,2750.2,2751.2,553,33.0,1.0,393.0,GC
2024-11-05 17:45:00+00:00,2751.2,2752.3,2750.9,2751.9,355,33.0,1.0,393.0,GC
2024-11-05 17:50:00+00:00,2751.9,2752.1,2751.2,2751.7,315,33.0,1.0,393.0,GC
2024-11-05 17:55:00+00:00,2751.8,2752.3,2750.9,2751.4,373,33.0,1.0,393.0,GC
2024-11-05 18:00:00+00:00,2751.4,2753.1,2751.2,2752.5,475,33.0,1.0,393.0,GC
2024-11-05 18:05:00+00:00,2752.6,2753.3,2751.5,2751.6,381,33.0,1.0,393.0,GC
2024-11-05 18:10:00+00:00,2751.4,2752.7,2750.5,2751.3,455,33.0,1.0,393.0,GC
2024-11-05 18:15:00+00:00,2751.4,2751.5,2749.9,2750.2,508,33.0,1.0,393.0,GC
2024-11-05 18:20:00+00:00,2750.2,2750.6,2749.6,2750.0,464,33.0,1.0,393.0,GC
2024-11-05 18:25:00+00:00,2750.1,2750.4,2749.1,2750.0,1367,33.0,1.0,393.0,GC
2024-11-05 18:30:00+00:00,2750.2,2750.8,2749.5,2750.0,546,33.0,1.0,393.0,GC
2024-11-05 18:35:00+00:00,2750.0,2750.2,2748.8,2749.3,219,33.0,1.0,393.0,GC
2024-11-05 18:40:00+00:00,2749.1,2750.7,2749.0,2750.7,186,33.0,1.0,393.0,GC
2024-11-05 18:45:00+00:00,2750.4,2751.5,2750.3,2750.8,209,33.0,1.0,393.0,GC
2024-11-05 18:50:00+00:00,2750.6,2751.3,2750.2,2751.0,116,33.0,1.0,393.0,GC
2024-11-05 18:55:00+00:00,2750.9,2751.4,2750.6,2750.8,103,33.0,1.0,393.0,GC
2024-11-05 19:00:00+00:00,2750.8,2750.9,2749.3,2749.3,176,33.0,1.0,393.0,GC
2024-11-05 19:05:00+00:00,2749.4,2749.9,2748.9,2749.7,189,33.0,1.0,393.0,GC
2024-11-05 19:10:00+00:00,2749.5,2749.9,2749.0,2749.8,88,33.0,1.0,393.0,GC
2024-11-05 19:15:00+00:00,2749.6,2750.9,2749.4,2750.9,193,33.0,1.0,393.0,GC
2024-11-05 19:20:00+00:00,2750.8,2750.8,2749.8,2750.3,131,33.0,1.0,393.0,GC
2024-11-05 19:25:00+00:00,2750.5,2751.7,2749.8,2750.1,199,33.0,1.0,393.0,GC
2024-11-05 19:30:00+00:00,2750.1,2750.8,2749.4,2750.4,133,33.0,1.0,393.0,GC
2024-11-05 19:35:00+00:00,2750.3,2750.7,2749.5,2750.5,127,33.0,1.0,393.0,GC
2024-11-05 19:40:00+00:00,2750.4,2751.7,2750.4,2751.7,101,33.0,1.0,393.0,GC
2024-11-05 19:45:00+00:00,2751.7,2751.7,2750.8,2751.0,95,33.0,1.0,393.0,GC
2024-11-05 19:50:00+00:00,2750.9,2751.7,2750.8,2751.1,265,33.0,1.0,393.0,GC
2024-11-05 19:55:00+00:00,2751.1,2751.3,2749.6,2749.9,298,33.0,1.0,393.0,GC
2024-11-05 20:00:00+00:00,2750.0,2750.3,2749.1,2750.3,191,33.0,1.0,393.0,GC
2024-11-05 20:05:00+00:00,2750.4,2751.0,2750.1,2750.7,195,33.0,1.0,393.0,GC
2024-11-05 20:10:00+00:00,2750.8,2751.4,2750.5,2751.1,158,33.0,1.0,393.0,GC
2024-11-05 20:15:00+00:00,2751.1,2751.2,2750.8,2751.0,155,33.0,1.0,393.0,GC
2024-11-05 20:20:00+00:00,2751.1,2751.3,2750.2,2751.3,147,33.0,1.0,393.0,GC
2024-11-05 20:25:00+00:00,2751.2,2751.4,2750.8,2751.2,188,33.0,1.0,393.0,GC
2024-11-05 20:30:00+00:00,2751.0,2751.3,2750.4,2751.0,149,33.0,1.0,393.0,GC
2024-11-05 20:35:00+00:00,2751.0,2751.2,2750.7,2750.8,173,33.0,1.0,393.0,GC
2024-11-05 20:40:00+00:00,2750.7,2750.8,2750.0,2750.3,168,33.0,1.0,393.0,GC
2024-11-05 20:45:00+00:00,2750.4,2750.6,2749.7,2750.5,205,33.0,1.0,393.0,GC
2024-11-05 20:50:00+00:00,2750.6,2751.6,2750.5,2751.3,476,33.0,1.0,393.0,GC
2024-11-05 20:55:00+00:00,2751.3,2752.7,2751.3,2752.1,676,33.0,1.0,393.0,GC
2024-11-05 21:00:00+00:00,2752.2,2752.6,2751.7,2752.0,192,33.0,1.0,393.0,GC
2024-11-05 21:05:00+00:00,2752.0,2752.9,2752.0,2752.7,62,33.0,1.0,393.0,GC
2024-11-05 21:10:00+00:00,2752.7,2753.0,2752.6,2752.8,74,33.0,1.0,393.0,GC
2024-11-05 21:15:00+00:00,2752.7,2753.1,2752.6,2753.0,80,33.0,1.0,393.0,GC
2024-11-05 21:20:00+00:00,2753.0,2753.2,2752.7,2753.2,110,33.0,1.0,393.0,GC
2024-11-05 21:25:00+00:00,2753.2,2754.1,2753.0,2753.7,122,33.0,1.0,393.0,GC
2024-11-05 21:30:00+00:00,2753.6,2753.9,2753.4,2753.5,65,33.0,1.0,393.0,GC
2024-11-05 21:35:00+00:00,2753.5,2754.0,2753.5,2753.8,76,33.0,1.0,393.0,GC
2024-11-05 21:40:00+00:00,2753.6,2753.6,2753.2,2753.3,49,33.0,1.0,393.0,GC
2024-11-05 21:45:00+00:00,2753.3,2753.3,2752.7,2752.9,58,33.0,1.0,393.0,GC
2024-11-05 21:50:00+00:00,2753.0,2753.4,2752.9,2752.9,60,33.0,1.0,393.0,GC
2024-11-05 21:55:00+00:00,2752.7,2753.4,2752.6,2753.4,108,33.0,1.0,393.0,GC
2024-11-05 23:00:00+00:00,2752.6,2752.6,2750.7,2751.9,152,33.0,1.0,393.0,GC
2024-11-05 23:05:00+00:00,2752.0,2752.2,2751.5,2752.2,115,33.0,1.0,393.0,GC
2024-11-05 23:10:00+00:00,2752.0,2752.7,2751.9,2752.1,157,33.0,1.0,393.0,GC
2024-11-05 23:15:00+00:00,2752.0,2752.1,2751.3,2752.1,90,33.0,1.0,393.0,GC
2024-11-05 23:20:00+00:00,2752.2,2752.5,2751.5,2751.9,95,33.0,1.0,393.0,GC
2024-11-05 23:25:00+00:00,2752.1,2752.7,2752.1,2752.5,62,33.0,1.0,393.0,GC
2024-11-05 23:30:00+00:00,2752.4,2752.6,2752.1,2752.5,66,33.0,1.0,393.0,GC
2024-11-05 23:35:00+00:00,2752.5,2752.6,2751.6,2752.0,130,33.0,1.0,393.0,GC
2024-11-05 23:40:00+00:00,2752.3,2753.8,2752.2,2753.6,75,33.0,1.0,393.0,GC
2024-11-05 23:45:00+00:00,2753.7,2754.0,2753.2,2753.2,151,33.0,1.0,393.0,GC
2024-11-05 23:50:00+00:00,2753.2,2754.4,2753.2,2754.2,120,33.0,1.0,393.0,GC
2024-11-05 23:55:00+00:00,2754.3,2755.2,2754.0,2754.4,237,33.0,1.0,393.0,GC
2024-11-06 00:00:00+00:00,2754.5,2754.5,2753.2,2753.5,219,33.0,1.0,393.0,GC
2024-11-06 00:05:00+00:00,2753.5,2753.6,2752.3,2752.7,167,33.0,1.0,393.0,GC
2024-11-06 00:10:00+00:00,2752.4,2752.9,2750.6,2751.4,391,33.0,1.0,393.0,GC
2024-11-06 00:15:00+00:00,2751.5,2752.4,2750.8,2751.2,528,33.0,1.0,393.0,GC
2024-11-06 00:20:00+00:00,2751.3,2751.6,2744.0,2745.4,1629,33.0,1.0,393.0,GC
2024-11-06 00:25:00+00:00,2745.5,2747.3,2745.1,2746.2,645,33.0,1.0,393.0,GC
2024-11-06 00:30:00+00:00,2746.2,2748.7,2745.2,2746.9,558,33.0,1.0,393.0,GC
2024-11-06 00:35:00+00:00,2746.7,2748.9,2746.4,2747.1,417,33.0,1.0,393.0,GC
2024-11-06 00:40:00+00:00,2747.0,2748.1,2746.0,2748.1,297,33.0,1.0,393.0,GC
2024-11-06 00:45:00+00:00,2747.9,2748.8,2746.7,2747.2,330,33.0,1.0,393.0,GC
2024-11-06 00:50:00+00:00,2747.3,2749.0,2747.3,2747.5,499,33.0,1.0,393.0,GC
2024-11-06 00:55:00+00:00,2747.6,2747.8,2745.9,2746.8,365,33.0,1.0,393.0,GC
2024-11-06 01:00:00+00:00,2747.1,2747.7,2742.9,2744.3,1854,33.0,1.0,393.0,GC
2024-11-06 01:05:00+00:00,2744.2,2745.2,2741.6,2744.5,1217,33.0,1.0,393.0,GC
2024-11-06 01:10:00+00:00,2744.5,2747.9,2744.0,2747.8,780,33.0,1.0,393.0,GC
2024-11-06 01:15:00+00:00,2747.9,2749.9,2747.2,2747.7,1210,33.0,1.0,393.0,GC
2024-11-06 01:20:00+00:00,2747.7,2749.8,2747.1,2749.0,947,33.0,1.0,393.0,GC
2024-11-06 01:25:00+00:00,2749.0,2751.8,2748.5,2750.2,1187,33.0,1.0,393.0,GC
2024-11-06 01:30:00+00:00,2750.1,2751.0,2749.3,2750.8,341,33.0,1.0,393.0,GC
2024-11-06 01:35:00+00:00,2750.9,2753.3,2750.8,2752.8,773,33.0,1.0,393.0,GC
2024-11-06 01:40:00+00:00,2752.9,2757.5,2752.9,2756.8,1186,33.0,1.0,393.0,GC
2024-11-06 01:45:00+00:00,2756.6,2758.0,2753.7,2756.1,1348,33.0,1.0,393.0,GC
2024-11-06 01:50:00+00:00,2756.0,2758.8,2755.5,2758.2,825,33.0,1.0,393.0,GC
2024-11-06 01:55:00+00:00,2758.5,2758.7,2755.3,2756.0,761,33.0,1.0,393.0,GC
2024-11-06 02:00:00+00:00,2755.6,2757.2,2754.6,2755.0,667,33.0,1.0,393.0,GC
2024-11-06 02:05:00+00:00,2754.6,2755.8,2752.4,2752.7,588,33.0,1.0,393.0,GC
2024-11-06 02:10:00+00:00,2752.1,2753.7,2751.4,2752.6,742,33.0,1.0,393.0,GC
2024-11-06 02:15:00+00:00,2752.7,2754.8,2752.2,2754.5,685,33.0,1.0,393.0,GC
2024-11-06 02:20:00+00:00,2754.3,2757.1,2753.8,2756.6,990,33.0,1.0,393.0,GC
2024-11-06 02:25:00+00:00,2756.5,2757.3,2755.1,2755.2,639,33.0,1.0,393.0,GC
2024-11-06 02:30:00+00:00,2755.1,2755.1,2750.4,2751.4,1212,33.0,1.0,393.0,GC
2024-11-06 02:35:00+00:00,2751.3,2751.5,2748.7,2749.2,1252,33.0,1.0,393.0,GC
2024-11-06 02:40:00+00:00,2749.0,2752.1,2747.8,2750.3,1235,33.0,1.0,393.0,GC
2024-11-06 02:45:00+00:00,2750.4,2753.7,2750.1,2753.2,616,33.0,1.0,393.0,GC
2024-11-06 02:50:00+00:00,2753.4,2754.1,2746.0,2747.2,1210,33.0,1.0,393.0,GC
2024-11-06 02:55:00+00:00,2747.3,2748.5,2745.7,2746.4,1557,33.0,1.0,393.0,GC
2024-11-06 03:00:00+00:00,2746.4,2747.4,2744.2,2746.7,1659,33.0,1.0,393.0,GC
2024-11-06 03:05:00+00:00,2746.9,2748.2,2745.3,2747.5,893,33.0,1.0,393.0,GC
2024-11-06 03:10:00+00:00,2747.6,2750.4,2747.4,2748.8,1171,33.0,1.0,393.0,GC
2024-11-06 03:15:00+00:00,2748.8,2752.1,2748.4,2751.6,1290,33.0,1.0,393.0,GC
2024-11-06 03:20:00+00:00,2751.6,2752.7,2749.1,2749.1,1002,33.0,1.0,393.0,GC
2024-11-06 03:25:00+00:00,2749.1,2749.3,2738.8,2740.2,2722,33.0,1.0,393.0,GC
2024-11-06 03:30:00+00:00,2740.1,2745.3,2739.4,2744.8,1706,33.0,1.0,393.0,GC
2024-11-06 03:35:00+00:00,2744.8,2747.2,2742.5,2742.5,962,33.0,1.0,393.0,GC
2024-11-06 03:40:00+00:00,2742.5,2745.2,2741.7,2743.7,636,33.0,1.0,393.0,GC
2024-11-06 03:45:00+00:00,2743.5,2744.5,2742.1,2742.6,454,33.0,1.0,393.0,GC
2024-11-06 03:50:00+00:00,2742.7,2744.3,2741.9,2743.8,457,33.0,1.0,393.0,GC
2024-11-06 03:55:00+00:00,2744.1,2744.3,2741.9,2743.0,640,33.0,1.0,393.0,GC
2024-11-06 04:00:00+00:00,2743.2,2744.7,2742.0,2743.8,897,33.0,1.0,393.0,GC
2024-11-06 04:05:00+00:00,2744.1,2746.0,2743.5,2745.0,446,33.0,1.0,393.0,GC
2024-11-06 04:10:00+00:00,2745.0,2747.9,2743.9,2747.6,592,33.0,1.0,393.0,GC
2024-11-06 04:15:00+00:00,2747.6,2748.1,2747.2,2747.8,562,33.0,1.0,393.0,GC
2024-11-06 04:20:00+00:00,2747.6,2747.9,2746.1,2746.9,559,33.0,1.0,393.0,GC
2024-11-06 04:25:00+00:00,2747.1,2747.2,2745.0,2745.0,360,33.0,1.0,393.0,GC
2024-11-06 04:30:00+00:00,2745.3,2746.9,2745.1,2746.5,277,33.0,1.0,393.0,GC
2024-11-06 04:35:00+00:00,2746.4,2748.2,2746.3,2747.5,336,33.0,1.0,393.0,GC
2024-11-06 04:40:00+00:00,2747.6,2750.2,2747.6,2748.7,940,33.0,1.0,393.0,GC
2024-11-06 04:45:00+00:00,2748.8,2752.0,2748.7,2751.4,1340,33.0,1.0,393.0,GC
2024-11-06 04:50:00+00:00,2751.3,2751.8,2749.1,2749.3,704,33.0,1.0,393.0,GC
2024-11-06 04:55:00+00:00,2749.3,2751.5,2749.3,2750.6,572,33.0,1.0,393.0,GC
2024-11-06 05:00:00+00:00,2750.6,2752.5,2750.3,2751.3,693,33.0,1.0,393.0,GC
2024-11-06 05:05:00+00:00,2751.4,2752.0,2749.2,2749.3,502,33.0,1.0,393.0,GC
2024-11-06 05:10:00+00:00,2749.3,2749.5,2747.3,2747.8,890,33.0,1.0,393.0,GC
2024-11-06 05:15:00+00:00,2748.2,2751.3,2748.1,2750.6,470,33.0,1.0,393.0,GC
2024-11-06 05:20:00+00:00,2750.5,2751.0,2748.4,2748.7,383,33.0,1.0,393.0,GC
2024-11-06 05:25:00+00:00,2748.8,2749.8,2748.2,2748.4,454,33.0,1.0,393.0,GC
2024-11-06 05:30:00+00:00,2748.4,2748.9,2745.9,2746.9,1005,33.0,1.0,393.0,GC
2024-11-06 05:35:00+00:00,2746.8,2748.0,2745.4,2748.0,550,33.0,1.0,393.0,GC
2024-11-06 05:40:00+00:00,2747.9,2749.3,2747.5,2748.6,431,33.0,1.0,393.0,GC
2024-11-06 05:45:00+00:00,2748.4,2750.1,2748.4,2749.1,325,33.0,1.0,393.0,GC
2024-11-06 05:50:00+00:00,2749.3,2749.9,2747.5,2748.8,392,33.0,1.0,393.0,GC
2024-11-06 05:55:00+00:00,2748.8,2748.8,2747.3,2747.8,235,33.0,1.0,393.0,GC
2024-11-06 06:00:00+00:00,2747.8,2748.0,2745.0,2745.6,362,33.0,1.0,393.0,GC
2024-11-06 06:05:00+00:00,2745.7,2746.7,2742.7,2743.0,840,33.0,1.0,393.0,GC
2024-11-06 06:10:00+00:00,2743.1,2744.4,2740.0,2741.5,1916,33.0,1.0,393.0,GC
2024-11-06 06:15:00+00:00,2741.6,2744.8,2741.6,2743.1,1374,33.0,1.0,393.0,GC
2024-11-06 06:20:00+00:00,2743.1,2744.1,2737.1,2737.4,1820,33.0,1.0,393.0,GC
2024-11-06 06:25:00+00:00,2737.3,2737.5,2724.4,2726.4,4866,33.0,1.0,393.0,GC
2024-11-06 06:30:00+00:00,2726.5,2729.6,2717.9,2718.1,4447,33.0,1.0,393.0,GC
2024-11-06 06:35:00+00:00,2718.0,2720.0,2709.8,2714.2,5159,33.0,1.0,393.0,GC
2024-11-06 06:40:00+00:00,2714.2,2717.8,2711.0,2713.2,2502,33.0,1.0,393.0,GC
2024-11-06 06:45:00+00:00,2713.2,2724.3,2712.8,2720.8,2870,33.0,1.0,393.0,GC
2024-11-06 06:50:00+00:00,2720.7,2721.9,2717.2,2719.2,1141,33.0,1.0,393.0,GC
2024-11-06 06:55:00+00:00,2719.4,2721.6,2715.3,2716.2,1304,33.0,1.0,393.0,GC
2024-11-06 07:00:00+00:00,2716.1,2723.6,2713.1,2721.1,1855,33.0,1.0,393.0,GC
2024-11-06 07:05:00+00:00,2721.1,2727.3,2719.5,2727.1,1713,33.0,1.0,393.0,GC
2024-11-06 07:10:00+00:00,2727.0,2731.3,2725.1,2730.9,1894,33.0,1.0,393.0,GC
2024-11-06 07:15:00+00:00,2731.2,2742.2,2729.3,2740.1,2994,33.0,1.0,393.0,GC
2024-11-06 07:20:00+00:00,2740.0,2740.0,2732.0,2734.5,2763,33.0,1.0,393.0,GC
2024-11-06 07:25:00+00:00,2734.5,2736.5,2732.7,2734.5,1160,33.0,1.0,393.0,GC
2024-11-06 07:30:00+00:00,2734.6,2737.0,2732.6,2735.4,948,33.0,1.0,393.0,GC
2024-11-06 07:35:00+00:00,2735.6,2738.0,2733.9,2734.9,614,33.0,1.0,393.0,GC
2024-11-06 07:40:00+00:00,2735.0,2735.5,2728.4,2729.6,1099,33.0,1.0,393.0,GC
2024-11-06 07:45:00+00:00,2729.6,2736.7,2729.5,2736.4,815,33.0,1.0,393.0,GC
2024-11-06 07:50:00+00:00,2736.6,2736.9,2732.3,2736.0,692,33.0,1.0,393.0,GC
2024-11-06 07:55:00+00:00,2735.9,2736.1,2734.3,2734.5,382,33.0,1.0,393.0,GC
2024-11-06 08:00:00+00:00,2734.4,2735.7,2733.3,2734.9,784,33.0,1.0,393.0,GC
2024-11-06 08:05:00+00:00,2735.0,2735.8,2731.8,2735.2,750,33.0,1.0,393.0,GC
2024-11-06 08:10:00+00:00,2735.3,2736.8,2734.3,2734.9,759,33.0,1.0,393.0,GC
2024-11-06 08:15:00+00:00,2735.3,2741.6,2734.7,2740.8,1570,33.0,1.0,393.0,GC
2024-11-06 08:20:00+00:00,2740.8,2742.8,2738.9,2739.6,1469,33.0,1.0,393.0,GC
2024-11-06 08:25:00+00:00,2739.4,2741.3,2737.9,2737.9,633,33.0,1.0,393.0,GC
2024-11-06 08:30:00+00:00,2738.0,2738.9,2735.1,2736.5,1017,33.0,1.0,393.0,GC
2024-11-06 08:35:00+00:00,2736.5,2739.5,2736.3,2738.0,730,33.0,1.0,393.0,GC
2024-11-06 08:40:00+00:00,2738.0,2739.7,2737.9,2738.6,339,33.0,1.0,393.0,GC
2024-11-06 08:45:00+00:00,2738.8,2739.8,2737.4,2737.4,504,33.0,1.0,393.0,GC
2024-11-06 08:50:00+00:00,2737.3,2738.4,2733.6,2733.8,914,33.0,1.0,393.0,GC
2024-11-06 08:55:00+00:00,2733.8,2734.1,2731.6,2733.3,773,33.0,1.0,393.0,GC
2024-11-06 09:00:00+00:00,2733.3,2733.5,2730.3,2731.3,815,33.0,1.0,393.0,GC
2024-11-06 09:05:00+00:00,2731.1,2735.2,2730.9,2732.5,1384,33.0,1.0,393.0,GC
2024-11-06 09:10:00+00:00,2732.7,2737.7,2732.3,2735.4,846,33.0,1.0,393.0,GC
2024-11-06 09:15:00+00:00,2735.1,2735.5,2731.2,2731.2,507,33.0,1.0,393.0,GC
2024-11-06 09:20:00+00:00,2731.2,2733.1,2728.7,2729.4,718,33.0,1.0,393.0,GC
2024-11-06 09:25:00+00:00,2729.3,2731.7,2728.2,2731.5,605,33.0,1.0,393.0,GC
2024-11-06 09:30:00+00:00,2731.3,2731.5,2729.6,2729.9,319,33.0,1.0,393.0,GC
2024-11-06 09:35:00+00:00,2729.8,2730.6,2727.0,2727.6,436,33.0,1.0,393.0,GC
2024-11-06 09:40:00+00:00,2727.6,2728.1,2725.2,2726.9,650,33.0,1.0,393.0,GC
2024-11-06 09:45:00+00:00,2727.0,2733.3,2725.7,2732.1,947,33.0,1.0,393.0,GC
2024-11-06 09:50:00+00:00,2732.2,2735.3,2731.9,2734.5,692,33.0,1.0,393.0,GC
2024-11-06 09:55:00+00:00,2734.7,2734.7,2733.7,2733.7,197,33.0,1.0,393.0,GC
2024-11-06 10:00:00+00:00,2733.6,2735.8,2732.6,2734.8,521,33.0,1.0,393.0,GC
2024-11-06 10:05:00+00:00,2734.8,2735.3,2732.1,2732.4,315,33.0,1.0,393.0,GC
2024-11-06 10:10:00+00:00,2732.6,2733.3,2731.4,2732.4,184,33.0,1.0,393.0,GC
2024-11-06 10:15:00+00:00,2732.7,2733.4,2731.2,2732.5,274,33.0,1.0,393.0,GC
2024-11-06 10:20:00+00:00,2732.7,2734.0,2731.3,2732.4,281,33.0,1.0,393.0,GC
2024-11-06 10:25:00+00:00,2732.6,2736.2,2732.6,2734.6,419,33.0,1.0,393.0,GC
2024-11-06 10:30:00+00:00,2734.7,2736.3,2734.5,2736.0,342,33.0,1.0,393.0,GC
2024-11-06 10:35:00+00:00,2735.8,2736.0,2732.3,2732.8,295,33.0,1.0,393.0,GC
2024-11-06 10:40:00+00:00,2732.8,2732.8,2730.9,2731.4,251,33.0,1.0,393.0,GC
2024-11-06 10:45:00+00:00,2731.3,2731.5,2728.4,2728.6,425,33.0,1.0,393.0,GC
2024-11-06 10:50:00+00:00,2728.5,2729.9,2727.6,2729.7,369,33.0,1.0,393.0,GC
2024-11-06 10:55:00+00:00,2729.6,2729.9,2728.4,2729.1,212,33.0,1.0,393.0,GC
2024-11-06 11:00:00+00:00,2729.1,2731.5,2729.1,2730.9,362,33.0,1.0,393.0,GC
2024-11-06 11:05:00+00:00,2731.2,2731.8,2729.9,2730.8,322,33.0,1.0,393.0,GC
2024-11-06 11:10:00+00:00,2730.9,2731.4,2729.3,2730.0,186,33.0,1.0,393.0,GC
2024-11-06 11:15:00+00:00,2730.0,2730.3,2727.8,2728.8,346,33.0,1.0,393.0,GC
2024-11-06 11:20:00+00:00,2728.5,2729.0,2721.8,2724.3,1350,33.0,1.0,393.0,GC
2024-11-06 11:25:00+00:00,2724.3,2724.3,2719.6,2720.0,1223,33.0,1.0,393.0,GC
2024-11-06 11:30:00+00:00,2720.0,2721.8,2718.1,2720.7,1127,33.0,1.0,393.0,GC
2024-11-06 11:35:00+00:00,2721.1,2721.6,2713.1,2716.6,2091,33.0,1.0,393.0,GC
2024-11-06 11:40:00+00:00,2716.9,2718.6,2713.8,2715.9,1926,33.0,1.0,393.0,GC
2024-11-06 11:45:00+00:00,2715.6,2716.8,2711.5,2713.7,1411,33.0,1.0,393.0,GC
2024-11-06 11:50:00+00:00,2713.8,2715.9,2710.3,2710.9,1747,33.0,1.0,393.0,GC
2024-11-06 11:55:00+00:00,2710.9,2711.1,2704.4,2707.8,4249,33.0,1.0,393.0,GC
2024-11-06 12:00:00+00:00,2707.6,2714.8,2707.0,2714.7,2346,33.0,1.0,393.0,GC
2024-11-06 12:05:00+00:00,2714.6,2715.3,2711.0,2714.5,1212,33.0,1.0,393.0,GC
2024-11-06 12:10:00+00:00,2714.4,2716.4,2712.8,2716.1,646,33.0,1.0,393.0,GC
2024-11-06 12:15:00+00:00,2716.1,2716.9,2714.1,2715.8,962,33.0,1.0,393.0,GC
2024-11-06 12:20:00+00:00,2715.5,2716.4,2708.9,2709.5,1631,33.0,1.0,393.0,GC
2024-11-06 12:25:00+00:00,2709.7,2711.1,2707.1,2708.9,1191,33.0,1.0,393.0,GC
2024-11-06 12:30:00+00:00,2708.9,2709.1,2701.8,2702.8,2426,33.0,1.0,393.0,GC
2024-11-06 12:35:00+00:00,2702.8,2711.7,2702.6,2709.9,3032,33.0,1.0,393.0,GC
2024-11-06 12:40:00+00:00,2710.0,2711.8,2707.7,2709.3,1026,33.0,1.0,393.0,GC
2024-11-06 12:45:00+00:00,2709.2,2709.8,2705.3,2706.3,842,33.0,1.0,393.0,GC
2024-11-06 12:50:00+00:00,2706.2,2708.2,2705.7,2707.5,545,33.0,1.0,393.0,GC
2024-11-06 12:55:00+00:00,2707.7,2708.8,2703.6,2703.8,802,33.0,1.0,393.0,GC
2024-11-06 13:00:00+00:00,2703.6,2703.6,2693.8,2696.0,6635,33.0,1.0,393.0,GC
2024-11-06 13:05:00+00:00,2696.2,2697.1,2690.9,2691.1,5312,33.0,1.0,393.0,GC
2024-11-06 13:10:00+00:00,2691.2,2698.0,2689.8,2690.8,3654,33.0,1.0,393.0,GC
2024-11-06 13:15:00+00:00,2690.8,2691.2,2687.0,2688.4,3293,33.0,1.0,393.0,GC
2024-11-06 13:20:00+00:00,2688.5,2692.0,2686.0,2688.9,2884,33.0,1.0,393.0,GC
2024-11-06 13:25:00+00:00,2688.8,2690.6,2684.0,2684.7,2677,33.0,1.0,393.0,GC
2024-11-06 13:30:00+00:00,2684.4,2684.9,2672.1,2675.9,7965,33.0,1.0,393.0,GC
2024-11-06 13:35:00+00:00,2675.7,2676.8,2666.9,2670.1,5794,33.0,1.0,393.0,GC
2024-11-06 13:40:00+00:00,2670.1,2675.4,2667.8,2669.1,4472,33.0,1.0,393.0,GC
2024-11-06 13:45:00+00:00,2669.2,2674.7,2668.4,2670.8,2911,33.0,1.0,393.0,GC
2024-11-06 13:50:00+00:00,2670.7,2675.7,2669.9,2673.2,2590,33.0,1.0,393.0,GC
2024-11-06 13:55:00+00:00,2673.2,2675.1,2670.9,2672.2,1852,33.0,1.0,393.0,GC
2024-11-06 14:00:00+00:00,2672.2,2673.1,2665.3,2665.6,2429,33.0,1.0,393.0,GC
2024-11-06 14:05:00+00:00,2665.5,2672.2,2665.3,2671.5,2715,33.0,1.0,393.0,GC
2024-11-06 14:10:00+00:00,2671.2,2678.7,2671.0,2677.7,2617,33.0,1.0,393.0,GC
2024-11-06 14:15:00+00:00,2677.9,2678.7,2673.1,2673.2,2454,33.0,1.0,393.0,GC
2024-11-06 14:20:00+00:00,2673.3,2673.3,2670.7,2670.7,1665,33.0,1.0,393.0,GC
2024-11-06 14:25:00+00:00,2670.7,2671.5,2667.8,2667.8,2008,33.0,1.0,393.0,GC
2024-11-06 14:30:00+00:00,2667.7,2667.7,2661.2,2661.6,4067,33.0,1.0,393.0,GC
2024-11-06 14:35:00+00:00,2661.8,2668.3,2660.7,2665.2,3631,33.0,1.0,393.0,GC
2024-11-06 14:40:00+00:00,2665.0,2668.2,2664.1,2667.7,2936,33.0,1.0,393.0,GC
2024-11-06 14:45:00+00:00,2667.5,2670.9,2663.0,2663.2,2904,33.0,1.0,393.0,GC
2024-11-06 14:50:00+00:00,2663.2,2665.3,2660.7,2665.3,3163,33.0,1.0,393.0,GC
2024-11-06 14:55:00+00:00,2665.2,2669.7,2664.1,2668.4,4973,33.0,1.0,393.0,GC
2024-11-06 15:00:00+00:00,2668.4,2672.2,2666.4,2667.7,4409,33.0,1.0,393.0,GC
2024-11-06 15:05:00+00:00,2667.7,2674.0,2666.1,2672.9,2324,33.0,1.0,393.0,GC
2024-11-06 15:10:00+00:00,2672.8,2674.7,2671.2,2673.8,2160,33.0,1.0,393.0,GC
2024-11-06 15:15:00+00:00,2673.8,2674.4,2670.3,2671.7,1892,33.0,1.0,393.0,GC
2024-11-06 15:20:00+00:00,2671.8,2677.0,2671.4,2674.6,2680,33.0,1.0,393.0,GC
2024-11-06 15:25:00+00:00,2674.4,2677.6,2673.5,2677.2,1646,33.0,1.0,393.0,GC
2024-11-06 15:30:00+00:00,2676.9,2679.9,2675.6,2679.0,2683,33.0,1.0,393.0,GC
2024-11-06 15:35:00+00:00,2679.0,2683.3,2678.8,2682.5,3851,33.0,1.0,393.0,GC
2024-11-06 15:40:00+00:00,2682.6,2682.7,2678.8,2679.6,1700,33.0,1.0,393.0,GC
2024-11-06 15:45:00+00:00,2679.7,2682.3,2679.6,2681.1,1429,33.0,1.0,393.0,GC
2024-11-06 15:50:00+00:00,2681.3,2684.3,2680.6,2682.8,1552,33.0,1.0,393.0,GC
2024-11-06 15:55:00+00:00,2682.7,2684.8,2681.9,2684.6,2296,33.0,1.0,393.0,GC
2024-11-06 16:00:00+00:00,2684.7,2687.0,2682.4,2682.4,2597,33.0,1.0,393.0,GC
2024-11-06 16:05:00+00:00,2682.4,2682.9,2679.0,2679.5,1649,33.0,1.0,393.0,GC
2024-11-06 16:10:00+00:00,2679.7,2680.4,2676.0,2677.2,1525,33.0,1.0,393.0,GC
2024-11-06 16:15:00+00:00,2677.2,2677.2,2673.8,2674.4,1619,33.0,1.0,393.0,GC
2024-11-06 16:20:00+00:00,2674.3,2674.6,2671.2,2674.4,1995,33.0,1.0,393.0,GC
2024-11-06 16:25:00+00:00,2674.5,2677.2,2673.7,2676.5,1662,33.0,1.0,393.0,GC
2024-11-06 16:30:00+00:00,2676.5,2678.3,2674.7,2678.3,1030,33.0,1.0,393.0,GC
2024-11-06 16:35:00+00:00,2678.4,2679.1,2676.6,2678.3,972,33.0,1.0,393.0,GC
2024-11-06 16:40:00+00:00,2678.3,2678.4,2673.8,2674.3,1038,33.0,1.0,393.0,GC
2024-11-06 16:45:00+00:00,2674.3,2675.9,2674.0,2675.2,666,33.0,1.0,393.0,GC
2024-11-06 16:50:00+00:00,2675.3,2676.8,2674.7,2675.1,751,33.0,1.0,393.0,GC
2024-11-06 16:55:00+00:00,2674.9,2675.0,2674.1,2674.8,672,33.0,1.0,393.0,GC
2024-11-06 17:00:00+00:00,2674.7,2676.7,2673.0,2676.7,1025,33.0,1.0,393.0,GC
2024-11-06 17:05:00+00:00,2676.5,2677.1,2675.0,2676.6,483,33.0,1.0,393.0,GC
2024-11-06 17:10:00+00:00,2676.7,2677.8,2676.1,2677.2,523,33.0,1.0,393.0,GC
2024-11-06 17:15:00+00:00,2677.2,2677.9,2674.8,2676.3,1143,33.0,1.0,393.0,GC
2024-11-06 17:20:00+00:00,2676.3,2677.6,2676.1,2676.7,574,33.0,1.0,393.0,GC
2024-11-06 17:25:00+00:00,2676.8,2677.6,2675.1,2675.4,577,33.0,1.0,393.0,GC
2024-11-06 17:30:00+00:00,2675.3,2676.3,2673.8,2676.0,579,33.0,1.0,393.0,GC
2024-11-06 17:35:00+00:00,2675.9,2675.9,2674.1,2674.6,361,33.0,1.0,393.0,GC
2024-11-06 17:40:00+00:00,2674.6,2675.0,2672.5,2673.2,621,33.0,1.0,393.0,GC
2024-11-06 17:45:00+00:00,2673.3,2673.5,2671.4,2671.4,668,33.0,1.0,393.0,GC
2024-11-06 17:50:00+00:00,2671.5,2671.6,2670.1,2671.0,720,33.0,1.0,393.0,GC
2024-11-06 17:55:00+00:00,2671.1,2672.1,2670.5,2672.0,552,33.0,1.0,393.0,GC
2024-11-06 18:00:00+00:00,2671.9,2676.3,2671.5,2675.2,1343,33.0,1.0,393.0,GC
2024-11-06 18:05:00+00:00,2675.0,2675.5,2671.5,2671.8,1034,33.0,1.0,393.0,GC
2024-11-06 18:10:00+00:00,2671.9,2675.9,2671.7,2675.2,905,33.0,1.0,393.0,GC
2024-11-06 18:15:00+00:00,2675.2,2676.9,2674.5,2676.3,781,33.0,1.0,393.0,GC
2024-11-06 18:20:00+00:00,2676.4,2678.2,2676.0,2677.1,1106,33.0,1.0,393.0,GC
2024-11-06 18:25:00+00:00,2677.2,2677.6,2675.7,2676.7,1940,33.0,1.0,393.0,GC
2024-11-06 18:30:00+00:00,2676.8,2677.0,2674.9,2675.2,645,33.0,1.0,393.0,GC
2024-11-06 18:35:00+00:00,2675.0,2675.0,2672.8,2673.2,475,33.0,1.0,393.0,GC
2024-11-06 18:40:00+00:00,2673.2,2675.7,2672.8,2675.6,400,33.0,1.0,393.0,GC
2024-11-06 18:45:00+00:00,2675.5,2675.5,2674.3,2674.9,269,33.0,1.0,393.0,GC
2024-11-06 18:50:00+00:00,2674.8,2675.6,2673.4,2674.3,392,33.0,1.0,393.0,GC
2024-11-06 18:55:00+00:00,2674.3,2675.1,2674.1,2674.2,310,33.0,1.0,393.0,GC
2024-11-06 19:00:00+00:00,2674.3,2676.7,2674.1,2676.6,333,33.0,1.0,393.0,GC
2024-11-06 19:05:00+00:00,2676.4,2677.1,2674.9,2675.3,459,33.0,1.0,393.0,GC
2024-11-06 19:10:00+00:00,2675.3,2675.6,2673.4,2675.2,544,33.0,1.0,393.0,GC
2024-11-06 19:15:00+00:00,2675.2,2676.0,2674.5,2675.7,287,33.0,1.0,393.0,GC
2024-11-06 19:20:00+00:00,2675.8,2676.1,2674.5,2675.6,169,33.0,1.0,393.0,GC
2024-11-06 19:25:00+00:00,2675.6,2676.9,2675.4,2675.9,251,33.0,1.0,393.0,GC
2024-11-06 19:30:00+00:00,2675.9,2676.7,2675.9,2676.2,158,33.0,1.0,393.0,GC
2024-11-06 19:35:00+00:00,2676.2,2676.9,2674.6,2674.7,259,33.0,1.0,393.0,GC
2024-11-06 19:40:00+00:00,2674.8,2676.2,2674.3,2674.7,343,33.0,1.0,393.0,GC
2024-11-06 19:45:00+00:00,2674.8,2675.7,2674.6,2675.4,196,33.0,1.0,393.0,GC
2024-11-06 19:50:00+00:00,2675.6,2676.2,2675.2,2676.0,187,33.0,1.0,393.0,GC
2024-11-06 19:55:00+00:00,2675.9,2676.2,2675.5,2675.7,346,33.0,1.0,393.0,GC
2024-11-06 20:00:00+00:00,2675.7,2676.4,2675.0,2675.2,410,33.0,1.0,393.0,GC
2024-11-06 20:05:00+00:00,2675.2,2675.2,2673.9,2674.0,503,33.0,1.0,393.0,GC
2024-11-06 20:10:00+00:00,2673.9,2674.1,2673.0,2673.4,369,33.0,1.0,393.0,GC
2024-11-06 20:15:00+00:00,2673.3,2673.5,2671.8,2671.8,305,33.0,1.0,393.0,GC
2024-11-06 20:20:00+00:00,2671.8,2672.4,2671.2,2671.7,441,33.0,1.0,393.0,GC
2024-11-06 20:25:00+00:00,2671.6,2672.0,2670.9,2671.2,290,33.0,1.0,393.0,GC
2024-11-06 20:30:00+00:00,2671.3,2671.7,2669.6,2670.4,697,33.0,1.0,393.0,GC
2024-11-06 20:35:00+00:00,2670.3,2670.4,2669.3,2669.4,281,33.0,1.0,393.0,GC
2024-11-06 20:40:00+00:00,2669.5,2669.8,2668.3,2668.5,597,33.0,1.0,393.0,GC
2024-11-06 20:45:00+00:00,2668.7,2669.2,2667.9,2668.3,454,33.0,1.0,393.0,GC
2024-11-06 20:50:00+00:00,2668.4,2670.2,2668.4,2669.7,446,33.0,1.0,393.0,GC
2024-11-06 20:55:00+00:00,2669.7,2669.9,2668.0,2669.3,509,33.0,1.0,393.0,GC
2024-11-06 21:00:00+00:00,2669.4,2670.9,2669.1,2669.6,457,33.0,1.0,393.0,GC
2024-11-06 21:05:00+00:00,2669.7,2670.9,2669.7,2670.6,115,33.0,1.0,393.0,GC
2024-11-06 21:10:00+00:00,2670.7,2671.0,2670.5,2670.7,86,33.0,1.0,393.0,GC
2024-11-06 21:15:00+00:00,2670.8,2671.2,2669.3,2669.7,199,33.0,1.0,393.0,GC
2024-11-06 21:20:00+00:00,2669.7,2669.7,2668.1,2668.3,245,33.0,1.0,393.0,GC
2024-11-06 21:25:00+00:00,2668.4,2669.5,2667.9,2669.3,249,33.0,1.0,393.0,GC
2024-11-06 21:30:00+00:00,2669.3,2669.6,2668.9,2668.9,95,33.0,1.0,393.0,GC
2024-11-06 21:35:00+00:00,2669.0,2669.3,2668.2,2668.3,73,33.0,1.0,393.0,GC
2024-11-06 21:40:00+00:00,2668.3,2668.7,2667.9,2668.3,100,33.0,1.0,393.0,GC
2024-11-06 21:45:00+00:00,2668.2,2668.3,2667.7,2667.9,64,33.0,1.0,393.0,GC
2024-11-06 21:50:00+00:00,2667.8,2668.3,2667.8,2667.9,81,33.0,1.0,393.0,GC
2024-11-06 21:55:00+00:00,2668.1,2668.1,2667.5,2668.0,131,33.0,1.0,393.0,GC
2024-11-06 23:00:00+00:00,2667.7,2669.8,2666.5,2669.7,555,33.0,1.0,393.0,GC
2024-11-06 23:05:00+00:00,2669.6,2670.5,2669.4,2670.3,180,33.0,1.0,393.0,GC
2024-11-06 23:10:00+00:00,2670.2,2671.8,2670.2,2671.1,254,33.0,1.0,393.0,GC
2024-11-06 23:15:00+00:00,2671.1,2671.7,2671.0,2671.2,129,33.0,1.0,393.0,GC
2024-11-06 23:20:00+00:00,2671.1,2671.6,2670.6,2671.0,115,33.0,1.0,393.0,GC
2024-11-06 23:25:00+00:00,2670.7,2670.7,2669.6,2670.1,129,33.0,1.0,393.0,GC
2024-11-06 23:30:00+00:00,2670.0,2670.0,2669.0,2669.0,152,33.0,1.0,393.0,GC
2024-11-06 23:35:00+00:00,2669.0,2670.1,2668.5,2669.9,184,33.0,1.0,393.0,GC
2024-11-06 23:40:00+00:00,2670.0,2670.7,2669.8,2670.5,86,33.0,1.0,393.0,GC
2024-11-06 23:45:00+00:00,2670.6,2671.2,2670.3,2670.9,144,33.0,1.0,393.0,GC
2024-11-06 23:50:00+00:00,2670.9,2671.2,2669.6,2669.9,214,33.0,1.0,393.0,GC
2024-11-06 23:55:00+00:00,2670.0,2671.5,2670.0,2671.3,232,33.0,1.0,393.0,GC
2024-11-07 00:00:00+00:00,2671.3,2671.4,2670.3,2671.0,125,33.0,1.0,393.0,GC
2024-11-07 00:05:00+00:00,2671.1,2671.3,2669.4,2669.6,373,33.0,1.0,393.0,GC
2024-11-07 00:10:00+00:00,2669.7,2670.4,2669.0,2670.1,336,33.0,1.0,393.0,GC
2024-11-07 00:15:00+00:00,2669.8,2670.7,2669.8,2670.3,119,33.0,1.0,393.0,GC
2024-11-07 00:20:00+00:00,2670.3,2670.3,2668.4,2669.3,131,33.0,1.0,393.0,GC
2024-11-07 00:25:00+00:00,2669.3,2670.4,2669.1,2670.3,99,33.0,1.0,393.0,GC
2024-11-07 00:30:00+00:00,2670.3,2671.5,2670.3,2670.4,261,33.0,1.0,393.0,GC
2024-11-07 00:35:00+00:00,2670.4,2671.2,2670.0,2670.5,219,33.0,1.0,393.0,GC
2024-11-07 00:40:00+00:00,2670.5,2671.0,2669.2,2669.3,161,33.0,1.0,393.0,GC
2024-11-07 00:45:00+00:00,2669.4,2670.8,2669.1,2669.5,142,33.0,1.0,393.0,GC
2024-11-07 00:50:00+00:00,2669.5,2670.4,2668.7,2669.5,205,33.0,1.0,393.0,GC
2024-11-07 00:55:00+00:00,2669.3,2669.3,2668.2,2668.8,219,33.0,1.0,393.0,GC
2024-11-07 01:00:00+00:00,2668.7,2671.4,2667.7,2671.1,767,33.0,1.0,393.0,GC
2024-11-07 01:05:00+00:00,2671.0,2671.0,2668.3,2669.2,470,33.0,1.0,393.0,GC
2024-11-07 01:10:00+00:00,2669.0,2669.2,2663.3,2665.4,1529,33.0,1.0,393.0,GC
2024-11-07 01:15:00+00:00,2665.4,2665.8,2657.2,2657.6,2979,33.0,1.0,393.0,GC
2024-11-07 01:20:00+00:00,2657.6,2657.8,2650.3,2656.6,3101,33.0,1.0,393.0,GC
2024-11-07 01:25:00+00:00,2656.6,2659.2,2655.8,2657.7,978,33.0,1.0,393.0,GC
2024-11-07 01:30:00+00:00,2657.7,2657.9,2654.1,2654.1,746,33.0,1.0,393.0,GC
2024-11-07 01:35:00+00:00,2654.1,2656.9,2652.8,2655.8,981,33.0,1.0,393.0,GC
2024-11-07 01:40:00+00:00,2655.5,2656.1,2653.9,2655.1,587,33.0,1.0,393.0,GC
2024-11-07 01:45:00+00:00,2655.2,2658.0,2655.2,2657.8,677,33.0,1.0,393.0,GC
2024-11-07 01:50:00+00:00,2657.9,2658.1,2655.2,2655.8,491,33.0,1.0,393.0,GC
2024-11-07 01:55:00+00:00,2656.0,2657.5,2655.8,2656.4,432,33.0,1.0,393.0,GC
2024-11-07 02:00:00+00:00,2656.5,2661.4,2656.5,2660.7,1263,33.0,1.0,393.0,GC
2024-11-07 02:05:00+00:00,2660.5,2663.5,2660.3,2663.3,1055,33.0,1.0,393.0,GC
2024-11-07 02:10:00+00:00,2663.4,2663.7,2661.7,2662.0,500,33.0,1.0,393.0,GC
2024-11-07 02:15:00+00:00,2662.2,2664.4,2662.2,2664.0,392,33.0,1.0,393.0,GC
2024-11-07 02:20:00+00:00,2663.8,2663.9,2660.7,2661.4,414,33.0,1.0,393.0,GC
2024-11-07 02:25:00+00:00,2661.5,2662.8,2660.7,2661.0,410,33.0,1.0,393.0,GC
2024-11-07 02:30:00+00:00,2660.8,2662.0,2658.2,2660.0,899,33.0,1.0,393.0,GC
2024-11-07 02:35:00+00:00,2659.8,2662.9,2659.3,2662.7,309,33.0,1.0,393.0,GC
2024-11-07 02:40:00+00:00,2662.8,2663.1,2660.1,2662.3,479,33.0,1.0,393.0,GC
2024-11-07 02:45:00+00:00,2662.2,2663.5,2661.0,2661.5,329,33.0,1.0,393.0,GC
2024-11-07 02:50:00+00:00,2661.6,2664.3,2661.2,2663.4,390,33.0,1.0,393.0,GC
2024-11-07 02:55:00+00:00,2663.4,2664.8,2663.2,2664.6,300,33.0,1.0,393.0,GC
2024-11-07 03:00:00+00:00,2664.7,2666.8,2664.5,2665.6,665,33.0,1.0,393.0,GC
2024-11-07 03:05:00+00:00,2665.7,2665.7,2663.5,2663.7,388,33.0,1.0,393.0,GC
2024-11-07 03:10:00+00:00,2663.8,2664.5,2662.9,2663.5,354,33.0,1.0,393.0,GC
2024-11-07 03:15:00+00:00,2663.7,2664.4,2663.6,2663.7,150,33.0,1.0,393.0,GC
2024-11-07 03:20:00+00:00,2663.7,2665.4,2663.0,2664.6,298,33.0,1.0,393.0,GC
2024-11-07 03:25:00+00:00,2664.7,2665.3,2662.9,2663.6,377,33.0,1.0,393.0,GC
2024-11-07 03:30:00+00:00,2663.7,2666.7,2663.7,2666.3,449,33.0,1.0,393.0,GC
2024-11-07 03:35:00+00:00,2666.2,2667.4,2665.8,2666.4,619,33.0,1.0,393.0,GC
2024-11-07 03:40:00+00:00,2666.6,2667.9,2666.2,2666.5,704,33.0,1.0,393.0,GC
2024-11-07 03:45:00+00:00,2666.4,2667.3,2666.2,2667.0,246,33.0,1.0,393.0,GC
2024-11-07 03:50:00+00:00,2667.1,2667.1,2665.9,2667.0,269,33.0,1.0,393.0,GC
2024-11-07 03:55:00+00:00,2666.9,2668.3,2666.2,2666.2,535,33.0,1.0,393.0,GC
2024-11-07 04:00:00+00:00,2666.1,2666.6,2665.1,2665.8,439,33.0,1.0,393.0,GC
2024-11-07 04:05:00+00:00,2665.9,2665.9,2663.2,2664.2,617,33.0,1.0,393.0,GC
2024-11-07 04:10:00+00:00,2664.5,2665.7,2664.4,2665.3,264,33.0,1.0,393.0,GC
2024-11-07 04:15:00+00:00,2665.4,2665.6,2664.6,2664.7,136,33.0,1.0,393.0,GC
2024-11-07 04:20:00+00:00,2664.9,2665.1,2664.3,2664.4,104,33.0,1.0,393.0,GC
2024-11-07 04:25:00+00:00,2664.5,2664.9,2663.7,2664.4,129,33.0,1.0,393.0,GC
2024-11-07 04:30:00+00:00,2664.3,2664.6,2663.8,2663.8,124,33.0,1.0,393.0,GC
2024-11-07 04:35:00+00:00,2664.0,2665.3,2664.0,2664.3,126,33.0,1.0,393.0,GC
2024-11-07 04:40:00+00:00,2664.4,2664.4,2662.1,2662.5,439,33.0,1.0,393.0,GC
2024-11-07 04:45:00+00:00,2662.6,2662.9,2660.9,2661.9,745,33.0,1.0,393.0,GC
2024-11-07 04:50:00+00:00,2662.1,2662.7,2661.7,2662.1,245,33.0,1.0,393.0,GC
2024-11-07 04:55:00+00:00,2662.1,2662.2,2660.7,2661.3,280,33.0,1.0,393.0,GC
2024-11-07 05:00:00+00:00,2661.4,2664.1,2661.4,2663.2,494,33.0,1.0,393.0,GC
2024-11-07 05:05:00+00:00,2663.0,2665.4,2662.8,2664.9,355,33.0,1.0,393.0,GC
2024-11-07 05:10:00+00:00,2665.0,2666.1,2665.0,2665.6,212,33.0,1.0,393.0,GC
2024-11-07 05:15:00+00:00,2665.4,2666.5,2665.4,2666.0,148,33.0,1.0,393.0,GC
2024-11-07 05:20:00+00:00,2666.2,2666.2,2664.9,2665.1,110,33.0,1.0,393.0,GC
2024-11-07 05:25:00+00:00,2665.2,2665.3,2664.4,2664.6,119,33.0,1.0,393.0,GC
2024-11-07 05:30:00+00:00,2664.7,2665.9,2664.0,2664.3,236,33.0,1.0,393.0,GC
2024-11-07 05:35:00+00:00,2664.3,2665.4,2663.9,2664.8,197,33.0,1.0,393.0,GC
2024-11-07 05:40:00+00:00,2664.9,2665.4,2664.2,2664.3,143,33.0,1.0,393.0,GC
2024-11-07 05:45:00+00:00,2664.2,2666.2,2663.7,2666.0,260,33.0,1.0,393.0,GC
2024-11-07 05:50:00+00:00,2666.0,2667.3,2665.8,2667.2,276,33.0,1.0,393.0,GC
2024-11-07 05:55:00+00:00,2667.3,2667.6,2665.8,2666.0,206,33.0,1.0,393.0,GC
2024-11-07 06:00:00+00:00,2665.8,2666.4,2663.7,2663.8,441,33.0,1.0,393.0,GC
2024-11-07 06:05:00+00:00,2663.7,2664.3,2660.4,2660.8,766,33.0,1.0,393.0,GC
2024-11-07 06:10:00+00:00,2660.5,2662.0,2659.5,2661.4,964,33.0,1.0,393.0,GC
2024-11-07 06:15:00+00:00,2661.4,2665.2,2661.4,2665.2,723,33.0,1.0,393.0,GC
2024-11-07 06:20:00+00:00,2665.2,2665.4,2663.1,2663.2,441,33.0,1.0,393.0,GC
2024-11-07 06:25:00+00:00,2663.2,2663.2,2662.2,2662.7,160,33.0,1.0,393.0,GC
2024-11-07 06:30:00+00:00,2663.1,2663.1,2661.9,2662.8,172,33.0,1.0,393.0,GC
2024-11-07 06:35:00+00:00,2663.0,2664.3,2662.2,2662.4,262,33.0,1.0,393.0,GC
2024-11-07 06:40:00+00:00,2662.2,2663.0,2661.8,2662.6,173,33.0,1.0,393.0,GC
2024-11-07 06:45:00+00:00,2662.6,2663.4,2661.7,2662.4,261,33.0,1.0,393.0,GC
2024-11-07 06:50:00+00:00,2662.4,2663.7,2662.3,2663.6,189,33.0,1.0,393.0,GC
2024-11-07 06:55:00+00:00,2663.6,2664.0,2662.8,2663.9,172,33.0,1.0,393.0,GC
2024-11-07 07:00:00+00:00,2663.8,2666.1,2662.9,2664.1,520,33.0,1.0,393.0,GC
2024-11-07 07:05:00+00:00,2664.3,2666.8,2663.5,2666.8,343,33.0,1.0,393.0,GC
2024-11-07 07:10:00+00:00,2666.7,2667.8,2666.0,2667.1,618,33.0,1.0,393.0,GC
2024-11-07 07:15:00+00:00,2667.1,2670.8,2667.0,2668.9,1307,33.0,1.0,393.0,GC
2024-11-07 07:20:00+00:00,2669.0,2672.2,2669.0,2672.1,1356,33.0,1.0,393.0,GC
2024-11-07 07:25:00+00:00,2672.2,2674.7,2671.2,2671.6,2043,33.0,1.0,393.0,GC
2024-11-07 07:30:00+00:00,2671.5,2674.1,2671.0,2673.1,505,33.0,1.0,393.0,GC
2024-11-07 07:35:00+00:00,2673.0,2673.2,2671.0,2671.6,697,33.0,1.0,393.0,GC
2024-11-07 07:40:00+00:00,2671.6,2671.8,2670.5,2671.0,590,33.0,1.0,393.0,GC
2024-11-07 07:45:00+00:00,2671.0,2671.9,2670.3,2671.2,373,33.0,1.0,393.0,GC
2024-11-07 07:50:00+00:00,2671.2,2672.0,2670.5,2671.5,312,33.0,1.0,393.0,GC
2024-11-07 07:55:00+00:00,2671.2,2671.4,2669.5,2670.1,280,33.0,1.0,393.0,GC
2024-11-07 08:00:00+00:00,2670.2,2670.5,2669.0,2669.1,620,33.0,1.0,393.0,GC
2024-11-07 08:05:00+00:00,2669.2,2670.3,2668.5,2670.2,654,33.0,1.0,393.0,GC
2024-11-07 08:10:00+00:00,2669.9,2673.4,2669.0,2672.3,1424,33.0,1.0,393.0,GC
2024-11-07 08:15:00+00:00,2672.4,2673.4,2670.7,2672.9,640,33.0,1.0,393.0,GC
2024-11-07 08:20:00+00:00,2673.0,2673.6,2671.6,2671.7,483,33.0,1.0,393.0,GC
2024-11-07 08:25:00+00:00,2671.7,2671.7,2669.5,2669.7,430,33.0,1.0,393.0,GC
2024-11-07 08:30:00+00:00,2669.8,2670.2,2668.4,2669.0,663,33.0,1.0,393.0,GC
2024-11-07 08:35:00+00:00,2669.1,2669.5,2667.4,2668.5,911,33.0,1.0,393.0,GC
2024-11-07 08:40:00+00:00,2668.5,2668.8,2667.3,2668.0,501,33.0,1.0,393.0,GC
2024-11-07 08:45:00+00:00,2668.1,2668.2,2665.5,2666.3,706,33.0,1.0,393.0,GC
2024-11-07 08:50:00+00:00,2666.2,2666.4,2664.8,2665.5,427,33.0,1.0,393.0,GC
2024-11-07 08:55:00+00:00,2665.6,2666.1,2664.3,2664.3,636,33.0,1.0,393.0,GC
2024-11-07 09:00:00+00:00,2664.4,2667.8,2664.3,2667.6,525,33.0,1.0,393.0,GC
2024-11-07 09:05:00+00:00,2667.6,2670.1,2667.6,2668.8,830,33.0,1.0,393.0,GC
2024-11-07 09:10:00+00:00,2668.8,2668.8,2666.5,2666.9,412,33.0,1.0,393.0,GC
2024-11-07 09:15:00+00:00,2666.8,2668.8,2666.2,2668.6,351,33.0,1.0,393.0,GC
2024-11-07 09:20:00+00:00,2668.6,2671.0,2668.4,2670.8,599,33.0,1.0,393.0,GC
2024-11-07 09:25:00+00:00,2670.9,2673.0,2670.7,2671.5,522,33.0,1.0,393.0,GC
2024-11-07 09:30:00+00:00,2671.3,2672.2,2670.5,2670.8,266,33.0,1.0,393.0,GC
2024-11-07 09:35:00+00:00,2670.6,2670.7,2669.2,2670.3,787,33.0,1.0,393.0,GC
2024-11-07 09:40:00+00:00,2670.3,2671.1,2670.0,2670.6,317,33.0,1.0,393.0,GC
2024-11-07 09:45:00+00:00,2670.5,2670.6,2669.2,2669.5,250,33.0,1.0,393.0,GC
2024-11-07 09:50:00+00:00,2669.5,2670.3,2668.3,2670.1,664,33.0,1.0,393.0,GC
2024-11-07 09:55:00+00:00,2670.2,2671.4,2668.3,2668.5,1322,33.0,1.0,393.0,GC
2024-11-07 10:00:00+00:00,2668.5,2668.8,2666.7,2667.7,816,33.0,1.0,393.0,GC
2024-11-07 10:05:00+00:00,2667.5,2670.5,2666.8,2670.2,1407,33.0,1.0,393.0,GC
2024-11-07 10:10:00+00:00,2670.2,2672.2,2669.8,2672.0,762,33.0,1.0,393.0,GC
2024-11-07 10:15:00+00:00,2671.9,2673.4,2671.4,2673.4,375,33.0,1.0,393.0,GC
2024-11-07 10:20:00+00:00,2673.2,2675.2,2672.6,2674.8,1188,33.0,1.0,393.0,GC
2024-11-07 10:25:00+00:00,2674.8,2674.8,2672.2,2672.2,451,33.0,1.0,393.0,GC
2024-11-07 10:30:00+00:00,2672.1,2674.5,2671.8,2674.3,715,33.0,1.0,393.0,GC
2024-11-07 10:35:00+00:00,2674.3,2674.7,2673.4,2674.4,369,33.0,1.0,393.0,GC
2024-11-07 10:40:00+00:00,2674.5,2675.1,2672.5,2673.2,423,33.0,1.0,393.0,GC
2024-11-07 10:45:00+00:00,2673.3,2674.4,2673.1,2673.8,378,33.0,1.0,393.0,GC
2024-11-07 10:50:00+00:00,2673.7,2674.4,2673.0,2674.0,334,33.0,1.0,393.0,GC
2024-11-07 10:55:00+00:00,2674.1,2675.2,2673.1,2673.3,401,33.0,1.0,393.0,GC
2024-11-07 11:00:00+00:00,2673.2,2673.7,2671.2,2671.6,466,33.0,1.0,393.0,GC
2024-11-07 11:05:00+00:00,2671.5,2672.2,2670.7,2672.0,331,33.0,1.0,393.0,GC
2024-11-07 11:10:00+00:00,2672.0,2672.1,2670.7,2671.4,231,33.0,1.0,393.0,GC
2024-11-07 11:15:00+00:00,2671.5,2671.6,2670.9,2671.3,186,33.0,1.0,393.0,GC
2024-11-07 11:20:00+00:00,2671.1,2672.5,2670.8,2672.5,364,33.0,1.0,393.0,GC
2024-11-07 11:25:00+00:00,2672.5,2673.5,2671.9,2672.1,230,33.0,1.0,393.0,GC
2024-11-07 11:30:00+00:00,2672.1,2673.0,2671.6,2672.6,187,33.0,1.0,393.0,GC
2024-11-07 11:35:00+00:00,2672.6,2673.8,2671.9,2673.6,225,33.0,1.0,393.0,GC
2024-11-07 11:40:00+00:00,2673.7,2673.9,2672.4,2672.4,156,33.0,1.0,393.0,GC
2024-11-07 11:45:00+00:00,2672.5,2672.5,2670.6,2671.5,262,33.0,1.0,393.0,GC
2024-11-07 11:50:00+00:00,2671.6,2672.5,2671.3,2672.1,233,33.0,1.0,393.0,GC
2024-11-07 11:55:00+00:00,2672.1,2675.1,2671.7,2673.3,753,33.0,1.0,393.0,GC
2024-11-07 12:00:00+00:00,2673.2,2674.2,2671.8,2673.7,641,33.0,1.0,393.0,GC
2024-11-07 12:05:00+00:00,2673.6,2674.4,2672.3,2672.3,611,33.0,1.0,393.0,GC
2024-11-07 12:10:00+00:00,2672.4,2673.3,2671.3,2672.8,414,33.0,1.0,393.0,GC
2024-11-07 12:15:00+00:00,2672.9,2674.5,2671.9,2674.5,578,33.0,1.0,393.0,GC
2024-11-07 12:20:00+00:00,2674.6,2675.9,2673.6,2675.5,538,33.0,1.0,393.0,GC
2024-11-07 12:25:00+00:00,2675.5,2676.0,2673.6,2673.8,546,33.0,1.0,393.0,GC
2024-11-07 12:30:00+00:00,2673.8,2675.2,2673.8,2675.2,282,33.0,1.0,393.0,GC
2024-11-07 12:35:00+00:00,2675.2,2676.2,2674.5,2675.8,422,33.0,1.0,393.0,GC
2024-11-07 12:40:00+00:00,2675.8,2678.0,2675.7,2677.4,1162,33.0,1.0,393.0,GC
2024-11-07 12:45:00+00:00,2677.4,2679.0,2676.9,2677.8,1483,33.0,1.0,393.0,GC
2024-11-07 12:50:00+00:00,2678.0,2680.9,2678.0,2679.2,1225,33.0,1.0,393.0,GC
2024-11-07 12:55:00+00:00,2679.1,2681.5,2679.0,2681.0,1489,33.0,1.0,393.0,GC
2024-11-07 13:00:00+00:00,2681.1,2682.2,2679.7,2681.9,2264,33.0,1.0,393.0,GC
2024-11-07 13:05:00+00:00,2682.0,2684.5,2680.8,2684.2,2281,33.0,1.0,393.0,GC
2024-11-07 13:10:00+00:00,2683.9,2686.0,2683.9,2685.0,1418,33.0,1.0,393.0,GC
2024-11-07 13:15:00+00:00,2685.0,2685.1,2682.1,2684.7,1404,33.0,1.0,393.0,GC
2024-11-07 13:20:00+00:00,2684.7,2690.6,2682.3,2689.9,3481,33.0,1.0,393.0,GC
2024-11-07 13:25:00+00:00,2690.0,2690.2,2687.4,2688.8,1854,33.0,1.0,393.0,GC
2024-11-07 13:30:00+00:00,2688.6,2690.1,2685.3,2689.1,2195,33.0,1.0,393.0,GC
2024-11-07 13:35:00+00:00,2689.0,2691.7,2688.3,2689.6,2238,33.0,1.0,393.0,GC
2024-11-07 13:40:00+00:00,2689.5,2691.1,2687.5,2690.6,1167,33.0,1.0,393.0,GC
2024-11-07 13:45:00+00:00,2690.7,2692.1,2689.4,2690.7,1402,33.0,1.0,393.0,GC
2024-11-07 13:50:00+00:00,2690.8,2692.5,2689.7,2691.8,917,33.0,1.0,393.0,GC
2024-11-07 13:55:00+00:00,2691.8,2692.2,2690.3,2692.0,888,33.0,1.0,393.0,GC
2024-11-07 14:00:00+00:00,2691.8,2694.0,2691.1,2693.4,1268,33.0,1.0,393.0,GC
2024-11-07 14:05:00+00:00,2693.1,2693.3,2689.6,2690.5,1361,33.0,1.0,393.0,GC
2024-11-07 14:10:00+00:00,2690.6,2691.8,2689.8,2690.9,751,33.0,1.0,393.0,GC
2024-11-07 14:15:00+00:00,2690.9,2696.0,2690.9,2695.6,1666,33.0,1.0,393.0,GC
2024-11-07 14:20:00+00:00,2695.6,2698.4,2694.6,2697.7,2196,33.0,1.0,393.0,GC
2024-11-07 14:25:00+00:00,2697.6,2698.0,2695.3,2697.4,1557,33.0,1.0,393.0,GC
2024-11-07 14:30:00+00:00,2697.5,2698.7,2695.6,2698.0,1658,33.0,1.0,393.0,GC
2024-11-07 14:35:00+00:00,2697.9,2699.3,2695.4,2698.3,2059,33.0,1.0,393.0,GC
2024-11-07 14:40:00+00:00,2698.2,2702.1,2697.5,2698.3,2439,33.0,1.0,393.0,GC
2024-11-07 14:45:00+00:00,2698.3,2699.0,2696.7,2698.8,1573,33.0,1.0,393.0,GC
2024-11-07 14:50:00+00:00,2698.7,2702.6,2697.9,2701.5,3203,33.0,1.0,393.0,GC
2024-11-07 14:55:00+00:00,2701.6,2702.2,2698.7,2699.3,1512,33.0,1.0,393.0,GC
2024-11-07 15:00:00+00:00,2699.2,2700.5,2697.4,2697.5,1746,33.0,1.0,393.0,GC
2024-11-07 15:05:00+00:00,2697.5,2702.7,2697.5,2702.3,1600,33.0,1.0,393.0,GC
2024-11-07 15:10:00+00:00,2702.5,2704.4,2702.3,2703.3,1757,33.0,1.0,393.0,GC
2024-11-07 15:15:00+00:00,2703.5,2704.7,2701.1,2704.4,1221,33.0,1.0,393.0,GC
2024-11-07 15:20:00+00:00,2704.5,2705.8,2702.5,2705.5,2110,33.0,1.0,393.0,GC
2024-11-07 15:25:00+00:00,2705.5,2707.4,2704.6,2706.3,1523,33.0,1.0,393.0,GC
2024-11-07 15:30:00+00:00,2706.4,2707.8,2706.1,2706.3,1719,33.0,1.0,393.0,GC
2024-11-07 15:35:00+00:00,2706.4,2706.4,2704.2,2704.4,1387,33.0,1.0,393.0,GC
2024-11-07 15:40:00+00:00,2704.5,2706.0,2702.7,2705.9,1111,33.0,1.0,393.0,GC
2024-11-07 15:45:00+00:00,2705.8,2706.5,2703.1,2703.5,963,33.0,1.0,393.0,GC
2024-11-07 15:50:00+00:00,2703.5,2705.3,2703.3,2704.5,1050,33.0,1.0,393.0,GC
2024-11-07 15:55:00+00:00,2704.4,2706.5,2703.8,2706.1,895,33.0,1.0,393.0,GC
2024-11-07 16:00:00+00:00,2706.0,2706.8,2703.6,2704.8,1515,33.0,1.0,393.0,GC
2024-11-07 16:05:00+00:00,2704.8,2704.9,2703.2,2704.5,1065,33.0,1.0,393.0,GC
2024-11-07 16:10:00+00:00,2704.5,2704.6,2702.5,2704.3,934,33.0,1.0,393.0,GC
2024-11-07 16:15:00+00:00,2704.2,2704.8,2700.7,2700.9,1259,33.0,1.0,393.0,GC
2024-11-07 16:20:00+00:00,2700.9,2702.1,2698.6,2700.0,1842,33.0,1.0,393.0,GC
2024-11-07 16:25:00+00:00,2699.9,2700.3,2697.7,2699.1,1284,33.0,1.0,393.0,GC
2024-11-07 16:30:00+00:00,2699.3,2702.5,2699.2,2702.3,1212,33.0,1.0,393.0,GC
2024-11-07 16:35:00+00:00,2702.0,2703.3,2701.7,2703.2,924,33.0,1.0,393.0,GC
2024-11-07 16:40:00+00:00,2703.3,2705.1,2703.1,2704.2,1385,33.0,1.0,393.0,GC
2024-11-07 16:45:00+00:00,2704.3,2704.4,2701.3,2701.8,818,33.0,1.0,393.0,GC
2024-11-07 16:50:00+00:00,2701.7,2702.9,2700.7,2701.8,1458,33.0,1.0,393.0,GC
2024-11-07 16:55:00+00:00,2701.7,2703.7,2701.1,2703.1,650,33.0,1.0,393.0,GC
2024-11-07 17:00:00+00:00,2703.1,2703.6,2701.6,2701.8,568,33.0,1.0,393.0,GC
2024-11-07 17:05:00+00:00,2701.8,2704.2,2701.5,2703.7,723,33.0,1.0,393.0,GC
2024-11-07 17:10:00+00:00,2703.6,2705.7,2703.1,2705.5,608,33.0,1.0,393.0,GC
2024-11-07 17:15:00+00:00,2705.6,2706.0,2704.8,2705.4,380,33.0,1.0,393.0,GC
2024-11-07 17:20:00+00:00,2705.4,2707.0,2705.3,2706.5,621,33.0,1.0,393.0,GC
2024-11-07 17:25:00+00:00,2706.4,2707.1,2706.1,2706.6,545,33.0,1.0,393.0,GC
2024-11-07 17:30:00+00:00,2706.7,2707.6,2705.9,2705.9,912,33.0,1.0,393.0,GC
2024-11-07 17:35:00+00:00,2705.9,2707.4,2705.6,2706.3,820,33.0,1.0,393.0,GC
2024-11-07 17:40:00+00:00,2706.4,2707.6,2706.1,2707.0,601,33.0,1.0,393.0,GC
2024-11-07 17:45:00+00:00,2707.0,2707.0,2705.7,2706.3,486,33.0,1.0,393.0,GC
2024-11-07 17:50:00+00:00,2706.3,2707.8,2706.1,2707.2,840,33.0,1.0,393.0,GC
2024-11-07 17:55:00+00:00,2707.3,2707.4,2706.1,2706.8,404,33.0,1.0,393.0,GC
2024-11-07 18:00:00+00:00,2706.8,2706.9,2704.8,2705.0,846,33.0,1.0,393.0,GC
2024-11-07 18:05:00+00:00,2704.9,2706.1,2704.6,2706.0,630,33.0,1.0,393.0,GC
2024-11-07 18:10:00+00:00,2706.1,2706.3,2703.9,2704.0,646,33.0,1.0,393.0,GC
2024-11-07 18:15:00+00:00,2704.0,2704.3,2703.3,2703.9,446,33.0,1.0,393.0,GC
2024-11-07 18:20:00+00:00,2704.0,2705.5,2703.8,2705.1,426,33.0,1.0,393.0,GC
2024-11-07 18:25:00+00:00,2705.1,2706.2,2704.9,2705.7,1355,33.0,1.0,393.0,GC
2024-11-07 18:30:00+00:00,2705.7,2707.0,2705.6,2706.1,758,33.0,1.0,393.0,GC
2024-11-07 18:35:00+00:00,2706.1,2706.2,2705.2,2705.4,284,33.0,1.0,393.0,GC
2024-11-07 18:40:00+00:00,2705.3,2705.3,2704.3,2704.5,505,33.0,1.0,393.0,GC
2024-11-07 18:45:00+00:00,2704.5,2704.5,2702.7,2702.7,527,33.0,1.0,393.0,GC
2024-11-07 18:50:00+00:00,2702.8,2703.0,2701.5,2701.8,581,33.0,1.0,393.0,GC
2024-11-07 18:55:00+00:00,2701.7,2703.1,2701.3,2703.0,569,33.0,1.0,393.0,GC
2024-11-07 19:00:00+00:00,2703.2,2705.5,2696.6,2696.8,2143,33.0,1.0,393.0,GC
2024-11-07 19:05:00+00:00,2696.6,2701.0,2696.0,2698.9,1520,33.0,1.0,393.0,GC
2024-11-07 19:10:00+00:00,2698.7,2701.2,2696.9,2700.1,1086,33.0,1.0,393.0,GC
2024-11-07 19:15:00+00:00,2700.3,2701.5,2698.3,2699.9,704,33.0,1.0,393.0,GC
2024-11-07 19:20:00+00:00,2700.0,2700.0,2697.2,2698.2,467,33.0,1.0,393.0,GC
2024-11-07 19:25:00+00:00,2698.1,2699.5,2697.2,2697.9,420,33.0,1.0,393.0,GC
2024-11-07 19:30:00+00:00,2697.8,2702.1,2697.8,2701.4,603,33.0,1.0,393.0,GC
2024-11-07 19:35:00+00:00,2701.6,2702.8,2700.8,2701.2,702,33.0,1.0,393.0,GC
2024-11-07 19:40:00+00:00,2701.5,2701.5,2694.6,2698.3,2575,33.0,1.0,393.0,GC
2024-11-07 19:45:00+00:00,2698.2,2702.0,2697.5,2701.1,967,33.0,1.0,393.0,GC
2024-11-07 19:50:00+00:00,2701.4,2703.4,2699.3,2700.1,1064,33.0,1.0,393.0,GC
2024-11-07 19:55:00+00:00,2700.2,2702.2,2700.0,2701.6,569,33.0,1.0,393.0,GC
2024-11-07 20:00:00+00:00,2701.7,2707.3,2700.0,2706.7,1668,33.0,1.0,393.0,GC
2024-11-07 20:05:00+00:00,2706.8,2709.6,2705.4,2708.3,1843,33.0,1.0,393.0,GC
2024-11-07 20:10:00+00:00,2708.4,2712.9,2708.2,2712.4,2565,33.0,1.0,393.0,GC
2024-11-07 20:15:00+00:00,2712.4,2715.8,2712.2,2715.0,2661,33.0,1.0,393.0,GC
2024-11-07 20:20:00+00:00,2715.0,2718.3,2714.5,2717.3,1638,33.0,1.0,393.0,GC
2024-11-07 20:25:00+00:00,2717.3,2717.6,2714.7,2714.9,840,33.0,1.0,393.0,GC
2024-11-07 20:30:00+00:00,2714.8,2716.2,2714.4,2715.1,835,33.0,1.0,393.0,GC
2024-11-07 20:35:00+00:00,2715.2,2715.5,2713.2,2714.4,815,33.0,1.0,393.0,GC
2024-11-07 20:40:00+00:00,2714.3,2714.5,2710.7,2711.2,865,33.0,1.0,393.0,GC
2024-11-07 20:45:00+00:00,2711.3,2712.2,2709.5,2711.0,716,33.0,1.0,393.0,GC
2024-11-07 20:50:00+00:00,2710.9,2712.3,2710.2,2710.7,442,33.0,1.0,393.0,GC
2024-11-07 20:55:00+00:00,2710.9,2712.5,2710.9,2711.9,566,33.0,1.0,393.0,GC
2024-11-07 21:00:00+00:00,2712.0,2712.6,2711.1,2712.4,264,33.0,1.0,393.0,GC
2024-11-07 21:05:00+00:00,2712.4,2714.2,2712.4,2713.8,312,33.0,1.0,393.0,GC
2024-11-07 21:10:00+00:00,2713.9,2713.9,2712.0,2712.3,205,33.0,1.0,393.0,GC
2024-11-07 21:15:00+00:00,2712.4,2714.9,2712.2,2714.7,486,33.0,1.0,393.0,GC
2024-11-07 21:20:00+00:00,2714.6,2715.1,2714.1,2714.5,240,33.0,1.0,393.0,GC
2024-11-07 21:25:00+00:00,2714.6,2714.7,2713.3,2713.6,133,33.0,1.0,393.0,GC
2024-11-07 21:30:00+00:00,2713.6,2715.6,2713.6,2715.0,151,33.0,1.0,393.0,GC
2024-11-07 21:35:00+00:00,2715.2,2716.0,2715.1,2715.8,68,33.0,1.0,393.0,GC
2024-11-07 21:40:00+00:00,2715.7,2715.9,2715.2,2715.6,100,33.0,1.0,393.0,GC
2024-11-07 21:45:00+00:00,2715.6,2715.8,2714.7,2714.8,133,33.0,1.0,393.0,GC
2024-11-07 21:50:00+00:00,2714.9,2716.1,2714.5,2715.4,189,33.0,1.0,393.0,GC
2024-11-07 21:55:00+00:00,2715.6,2715.8,2713.6,2714.0,227,33.0,1.0,393.0,GC
2024-11-07 23:00:00+00:00,2713.6,2713.7,2711.4,2711.8,401,33.0,1.0,393.0,GC
2024-11-07 23:05:00+00:00,2711.8,2712.3,2711.7,2711.8,110,33.0,1.0,393.0,GC
2024-11-07 23:10:00+00:00,2711.7,2712.1,2711.6,2712.1,78,33.0,1.0,393.0,GC
2024-11-07 23:15:00+00:00,2712.2,2713.6,2712.1,2713.5,142,33.0,1.0,393.0,GC
2024-11-07 23:20:00+00:00,2713.5,2713.5,2712.6,2713.1,115,33.0,1.0,393.0,GC
2024-11-07 23:25:00+00:00,2712.8,2713.9,2712.7,2713.4,141,33.0,1.0,393.0,GC
2024-11-07 23:30:00+00:00,2713.5,2715.4,2713.3,2715.0,327,33.0,1.0,393.0,GC
2024-11-07 23:35:00+00:00,2715.1,2715.3,2714.5,2714.6,99,33.0,1.0,393.0,GC
2024-11-07 23:40:00+00:00,2714.6,2714.7,2713.6,2713.8,189,33.0,1.0,393.0,GC
2024-11-07 23:45:00+00:00,2713.8,2713.9,2712.8,2713.6,270,33.0,1.0,393.0,GC
2024-11-07 23:50:00+00:00,2713.7,2714.5,2713.2,2713.5,194,33.0,1.0,393.0,GC
2024-11-07 23:55:00+00:00,2713.5,2714.4,2712.8,2714.3,166,33.0,1.0,393.0,GC
2024-11-08 00:00:00+00:00,2714.2,2715.4,2714.2,2715.2,159,33.0,1.0,393.0,GC
2024-11-08 00:05:00+00:00,2715.2,2716.6,2714.8,2716.6,278,33.0,1.0,393.0,GC
2024-11-08 00:10:00+00:00,2716.5,2716.7,2715.8,2716.1,116,33.0,1.0,393.0,GC
2024-11-08 00:15:00+00:00,2716.0,2717.3,2715.9,2717.1,134,33.0,1.0,393.0,GC
2024-11-08 00:20:00+00:00,2717.1,2717.8,2716.0,2716.0,226,33.0,1.0,393.0,GC
2024-11-08 00:25:00+00:00,2716.1,2716.5,2715.4,2716.5,161,33.0,1.0,393.0,GC
2024-11-08 00:30:00+00:00,2716.5,2717.4,2715.7,2715.9,202,33.0,1.0,393.0,GC
2024-11-08 00:35:00+00:00,2715.9,2716.7,2715.2,2716.4,226,33.0,1.0,393.0,GC
2024-11-08 00:40:00+00:00,2716.4,2716.9,2715.7,2715.8,72,33.0,1.0,393.0,GC
2024-11-08 00:45:00+00:00,2715.9,2715.9,2713.0,2713.6,447,33.0,1.0,393.0,GC
2024-11-08 00:50:00+00:00,2713.6,2715.0,2713.2,2713.5,375,33.0,1.0,393.0,GC
2024-11-08 00:55:00+00:00,2713.7,2714.1,2712.9,2713.5,260,33.0,1.0,393.0,GC
2024-11-08 01:00:00+00:00,2713.6,2715.0,2710.0,2711.1,1405,33.0,1.0,393.0,GC
2024-11-08 01:05:00+00:00,2711.1,2712.5,2709.5,2709.5,516,33.0,1.0,393.0,GC
2024-11-08 01:10:00+00:00,2709.5,2710.1,2706.7,2707.1,721,33.0,1.0,393.0,GC
2024-11-08 01:15:00+00:00,2706.9,2709.1,2706.9,2709.0,480,33.0,1.0,393.0,GC
2024-11-08 01:20:00+00:00,2709.1,2709.6,2707.4,2708.8,414,33.0,1.0,393.0,GC
2024-11-08 01:25:00+00:00,2708.8,2709.9,2708.5,2709.1,280,33.0,1.0,393.0,GC
2024-11-08 01:30:00+00:00,2709.1,2709.4,2706.5,2706.6,612,33.0,1.0,393.0,GC
2024-11-08 01:35:00+00:00,2706.6,2710.3,2706.6,2709.2,638,33.0,1.0,393.0,GC
2024-11-08 01:40:00+00:00,2709.2,2709.8,2707.6,2708.4,256,33.0,1.0,393.0,GC
2024-11-08 01:45:00+00:00,2708.3,2710.0,2707.0,2709.3,579,33.0,1.0,393.0,GC
2024-11-08 01:50:00+00:00,2709.5,2710.3,2707.4,2708.2,426,33.0,1.0,393.0,GC
2024-11-08 01:55:00+00:00,2708.1,2709.4,2706.9,2707.4,311,33.0,1.0,393.0,GC
2024-11-08 02:00:00+00:00,2707.2,2707.2,2702.4,2704.0,1726,33.0,1.0,393.0,GC
2024-11-08 02:05:00+00:00,2704.0,2706.5,2704.0,2705.8,378,33.0,1.0,393.0,GC
2024-11-08 02:10:00+00:00,2705.9,2707.2,2705.5,2706.0,230,33.0,1.0,393.0,GC
2024-11-08 02:15:00+00:00,2706.2,2707.5,2706.0,2706.9,202,33.0,1.0,393.0,GC
2024-11-08 02:20:00+00:00,2706.8,2707.2,2706.4,2707.0,78,33.0,1.0,393.0,GC
2024-11-08 02:25:00+00:00,2707.0,2707.1,2706.3,2707.1,92,33.0,1.0,393.0,GC
2024-11-08 02:30:00+00:00,2706.9,2708.4,2705.4,2705.4,564,33.0,1.0,393.0,GC
2024-11-08 02:35:00+00:00,2705.5,2706.2,2704.8,2705.7,273,33.0,1.0,393.0,GC
2024-11-08 02:40:00+00:00,2705.7,2706.2,2703.7,2704.2,263,33.0,1.0,393.0,GC
2024-11-08 02:45:00+00:00,2704.1,2705.2,2703.2,2704.5,289,33.0,1.0,393.0,GC
2024-11-08 02:50:00+00:00,2704.6,2705.0,2703.5,2704.7,219,33.0,1.0,393.0,GC
2024-11-08 02:55:00+00:00,2704.7,2705.5,2704.2,2704.8,124,33.0,1.0,393.0,GC
2024-11-08 03:00:00+00:00,2704.8,2705.4,2703.8,2704.1,119,33.0,1.0,393.0,GC
2024-11-08 03:05:00+00:00,2704.0,2705.4,2703.6,2705.2,262,33.0,1.0,393.0,GC
2024-11-08 03:10:00+00:00,2705.4,2707.8,2705.4,2707.4,607,33.0,1.0,393.0,GC
2024-11-08 03:15:00+00:00,2707.6,2707.9,2705.3,2705.3,259,33.0,1.0,393.0,GC
2024-11-08 03:20:00+00:00,2705.4,2705.6,2704.7,2705.2,184,33.0,1.0,393.0,GC
2024-11-08 03:25:00+00:00,2705.2,2705.4,2702.7,2702.8,478,33.0,1.0,393.0,GC
2024-11-08 03:30:00+00:00,2702.9,2704.0,2702.1,2702.3,321,33.0,1.0,393.0,GC
2024-11-08 03:35:00+00:00,2702.3,2703.3,2701.7,2702.9,299,33.0,1.0,393.0,GC
2024-11-08 03:40:00+00:00,2703.1,2703.1,2701.6,2701.7,176,33.0,1.0,393.0,GC
2024-11-08 03:45:00+00:00,2701.5,2702.7,2701.2,2701.2,166,33.0,1.0,393.0,GC
2024-11-08 03:50:00+00:00,2701.3,2702.3,2701.3,2702.1,135,33.0,1.0,393.0,GC
2024-11-08 03:55:00+00:00,2702.1,2703.3,2702.0,2702.4,191,33.0,1.0,393.0,GC
2024-11-08 04:00:00+00:00,2702.4,2702.5,2701.2,2701.7,267,33.0,1.0,393.0,GC
2024-11-08 04:05:00+00:00,2701.8,2702.3,2701.0,2701.3,170,33.0,1.0,393.0,GC
2024-11-08 04:10:00+00:00,2701.4,2702.7,2701.3,2702.5,210,33.0,1.0,393.0,GC
2024-11-08 04:15:00+00:00,2702.5,2703.4,2702.0,2702.1,345,33.0,1.0,393.0,GC
2024-11-08 04:20:00+00:00,2702.2,2702.2,2700.8,2701.2,338,33.0,1.0,393.0,GC
2024-11-08 04:25:00+00:00,2701.2,2701.7,2701.0,2701.0,149,33.0,1.0,393.0,GC
2024-11-08 04:30:00+00:00,2701.1,2703.1,2700.4,2702.6,448,33.0,1.0,393.0,GC
2024-11-08 04:35:00+00:00,2702.7,2703.2,2702.1,2702.1,392,33.0,1.0,393.0,GC
2024-11-08 04:40:00+00:00,2702.0,2702.0,2700.7,2701.0,159,33.0,1.0,393.0,GC
2024-11-08 04:45:00+00:00,2701.2,2702.3,2701.2,2701.6,84,33.0,1.0,393.0,GC
2024-11-08 04:50:00+00:00,2701.8,2701.9,2701.0,2701.0,154,33.0,1.0,393.0,GC
2024-11-08 04:55:00+00:00,2701.0,2701.2,2700.6,2700.8,99,33.0,1.0,393.0,GC
2024-11-08 05:00:00+00:00,2701.0,2702.3,2700.8,2701.7,162,33.0,1.0,393.0,GC
2024-11-08 05:05:00+00:00,2701.8,2702.7,2701.5,2702.4,133,33.0,1.0,393.0,GC
2024-11-08 05:10:00+00:00,2702.3,2702.9,2702.0,2702.4,102,33.0,1.0,393.0,GC
2024-11-08 05:15:00+00:00,2702.2,2702.4,2701.7,2701.9,80,33.0,1.0,393.0,GC
2024-11-08 05:20:00+00:00,2702.0,2703.3,2702.0,2703.1,166,33.0,1.0,393.0,GC
2024-11-08 05:25:00+00:00,2703.2,2703.3,2702.6,2702.8,171,33.0,1.0,393.0,GC
2024-11-08 05:30:00+00:00,2702.9,2703.4,2701.5,2702.9,254,33.0,1.0,393.0,GC
2024-11-08 05:35:00+00:00,2703.0,2703.4,2701.6,2702.0,118,33.0,1.0,393.0,GC
2024-11-08 05:40:00+00:00,2701.9,2703.1,2701.8,2701.9,150,33.0,1.0,393.0,GC
2024-11-08 05:45:00+00:00,2701.8,2702.1,2701.0,2701.4,235,33.0,1.0,393.0,GC
2024-11-08 05:50:00+00:00,2701.4,2703.0,2701.4,2702.5,145,33.0,1.0,393.0,GC
2024-11-08 05:55:00+00:00,2702.5,2703.2,2702.1,2702.3,236,33.0,1.0,393.0,GC
2024-11-08 06:00:00+00:00,2702.3,2703.1,2700.4,2700.9,621,33.0,1.0,393.0,GC
2024-11-08 06:05:00+00:00,2700.9,2701.0,2698.9,2699.2,654,33.0,1.0,393.0,GC
2024-11-08 06:10:00+00:00,2699.3,2699.7,2696.0,2697.8,1073,33.0,1.0,393.0,GC
2024-11-08 06:15:00+00:00,2697.7,2699.0,2696.6,2696.9,516,33.0,1.0,393.0,GC
2024-11-08 06:20:00+00:00,2696.8,2697.1,2694.8,2695.2,854,33.0,1.0,393.0,GC
2024-11-08 06:25:00+00:00,2695.2,2695.8,2693.5,2694.2,1077,33.0,1.0,393.0,GC
2024-11-08 06:30:00+00:00,2694.3,2695.0,2693.3,2694.4,716,33.0,1.0,393.0,GC
2024-11-08 06:35:00+00:00,2694.3,2695.1,2693.1,2694.3,475,33.0,1.0,393.0,GC
2024-11-08 06:40:00+00:00,2694.3,2694.6,2693.7,2694.4,343,33.0,1.0,393.0,GC
2024-11-08 06:45:00+00:00,2694.3,2696.4,2694.3,2695.2,566,33.0,1.0,393.0,GC
2024-11-08 06:50:00+00:00,2695.3,2695.7,2694.1,2695.2,312,33.0,1.0,393.0,GC
2024-11-08 06:55:00+00:00,2695.3,2695.5,2693.5,2693.6,415,33.0,1.0,393.0,GC
2024-11-08 07:00:00+00:00,2693.5,2693.5,2691.3,2692.1,1045,33.0,1.0,393.0,GC
2024-11-08 07:05:00+00:00,2692.3,2693.2,2690.9,2691.9,476,33.0,1.0,393.0,GC
2024-11-08 07:10:00+00:00,2691.8,2692.2,2690.2,2690.4,577,33.0,1.0,393.0,GC
2024-11-08 07:15:00+00:00,2690.4,2692.4,2689.1,2692.4,1186,33.0,1.0,393.0,GC
2024-11-08 07:20:00+00:00,2692.4,2692.5,2689.9,2690.9,573,33.0,1.0,393.0,GC
2024-11-08 07:25:00+00:00,2690.9,2690.9,2687.3,2690.2,667,33.0,1.0,393.0,GC
2024-11-08 07:30:00+00:00,2690.3,2690.7,2688.9,2690.3,293,33.0,1.0,393.0,GC
2024-11-08 07:35:00+00:00,2690.5,2692.1,2690.1,2692.1,601,33.0,1.0,393.0,GC
2024-11-08 07:40:00+00:00,2691.8,2693.7,2691.8,2693.6,491,33.0,1.0,393.0,GC
2024-11-08 07:45:00+00:00,2693.6,2694.3,2692.3,2694.1,409,33.0,1.0,393.0,GC
2024-11-08 07:50:00+00:00,2694.1,2695.1,2694.1,2694.3,328,33.0,1.0,393.0,GC
2024-11-08 07:55:00+00:00,2694.1,2694.8,2693.4,2694.6,303,33.0,1.0,393.0,GC
2024-11-08 08:00:00+00:00,2694.5,2696.0,2691.9,2692.4,1221,33.0,1.0,393.0,GC
2024-11-08 08:05:00+00:00,2692.3,2693.1,2689.4,2689.7,1074,33.0,1.0,393.0,GC
2024-11-08 08:10:00+00:00,2689.4,2693.3,2688.9,2692.1,831,33.0,1.0,393.0,GC
2024-11-08 08:15:00+00:00,2692.1,2694.4,2690.6,2693.1,771,33.0,1.0,393.0,GC
2024-11-08 08:20:00+00:00,2693.1,2693.8,2691.9,2693.3,351,33.0,1.0,393.0,GC
2024-11-08 08:25:00+00:00,2692.8,2695.3,2691.6,2695.1,451,33.0,1.0,393.0,GC
2024-11-08 08:30:00+00:00,2694.9,2698.8,2694.9,2698.5,1097,33.0,1.0,393.0,GC
2024-11-08 08:35:00+00:00,2698.5,2699.0,2696.4,2697.3,1039,33.0,1.0,393.0,GC
2024-11-08 08:40:00+00:00,2697.2,2697.2,2692.9,2693.5,720,33.0,1.0,393.0,GC
2024-11-08 08:45:00+00:00,2693.4,2695.5,2693.1,2695.4,389,33.0,1.0,393.0,GC
2024-11-08 08:50:00+00:00,2695.4,2696.9,2694.4,2695.7,579,33.0,1.0,393.0,GC
2024-11-08 08:55:00+00:00,2695.9,2697.2,2695.5,2696.0,298,33.0,1.0,393.0,GC
2024-11-08 09:00:00+00:00,2695.9,2696.7,2695.1,2696.5,265,33.0,1.0,393.0,GC
2024-11-08 09:05:00+00:00,2696.4,2698.0,2695.8,2696.3,506,33.0,1.0,393.0,GC
2024-11-08 09:10:00+00:00,2696.5,2698.4,2696.0,2698.3,388,33.0,1.0,393.0,GC
2024-11-08 09:15:00+00:00,2698.4,2698.4,2695.8,2697.0,512,33.0,1.0,393.0,GC
2024-11-08 09:20:00+00:00,2697.0,2697.0,2694.6,2694.7,296,33.0,1.0,393.0,GC
2024-11-08 09:25:00+00:00,2694.5,2696.8,2694.5,2696.6,403,33.0,1.0,393.0,GC
2024-11-08 09:30:00+00:00,2696.6,2697.4,2694.7,2694.9,367,33.0,1.0,393.0,GC
2024-11-08 09:35:00+00:00,2694.8,2696.2,2694.5,2695.4,409,33.0,1.0,393.0,GC
2024-11-08 09:40:00+00:00,2695.3,2696.7,2695.3,2696.2,131,33.0,1.0,393.0,GC
2024-11-08 09:45:00+00:00,2696.1,2696.5,2695.2,2695.5,123,33.0,1.0,393.0,GC
2024-11-08 09:50:00+00:00,2695.4,2696.1,2694.3,2695.9,315,33.0,1.0,393.0,GC
2024-11-08 09:55:00+00:00,2695.9,2697.1,2695.7,2696.7,319,33.0,1.0,393.0,GC
2024-11-08 10:00:00+00:00,2696.7,2696.7,2695.1,2695.2,161,33.0,1.0,393.0,GC
2024-11-08 10:05:00+00:00,2695.0,2695.2,2693.5,2693.6,331,33.0,1.0,393.0,GC
2024-11-08 10:10:00+00:00,2693.5,2694.5,2692.9,2694.3,347,33.0,1.0,393.0,GC
2024-11-08 10:15:00+00:00,2694.3,2694.5,2692.2,2692.5,224,33.0,1.0,393.0,GC
2024-11-08 10:20:00+00:00,2692.6,2693.3,2689.2,2689.3,788,33.0,1.0,393.0,GC
2024-11-08 10:25:00+00:00,2689.4,2692.4,2689.0,2692.3,1076,33.0,1.0,393.0,GC
2024-11-08 10:30:00+00:00,2692.4,2693.3,2691.7,2692.6,505,33.0,1.0,393.0,GC
2024-11-08 10:35:00+00:00,2692.7,2693.4,2692.0,2692.5,327,33.0,1.0,393.0,GC
2024-11-08 10:40:00+00:00,2692.6,2695.1,2692.3,2695.0,312,33.0,1.0,393.0,GC
2024-11-08 10:45:00+00:00,2694.8,2694.8,2693.3,2694.4,233,33.0,1.0,393.0,GC
2024-11-08 10:50:00+00:00,2694.5,2695.9,2694.5,2695.2,280,33.0,1.0,393.0,GC
2024-11-08 10:55:00+00:00,2695.1,2695.9,2695.0,2695.6,183,33.0,1.0,393.0,GC
2024-11-08 11:00:00+00:00,2695.9,2696.2,2695.6,2695.6,157,33.0,1.0,393.0,GC
2024-11-08 11:05:00+00:00,2695.6,2696.6,2694.3,2694.4,426,33.0,1.0,393.0,GC
2024-11-08 11:10:00+00:00,2694.3,2695.7,2693.8,2695.4,446,33.0,1.0,393.0,GC
2024-11-08 11:15:00+00:00,2695.5,2696.3,2695.4,2695.7,183,33.0,1.0,393.0,GC
2024-11-08 11:20:00+00:00,2695.6,2696.3,2695.5,2695.9,94,33.0,1.0,393.0,GC
2024-11-08 11:25:00+00:00,2695.9,2696.2,2694.9,2696.1,258,33.0,1.0,393.0,GC
2024-11-08 11:30:00+00:00,2696.0,2698.3,2695.7,2697.7,417,33.0,1.0,393.0,GC
2024-11-08 11:35:00+00:00,2697.8,2700.0,2697.5,2699.9,799,33.0,1.0,393.0,GC
2024-11-08 11:40:00+00:00,2699.8,2701.4,2699.0,2700.7,593,33.0,1.0,393.0,GC
2024-11-08 11:45:00+00:00,2700.5,2701.9,2700.4,2701.5,556,33.0,1.0,393.0,GC
2024-11-08 11:50:00+00:00,2701.4,2702.3,2699.5,2699.7,934,33.0,1.0,393.0,GC
2024-11-08 11:55:00+00:00,2699.6,2700.6,2698.2,2699.2,346,33.0,1.0,393.0,GC
2024-11-08 12:00:00+00:00,2699.3,2699.4,2697.1,2697.5,450,33.0,1.0,393.0,GC
2024-11-08 12:05:00+00:00,2697.5,2697.9,2696.7,2697.6,438,33.0,1.0,393.0,GC
2024-11-08 12:10:00+00:00,2697.7,2697.7,2696.4,2697.0,431,33.0,1.0,393.0,GC
2024-11-08 12:15:00+00:00,2696.9,2698.3,2696.5,2697.8,382,33.0,1.0,393.0,GC
2024-11-08 12:20:00+00:00,2697.6,2697.6,2694.4,2695.3,515,33.0,1.0,393.0,GC
2024-11-08 12:25:00+00:00,2695.3,2696.0,2693.3,2695.7,891,33.0,1.0,393.0,GC
2024-11-08 12:30:00+00:00,2695.8,2697.4,2695.6,2697.0,473,33.0,1.0,393.0,GC
2024-11-08 12:35:00+00:00,2697.1,2698.1,2696.3,2696.9,532,33.0,1.0,393.0,GC
2024-11-08 12:40:00+00:00,2697.0,2698.0,2696.4,2697.2,275,33.0,1.0,393.0,GC
2024-11-08 12:45:00+00:00,2697.1,2698.9,2697.1,2697.9,443,33.0,1.0,393.0,GC
2024-11-08 12:50:00+00:00,2698.0,2700.0,2697.9,2699.7,662,33.0,1.0,393.0,GC
2024-11-08 12:55:00+00:00,2699.7,2700.4,2699.2,2699.2,583,33.0,1.0,393.0,GC
2024-11-08 13:00:00+00:00,2699.1,2699.4,2696.7,2696.9,1173,33.0,1.0,393.0,GC
2024-11-08 13:05:00+00:00,2696.8,2697.1,2695.1,2697.0,1091,33.0,1.0,393.0,GC
2024-11-08 13:10:00+00:00,2697.1,2699.0,2696.9,2698.2,927,33.0,1.0,393.0,GC
2024-11-08 13:15:00+00:00,2698.4,2699.2,2697.3,2698.3,691,33.0,1.0,393.0,GC
2024-11-08 13:20:00+00:00,2698.4,2701.8,2697.7,2700.4,1826,33.0,1.0,393.0,GC
2024-11-08 13:25:00+00:00,2700.7,2702.8,2699.9,2702.4,1445,33.0,1.0,393.0,GC
2024-11-08 13:30:00+00:00,2702.4,2703.8,2699.3,2700.2,2026,33.0,1.0,393.0,GC
2024-11-08 13:35:00+00:00,2700.2,2701.0,2697.7,2699.5,1523,33.0,1.0,393.0,GC
2024-11-08 13:40:00+00:00,2699.6,2702.7,2699.5,2702.3,1392,33.0,1.0,393.0,GC
2024-11-08 13:45:00+00:00,2702.3,2705.5,2702.3,2704.8,1181,33.0,1.0,393.0,GC
2024-11-08 13:50:00+00:00,2704.9,2708.8,2704.6,2708.2,2402,33.0,1.0,393.0,GC
2024-11-08 13:55:00+00:00,2708.1,2708.5,2704.6,2705.3,1231,33.0,1.0,393.0,GC
2024-11-08 14:00:00+00:00,2705.3,2708.0,2703.4,2707.5,2124,33.0,1.0,393.0,GC
2024-11-08 14:05:00+00:00,2707.6,2711.7,2707.2,2710.5,2948,33.0,1.0,393.0,GC
2024-11-08 14:10:00+00:00,2710.4,2710.4,2707.2,2708.3,1586,33.0,1.0,393.0,GC
2024-11-08 14:15:00+00:00,2708.1,2708.3,2705.6,2706.3,1011,33.0,1.0,393.0,GC
2024-11-08 14:20:00+00:00,2706.3,2708.6,2706.2,2707.5,1050,33.0,1.0,393.0,GC
2024-11-08 14:25:00+00:00,2707.6,2708.5,2704.0,2704.2,1080,33.0,1.0,393.0,GC
2024-11-08 14:30:00+00:00,2704.3,2707.5,2703.5,2703.5,1415,33.0,1.0,393.0,GC
2024-11-08 14:35:00+00:00,2703.4,2705.9,2701.1,2701.6,1525,33.0,1.0,393.0,GC
2024-11-08 14:40:00+00:00,2701.4,2703.0,2698.6,2699.0,1651,33.0,1.0,393.0,GC
2024-11-08 14:45:00+00:00,2698.9,2699.3,2694.9,2699.0,3191,33.0,1.0,393.0,GC
2024-11-08 14:50:00+00:00,2698.9,2700.9,2697.5,2700.2,1716,33.0,1.0,393.0,GC
2024-11-08 14:55:00+00:00,2700.2,2701.3,2698.4,2699.2,853,33.0,1.0,393.0,GC
2024-11-08 15:00:00+00:00,2699.0,2700.0,2697.3,2699.3,1737,33.0,1.0,393.0,GC
2024-11-08 15:05:00+00:00,2699.2,2699.3,2692.9,2693.2,1756,33.0,1.0,393.0,GC
2024-11-08 15:10:00+00:00,2693.1,2695.5,2691.2,2693.0,2730,33.0,1.0,393.0,GC
2024-11-08 15:15:00+00:00,2693.4,2694.2,2690.9,2692.8,1698,33.0,1.0,393.0,GC
2024-11-08 15:20:00+00:00,2692.8,2697.0,2692.8,2696.1,1462,33.0,1.0,393.0,GC
2024-11-08 15:25:00+00:00,2696.2,2699.2,2696.1,2697.7,1008,33.0,1.0,393.0,GC
2024-11-08 15:30:00+00:00,2697.7,2700.4,2697.2,2699.7,1669,33.0,1.0,393.0,GC
2024-11-08 15:35:00+00:00,2699.8,2700.4,2697.3,2697.5,1025,33.0,1.0,393.0,GC
2024-11-08 15:40:00+00:00,2697.4,2698.4,2695.6,2696.1,1067,33.0,1.0,393.0,GC
2024-11-08 15:45:00+00:00,2696.2,2697.0,2695.3,2696.1,695,33.0,1.0,393.0,GC
2024-11-08 15:50:00+00:00,2696.0,2696.0,2693.4,2694.2,1363,33.0,1.0,393.0,GC
2024-11-08 15:55:00+00:00,2694.2,2696.1,2693.5,2695.1,1076,33.0,1.0,393.0,GC
2024-11-08 16:00:00+00:00,2694.9,2695.2,2693.1,2693.8,619,33.0,1.0,393.0,GC
2024-11-08 16:05:00+00:00,2693.8,2694.8,2692.7,2693.5,702,33.0,1.0,393.0,GC
2024-11-08 16:10:00+00:00,2693.4,2694.5,2692.6,2693.6,569,33.0,1.0,393.0,GC
2024-11-08 16:15:00+00:00,2693.3,2694.7,2692.6,2693.2,995,33.0,1.0,393.0,GC
2024-11-08 16:20:00+00:00,2693.3,2694.2,2692.0,2692.9,837,33.0,1.0,393.0,GC
2024-11-08 16:25:00+00:00,2693.0,2694.9,2692.4,2694.6,874,33.0,1.0,393.0,GC
2024-11-08 16:30:00+00:00,2694.7,2696.8,2693.8,2694.0,1137,33.0,1.0,393.0,GC
2024-11-08 16:35:00+00:00,2694.0,2694.0,2691.4,2692.8,1004,33.0,1.0,393.0,GC
2024-11-08 16:40:00+00:00,2692.9,2695.6,2692.0,2695.4,663,33.0,1.0,393.0,GC
2024-11-08 16:45:00+00:00,2695.5,2696.4,2695.3,2695.5,525,33.0,1.0,393.0,GC
2024-11-08 16:50:00+00:00,2695.6,2695.7,2694.3,2694.8,419,33.0,1.0,393.0,GC
2024-11-08 16:55:00+00:00,2695.0,2695.4,2690.2,2690.8,1040,33.0,1.0,393.0,GC
2024-11-08 17:00:00+00:00,2690.9,2693.6,2690.9,2692.2,1040,33.0,1.0,393.0,GC
2024-11-08 17:05:00+00:00,2692.2,2694.5,2692.1,2693.8,661,33.0,1.0,393.0,GC
2024-11-08 17:10:00+00:00,2693.9,2694.9,2693.1,2694.4,692,33.0,1.0,393.0,GC
2024-11-08 17:15:00+00:00,2694.4,2696.0,2694.3,2695.0,760,33.0,1.0,393.0,GC
2024-11-08 17:20:00+00:00,2694.9,2695.7,2693.9,2695.3,376,33.0,1.0,393.0,GC
2024-11-08 17:25:00+00:00,2695.3,2696.2,2694.0,2694.0,502,33.0,1.0,393.0,GC
2024-11-08 17:30:00+00:00,2694.0,2695.9,2693.4,2695.5,440,33.0,1.0,393.0,GC
2024-11-08 17:35:00+00:00,2695.6,2695.6,2693.3,2693.9,342,33.0,1.0,393.0,GC
2024-11-08 17:40:00+00:00,2693.8,2694.4,2693.1,2693.7,356,33.0,1.0,393.0,GC
2024-11-08 17:45:00+00:00,2693.6,2695.4,2693.3,2695.1,342,33.0,1.0,393.0,GC
2024-11-08 17:50:00+00:00,2695.0,2695.8,2694.5,2695.6,401,33.0,1.0,393.0,GC
2024-11-08 17:55:00+00:00,2695.7,2696.2,2695.2,2695.6,527,33.0,1.0,393.0,GC
2024-11-08 18:00:00+00:00,2695.7,2696.4,2694.5,2695.8,591,33.0,1.0,393.0,GC
2024-11-08 18:05:00+00:00,2695.9,2696.4,2695.5,2696.3,690,33.0,1.0,393.0,GC
2024-11-08 18:10:00+00:00,2696.3,2696.5,2695.5,2695.9,378,33.0,1.0,393.0,GC
2024-11-08 18:15:00+00:00,2695.9,2696.2,2694.6,2695.3,668,33.0,1.0,393.0,GC
2024-11-08 18:20:00+00:00,2695.4,2696.5,2695.3,2695.8,517,33.0,1.0,393.0,GC
2024-11-08 18:25:00+00:00,2695.6,2695.8,2694.2,2694.2,1839,33.0,1.0,393.0,GC
2024-11-08 18:30:00+00:00,2694.4,2694.8,2693.0,2694.1,654,33.0,1.0,393.0,GC
2024-11-08 18:35:00+00:00,2693.8,2693.9,2691.8,2691.8,582,33.0,1.0,393.0,GC
2024-11-08 18:40:00+00:00,2692.0,2693.0,2691.5,2692.1,448,33.0,1.0,393.0,GC
2024-11-08 18:45:00+00:00,2692.1,2692.8,2691.7,2691.9,254,33.0,1.0,393.0,GC
2024-11-08 18:50:00+00:00,2692.1,2692.8,2691.6,2692.1,357,33.0,1.0,393.0,GC
2024-11-08 18:55:00+00:00,2692.0,2693.1,2691.9,2692.7,154,33.0,1.0,393.0,GC
2024-11-08 19:00:00+00:00,2692.8,2693.3,2691.9,2692.4,368,33.0,1.0,393.0,GC
2024-11-08 19:05:00+00:00,2692.5,2693.4,2692.1,2692.9,236,33.0,1.0,393.0,GC
2024-11-08 19:10:00+00:00,2692.7,2693.0,2691.6,2691.7,171,33.0,1.0,393.0,GC
2024-11-08 19:15:00+00:00,2691.7,2692.7,2691.6,2691.9,482,33.0,1.0,393.0,GC
2024-11-08 19:20:00+00:00,2692.0,2692.2,2690.9,2692.0,282,33.0,1.0,393.0,GC
2024-11-08 19:25:00+00:00,2691.9,2692.4,2691.4,2691.7,286,33.0,1.0,393.0,GC
2024-11-08 19:30:00+00:00,2691.7,2693.3,2691.6,2692.7,345,33.0,1.0,393.0,GC
2024-11-08 19:35:00+00:00,2692.7,2694.1,2692.7,2693.6,420,33.0,1.0,393.0,GC
2024-11-08 19:40:00+00:00,2693.5,2694.3,2693.3,2693.5,265,33.0,1.0,393.0,GC
2024-11-08 19:45:00+00:00,2693.5,2694.6,2693.4,2694.5,324,33.0,1.0,393.0,GC
2024-11-08 19:50:00+00:00,2694.5,2694.6,2693.5,2694.1,233,33.0,1.0,393.0,GC
2024-11-08 19:55:00+00:00,2694.2,2695.3,2694.2,2694.8,321,33.0,1.0,393.0,GC
2024-11-08 20:00:00+00:00,2694.7,2695.7,2693.8,2694.2,545,33.0,1.0,393.0,GC
2024-11-08 20:05:00+00:00,2694.2,2695.9,2694.2,2694.8,617,33.0,1.0,393.0,GC
2024-11-08 20:10:00+00:00,2694.7,2694.9,2693.4,2694.2,259,33.0,1.0,393.0,GC
2024-11-08 20:15:00+00:00,2694.5,2694.7,2694.1,2694.6,173,33.0,1.0,393.0,GC
2024-11-08 20:20:00+00:00,2694.7,2696.2,2694.6,2695.8,531,33.0,1.0,393.0,GC
2024-11-08 20:25:00+00:00,2695.8,2695.9,2694.6,2695.7,396,33.0,1.0,393.0,GC
2024-11-08 20:30:00+00:00,2695.8,2696.0,2695.1,2695.2,159,33.0,1.0,393.0,GC
2024-11-08 20:35:00+00:00,2695.2,2695.7,2694.3,2695.5,256,33.0,1.0,393.0,GC
2024-11-08 20:40:00+00:00,2695.4,2696.0,2694.9,2694.9,269,33.0,1.0,393.0,GC
2024-11-08 20:45:00+00:00,2695.0,2695.3,2694.5,2694.8,377,33.0,1.0,393.0,GC
2024-11-08 20:50:00+00:00,2694.8,2694.9,2693.9,2694.3,396,33.0,1.0,393.0,GC
2024-11-08 20:55:00+00:00,2694.2,2694.2,2692.6,2692.8,720,33.0,1.0,393.0,GC
2024-11-08 21:00:00+00:00,2692.8,2693.6,2692.7,2692.9,424,33.0,1.0,393.0,GC
2024-11-08 21:05:00+00:00,2692.8,2692.8,2692.0,2692.5,293,33.0,1.0,393.0,GC
2024-11-08 21:10:00+00:00,2692.5,2693.0,2692.4,2692.6,101,33.0,1.0,393.0,GC
2024-11-08 21:15:00+00:00,2692.5,2692.5,2691.9,2692.1,200,33.0,1.0,393.0,GC
2024-11-08 21:20:00+00:00,2692.1,2692.3,2690.4,2691.1,347,33.0,1.0,393.0,GC
2024-11-08 21:25:00+00:00,2691.5,2691.8,2691.0,2691.1,157,33.0,1.0,393.0,GC
2024-11-08 21:30:00+00:00,2691.1,2691.9,2691.1,2691.3,114,33.0,1.0,393.0,GC
2024-11-08 21:35:00+00:00,2691.2,2691.6,2690.8,2691.6,93,33.0,1.0,393.0,GC
2024-11-08 21:40:00+00:00,2691.5,2691.8,2691.3,2691.5,199,33.0,1.0,393.0,GC
2024-11-08 21:45:00+00:00,2691.4,2691.7,2691.1,2691.5,113,33.0,1.0,393.0,GC
2024-11-08 21:50:00+00:00,2691.5,2692.3,2691.4,2692.0,87,33.0,1.0,393.0,GC
2024-11-08 21:55:00+00:00,2692.0,2692.7,2691.5,2691.7,229,33.0,1.0,393.0,GC
2024-11-10 23:00:00+00:00,2692.1,2693.3,2686.6,2690.6,767,33.0,1.0,393.0,GC
2024-11-10 23:05:00+00:00,2690.4,2690.4,2688.4,2689.9,402,33.0,1.0,393.0,GC
2024-11-10 23:10:00+00:00,2689.9,2690.3,2689.6,2690.0,171,33.0,1.0,393.0,GC
2024-11-10 23:15:00+00:00,2689.9,2690.4,2689.9,2690.3,107,33.0,1.0,393.0,GC
2024-11-10 23:20:00+00:00,2690.2,2690.9,2689.7,2690.5,140,33.0,1.0,393.0,GC
2024-11-10 23:25:00+00:00,2690.6,2690.6,2689.7,2690.1,77,33.0,1.0,393.0,GC
2024-11-10 23:30:00+00:00,2690.1,2691.7,2690.1,2691.1,101,33.0,1.0,393.0,GC
2024-11-10 23:35:00+00:00,2691.0,2691.2,2690.4,2690.4,72,33.0,1.0,393.0,GC
2024-11-10 23:40:00+00:00,2690.3,2690.9,2689.4,2690.6,162,33.0,1.0,393.0,GC
2024-11-10 23:45:00+00:00,2690.6,2691.0,2690.3,2690.8,85,33.0,1.0,393.0,GC
2024-11-10 23:50:00+00:00,2690.6,2691.0,2690.2,2690.8,43,33.0,1.0,393.0,GC
2024-11-10 23:55:00+00:00,2690.9,2692.9,2690.9,2692.6,315,33.0,1.0,393.0,GC
2024-11-11 00:00:00+00:00,2692.8,2693.4,2691.2,2691.4,434,33.0,1.0,393.0,GC
2024-11-11 00:05:00+00:00,2691.4,2691.7,2690.7,2690.7,113,33.0,1.0,393.0,GC
2024-11-11 00:10:00+00:00,2690.6,2691.2,2690.4,2690.6,110,33.0,1.0,393.0,GC
2024-11-11 00:15:00+00:00,2690.7,2690.7,2689.7,2689.9,205,33.0,1.0,393.0,GC
2024-11-11 00:20:00+00:00,2689.9,2690.6,2689.9,2690.6,68,33.0,1.0,393.0,GC
2024-11-11 00:25:00+00:00,2690.7,2690.9,2689.9,2690.6,111,33.0,1.0,393.0,GC
2024-11-11 00:30:00+00:00,2690.8,2691.8,2690.8,2691.1,152,33.0,1.0,393.0,GC
2024-11-11 00:35:00+00:00,2691.1,2691.4,2690.6,2691.3,96,33.0,1.0,393.0,GC
2024-11-11 00:40:00+00:00,2691.3,2691.4,2690.5,2691.0,107,33.0,1.0,393.0,GC
2024-11-11 00:45:00+00:00,2690.9,2692.2,2690.7,2691.9,139,33.0,1.0,393.0,GC
2024-11-11 00:50:00+00:00,2691.9,2692.4,2691.6,2692.0,77,33.0,1.0,393.0,GC
2024-11-11 00:55:00+00:00,2692.2,2692.6,2691.2,2691.2,294,33.0,1.0,393.0,GC
2024-11-11 01:00:00+00:00,2691.1,2692.1,2686.6,2686.8,945,33.0,1.0,393.0,GC
2024-11-11 01:05:00+00:00,2687.1,2687.4,2683.2,2686.1,1109,33.0,1.0,393.0,GC
2024-11-11 01:10:00+00:00,2686.3,2687.0,2684.4,2684.7,513,33.0,1.0,393.0,GC
2024-11-11 01:15:00+00:00,2684.8,2685.2,2681.3,2681.9,967,33.0,1.0,393.0,GC
2024-11-11 01:20:00+00:00,2682.1,2684.6,2679.5,2681.3,1396,33.0,1.0,393.0,GC
2024-11-11 01:25:00+00:00,2681.2,2683.3,2680.8,2682.6,730,33.0,1.0,393.0,GC
2024-11-11 01:30:00+00:00,2682.6,2685.2,2681.7,2683.2,581,33.0,1.0,393.0,GC
2024-11-11 01:35:00+00:00,2683.2,2684.6,2681.9,2683.8,328,33.0,1.0,393.0,GC
2024-11-11 01:40:00+00:00,2683.8,2685.1,2682.7,2683.0,243,33.0,1.0,393.0,GC
2024-11-11 01:45:00+00:00,2683.0,2683.2,2681.5,2682.8,238,33.0,1.0,393.0,GC
2024-11-11 01:50:00+00:00,2682.8,2683.9,2681.0,2681.3,257,33.0,1.0,393.0,GC
2024-11-11 01:55:00+00:00,2681.4,2681.9,2678.5,2679.9,638,33.0,1.0,393.0,GC
2024-11-11 02:00:00+00:00,2679.7,2681.2,2678.1,2680.1,598,33.0,1.0,393.0,GC
2024-11-11 02:05:00+00:00,2680.2,2680.9,2679.2,2679.7,434,33.0,1.0,393.0,GC
2024-11-11 02:10:00+00:00,2679.8,2680.5,2679.0,2679.7,251,33.0,1.0,393.0,GC
2024-11-11 02:15:00+00:00,2679.9,2682.0,2679.8,2680.7,403,33.0,1.0,393.0,GC
2024-11-11 02:20:00+00:00,2680.7,2681.0,2679.6,2680.0,215,33.0,1.0,393.0,GC
2024-11-11 02:25:00+00:00,2679.8,2681.0,2679.5,2680.1,164,33.0,1.0,393.0,GC
2024-11-11 02:30:00+00:00,2680.0,2680.0,2675.7,2676.3,851,33.0,1.0,393.0,GC
2024-11-11 02:35:00+00:00,2676.0,2676.9,2673.1,2674.9,1303,33.0,1.0,393.0,GC
2024-11-11 02:40:00+00:00,2675.0,2676.7,2673.1,2676.6,558,33.0,1.0,393.0,GC
2024-11-11 02:45:00+00:00,2676.7,2677.7,2675.5,2675.8,587,33.0,1.0,393.0,GC
2024-11-11 02:50:00+00:00,2675.8,2678.2,2675.7,2677.3,451,33.0,1.0,393.0,GC
2024-11-11 02:55:00+00:00,2677.2,2679.3,2676.9,2678.8,319,33.0,1.0,393.0,GC
2024-11-11 03:00:00+00:00,2678.7,2678.8,2676.7,2676.9,221,33.0,1.0,393.0,GC
2024-11-11 03:05:00+00:00,2676.9,2676.9,2675.5,2676.0,271,33.0,1.0,393.0,GC
2024-11-11 03:10:00+00:00,2676.0,2677.4,2675.9,2677.1,136,33.0,1.0,393.0,GC
2024-11-11 03:15:00+00:00,2677.0,2677.4,2676.3,2676.4,83,33.0,1.0,393.0,GC
2024-11-11 03:20:00+00:00,2676.3,2677.2,2675.9,2676.1,147,33.0,1.0,393.0,GC
2024-11-11 03:25:00+00:00,2675.9,2676.3,2674.9,2675.3,218,33.0,1.0,393.0,GC
2024-11-11 03:30:00+00:00,2675.5,2676.2,2674.9,2675.6,362,33.0,1.0,393.0,GC
2024-11-11 03:35:00+00:00,2675.5,2675.7,2675.0,2675.4,181,33.0,1.0,393.0,GC
2024-11-11 03:40:00+00:00,2675.5,2677.7,2675.4,2677.6,441,33.0,1.0,393.0,GC
2024-11-11 03:45:00+00:00,2677.7,2678.6,2677.4,2678.3,283,33.0,1.0,393.0,GC
2024-11-11 03:50:00+00:00,2678.4,2678.4,2677.4,2677.5,159,33.0,1.0,393.0,GC
2024-11-11 03:55:00+00:00,2677.4,2677.7,2676.9,2677.2,134,33.0,1.0,393.0,GC
2024-11-11 04:00:00+00:00,2677.0,2677.7,2676.3,2676.5,125,33.0,1.0,393.0,GC
2024-11-11 04:05:00+00:00,2676.7,2677.6,2676.3,2676.4,144,33.0,1.0,393.0,GC
2024-11-11 04:10:00+00:00,2676.5,2676.8,2676.1,2676.5,112,33.0,1.0,393.0,GC
2024-11-11 04:15:00+00:00,2676.4,2677.7,2676.4,2676.5,221,33.0,1.0,393.0,GC
2024-11-11 04:20:00+00:00,2676.5,2677.8,2676.2,2677.5,367,33.0,1.0,393.0,GC
2024-11-11 04:25:00+00:00,2677.4,2677.7,2677.1,2677.3,59,33.0,1.0,393.0,GC
2024-11-11 04:30:00+00:00,2677.4,2678.1,2677.3,2677.8,355,33.0,1.0,393.0,GC
2024-11-11 04:35:00+00:00,2677.7,2677.8,2677.3,2677.3,106,33.0,1.0,393.0,GC
2024-11-11 04:40:00+00:00,2677.4,2677.6,2676.3,2676.5,107,33.0,1.0,393.0,GC
2024-11-11 04:45:00+00:00,2676.4,2677.2,2676.4,2676.4,144,33.0,1.0,393.0,GC
2024-11-11 04:50:00+00:00,2676.3,2677.5,2675.6,2677.0,263,33.0,1.0,393.0,GC
2024-11-11 04:55:00+00:00,2676.9,2679.4,2676.9,2679.2,592,33.0,1.0,393.0,GC
2024-11-11 05:00:00+00:00,2679.0,2681.3,2678.4,2680.8,606,33.0,1.0,393.0,GC
2024-11-11 05:05:00+00:00,2680.8,2680.9,2679.6,2680.1,234,33.0,1.0,393.0,GC
2024-11-11 05:10:00+00:00,2680.1,2681.1,2677.3,2677.8,952,33.0,1.0,393.0,GC
2024-11-11 05:15:00+00:00,2677.9,2678.8,2677.9,2678.5,139,33.0,1.0,393.0,GC
2024-11-11 05:20:00+00:00,2678.4,2678.5,2673.5,2676.1,1152,33.0,1.0,393.0,GC
2024-11-11 05:25:00+00:00,2676.0,2676.3,2675.1,2676.0,177,33.0,1.0,393.0,GC
2024-11-11 05:30:00+00:00,2676.0,2676.6,2675.4,2675.6,399,33.0,1.0,393.0,GC
2024-11-11 05:35:00+00:00,2675.6,2676.1,2674.0,2674.9,448,33.0,1.0,393.0,GC
2024-11-11 05:40:00+00:00,2674.9,2676.9,2674.9,2676.8,243,33.0,1.0,393.0,GC
2024-11-11 05:45:00+00:00,2676.9,2678.0,2676.2,2677.9,211,33.0,1.0,393.0,GC
2024-11-11 05:50:00+00:00,2678.0,2678.1,2676.6,2676.6,170,33.0,1.0,393.0,GC
2024-11-11 05:55:00+00:00,2676.6,2676.6,2674.9,2676.0,239,33.0,1.0,393.0,GC
2024-11-11 06:00:00+00:00,2676.0,2677.2,2675.1,2676.5,137,33.0,1.0,393.0,GC
2024-11-11 06:05:00+00:00,2676.6,2678.7,2676.2,2677.9,227,33.0,1.0,393.0,GC
2024-11-11 06:10:00+00:00,2678.3,2678.5,2677.1,2677.7,94,33.0,1.0,393.0,GC
2024-11-11 06:15:00+00:00,2677.7,2680.0,2677.4,2679.7,253,33.0,1.0,393.0,GC
2024-11-11 06:20:00+00:00,2679.6,2680.7,2679.0,2679.3,375,33.0,1.0,393.0,GC
2024-11-11 06:25:00+00:00,2679.3,2680.7,2679.1,2679.3,300,33.0,1.0,393.0,GC
2024-11-11 06:30:00+00:00,2679.4,2680.3,2678.6,2678.9,231,33.0,1.0,393.0,GC
2024-11-11 06:35:00+00:00,2678.7,2679.8,2678.2,2678.9,159,33.0,1.0,393.0,GC
2024-11-11 06:40:00+00:00,2679.1,2679.6,2678.5,2679.3,151,33.0,1.0,393.0,GC
2024-11-11 06:45:00+00:00,2679.2,2679.3,2678.4,2679.1,146,33.0,1.0,393.0,GC
2024-11-11 06:50:00+00:00,2679.2,2680.0,2678.8,2679.8,92,33.0,1.0,393.0,GC
2024-11-11 06:55:00+00:00,2679.8,2680.4,2679.7,2679.9,220,33.0,1.0,393.0,GC
2024-11-11 07:00:00+00:00,2679.8,2680.6,2678.2,2678.4,491,33.0,1.0,393.0,GC
2024-11-11 07:05:00+00:00,2678.4,2679.3,2676.1,2676.2,647,33.0,1.0,393.0,GC
2024-11-11 07:10:00+00:00,2676.2,2678.8,2676.1,2678.7,506,33.0,1.0,393.0,GC
2024-11-11 07:15:00+00:00,2678.7,2679.2,2677.9,2678.7,219,33.0,1.0,393.0,GC
2024-11-11 07:20:00+00:00,2678.7,2679.1,2677.9,2678.4,162,33.0,1.0,393.0,GC
2024-11-11 07:25:00+00:00,2678.3,2679.2,2677.5,2679.0,249,33.0,1.0,393.0,GC
2024-11-11 07:30:00+00:00,2679.1,2679.2,2677.4,2677.4,165,33.0,1.0,393.0,GC
2024-11-11 07:35:00+00:00,2677.4,2678.6,2676.7,2678.4,220,33.0,1.0,393.0,GC
2024-11-11 07:40:00+00:00,2678.6,2679.3,2677.9,2678.0,249,33.0,1.0,393.0,GC
2024-11-11 07:45:00+00:00,2677.8,2678.2,2676.0,2676.5,301,33.0,1.0,393.0,GC
2024-11-11 07:50:00+00:00,2676.6,2676.8,2675.6,2675.7,255,33.0,1.0,393.0,GC
2024-11-11 07:55:00+00:00,2675.8,2676.7,2675.5,2676.3,226,33.0,1.0,393.0,GC
2024-11-11 08:00:00+00:00,2676.3,2676.7,2675.6,2676.0,333,33.0,1.0,393.0,GC
2024-11-11 08:05:00+00:00,2676.1,2676.6,2675.4,2676.5,401,33.0,1.0,393.0,GC
2024-11-11 08:10:00+00:00,2676.5,2678.5,2676.1,2678.1,385,33.0,1.0,393.0,GC
2024-11-11 08:15:00+00:00,2678.0,2678.6,2677.2,2677.3,283,33.0,1.0,393.0,GC
2024-11-11 08:20:00+00:00,2677.1,2677.1,2674.9,2675.4,404,33.0,1.0,393.0,GC
2024-11-11 08:25:00+00:00,2675.5,2677.2,2675.2,2676.9,222,33.0,1.0,393.0,GC
2024-11-11 08:30:00+00:00,2676.9,2676.9,2674.4,2674.6,531,33.0,1.0,393.0,GC
2024-11-11 08:35:00+00:00,2674.5,2677.4,2674.3,2677.4,415,33.0,1.0,393.0,GC
2024-11-11 08:40:00+00:00,2677.3,2677.5,2676.0,2676.4,124,33.0,1.0,393.0,GC
2024-11-11 08:45:00+00:00,2676.2,2676.9,2675.2,2676.2,349,33.0,1.0,393.0,GC
2024-11-11 08:50:00+00:00,2676.2,2677.2,2675.4,2675.7,317,33.0,1.0,393.0,GC
2024-11-11 08:55:00+00:00,2675.4,2677.4,2675.1,2676.3,275,33.0,1.0,393.0,GC
2024-11-11 09:00:00+00:00,2676.3,2677.6,2676.0,2676.0,187,33.0,1.0,393.0,GC
2024-11-11 09:05:00+00:00,2675.9,2676.9,2675.2,2675.7,296,33.0,1.0,393.0,GC
2024-11-11 09:10:00+00:00,2675.5,2676.4,2674.7,2674.7,127,33.0,1.0,393.0,GC
2024-11-11 09:15:00+00:00,2674.6,2675.5,2673.9,2674.2,453,33.0,1.0,393.0,GC
2024-11-11 09:20:00+00:00,2674.0,2674.1,2671.1,2673.2,1395,33.0,1.0,393.0,GC
2024-11-11 09:25:00+00:00,2673.1,2673.5,2671.4,2672.2,499,33.0,1.0,393.0,GC
2024-11-11 09:30:00+00:00,2672.1,2673.7,2671.7,2673.0,363,33.0,1.0,393.0,GC
2024-11-11 09:35:00+00:00,2673.1,2674.2,2672.8,2673.8,462,33.0,1.0,393.0,GC
2024-11-11 09:40:00+00:00,2673.6,2674.2,2672.9,2673.7,314,33.0,1.0,393.0,GC
2024-11-11 09:45:00+00:00,2673.9,2674.7,2673.4,2673.6,254,33.0,1.0,393.0,GC
2024-11-11 09:50:00+00:00,2673.5,2673.7,2670.5,2672.9,637,33.0,1.0,393.0,GC
2024-11-11 09:55:00+00:00,2672.8,2674.2,2672.4,2673.5,350,33.0,1.0,393.0,GC
2024-11-11 10:00:00+00:00,2673.4,2677.0,2673.3,2676.7,501,33.0,1.0,393.0,GC
2024-11-11 10:05:00+00:00,2676.9,2677.6,2675.9,2677.5,589,33.0,1.0,393.0,GC
2024-11-11 10:10:00+00:00,2677.5,2679.0,2677.3,2678.5,561,33.0,1.0,393.0,GC
2024-11-11 10:15:00+00:00,2678.6,2680.6,2678.3,2680.4,803,33.0,1.0,393.0,GC
2024-11-11 10:20:00+00:00,2680.3,2682.6,2679.2,2679.9,1984,33.0,1.0,393.0,GC
2024-11-11 10:25:00+00:00,2679.9,2680.5,2677.1,2677.4,771,33.0,1.0,393.0,GC
2024-11-11 10:30:00+00:00,2677.3,2678.1,2676.0,2676.9,494,33.0,1.0,393.0,GC
2024-11-11 10:35:00+00:00,2676.9,2676.9,2675.5,2675.7,200,33.0,1.0,393.0,GC
2024-11-11 10:40:00+00:00,2675.9,2676.3,2675.2,2675.2,123,33.0,1.0,393.0,GC
2024-11-11 10:45:00+00:00,2675.4,2676.3,2674.8,2676.0,194,33.0,1.0,393.0,GC
2024-11-11 10:50:00+00:00,2675.8,2676.2,2671.5,2671.7,1176,33.0,1.0,393.0,GC
2024-11-11 10:55:00+00:00,2671.6,2672.6,2667.7,2668.7,1344,33.0,1.0,393.0,GC
2024-11-11 11:00:00+00:00,2668.8,2669.3,2665.8,2667.6,1209,33.0,1.0,393.0,GC
2024-11-11 11:05:00+00:00,2667.4,2671.1,2666.8,2670.0,1624,33.0,1.0,393.0,GC
2024-11-11 11:10:00+00:00,2669.9,2670.7,2668.8,2670.6,410,33.0,1.0,393.0,GC
2024-11-11 11:15:00+00:00,2670.6,2672.2,2670.5,2671.1,534,33.0,1.0,393.0,GC
2024-11-11 11:20:00+00:00,2670.9,2673.5,2670.9,2671.9,375,33.0,1.0,393.0,GC
2024-11-11 11:25:00+00:00,2671.9,2673.3,2671.7,2672.9,311,33.0,1.0,393.0,GC
2024-11-11 11:30:00+00:00,2672.8,2673.7,2671.9,2672.7,371,33.0,1.0,393.0,GC
2024-11-11 11:35:00+00:00,2672.6,2673.9,2671.8,2672.4,447,33.0,1.0,393.0,GC
2024-11-11 11:40:00+00:00,2672.4,2673.4,2671.5,2671.8,543,33.0,1.0,393.0,GC
2024-11-11 11:45:00+00:00,2671.7,2673.0,2670.3,2671.7,803,33.0,1.0,393.0,GC
2024-11-11 11:50:00+00:00,2671.8,2672.1,2668.9,2669.2,474,33.0,1.0,393.0,GC
2024-11-11 11:55:00+00:00,2669.3,2670.0,2668.8,2669.2,393,33.0,1.0,393.0,GC
2024-11-11 12:00:00+00:00,2669.3,2669.9,2666.8,2667.1,796,33.0,1.0,393.0,GC
2024-11-11 12:05:00+00:00,2667.0,2668.0,2666.5,2666.7,639,33.0,1.0,393.0,GC
2024-11-11 12:10:00+00:00,2666.6,2667.9,2665.8,2666.9,521,33.0,1.0,393.0,GC
2024-11-11 12:15:00+00:00,2667.0,2668.8,2665.6,2666.8,919,33.0,1.0,393.0,GC
2024-11-11 12:20:00+00:00,2666.8,2668.6,2666.1,2668.1,446,33.0,1.0,393.0,GC
2024-11-11 12:25:00+00:00,2668.0,2668.6,2667.4,2668.1,328,33.0,1.0,393.0,GC
2024-11-11 12:30:00+00:00,2667.7,2668.6,2664.7,2664.9,693,33.0,1.0,393.0,GC
2024-11-11 12:35:00+00:00,2664.8,2667.8,2664.6,2667.7,444,33.0,1.0,393.0,GC
2024-11-11 12:40:00+00:00,2667.8,2669.4,2667.7,2668.4,485,33.0,1.0,393.0,GC
2024-11-11 12:45:00+00:00,2668.5,2669.1,2665.5,2666.0,537,33.0,1.0,393.0,GC
2024-11-11 12:50:00+00:00,2665.9,2666.6,2664.6,2665.7,490,33.0,1.0,393.0,GC
2024-11-11 12:55:00+00:00,2665.6,2666.2,2663.0,2664.1,796,33.0,1.0,393.0,GC
2024-11-11 13:00:00+00:00,2664.0,2664.0,2658.8,2663.2,3220,33.0,1.0,393.0,GC
2024-11-11 13:05:00+00:00,2663.3,2664.0,2659.9,2661.6,1319,33.0,1.0,393.0,GC
2024-11-11 13:10:00+00:00,2661.7,2664.3,2661.7,2663.2,756,33.0,1.0,393.0,GC
2024-11-11 13:15:00+00:00,2663.3,2664.3,2660.3,2660.7,1180,33.0,1.0,393.0,GC
2024-11-11 13:20:00+00:00,2660.6,2664.3,2660.1,2662.9,1225,33.0,1.0,393.0,GC
2024-11-11 13:25:00+00:00,2663.0,2663.1,2658.0,2658.2,1057,33.0,1.0,393.0,GC
2024-11-11 13:30:00+00:00,2658.2,2659.7,2648.5,2648.5,5084,33.0,1.0,393.0,GC
2024-11-11 13:35:00+00:00,2648.5,2649.8,2645.5,2646.9,4186,33.0,1.0,393.0,GC
2024-11-11 13:40:00+00:00,2647.1,2647.7,2642.8,2644.3,3746,33.0,1.0,393.0,GC
2024-11-11 13:45:00+00:00,2644.2,2648.0,2643.3,2644.8,2645,33.0,1.0,393.0,GC
2024-11-11 13:50:00+00:00,2644.8,2645.8,2640.8,2641.0,2949,33.0,1.0,393.0,GC
2024-11-11 13:55:00+00:00,2641.0,2644.1,2640.5,2642.0,1956,33.0,1.0,393.0,GC
2024-11-11 14:00:00+00:00,2642.1,2642.3,2637.1,2639.9,4304,33.0,1.0,393.0,GC
2024-11-11 14:05:00+00:00,2640.0,2640.5,2635.8,2635.9,2915,33.0,1.0,393.0,GC
2024-11-11 14:10:00+00:00,2635.8,2640.0,2633.8,2638.9,3215,33.0,1.0,393.0,GC
2024-11-11 14:15:00+00:00,2639.0,2642.2,2637.6,2640.9,2225,33.0,1.0,393.0,GC
2024-11-11 14:20:00+00:00,2640.8,2641.3,2636.0,2636.1,1318,33.0,1.0,393.0,GC
2024-11-11 14:25:00+00:00,2636.1,2638.5,2633.6,2634.8,1982,33.0,1.0,393.0,GC
2024-11-11 14:30:00+00:00,2634.6,2634.7,2628.6,2629.0,5485,33.0,1.0,393.0,GC
2024-11-11 14:35:00+00:00,2628.9,2632.0,2627.6,2628.1,4426,33.0,1.0,393.0,GC
2024-11-11 14:40:00+00:00,2628.1,2630.1,2623.9,2626.3,5511,33.0,1.0,393.0,GC
2024-11-11 14:45:00+00:00,2626.2,2632.0,2625.5,2630.3,3845,33.0,1.0,393.0,GC
2024-11-11 14:50:00+00:00,2630.4,2632.7,2628.5,2628.9,2546,33.0,1.0,393.0,GC
2024-11-11 14:55:00+00:00,2628.8,2630.5,2627.6,2629.0,1370,33.0,1.0,393.0,GC
2024-11-11 15:00:00+00:00,2628.9,2633.0,2628.9,2631.9,2614,33.0,1.0,393.0,GC
2024-11-11 15:05:00+00:00,2631.8,2632.8,2628.7,2629.2,1675,33.0,1.0,393.0,GC
2024-11-11 15:10:00+00:00,2629.1,2629.9,2627.2,2627.5,1397,33.0,1.0,393.0,GC
2024-11-11 15:15:00+00:00,2627.6,2629.5,2627.4,2628.5,1069,33.0,1.0,393.0,GC
2024-11-11 15:20:00+00:00,2628.5,2629.1,2626.9,2627.0,876,33.0,1.0,393.0,GC
2024-11-11 15:25:00+00:00,2626.9,2628.0,2625.2,2626.8,1671,33.0,1.0,393.0,GC
2024-11-11 15:30:00+00:00,2626.5,2626.7,2621.9,2623.0,2779,33.0,1.0,393.0,GC
2024-11-11 15:35:00+00:00,2623.1,2624.3,2621.9,2622.1,1306,33.0,1.0,393.0,GC
2024-11-11 15:40:00+00:00,2622.2,2625.3,2620.6,2624.4,2269,33.0,1.0,393.0,GC
2024-11-11 15:45:00+00:00,2624.4,2624.5,2622.1,2623.1,1100,33.0,1.0,393.0,GC
2024-11-11 15:50:00+00:00,2623.0,2623.2,2620.0,2621.3,1761,33.0,1.0,393.0,GC
2024-11-11 15:55:00+00:00,2621.2,2621.3,2619.8,2621.1,1957,33.0,1.0,393.0,GC
2024-11-11 16:00:00+00:00,2621.2,2623.1,2620.1,2620.7,1351,33.0,1.0,393.0,GC
2024-11-11 16:05:00+00:00,2620.5,2620.9,2619.2,2619.8,1520,33.0,1.0,393.0,GC
2024-11-11 16:10:00+00:00,2619.8,2622.6,2619.5,2621.7,1442,33.0,1.0,393.0,GC
2024-11-11 16:15:00+00:00,2621.6,2623.6,2620.6,2621.6,1043,33.0,1.0,393.0,GC
2024-11-11 16:20:00+00:00,2621.5,2622.8,2621.3,2621.8,672,33.0,1.0,393.0,GC
2024-11-11 16:25:00+00:00,2621.7,2622.7,2620.7,2622.0,710,33.0,1.0,393.0,GC
2024-11-11 16:30:00+00:00,2622.0,2624.4,2620.8,2623.7,1168,33.0,1.0,393.0,GC
2024-11-11 16:35:00+00:00,2623.9,2624.9,2623.0,2623.8,1206,33.0,1.0,393.0,GC
2024-11-11 16:40:00+00:00,2623.8,2623.8,2621.8,2622.3,774,33.0,1.0,393.0,GC
2024-11-11 16:45:00+00:00,2622.4,2623.7,2621.9,2623.4,828,33.0,1.0,393.0,GC
2024-11-11 16:50:00+00:00,2623.4,2624.4,2621.5,2621.6,833,33.0,1.0,393.0,GC
2024-11-11 16:55:00+00:00,2621.5,2622.2,2620.7,2621.8,736,33.0,1.0,393.0,GC
2024-11-11 17:00:00+00:00,2621.8,2623.7,2621.5,2621.6,729,33.0,1.0,393.0,GC
2024-11-11 17:05:00+00:00,2621.7,2622.2,2620.2,2621.0,714,33.0,1.0,393.0,GC
2024-11-11 17:10:00+00:00,2620.8,2621.1,2619.7,2620.4,1196,33.0,1.0,393.0,GC
2024-11-11 17:15:00+00:00,2620.4,2620.9,2619.7,2620.5,664,33.0,1.0,393.0,GC
2024-11-11 17:20:00+00:00,2620.4,2620.9,2619.3,2620.0,743,33.0,1.0,393.0,GC
2024-11-11 17:25:00+00:00,2620.0,2620.1,2617.7,2618.4,2160,33.0,1.0,393.0,GC
2024-11-11 17:30:00+00:00,2618.4,2621.7,2618.4,2621.5,889,33.0,1.0,393.0,GC
2024-11-11 17:35:00+00:00,2621.5,2622.5,2620.7,2621.6,655,33.0,1.0,393.0,GC
2024-11-11 17:40:00+00:00,2621.6,2622.3,2619.9,2620.3,1488,33.0,1.0,393.0,GC
2024-11-11 17:45:00+00:00,2620.2,2621.1,2619.9,2620.2,834,33.0,1.0,393.0,GC
2024-11-11 17:50:00+00:00,2620.2,2620.8,2619.4,2619.6,516,33.0,1.0,393.0,GC
2024-11-11 17:55:00+00:00,2619.5,2620.4,2618.9,2619.2,556,33.0,1.0,393.0,GC
2024-11-11 18:00:00+00:00,2619.1,2619.5,2618.2,2619.1,845,33.0,1.0,393.0,GC
2024-11-11 18:05:00+00:00,2619.1,2619.9,2618.8,2619.3,390,33.0,1.0,393.0,GC
2024-11-11 18:10:00+00:00,2619.4,2620.0,2619.0,2619.1,393,33.0,1.0,393.0,GC
2024-11-11 18:15:00+00:00,2619.2,2619.4,2617.8,2617.9,660,33.0,1.0,393.0,GC
2024-11-11 18:20:00+00:00,2617.8,2618.7,2617.1,2617.2,960,33.0,1.0,393.0,GC
2024-11-11 18:25:00+00:00,2617.3,2618.3,2617.3,2617.8,1965,33.0,1.0,393.0,GC
2024-11-11 18:30:00+00:00,2617.8,2620.0,2617.6,2620.0,1137,33.0,1.0,393.0,GC
2024-11-11 18:35:00+00:00,2619.9,2623.0,2619.7,2622.6,1475,33.0,1.0,393.0,GC
2024-11-11 18:40:00+00:00,2622.7,2625.1,2622.6,2624.8,1625,33.0,1.0,393.0,GC
2024-11-11 18:45:00+00:00,2624.7,2626.1,2624.2,2624.9,855,33.0,1.0,393.0,GC
2024-11-11 18:50:00+00:00,2624.8,2625.2,2623.8,2624.3,319,33.0,1.0,393.0,GC
2024-11-11 18:55:00+00:00,2624.4,2625.9,2624.4,2625.6,450,33.0,1.0,393.0,GC
2024-11-11 19:00:00+00:00,2625.6,2627.3,2625.6,2626.5,546,33.0,1.0,393.0,GC
2024-11-11 19:05:00+00:00,2626.5,2626.9,2624.7,2625.4,497,33.0,1.0,393.0,GC
2024-11-11 19:10:00+00:00,2625.5,2625.9,2624.4,2625.6,254,33.0,1.0,393.0,GC
2024-11-11 19:15:00+00:00,2625.7,2626.7,2625.7,2626.7,205,33.0,1.0,393.0,GC
2024-11-11 19:20:00+00:00,2626.6,2627.0,2625.1,2626.2,482,33.0,1.0,393.0,GC
2024-11-11 19:25:00+00:00,2626.3,2626.8,2625.3,2625.5,253,33.0,1.0,393.0,GC
2024-11-11 19:30:00+00:00,2625.6,2626.7,2625.2,2625.2,320,33.0,1.0,393.0,GC
2024-11-11 19:35:00+00:00,2625.3,2625.4,2624.5,2625.4,287,33.0,1.0,393.0,GC
2024-11-11 19:40:00+00:00,2625.4,2626.1,2625.4,2625.6,267,33.0,1.0,393.0,GC
2024-11-11 19:45:00+00:00,2625.8,2626.8,2625.6,2625.8,269,33.0,1.0,393.0,GC
2024-11-11 19:50:00+00:00,2625.9,2626.4,2624.9,2625.2,295,33.0,1.0,393.0,GC
2024-11-11 19:55:00+00:00,2625.3,2626.3,2625.1,2625.8,199,33.0,1.0,393.0,GC
2024-11-11 20:00:00+00:00,2625.9,2628.6,2625.9,2628.2,576,33.0,1.0,393.0,GC
2024-11-11 20:05:00+00:00,2628.1,2629.0,2627.9,2628.7,410,33.0,1.0,393.0,GC
2024-11-11 20:10:00+00:00,2628.8,2628.8,2627.9,2628.6,242,33.0,1.0,393.0,GC
2024-11-11 20:15:00+00:00,2628.5,2629.1,2628.4,2629.0,221,33.0,1.0,393.0,GC
2024-11-11 20:20:00+00:00,2629.0,2629.7,2628.0,2628.6,431,33.0,1.0,393.0,GC
2024-11-11 20:25:00+00:00,2628.5,2629.4,2628.5,2628.6,195,33.0,1.0,393.0,GC
2024-11-11 20:30:00+00:00,2628.8,2630.2,2628.8,2630.0,349,33.0,1.0,393.0,GC
2024-11-11 20:35:00+00:00,2630.0,2630.6,2628.9,2629.4,516,33.0,1.0,393.0,GC
2024-11-11 20:40:00+00:00,2629.5,2631.9,2629.5,2631.7,880,33.0,1.0,393.0,GC
2024-11-11 20:45:00+00:00,2631.9,2632.8,2631.6,2631.8,714,33.0,1.0,393.0,GC
2024-11-11 20:50:00+00:00,2631.8,2632.6,2630.0,2630.1,564,33.0,1.0,393.0,GC
2024-11-11 20:55:00+00:00,2630.0,2630.3,2628.4,2628.4,1219,33.0,1.0,393.0,GC
2024-11-11 21:00:00+00:00,2628.6,2629.7,2628.5,2629.4,385,33.0,1.0,393.0,GC
2024-11-11 21:05:00+00:00,2629.5,2629.6,2628.9,2629.1,191,33.0,1.0,393.0,GC
2024-11-11 21:10:00+00:00,2629.2,2629.6,2628.9,2629.5,112,33.0,1.0,393.0,GC
2024-11-11 21:15:00+00:00,2629.5,2629.6,2629.2,2629.3,96,33.0,1.0,393.0,GC
2024-11-11 21:20:00+00:00,2629.3,2629.5,2629.0,2629.3,90,33.0,1.0,393.0,GC
2024-11-11 21:25:00+00:00,2629.4,2629.4,2628.9,2629.0,89,33.0,1.0,393.0,GC
2024-11-11 21:30:00+00:00,2628.9,2629.1,2628.1,2628.4,138,33.0,1.0,393.0,GC
2024-11-11 21:35:00+00:00,2628.4,2628.4,2628.0,2628.0,72,33.0,1.0,393.0,GC
2024-11-11 21:40:00+00:00,2628.1,2628.2,2626.2,2626.4,243,33.0,1.0,393.0,GC
2024-11-11 21:45:00+00:00,2626.4,2627.2,2626.4,2626.9,208,33.0,1.0,393.0,GC
2024-11-11 21:50:00+00:00,2626.8,2627.1,2626.2,2626.3,126,33.0,1.0,393.0,GC
2024-11-11 21:55:00+00:00,2626.2,2626.6,2625.6,2626.1,188,33.0,1.0,393.0,GC
2024-11-11 23:00:00+00:00,2625.7,2627.6,2625.6,2627.4,339,33.0,1.0,393.0,GC
2024-11-11 23:05:00+00:00,2627.4,2628.0,2626.7,2627.4,467,33.0,1.0,393.0,GC
2024-11-11 23:10:00+00:00,2627.2,2627.7,2627.0,2627.3,111,33.0,1.0,393.0,GC
2024-11-11 23:15:00+00:00,2627.2,2628.1,2627.0,2628.0,186,33.0,1.0,393.0,GC
2024-11-11 23:20:00+00:00,2628.1,2628.5,2628.0,2628.3,76,33.0,1.0,393.0,GC
2024-11-11 23:25:00+00:00,2628.2,2628.4,2628.0,2628.3,81,33.0,1.0,393.0,GC
2024-11-11 23:30:00+00:00,2628.3,2629.1,2628.1,2629.0,170,33.0,1.0,393.0,GC
2024-11-11 23:35:00+00:00,2629.0,2629.3,2628.8,2629.3,102,33.0,1.0,393.0,GC
2024-11-11 23:40:00+00:00,2629.3,2629.3,2628.8,2629.2,68,33.0,1.0,393.0,GC
2024-11-11 23:45:00+00:00,2629.3,2629.6,2628.7,2629.5,230,33.0,1.0,393.0,GC
2024-11-11 23:50:00+00:00,2629.5,2629.9,2628.9,2629.8,153,33.0,1.0,393.0,GC
2024-11-11 23:55:00+00:00,2629.9,2630.4,2629.5,2630.2,280,33.0,1.0,393.0,GC
2024-11-12 00:00:00+00:00,2630.3,2630.4,2628.9,2629.1,184,33.0,1.0,393.0,GC
2024-11-12 00:05:00+00:00,2629.0,2629.7,2628.4,2628.6,146,33.0,1.0,393.0,GC
2024-11-12 00:10:00+00:00,2628.7,2629.8,2628.6,2629.8,99,33.0,1.0,393.0,GC
2024-11-12 00:15:00+00:00,2629.8,2630.2,2628.9,2629.0,244,33.0,1.0,393.0,GC
2024-11-12 00:20:00+00:00,2628.9,2629.7,2628.7,2629.6,115,33.0,1.0,393.0,GC
2024-11-12 00:25:00+00:00,2629.6,2630.3,2628.6,2630.0,344,33.0,1.0,393.0,GC
2024-11-12 00:30:00+00:00,2630.0,2630.2,2629.4,2629.9,333,33.0,1.0,393.0,GC
2024-11-12 00:35:00+00:00,2629.9,2630.3,2629.0,2630.2,238,33.0,1.0,393.0,GC
2024-11-12 00:40:00+00:00,2630.1,2630.3,2629.4,2630.2,134,33.0,1.0,393.0,GC
2024-11-12 00:45:00+00:00,2630.1,2630.5,2629.6,2630.5,173,33.0,1.0,393.0,GC
2024-11-12 00:50:00+00:00,2630.4,2632.0,2629.7,2630.0,428,33.0,1.0,393.0,GC
2024-11-12 00:55:00+00:00,2629.8,2630.3,2629.5,2630.1,265,33.0,1.0,393.0,GC
2024-11-12 01:00:00+00:00,2630.0,2631.8,2629.2,2629.7,1232,33.0,1.0,393.0,GC
2024-11-12 01:05:00+00:00,2629.7,2630.5,2628.2,2629.1,567,33.0,1.0,393.0,GC
2024-11-12 01:10:00+00:00,2629.4,2630.6,2629.1,2629.3,173,33.0,1.0,393.0,GC
2024-11-12 01:15:00+00:00,2629.5,2629.5,2627.7,2628.0,526,33.0,1.0,393.0,GC
2024-11-12 01:20:00+00:00,2627.9,2628.4,2626.2,2626.7,650,33.0,1.0,393.0,GC
2024-11-12 01:25:00+00:00,2626.7,2627.9,2625.1,2625.4,449,33.0,1.0,393.0,GC
2024-11-12 01:30:00+00:00,2625.3,2629.0,2625.2,2627.7,502,33.0,1.0,393.0,GC
2024-11-12 01:35:00+00:00,2627.6,2628.4,2626.8,2627.2,304,33.0,1.0,393.0,GC
2024-11-12 01:40:00+00:00,2627.2,2628.8,2627.1,2628.2,269,33.0,1.0,393.0,GC
2024-11-12 01:45:00+00:00,2628.4,2633.4,2628.4,2632.8,1260,33.0,1.0,393.0,GC
2024-11-12 01:50:00+00:00,2632.6,2632.6,2629.7,2631.0,606,33.0,1.0,393.0,GC
2024-11-12 01:55:00+00:00,2631.0,2631.0,2629.3,2630.2,243,33.0,1.0,393.0,GC
2024-11-12 02:00:00+00:00,2630.2,2630.6,2627.5,2628.5,486,33.0,1.0,393.0,GC
2024-11-12 02:05:00+00:00,2628.6,2628.7,2627.1,2628.1,430,33.0,1.0,393.0,GC
2024-11-12 02:10:00+00:00,2628.0,2628.9,2626.7,2628.3,264,33.0,1.0,393.0,GC
2024-11-12 02:15:00+00:00,2628.6,2630.3,2628.4,2629.8,308,33.0,1.0,393.0,GC
2024-11-12 02:20:00+00:00,2630.1,2631.3,2630.1,2630.9,294,33.0,1.0,393.0,GC
2024-11-12 02:25:00+00:00,2630.8,2631.5,2630.3,2630.7,126,33.0,1.0,393.0,GC
2024-11-12 02:30:00+00:00,2630.9,2631.5,2629.6,2631.5,272,33.0,1.0,393.0,GC
2024-11-12 02:35:00+00:00,2631.4,2631.6,2629.4,2629.8,244,33.0,1.0,393.0,GC
2024-11-12 02:40:00+00:00,2629.7,2629.7,2627.7,2628.0,381,33.0,1.0,393.0,GC
2024-11-12 02:45:00+00:00,2628.0,2628.0,2626.8,2627.0,282,33.0,1.0,393.0,GC
2024-11-12 02:50:00+00:00,2626.8,2628.6,2626.6,2628.6,257,33.0,1.0,393.0,GC
2024-11-12 02:55:00+00:00,2628.7,2628.8,2627.7,2628.0,94,33.0,1.0,393.0,GC
2024-11-12 03:00:00+00:00,2628.2,2629.2,2627.7,2629.1,95,33.0,1.0,393.0,GC
2024-11-12 03:05:00+00:00,2629.3,2629.3,2628.3,2628.7,122,33.0,1.0,393.0,GC
2024-11-12 03:10:00+00:00,2628.9,2629.3,2628.2,2628.4,81,33.0,1.0,393.0,GC
2024-11-12 03:15:00+00:00,2628.5,2628.5,2627.7,2628.2,121,33.0,1.0,393.0,GC
2024-11-12 03:20:00+00:00,2628.2,2629.4,2628.2,2629.4,100,33.0,1.0,393.0,GC
2024-11-12 03:25:00+00:00,2629.5,2629.8,2628.5,2629.0,100,33.0,1.0,393.0,GC
2024-11-12 03:30:00+00:00,2628.9,2629.1,2627.2,2627.3,157,33.0,1.0,393.0,GC
2024-11-12 03:35:00+00:00,2627.4,2627.6,2626.7,2627.2,109,33.0,1.0,393.0,GC
2024-11-12 03:40:00+00:00,2627.1,2627.1,2626.5,2626.5,126,33.0,1.0,393.0,GC
2024-11-12 03:45:00+00:00,2626.5,2627.2,2625.6,2625.9,197,33.0,1.0,393.0,GC
2024-11-12 03:50:00+00:00,2625.8,2626.4,2625.0,2625.9,211,33.0,1.0,393.0,GC
2024-11-12 03:55:00+00:00,2625.9,2626.2,2624.9,2625.0,320,33.0,1.0,393.0,GC
2024-11-12 04:00:00+00:00,2624.9,2625.3,2622.6,2623.5,968,33.0,1.0,393.0,GC
2024-11-12 04:05:00+00:00,2623.7,2623.8,2621.6,2622.4,772,33.0,1.0,393.0,GC
2024-11-12 04:10:00+00:00,2622.4,2623.4,2622.0,2623.0,358,33.0,1.0,393.0,GC
2024-11-12 04:15:00+00:00,2623.0,2624.0,2622.9,2623.8,148,33.0,1.0,393.0,GC
2024-11-12 04:20:00+00:00,2623.8,2624.0,2623.3,2623.6,48,33.0,1.0,393.0,GC
2024-11-12 04:25:00+00:00,2623.8,2624.0,2622.7,2623.0,154,33.0,1.0,393.0,GC
2024-11-12 04:30:00+00:00,2623.2,2623.3,2622.5,2623.1,120,33.0,1.0,393.0,GC
2024-11-12 04:35:00+00:00,2623.1,2623.8,2622.4,2622.4,101,33.0,1.0,393.0,GC
2024-11-12 04:40:00+00:00,2622.4,2622.6,2621.7,2622.2,165,33.0,1.0,393.0,GC
2024-11-12 04:45:00+00:00,2622.3,2622.8,2622.1,2622.4,69,33.0,1.0,393.0,GC
2024-11-12 04:50:00+00:00,2622.3,2622.9,2621.7,2622.8,185,33.0,1.0,393.0,GC
2024-11-12 04:55:00+00:00,2622.9,2624.2,2622.6,2623.9,249,33.0,1.0,393.0,GC
2024-11-12 05:00:00+00:00,2623.9,2624.3,2623.4,2623.6,145,33.0,1.0,393.0,GC
2024-11-12 05:05:00+00:00,2623.5,2623.6,2622.7,2622.8,90,33.0,1.0,393.0,GC
2024-11-12 05:10:00+00:00,2622.8,2623.2,2622.6,2623.1,69,33.0,1.0,393.0,GC
2024-11-12 05:15:00+00:00,2622.8,2622.9,2621.6,2621.8,108,33.0,1.0,393.0,GC
2024-11-12 05:20:00+00:00,2621.6,2621.6,2617.5,2617.9,1522,33.0,1.0,393.0,GC
2024-11-12 05:25:00+00:00,2618.0,2619.2,2617.7,2618.6,487,33.0,1.0,393.0,GC
2024-11-12 05:30:00+00:00,2618.5,2618.7,2612.2,2614.6,2926,33.0,1.0,393.0,GC
2024-11-12 05:35:00+00:00,2614.6,2618.0,2613.8,2617.9,670,33.0,1.0,393.0,GC
2024-11-12 05:40:00+00:00,2617.8,2619.0,2616.4,2616.4,570,33.0,1.0,393.0,GC
2024-11-12 05:45:00+00:00,2616.3,2618.5,2615.7,2615.8,443,33.0,1.0,393.0,GC
2024-11-12 05:50:00+00:00,2615.9,2616.0,2612.4,2613.5,897,33.0,1.0,393.0,GC
2024-11-12 05:55:00+00:00,2613.4,2614.4,2611.2,2612.9,799,33.0,1.0,393.0,GC
2024-11-12 06:00:00+00:00,2612.7,2613.0,2610.3,2610.8,1206,33.0,1.0,393.0,GC
2024-11-12 06:05:00+00:00,2610.9,2614.1,2610.2,2613.6,736,33.0,1.0,393.0,GC
2024-11-12 06:10:00+00:00,2613.6,2614.5,2611.8,2613.5,327,33.0,1.0,393.0,GC
2024-11-12 06:15:00+00:00,2613.6,2613.8,2611.1,2612.4,216,33.0,1.0,393.0,GC
2024-11-12 06:20:00+00:00,2612.5,2613.2,2609.6,2611.7,866,33.0,1.0,393.0,GC
2024-11-12 06:25:00+00:00,2611.9,2613.9,2611.9,2613.8,534,33.0,1.0,393.0,GC
2024-11-12 06:30:00+00:00,2613.9,2616.4,2613.9,2614.8,484,33.0,1.0,393.0,GC
2024-11-12 06:35:00+00:00,2614.6,2615.4,2613.1,2613.2,452,33.0,1.0,393.0,GC
2024-11-12 06:40:00+00:00,2613.2,2613.2,2609.8,2611.2,875,33.0,1.0,393.0,GC
2024-11-12 06:45:00+00:00,2611.0,2614.1,2610.9,2612.8,768,33.0,1.0,393.0,GC
2024-11-12 06:50:00+00:00,2612.9,2614.2,2612.5,2613.1,458,33.0,1.0,393.0,GC
2024-11-12 06:55:00+00:00,2613.6,2614.5,2613.0,2614.2,424,33.0,1.0,393.0,GC
2024-11-12 07:00:00+00:00,2614.3,2615.5,2612.7,2613.1,582,33.0,1.0,393.0,GC
2024-11-12 07:05:00+00:00,2613.0,2613.7,2612.1,2612.8,318,33.0,1.0,393.0,GC
2024-11-12 07:10:00+00:00,2612.8,2613.3,2611.0,2612.8,354,33.0,1.0,393.0,GC
2024-11-12 07:15:00+00:00,2612.7,2614.7,2611.9,2614.0,352,33.0,1.0,393.0,GC
2024-11-12 07:20:00+00:00,2613.8,2613.8,2605.9,2606.7,1653,33.0,1.0,393.0,GC
2024-11-12 07:25:00+00:00,2606.6,2611.6,2606.3,2610.5,1280,33.0,1.0,393.0,GC
2024-11-12 07:30:00+00:00,2610.6,2610.7,2606.7,2606.9,554,33.0,1.0,393.0,GC
2024-11-12 07:35:00+00:00,2606.7,2607.9,2601.7,2604.1,2536,33.0,1.0,393.0,GC
2024-11-12 07:40:00+00:00,2604.2,2604.9,2602.4,2603.3,1144,33.0,1.0,393.0,GC
2024-11-12 07:45:00+00:00,2603.2,2609.5,2603.2,2609.0,1365,33.0,1.0,393.0,GC
2024-11-12 07:50:00+00:00,2609.0,2610.6,2608.2,2609.2,1623,33.0,1.0,393.0,GC
2024-11-12 07:55:00+00:00,2609.2,2609.3,2604.3,2604.6,1429,33.0,1.0,393.0,GC
2024-11-12 08:00:00+00:00,2604.8,2611.2,2604.7,2607.8,1949,33.0,1.0,393.0,GC
2024-11-12 08:05:00+00:00,2607.8,2610.6,2607.4,2610.5,516,33.0,1.0,393.0,GC
2024-11-12 08:10:00+00:00,2610.5,2612.9,2610.4,2610.6,1036,33.0,1.0,393.0,GC
2024-11-12 08:15:00+00:00,2610.6,2610.9,2608.5,2609.5,576,33.0,1.0,393.0,GC
2024-11-12 08:20:00+00:00,2609.4,2611.3,2607.1,2608.1,727,33.0,1.0,393.0,GC
2024-11-12 08:25:00+00:00,2608.1,2609.2,2607.4,2608.2,452,33.0,1.0,393.0,GC
2024-11-12 08:30:00+00:00,2608.3,2609.4,2606.8,2608.6,545,33.0,1.0,393.0,GC
2024-11-12 08:35:00+00:00,2608.7,2609.5,2605.9,2606.4,678,33.0,1.0,393.0,GC
2024-11-12 08:40:00+00:00,2606.2,2607.2,2605.7,2606.2,398,33.0,1.0,393.0,GC
2024-11-12 08:45:00+00:00,2606.0,2607.5,2605.5,2607.5,430,33.0,1.0,393.0,GC
2024-11-12 08:50:00+00:00,2607.4,2609.2,2606.6,2607.4,550,33.0,1.0,393.0,GC
2024-11-12 08:55:00+00:00,2607.4,2608.3,2606.4,2606.7,335,33.0,1.0,393.0,GC
2024-11-12 09:00:00+00:00,2606.5,2606.9,2604.7,2605.2,628,33.0,1.0,393.0,GC
2024-11-12 09:05:00+00:00,2605.1,2605.5,2596.7,2597.6,2536,33.0,1.0,393.0,GC
2024-11-12 09:10:00+00:00,2597.6,2600.6,2596.9,2600.3,1691,33.0,1.0,393.0,GC
2024-11-12 09:15:00+00:00,2600.3,2601.7,2598.6,2599.1,1087,33.0,1.0,393.0,GC
2024-11-12 09:20:00+00:00,2599.2,2601.0,2598.7,2600.6,1219,33.0,1.0,393.0,GC
2024-11-12 09:25:00+00:00,2600.5,2601.6,2599.8,2600.5,483,33.0,1.0,393.0,GC
2024-11-12 09:30:00+00:00,2600.6,2601.4,2599.0,2599.3,571,33.0,1.0,393.0,GC
2024-11-12 09:35:00+00:00,2599.2,2602.0,2597.5,2601.7,730,33.0,1.0,393.0,GC
2024-11-12 09:40:00+00:00,2601.7,2602.0,2598.8,2599.4,518,33.0,1.0,393.0,GC
2024-11-12 09:45:00+00:00,2599.4,2601.9,2599.2,2601.6,530,33.0,1.0,393.0,GC
2024-11-12 09:50:00+00:00,2601.8,2601.9,2600.5,2601.5,476,33.0,1.0,393.0,GC
2024-11-12 09:55:00+00:00,2601.4,2602.4,2598.3,2599.4,864,33.0,1.0,393.0,GC
2024-11-12 10:00:00+00:00,2599.4,2599.9,2597.2,2598.6,799,33.0,1.0,393.0,GC
2024-11-12 10:05:00+00:00,2598.4,2599.1,2597.3,2598.9,382,33.0,1.0,393.0,GC
2024-11-12 10:10:00+00:00,2599.0,2602.1,2598.8,2599.8,1052,33.0,1.0,393.0,GC
2024-11-12 10:15:00+00:00,2599.6,2601.0,2596.8,2597.1,975,33.0,1.0,393.0,GC
2024-11-12 10:20:00+00:00,2597.2,2598.9,2596.5,2596.5,686,33.0,1.0,393.0,GC
2024-11-12 10:25:00+00:00,2596.5,2600.0,2595.7,2598.2,1229,33.0,1.0,393.0,GC
2024-11-12 10:30:00+00:00,2598.0,2598.8,2596.6,2597.5,559,33.0,1.0,393.0,GC
2024-11-12 10:35:00+00:00,2597.6,2599.1,2596.8,2597.1,428,33.0,1.0,393.0,GC
2024-11-12 10:40:00+00:00,2597.3,2599.9,2596.9,2598.6,937,33.0,1.0,393.0,GC
2024-11-12 10:45:00+00:00,2598.7,2604.7,2598.4,2601.7,1395,33.0,1.0,393.0,GC
2024-11-12 10:50:00+00:00,2601.5,2604.2,2601.4,2602.5,676,33.0,1.0,393.0,GC
2024-11-12 10:55:00+00:00,2602.5,2603.6,2601.7,2602.7,794,33.0,1.0,393.0,GC
2024-11-12 11:00:00+00:00,2602.7,2604.4,2601.9,2602.8,536,33.0,1.0,393.0,GC
2024-11-12 11:05:00+00:00,2602.8,2605.1,2601.7,2602.1,998,33.0,1.0,393.0,GC
2024-11-12 11:10:00+00:00,2602.0,2603.9,2601.5,2602.8,357,33.0,1.0,393.0,GC
2024-11-12 11:15:00+00:00,2602.6,2602.7,2600.6,2601.5,484,33.0,1.0,393.0,GC
2024-11-12 11:20:00+00:00,2601.3,2602.3,2598.6,2601.9,1103,33.0,1.0,393.0,GC
2024-11-12 11:25:00+00:00,2601.8,2604.9,2601.0,2604.1,987,33.0,1.0,393.0,GC
2024-11-12 11:30:00+00:00,2604.1,2604.9,2603.0,2603.7,615,33.0,1.0,393.0,GC
2024-11-12 11:35:00+00:00,2603.6,2604.0,2602.4,2602.4,235,33.0,1.0,393.0,GC
2024-11-12 11:40:00+00:00,2602.2,2603.6,2600.8,2601.1,300,33.0,1.0,393.0,GC
2024-11-12 11:45:00+00:00,2601.1,2601.5,2599.2,2599.6,614,33.0,1.0,393.0,GC
2024-11-12 11:50:00+00:00,2599.7,2601.8,2599.2,2600.8,600,33.0,1.0,393.0,GC
2024-11-12 11:55:00+00:00,2600.7,2604.3,2600.7,2604.1,599,33.0,1.0,393.0,GC
2024-11-12 12:00:00+00:00,2604.1,2610.4,2604.1,2609.5,2269,33.0,1.0,393.0,GC
2024-11-12 12:05:00+00:00,2609.5,2610.8,2607.4,2607.8,1412,33.0,1.0,393.0,GC
2024-11-12 12:10:00+00:00,2607.8,2609.9,2606.7,2608.6,733,33.0,1.0,393.0,GC
2024-11-12 12:15:00+00:00,2608.4,2609.2,2607.5,2608.9,379,33.0,1.0,393.0,GC
2024-11-12 12:20:00+00:00,2608.9,2609.6,2607.6,2608.8,423,33.0,1.0,393.0,GC
2024-11-12 12:25:00+00:00,2608.9,2610.5,2607.9,2608.7,641,33.0,1.0,393.0,GC
2024-11-12 12:30:00+00:00,2608.9,2609.5,2607.0,2609.1,1348,33.0,1.0,393.0,GC
2024-11-12 12:35:00+00:00,2609.1,2612.9,2608.9,2611.5,1993,33.0,1.0,393.0,GC
2024-11-12 12:40:00+00:00,2611.5,2613.2,2608.3,2608.7,1402,33.0,1.0,393.0,GC
2024-11-12 12:45:00+00:00,2608.6,2612.3,2607.5,2612.2,2198,33.0,1.0,393.0,GC
2024-11-12 12:50:00+00:00,2612.2,2612.8,2610.8,2611.4,1683,33.0,1.0,393.0,GC
2024-11-12 12:55:00+00:00,2611.5,2613.9,2610.7,2611.9,2328,33.0,1.0,393.0,GC
2024-11-12 13:00:00+00:00,2611.9,2614.0,2611.3,2612.5,2213,33.0,1.0,393.0,GC
2024-11-12 13:05:00+00:00,2612.5,2616.0,2612.2,2614.5,1676,33.0,1.0,393.0,GC
2024-11-12 13:10:00+00:00,2614.4,2614.8,2610.9,2611.9,1222,33.0,1.0,393.0,GC
2024-11-12 13:15:00+00:00,2612.2,2615.7,2611.9,2615.7,1918,33.0,1.0,393.0,GC
2024-11-12 13:20:00+00:00,2615.7,2619.8,2613.9,2619.6,3991,33.0,1.0,393.0,GC
2024-11-12 13:25:00+00:00,2619.6,2623.0,2619.1,2621.0,4008,33.0,1.0,393.0,GC
2024-11-12 13:30:00+00:00,2621.1,2621.4,2615.7,2616.5,1807,33.0,1.0,393.0,GC
2024-11-12 13:35:00+00:00,2616.7,2619.0,2613.6,2613.8,1598,33.0,1.0,393.0,GC
2024-11-12 13:40:00+00:00,2613.8,2615.1,2612.1,2612.6,1647,33.0,1.0,393.0,GC
2024-11-12 13:45:00+00:00,2612.7,2615.9,2611.8,2615.4,1230,33.0,1.0,393.0,GC
2024-11-12 13:50:00+00:00,2615.5,2616.5,2613.5,2616.0,884,33.0,1.0,393.0,GC
2024-11-12 13:55:00+00:00,2616.0,2618.9,2616.0,2618.1,1015,33.0,1.0,393.0,GC
2024-11-12 14:00:00+00:00,2618.3,2618.5,2615.5,2615.7,829,33.0,1.0,393.0,GC
2024-11-12 14:05:00+00:00,2615.7,2617.9,2615.4,2616.9,945,33.0,1.0,393.0,GC
2024-11-12 14:10:00+00:00,2617.0,2620.5,2617.0,2620.1,1645,33.0,1.0,393.0,GC
2024-11-12 14:15:00+00:00,2620.0,2621.4,2618.6,2621.3,730,33.0,1.0,393.0,GC
2024-11-12 14:20:00+00:00,2621.2,2622.0,2619.8,2620.7,1134,33.0,1.0,393.0,GC
2024-11-12 14:25:00+00:00,2620.6,2621.0,2618.3,2619.9,1392,33.0,1.0,393.0,GC
2024-11-12 14:30:00+00:00,2619.8,2620.8,2616.4,2616.4,2375,33.0,1.0,393.0,GC
2024-11-12 14:35:00+00:00,2616.6,2624.1,2616.4,2620.5,3443,33.0,1.0,393.0,GC
2024-11-12 14:40:00+00:00,2620.4,2623.2,2618.7,2621.5,1572,33.0,1.0,393.0,GC
2024-11-12 14:45:00+00:00,2621.5,2621.5,2618.3,2620.2,1183,33.0,1.0,393.0,GC
2024-11-12 14:50:00+00:00,2620.1,2620.6,2616.7,2617.8,1336,33.0,1.0,393.0,GC
2024-11-12 14:55:00+00:00,2618.0,2618.7,2616.7,2616.9,1311,33.0,1.0,393.0,GC
2024-11-12 15:00:00+00:00,2616.8,2618.3,2611.5,2613.1,3554,33.0,1.0,393.0,GC
2024-11-12 15:05:00+00:00,2613.1,2615.3,2611.7,2614.4,1986,33.0,1.0,393.0,GC
2024-11-12 15:10:00+00:00,2614.3,2616.6,2614.0,2615.7,1389,33.0,1.0,393.0,GC
2024-11-12 15:15:00+00:00,2615.6,2617.2,2615.2,2616.7,1130,33.0,1.0,393.0,GC
2024-11-12 15:20:00+00:00,2616.6,2617.3,2612.4,2612.5,1068,33.0,1.0,393.0,GC
2024-11-12 15:25:00+00:00,2612.4,2613.1,2609.4,2609.9,1814,33.0,1.0,393.0,GC
2024-11-12 15:30:00+00:00,2609.9,2611.0,2608.2,2608.5,1919,33.0,1.0,393.0,GC
2024-11-12 15:35:00+00:00,2608.4,2608.6,2604.8,2605.2,2747,33.0,1.0,393.0,GC
2024-11-12 15:40:00+00:00,2605.1,2610.4,2603.7,2607.6,4147,33.0,1.0,393.0,GC
2024-11-12 15:45:00+00:00,2607.5,2608.9,2606.0,2606.1,887,33.0,1.0,393.0,GC
2024-11-12 15:50:00+00:00,2606.0,2606.5,2603.8,2604.2,1288,33.0,1.0,393.0,GC
2024-11-12 15:55:00+00:00,2604.1,2607.1,2604.1,2604.8,1542,33.0,1.0,393.0,GC
2024-11-12 16:00:00+00:00,2605.0,2607.4,2604.0,2605.4,1236,33.0,1.0,393.0,GC
2024-11-12 16:05:00+00:00,2605.2,2610.0,2604.8,2609.5,1360,33.0,1.0,393.0,GC
2024-11-12 16:10:00+00:00,2609.5,2610.6,2606.1,2606.3,1628,33.0,1.0,393.0,GC
2024-11-12 16:15:00+00:00,2606.4,2608.2,2605.3,2606.9,1034,33.0,1.0,393.0,GC
2024-11-12 16:20:00+00:00,2607.1,2609.3,2605.4,2606.0,1252,33.0,1.0,393.0,GC
2024-11-12 16:25:00+00:00,2606.0,2606.9,2605.0,2605.4,698,33.0,1.0,393.0,GC
2024-11-12 16:30:00+00:00,2605.3,2606.5,2604.7,2606.3,1029,33.0,1.0,393.0,GC
2024-11-12 16:35:00+00:00,2606.0,2607.2,2605.4,2606.3,678,33.0,1.0,393.0,GC
2024-11-12 16:40:00+00:00,2606.4,2608.0,2605.6,2606.9,599,33.0,1.0,393.0,GC
2024-11-12 16:45:00+00:00,2606.9,2608.0,2606.1,2607.9,448,33.0,1.0,393.0,GC
2024-11-12 16:50:00+00:00,2607.9,2608.2,2606.1,2607.1,633,33.0,1.0,393.0,GC
2024-11-12 16:55:00+00:00,2607.2,2607.6,2605.8,2607.2,533,33.0,1.0,393.0,GC
2024-11-12 17:00:00+00:00,2607.1,2607.5,2602.8,2603.7,1258,33.0,1.0,393.0,GC
2024-11-12 17:05:00+00:00,2603.7,2604.3,2601.9,2602.1,1065,33.0,1.0,393.0,GC
2024-11-12 17:10:00+00:00,2602.1,2603.0,2599.7,2599.8,1470,33.0,1.0,393.0,GC
2024-11-12 17:15:00+00:00,2599.8,2601.2,2598.8,2599.8,1336,33.0,1.0,393.0,GC
2024-11-12 17:20:00+00:00,2599.8,2601.1,2599.2,2600.4,948,33.0,1.0,393.0,GC
2024-11-12 17:25:00+00:00,2600.5,2601.1,2599.6,2600.5,479,33.0,1.0,393.0,GC
2024-11-12 17:30:00+00:00,2600.5,2602.6,2599.7,2602.1,673,33.0,1.0,393.0,GC
2024-11-12 17:35:00+00:00,2601.9,2603.6,2601.6,2602.9,775,33.0,1.0,393.0,GC
2024-11-12 17:40:00+00:00,2603.0,2603.4,2601.0,2601.3,557,33.0,1.0,393.0,GC
2024-11-12 17:45:00+00:00,2601.2,2601.6,2600.2,2601.0,470,33.0,1.0,393.0,GC
2024-11-12 17:50:00+00:00,2601.1,2604.8,2601.0,2604.5,678,33.0,1.0,393.0,GC
2024-11-12 17:55:00+00:00,2604.6,2605.8,2603.9,2603.9,754,33.0,1.0,393.0,GC
2024-11-12 18:00:00+00:00,2604.0,2605.5,2603.5,2605.0,608,33.0,1.0,393.0,GC
2024-11-12 18:05:00+00:00,2605.1,2606.4,2604.8,2605.9,486,33.0,1.0,393.0,GC
2024-11-12 18:10:00+00:00,2606.2,2607.5,2605.7,2607.2,749,33.0,1.0,393.0,GC
2024-11-12 18:15:00+00:00,2607.2,2608.8,2606.6,2608.1,813,33.0,1.0,393.0,GC
2024-11-12 18:20:00+00:00,2608.0,2608.0,2605.7,2605.9,466,33.0,1.0,393.0,GC
2024-11-12 18:25:00+00:00,2606.0,2608.0,2605.9,2606.1,1828,33.0,1.0,393.0,GC
2024-11-12 18:30:00+00:00,2606.2,2606.6,2603.7,2604.2,925,33.0,1.0,393.0,GC
2024-11-12 18:35:00+00:00,2604.2,2605.1,2603.7,2603.9,372,33.0,1.0,393.0,GC
2024-11-12 18:40:00+00:00,2603.7,2604.3,2602.9,2604.0,565,33.0,1.0,393.0,GC
2024-11-12 18:45:00+00:00,2604.1,2605.3,2603.2,2604.5,452,33.0,1.0,393.0,GC
2024-11-12 18:50:00+00:00,2604.4,2606.0,2604.3,2605.6,180,33.0,1.0,393.0,GC
2024-11-12 18:55:00+00:00,2605.5,2606.5,2605.3,2605.5,310,33.0,1.0,393.0,GC
2024-11-12 19:00:00+00:00,2605.6,2607.5,2605.5,2607.4,426,33.0,1.0,393.0,GC
2024-11-12 19:05:00+00:00,2607.4,2607.4,2606.3,2606.4,254,33.0,1.0,393.0,GC
2024-11-12 19:10:00+00:00,2606.4,2606.5,2605.5,2605.8,207,33.0,1.0,393.0,GC
2024-11-12 19:15:00+00:00,2605.8,2606.8,2605.3,2606.8,222,33.0,1.0,393.0,GC
2024-11-12 19:20:00+00:00,2606.8,2607.9,2606.6,2607.3,211,33.0,1.0,393.0,GC
2024-11-12 19:25:00+00:00,2607.3,2607.8,2606.0,2606.5,196,33.0,1.0,393.0,GC
2024-11-12 19:30:00+00:00,2606.5,2607.2,2605.9,2606.8,200,33.0,1.0,393.0,GC
2024-11-12 19:35:00+00:00,2606.7,2607.0,2605.4,2605.5,161,33.0,1.0,393.0,GC
2024-11-12 19:40:00+00:00,2605.6,2607.2,2605.6,2606.8,108,33.0,1.0,393.0,GC
2024-11-12 19:45:00+00:00,2606.9,2607.2,2606.1,2606.3,147,33.0,1.0,393.0,GC
2024-11-12 19:50:00+00:00,2606.1,2606.2,2605.3,2605.9,310,33.0,1.0,393.0,GC
2024-11-12 19:55:00+00:00,2605.9,2606.0,2604.3,2604.7,624,33.0,1.0,393.0,GC
2024-11-12 20:00:00+00:00,2604.6,2605.2,2603.0,2603.6,439,33.0,1.0,393.0,GC
2024-11-12 20:05:00+00:00,2603.5,2603.9,2602.8,2603.0,261,33.0,1.0,393.0,GC
2024-11-12 20:10:00+00:00,2603.0,2604.4,2601.6,2604.3,779,33.0,1.0,393.0,GC
2024-11-12 20:15:00+00:00,2604.4,2605.0,2604.3,2604.9,234,33.0,1.0,393.0,GC
2024-11-12 20:20:00+00:00,2605.0,2605.6,2604.5,2605.0,275,33.0,1.0,393.0,GC
2024-11-12 20:25:00+00:00,2605.0,2605.3,2604.6,2604.6,288,33.0,1.0,393.0,GC
2024-11-12 20:30:00+00:00,2604.5,2605.0,2603.7,2604.9,512,33.0,1.0,393.0,GC
2024-11-12 20:35:00+00:00,2604.8,2605.8,2604.2,2605.5,273,33.0,1.0,393.0,GC
2024-11-12 20:40:00+00:00,2605.4,2606.5,2605.2,2606.5,356,33.0,1.0,393.0,GC
2024-11-12 20:45:00+00:00,2606.5,2607.6,2606.4,2606.9,331,33.0,1.0,393.0,GC
2024-11-12 20:50:00+00:00,2606.8,2607.3,2606.0,2606.7,465,33.0,1.0,393.0,GC
2024-11-12 20:55:00+00:00,2606.6,2606.9,2605.8,2606.1,688,33.0,1.0,393.0,GC
2024-11-12 21:00:00+00:00,2606.2,2607.2,2606.2,2606.9,232,33.0,1.0,393.0,GC
2024-11-12 21:05:00+00:00,2607.0,2607.1,2606.1,2606.2,169,33.0,1.0,393.0,GC
2024-11-12 21:10:00+00:00,2606.1,2606.3,2605.6,2605.9,125,33.0,1.0,393.0,GC
2024-11-12 21:15:00+00:00,2605.9,2606.0,2605.4,2605.4,113,33.0,1.0,393.0,GC
2024-11-12 21:20:00+00:00,2605.4,2605.7,2604.8,2605.3,126,33.0,1.0,393.0,GC
2024-11-12 21:25:00+00:00,2605.3,2605.3,2604.1,2604.3,263,33.0,1.0,393.0,GC
2024-11-12 21:30:00+00:00,2604.3,2605.0,2603.8,2604.7,160,33.0,1.0,393.0,GC
2024-11-12 21:35:00+00:00,2604.5,2604.8,2604.3,2604.8,55,33.0,1.0,393.0,GC
2024-11-12 21:40:00+00:00,2604.7,2604.7,2603.8,2604.1,84,33.0,1.0,393.0,GC
2024-11-12 21:45:00+00:00,2604.1,2604.1,2603.7,2603.8,97,33.0,1.0,393.0,GC
2024-11-12 21:50:00+00:00,2603.7,2604.8,2603.5,2604.6,144,33.0,1.0,393.0,GC
2024-11-12 21:55:00+00:00,2604.7,2604.8,2604.4,2604.7,83,33.0,1.0,393.0,GC
2024-11-12 23:00:00+00:00,2604.7,2604.9,2603.7,2603.9,201,33.0,1.0,393.0,GC
2024-11-12 23:05:00+00:00,2604.1,2604.3,2603.7,2604.3,55,33.0,1.0,393.0,GC
2024-11-12 23:10:00+00:00,2604.4,2605.1,2604.2,2605.0,146,33.0,1.0,393.0,GC
2024-11-12 23:15:00+00:00,2605.0,2605.4,2604.8,2605.2,144,33.0,1.0,393.0,GC
2024-11-12 23:20:00+00:00,2605.2,2605.5,2604.9,2604.9,64,33.0,1.0,393.0,GC
2024-11-12 23:25:00+00:00,2604.9,2605.0,2604.2,2604.3,119,33.0,1.0,393.0,GC
2024-11-12 23:30:00+00:00,2604.3,2604.6,2604.1,2604.1,108,33.0,1.0,393.0,GC
2024-11-12 23:35:00+00:00,2628.0,2628.0,2603.8,2604.2,96,33.0,1.0,1551.0,GC
2024-11-12 23:40:00+00:00,2604.3,2604.6,2604.2,2604.2,52,33.0,1.0,393.0,GC
2024-11-12 23:45:00+00:00,2604.4,2605.5,2604.4,2605.5,105,33.0,1.0,393.0,GC
2024-11-12 23:50:00+00:00,2605.4,2605.8,2605.2,2605.5,99,33.0,1.0,393.0,GC
2024-11-12 23:55:00+00:00,2605.4,2605.4,2604.7,2604.7,51,33.0,1.0,393.0,GC
2024-11-13 00:00:00+00:00,2604.9,2604.9,2603.9,2604.5,170,33.0,1.0,393.0,GC
2024-11-13 00:05:00+00:00,2604.4,2604.7,2603.9,2604.1,65,33.0,1.0,393.0,GC
2024-11-13 00:10:00+00:00,2604.2,2605.1,2604.0,2604.6,65,33.0,1.0,393.0,GC
2024-11-13 00:15:00+00:00,2604.5,2605.3,2604.3,2605.2,115,33.0,1.0,393.0,GC
2024-11-13 00:20:00+00:00,2605.3,2605.5,2604.4,2604.5,100,33.0,1.0,393.0,GC
2024-11-13 00:25:00+00:00,2604.6,2604.8,2604.5,2604.7,56,33.0,1.0,393.0,GC
2024-11-13 00:30:00+00:00,2604.8,2605.3,2604.7,2605.0,84,33.0,1.0,393.0,GC
2024-11-13 00:35:00+00:00,2605.0,2605.6,2604.9,2605.5,120,33.0,1.0,393.0,GC
2024-11-13 00:40:00+00:00,2605.5,2605.6,2604.5,2605.0,114,33.0,1.0,393.0,GC
2024-11-13 00:45:00+00:00,2605.1,2605.6,2604.6,2605.1,221,33.0,1.0,393.0,GC
2024-11-13 00:50:00+00:00,2605.1,2605.5,2604.8,2605.4,179,33.0,1.0,393.0,GC
2024-11-13 00:55:00+00:00,2605.3,2605.6,2604.5,2605.4,154,33.0,1.0,393.0,GC
2024-11-13 01:00:00+00:00,2605.4,2608.3,2605.4,2607.5,715,33.0,1.0,393.0,GC
2024-11-13 01:05:00+00:00,2607.5,2609.7,2607.5,2609.3,411,33.0,1.0,393.0,GC
2024-11-13 01:10:00+00:00,2609.4,2610.6,2607.9,2608.8,952,33.0,1.0,393.0,GC
2024-11-13 01:15:00+00:00,2608.8,2614.6,2608.8,2614.1,1488,33.0,1.0,393.0,GC
2024-11-13 01:20:00+00:00,2614.3,2614.3,2612.3,2612.8,474,33.0,1.0,393.0,GC
2024-11-13 01:25:00+00:00,2612.9,2614.7,2612.0,2614.3,523,33.0,1.0,393.0,GC
2024-11-13 01:30:00+00:00,2614.3,2614.7,2612.4,2614.0,336,33.0,1.0,393.0,GC
2024-11-13 01:35:00+00:00,2614.1,2616.4,2613.5,2615.0,780,33.0,1.0,393.0,GC
2024-11-13 01:40:00+00:00,2615.2,2616.5,2614.7,2615.9,561,33.0,1.0,393.0,GC
2024-11-13 01:45:00+00:00,2615.9,2617.1,2615.6,2616.1,704,33.0,1.0,393.0,GC
2024-11-13 01:50:00+00:00,2616.2,2616.5,2614.1,2615.4,534,33.0,1.0,393.0,GC
2024-11-13 01:55:00+00:00,2615.2,2615.5,2614.0,2614.1,283,33.0,1.0,393.0,GC
2024-11-13 02:00:00+00:00,2614.2,2614.5,2612.0,2612.3,594,33.0,1.0,393.0,GC
2024-11-13 02:05:00+00:00,2612.4,2614.3,2612.0,2613.3,412,33.0,1.0,393.0,GC
2024-11-13 02:10:00+00:00,2613.4,2613.6,2611.1,2612.6,410,33.0,1.0,393.0,GC
2024-11-13 02:15:00+00:00,2612.7,2613.1,2611.5,2611.5,199,33.0,1.0,393.0,GC
2024-11-13 02:20:00+00:00,2611.5,2612.3,2611.4,2612.1,150,33.0,1.0,393.0,GC
2024-11-13 02:25:00+00:00,2612.0,2613.2,2611.8,2613.1,149,33.0,1.0,393.0,GC
2024-11-13 02:30:00+00:00,2613.0,2614.1,2611.3,2613.3,334,33.0,1.0,393.0,GC
2024-11-13 02:35:00+00:00,2613.3,2613.5,2612.2,2612.6,332,33.0,1.0,393.0,GC
2024-11-13 02:40:00+00:00,2612.6,2615.7,2612.6,2614.3,686,33.0,1.0,393.0,GC
2024-11-13 02:45:00+00:00,2614.3,2616.1,2614.2,2616.0,313,33.0,1.0,393.0,GC
2024-11-13 02:50:00+00:00,2616.1,2618.1,2615.2,2617.8,939,33.0,1.0,393.0,GC
2024-11-13 02:55:00+00:00,2617.9,2618.4,2617.1,2617.9,458,33.0,1.0,393.0,GC
2024-11-13 03:00:00+00:00,2618.1,2619.1,2617.5,2617.6,515,33.0,1.0,393.0,GC
2024-11-13 03:05:00+00:00,2617.5,2618.7,2616.8,2617.0,441,33.0,1.0,393.0,GC
2024-11-13 03:10:00+00:00,2616.9,2617.4,2615.7,2616.2,250,33.0,1.0,393.0,GC
2024-11-13 03:15:00+00:00,2616.2,2616.8,2616.0,2616.3,142,33.0,1.0,393.0,GC
2024-11-13 03:20:00+00:00,2616.3,2616.5,2614.8,2614.8,166,33.0,1.0,393.0,GC
2024-11-13 03:25:00+00:00,2614.8,2614.8,2612.8,2614.0,807,33.0,1.0,393.0,GC
2024-11-13 03:30:00+00:00,2614.2,2614.7,2612.2,2612.2,212,33.0,1.0,393.0,GC
2024-11-13 03:35:00+00:00,2612.4,2613.5,2612.4,2613.4,847,33.0,1.0,393.0,GC
2024-11-13 03:40:00+00:00,2613.5,2615.1,2613.4,2614.7,665,33.0,1.0,393.0,GC
2024-11-13 03:45:00+00:00,2614.7,2616.9,2614.6,2616.7,379,33.0,1.0,393.0,GC
2024-11-13 03:50:00+00:00,2616.7,2618.2,2616.5,2618.2,680,33.0,1.0,393.0,GC
2024-11-13 03:55:00+00:00,2618.1,2618.4,2617.3,2617.3,349,33.0,1.0,393.0,GC
2024-11-13 04:00:00+00:00,2617.5,2618.2,2615.5,2615.6,430,33.0,1.0,393.0,GC
2024-11-13 04:05:00+00:00,2615.5,2616.5,2615.2,2615.6,204,33.0,1.0,393.0,GC
2024-11-13 04:10:00+00:00,2615.7,2617.2,2615.6,2616.3,251,33.0,1.0,393.0,GC
2024-11-13 04:15:00+00:00,2616.1,2616.9,2615.5,2616.7,396,33.0,1.0,393.0,GC
2024-11-13 04:20:00+00:00,2616.7,2617.8,2616.7,2617.5,285,33.0,1.0,393.0,GC
2024-11-13 04:25:00+00:00,2617.6,2618.2,2617.4,2617.7,337,33.0,1.0,393.0,GC
2024-11-13 04:30:00+00:00,2617.9,2618.2,2616.8,2616.8,220,33.0,1.0,393.0,GC
2024-11-13 04:35:00+00:00,2616.8,2617.4,2616.8,2617.0,106,33.0,1.0,393.0,GC
2024-11-13 04:40:00+00:00,2617.1,2617.1,2614.1,2615.3,673,33.0,1.0,393.0,GC
2024-11-13 04:45:00+00:00,2615.2,2616.3,2614.0,2614.2,325,33.0,1.0,393.0,GC
2024-11-13 04:50:00+00:00,2614.2,2615.0,2613.6,2613.8,322,33.0,1.0,393.0,GC
2024-11-13 04:55:00+00:00,2614.0,2614.0,2612.0,2612.1,887,33.0,1.0,393.0,GC
2024-11-13 05:00:00+00:00,2612.3,2613.7,2612.3,2613.3,568,33.0,1.0,393.0,GC
2024-11-13 05:05:00+00:00,2613.2,2613.7,2612.8,2612.9,84,33.0,1.0,393.0,GC
2024-11-13 05:10:00+00:00,2613.0,2613.0,2612.0,2612.4,163,33.0,1.0,393.0,GC
2024-11-13 05:15:00+00:00,2612.5,2612.8,2611.7,2612.4,190,33.0,1.0,393.0,GC
2024-11-13 05:20:00+00:00,2612.3,2613.0,2611.6,2612.1,265,33.0,1.0,393.0,GC
2024-11-13 05:25:00+00:00,2612.1,2612.9,2611.9,2612.2,138,33.0,1.0,393.0,GC
2024-11-13 05:30:00+00:00,2612.1,2612.4,2609.3,2610.6,920,33.0,1.0,393.0,GC
2024-11-13 05:35:00+00:00,2610.7,2611.4,2610.5,2611.4,283,33.0,1.0,393.0,GC
2024-11-13 05:40:00+00:00,2611.3,2612.2,2610.6,2611.0,261,33.0,1.0,393.0,GC
2024-11-13 05:45:00+00:00,2610.9,2611.3,2609.8,2610.9,172,33.0,1.0,393.0,GC
2024-11-13 05:50:00+00:00,2610.7,2612.4,2610.1,2612.3,233,33.0,1.0,393.0,GC
2024-11-13 05:55:00+00:00,2612.2,2612.7,2611.4,2611.6,171,33.0,1.0,393.0,GC
2024-11-13 06:00:00+00:00,2611.4,2613.4,2611.3,2612.5,298,33.0,1.0,393.0,GC
2024-11-13 06:05:00+00:00,2612.6,2613.2,2611.0,2612.1,242,33.0,1.0,393.0,GC
2024-11-13 06:10:00+00:00,2612.0,2635.0,2610.4,2610.4,242,33.0,1.0,393.0,GC
2024-11-13 06:15:00+00:00,2610.3,2611.5,2610.1,2611.4,240,33.0,1.0,393.0,GC
2024-11-13 06:20:00+00:00,2611.4,2635.8,2611.0,2611.9,344,33.0,1.0,393.0,GC
2024-11-13 06:25:00+00:00,2612.0,2613.0,2611.5,2611.7,232,33.0,1.0,393.0,GC
2024-11-13 06:30:00+00:00,2611.7,2612.7,2611.3,2612.1,182,33.0,1.0,393.0,GC
2024-11-13 06:35:00+00:00,2612.0,2612.1,2610.8,2611.5,193,33.0,1.0,393.0,GC
2024-11-13 06:40:00+00:00,2611.4,2611.6,2610.5,2610.8,307,33.0,1.0,393.0,GC
2024-11-13 06:45:00+00:00,2610.6,2611.8,2610.3,2611.3,375,33.0,1.0,393.0,GC
2024-11-13 06:50:00+00:00,2611.3,2612.4,2611.2,2611.8,144,33.0,1.0,393.0,GC
2024-11-13 06:55:00+00:00,2611.8,2612.4,2610.8,2611.1,396,33.0,1.0,393.0,GC
2024-11-13 07:00:00+00:00,2611.0,2612.2,2610.4,2612.0,259,33.0,1.0,393.0,GC
2024-11-13 07:05:00+00:00,2612.1,2613.3,2610.6,2611.4,311,33.0,1.0,393.0,GC
2024-11-13 07:10:00+00:00,2611.3,2611.4,2610.7,2610.9,113,33.0,1.0,393.0,GC
2024-11-13 07:15:00+00:00,2611.1,2611.6,2610.1,2611.3,304,33.0,1.0,393.0,GC
2024-11-13 07:20:00+00:00,2611.4,2612.4,2611.4,2612.1,264,33.0,1.0,393.0,GC
2024-11-13 07:25:00+00:00,2612.2,2613.3,2612.0,2612.2,190,33.0,1.0,393.0,GC
2024-11-13 07:30:00+00:00,2612.1,2612.6,2611.1,2611.8,217,33.0,1.0,393.0,GC
2024-11-13 07:35:00+00:00,2612.0,2612.9,2611.8,2612.1,208,33.0,1.0,393.0,GC
2024-11-13 07:40:00+00:00,2612.1,2613.3,2611.7,2613.1,181,33.0,1.0,393.0,GC
2024-11-13 07:45:00+00:00,2613.1,2613.2,2611.5,2611.9,162,33.0,1.0,393.0,GC
2024-11-13 07:50:00+00:00,2611.9,2613.0,2611.8,2612.8,236,33.0,1.0,393.0,GC
2024-11-13 07:55:00+00:00,2612.7,2612.9,2611.7,2612.0,335,33.0,1.0,393.0,GC
2024-11-13 08:00:00+00:00,2612.1,2612.1,2609.5,2610.2,584,33.0,1.0,393.0,GC
2024-11-13 08:05:00+00:00,2610.3,2610.7,2609.5,2609.5,333,33.0,1.0,393.0,GC
2024-11-13 08:10:00+00:00,2609.5,2609.8,2606.9,2607.6,1070,33.0,1.0,393.0,GC
2024-11-13 08:15:00+00:00,2607.6,2611.9,2606.7,2609.8,1816,33.0,1.0,393.0,GC
2024-11-13 08:20:00+00:00,2610.0,2610.6,2608.5,2610.6,1513,33.0,1.0,393.0,GC
2024-11-13 08:25:00+00:00,2610.7,2634.0,2609.3,2610.7,563,33.0,1.0,393.0,GC
2024-11-13 08:30:00+00:00,2610.5,2614.3,2610.4,2613.3,695,33.0,1.0,393.0,GC
2024-11-13 08:35:00+00:00,2613.2,2615.9,2611.9,2615.6,999,33.0,1.0,393.0,GC
2024-11-13 08:40:00+00:00,2615.5,2616.8,2614.5,2614.9,1382,33.0,1.0,393.0,GC
2024-11-13 08:45:00+00:00,2615.0,2616.5,2614.3,2615.0,454,33.0,1.0,393.0,GC
2024-11-13 08:50:00+00:00,2614.9,2615.3,2613.7,2614.3,333,33.0,1.0,393.0,GC
2024-11-13 08:55:00+00:00,2614.3,2614.9,2613.4,2613.6,388,33.0,1.0,393.0,GC
2024-11-13 09:00:00+00:00,2613.5,2616.4,2613.2,2615.0,564,33.0,1.0,393.0,GC
2024-11-13 09:05:00+00:00,2614.8,2615.1,2613.8,2614.4,457,33.0,1.0,393.0,GC
2024-11-13 09:10:00+00:00,2614.2,2615.8,2614.1,2615.5,338,33.0,1.0,393.0,GC
2024-11-13 09:15:00+00:00,2615.4,2616.0,2614.3,2614.5,253,33.0,1.0,393.0,GC
2024-11-13 09:20:00+00:00,2614.2,2616.5,2613.7,2616.2,257,33.0,1.0,393.0,GC
2024-11-13 09:25:00+00:00,2616.2,2616.6,2615.5,2615.5,366,33.0,1.0,393.0,GC
2024-11-13 09:30:00+00:00,2615.5,2617.7,2615.5,2616.4,645,33.0,1.0,393.0,GC
2024-11-13 09:35:00+00:00,2616.4,2616.8,2615.5,2616.4,326,33.0,1.0,393.0,GC
2024-11-13 09:40:00+00:00,2616.5,2616.9,2614.4,2615.6,528,33.0,1.0,393.0,GC
2024-11-13 09:45:00+00:00,2615.5,2615.9,2613.9,2615.7,903,33.0,1.0,393.0,GC
2024-11-13 09:50:00+00:00,2615.8,2616.6,2614.9,2616.1,669,33.0,1.0,393.0,GC
2024-11-13 09:55:00+00:00,2616.1,2616.3,2613.8,2614.4,365,33.0,1.0,393.0,GC
2024-11-13 10:00:00+00:00,2614.3,2614.6,2612.9,2613.8,561,33.0,1.0,393.0,GC
2024-11-13 10:05:00+00:00,2613.7,2614.7,2613.5,2613.9,278,33.0,1.0,393.0,GC
2024-11-13 10:10:00+00:00,2613.9,2614.3,2613.3,2613.4,311,33.0,1.0,393.0,GC
2024-11-13 10:15:00+00:00,2613.3,2614.2,2612.8,2612.9,374,33.0,1.0,393.0,GC
2024-11-13 10:20:00+00:00,2612.8,2615.0,2612.8,2614.8,344,33.0,1.0,393.0,GC
2024-11-13 10:25:00+00:00,2614.8,2615.9,2614.3,2615.9,329,33.0,1.0,393.0,GC
2024-11-13 10:30:00+00:00,2615.6,2616.3,2614.6,2615.7,484,33.0,1.0,393.0,GC
2024-11-13 10:35:00+00:00,2615.7,2615.7,2613.9,2614.3,383,33.0,1.0,393.0,GC
2024-11-13 10:40:00+00:00,2614.4,2614.6,2612.8,2612.9,377,33.0,1.0,393.0,GC
2024-11-13 10:45:00+00:00,2613.0,2615.0,2612.9,2614.8,341,33.0,1.0,393.0,GC
2024-11-13 10:50:00+00:00,2614.8,2616.1,2614.8,2615.4,338,33.0,1.0,393.0,GC
2024-11-13 10:55:00+00:00,2615.4,2615.6,2614.7,2614.8,266,33.0,1.0,393.0,GC
2024-11-13 11:00:00+00:00,2614.7,2614.9,2614.1,2614.6,209,33.0,1.0,393.0,GC
2024-11-13 11:05:00+00:00,2614.3,2617.2,2613.9,2617.0,609,33.0,1.0,393.0,GC
2024-11-13 11:10:00+00:00,2617.0,2617.5,2615.1,2615.4,403,33.0,1.0,393.0,GC
2024-11-13 11:15:00+00:00,2615.4,2616.1,2614.8,2615.8,182,33.0,1.0,393.0,GC
2024-11-13 11:20:00+00:00,2615.7,2615.9,2614.6,2614.9,137,33.0,1.0,393.0,GC
2024-11-13 11:25:00+00:00,2614.8,2615.4,2614.2,2614.7,331,33.0,1.0,393.0,GC
2024-11-13 11:30:00+00:00,2614.5,2614.5,2612.9,2613.0,292,33.0,1.0,393.0,GC
2024-11-13 11:35:00+00:00,2612.9,2613.1,2611.7,2611.9,569,33.0,1.0,393.0,GC
2024-11-13 11:40:00+00:00,2612.0,2614.5,2611.6,2614.2,459,33.0,1.0,393.0,GC
2024-11-13 11:45:00+00:00,2614.0,2615.7,2613.5,2615.6,497,33.0,1.0,393.0,GC
2024-11-13 11:50:00+00:00,2615.7,2616.8,2614.9,2616.3,670,33.0,1.0,393.0,GC
2024-11-13 11:55:00+00:00,2616.2,2616.8,2615.9,2616.7,553,33.0,1.0,393.0,GC
2024-11-13 12:00:00+00:00,2616.8,2618.9,2616.8,2618.0,1149,33.0,1.0,393.0,GC
2024-11-13 12:05:00+00:00,2617.9,2618.1,2617.2,2617.6,346,33.0,1.0,393.0,GC
2024-11-13 12:10:00+00:00,2617.5,2617.7,2616.3,2617.2,361,33.0,1.0,393.0,GC
2024-11-13 12:15:00+00:00,2617.3,2617.9,2617.0,2617.3,214,33.0,1.0,393.0,GC
2024-11-13 12:20:00+00:00,2617.2,2617.8,2616.4,2616.7,344,33.0,1.0,393.0,GC
2024-11-13 12:25:00+00:00,2616.6,2617.7,2615.8,2616.8,294,33.0,1.0,393.0,GC
2024-11-13 12:30:00+00:00,2616.6,2617.4,2615.7,2617.3,365,33.0,1.0,393.0,GC
2024-11-13 12:35:00+00:00,2617.4,2617.6,2615.9,2616.3,339,33.0,1.0,393.0,GC
2024-11-13 12:40:00+00:00,2616.2,2617.4,2616.0,2617.0,272,33.0,1.0,393.0,GC
2024-11-13 12:45:00+00:00,2617.1,2617.5,2615.7,2616.2,352,33.0,1.0,393.0,GC
2024-11-13 12:50:00+00:00,2616.0,2616.3,2614.8,2615.6,564,33.0,1.0,393.0,GC
2024-11-13 12:55:00+00:00,2615.2,2616.1,2615.2,2615.7,278,33.0,1.0,393.0,GC
2024-11-13 13:00:00+00:00,2615.7,2616.9,2614.8,2616.2,890,33.0,1.0,393.0,GC
2024-11-13 13:05:00+00:00,2616.0,2617.0,2614.8,2614.9,479,33.0,1.0,393.0,GC
2024-11-13 13:10:00+00:00,2615.0,2615.3,2613.5,2614.0,624,33.0,1.0,393.0,GC
2024-11-13 13:15:00+00:00,2614.0,2615.5,2613.9,2615.3,774,33.0,1.0,393.0,GC
2024-11-13 13:20:00+00:00,2615.3,2615.6,2613.0,2613.9,831,33.0,1.0,393.0,GC
2024-11-13 13:25:00+00:00,2614.0,2615.8,2613.3,2614.9,839,33.0,1.0,393.0,GC
2024-11-13 13:30:00+00:00,2615.1,2625.0,2615.0,2618.2,7267,33.0,1.0,393.0,GC
2024-11-13 13:35:00+00:00,2618.1,2621.3,2617.1,2618.0,3203,33.0,1.0,393.0,GC
2024-11-13 13:40:00+00:00,2617.9,2620.1,2615.5,2615.6,2683,33.0,1.0,393.0,GC
2024-11-13 13:45:00+00:00,2615.6,2618.2,2614.1,2617.4,2162,33.0,1.0,393.0,GC
2024-11-13 13:50:00+00:00,2617.2,2619.5,2616.7,2619.5,1021,33.0,1.0,393.0,GC
2024-11-13 13:55:00+00:00,2619.6,2620.4,2616.5,2618.6,1914,33.0,1.0,393.0,GC
2024-11-13 14:00:00+00:00,2618.6,2619.8,2617.1,2618.0,1428,33.0,1.0,393.0,GC
2024-11-13 14:05:00+00:00,2617.8,2621.1,2617.2,2619.5,1135,33.0,1.0,393.0,GC
2024-11-13 14:10:00+00:00,2619.6,2622.6,2619.4,2621.6,1156,33.0,1.0,393.0,GC
2024-11-13 14:15:00+00:00,2621.6,2622.0,2617.6,2618.6,1236,33.0,1.0,393.0,GC
2024-11-13 14:20:00+00:00,2618.5,2621.1,2617.6,2620.9,1069,33.0,1.0,393.0,GC
2024-11-13 14:25:00+00:00,2621.1,2622.1,2618.9,2619.4,791,33.0,1.0,393.0,GC
2024-11-13 14:30:00+00:00,2619.3,2621.5,2616.7,2616.9,2270,33.0,1.0,393.0,GC
2024-11-13 14:35:00+00:00,2616.9,2617.1,2612.0,2613.5,2660,33.0,1.0,393.0,GC
2024-11-13 14:40:00+00:00,2613.5,2616.1,2612.3,2615.9,1525,33.0,1.0,393.0,GC
2024-11-13 14:45:00+00:00,2615.9,2615.9,2611.1,2611.3,2076,33.0,1.0,393.0,GC
2024-11-13 14:50:00+00:00,2611.3,2611.6,2606.6,2609.0,3407,33.0,1.0,393.0,GC
2024-11-13 14:55:00+00:00,2609.0,2610.9,2607.1,2607.8,2784,33.0,1.0,393.0,GC
2024-11-13 15:00:00+00:00,2607.7,2608.9,2604.3,2606.4,3980,33.0,1.0,393.0,GC
2024-11-13 15:05:00+00:00,2606.4,2606.5,2599.3,2604.3,3497,33.0,1.0,393.0,GC
2024-11-13 15:10:00+00:00,2604.3,2606.5,2601.3,2602.2,2038,33.0,1.0,393.0,GC
2024-11-13 15:15:00+00:00,2602.1,2606.4,2601.7,2605.7,1771,33.0,1.0,393.0,GC
2024-11-13 15:20:00+00:00,2605.6,2606.1,2603.6,2606.0,1189,33.0,1.0,393.0,GC
2024-11-13 15:25:00+00:00,2605.9,2605.9,2602.6,2603.0,1023,33.0,1.0,393.0,GC
2024-11-13 15:30:00+00:00,2602.9,2607.2,2602.6,2604.3,1599,33.0,1.0,393.0,GC
2024-11-13 15:35:00+00:00,2604.3,2606.3,2603.6,2604.5,1105,33.0,1.0,393.0,GC
2024-11-13 15:40:00+00:00,2604.2,2607.6,2602.9,2606.8,1306,33.0,1.0,393.0,GC
2024-11-13 15:45:00+00:00,2606.8,2608.8,2605.5,2607.7,1598,33.0,1.0,393.0,GC
2024-11-13 15:50:00+00:00,2607.7,2611.0,2607.1,2610.4,1569,33.0,1.0,393.0,GC
2024-11-13 15:55:00+00:00,2610.4,2613.0,2610.1,2611.3,1514,33.0,1.0,393.0,GC
2024-11-13 16:00:00+00:00,2611.3,2612.0,2609.0,2609.2,1105,33.0,1.0,393.0,GC
2024-11-13 16:05:00+00:00,2609.2,2610.7,2608.2,2610.4,1438,33.0,1.0,393.0,GC
2024-11-13 16:10:00+00:00,2610.4,2610.8,2607.3,2607.7,1117,33.0,1.0,393.0,GC
2024-11-13 16:15:00+00:00,2607.5,2607.6,2605.5,2606.3,1217,33.0,1.0,393.0,GC
2024-11-13 16:20:00+00:00,2606.3,2606.7,2604.2,2604.6,1076,33.0,1.0,393.0,GC
2024-11-13 16:25:00+00:00,2604.4,2604.6,2601.4,2601.4,2070,33.0,1.0,393.0,GC
2024-11-13 16:30:00+00:00,2601.5,2602.4,2593.1,2594.7,4639,33.0,1.0,393.0,GC
2024-11-13 16:35:00+00:00,2594.6,2597.3,2593.2,2595.8,2702,33.0,1.0,393.0,GC
2024-11-13 16:40:00+00:00,2595.8,2597.8,2595.2,2596.2,1478,33.0,1.0,393.0,GC
2024-11-13 16:45:00+00:00,2596.1,2598.8,2595.8,2597.6,815,33.0,1.0,393.0,GC
2024-11-13 16:50:00+00:00,2597.6,2597.6,2594.1,2594.2,884,33.0,1.0,393.0,GC
2024-11-13 16:55:00+00:00,2594.1,2594.1,2590.5,2591.5,2780,33.0,1.0,393.0,GC
2024-11-13 17:00:00+00:00,2591.6,2592.6,2589.1,2589.5,1344,33.0,1.0,393.0,GC
2024-11-13 17:05:00+00:00,2589.5,2591.2,2588.4,2590.0,1571,33.0,1.0,393.0,GC
2024-11-13 17:10:00+00:00,2590.0,2590.1,2585.2,2588.0,2017,33.0,1.0,393.0,GC
2024-11-13 17:15:00+00:00,2587.9,2589.5,2587.4,2587.8,1346,33.0,1.0,393.0,GC
2024-11-13 17:20:00+00:00,2587.9,2588.1,2585.5,2585.8,699,33.0,1.0,393.0,GC
2024-11-13 17:25:00+00:00,2585.7,2586.5,2583.3,2584.5,1566,33.0,1.0,393.0,GC
2024-11-13 17:30:00+00:00,2584.6,2588.0,2584.6,2586.4,1151,33.0,1.0,393.0,GC
2024-11-13 17:35:00+00:00,2586.4,2588.8,2586.0,2588.5,1004,33.0,1.0,393.0,GC
2024-11-13 17:40:00+00:00,2588.5,2590.5,2587.9,2587.9,1098,33.0,1.0,393.0,GC
2024-11-13 17:45:00+00:00,2587.9,2589.2,2587.5,2588.3,545,33.0,1.0,393.0,GC
2024-11-13 17:50:00+00:00,2588.4,2590.7,2588.3,2590.5,584,33.0,1.0,393.0,GC
2024-11-13 17:55:00+00:00,2590.4,2591.0,2588.6,2589.1,605,33.0,1.0,393.0,GC
2024-11-13 18:00:00+00:00,2589.2,2591.3,2588.1,2590.8,819,33.0,1.0,393.0,GC
2024-11-13 18:05:00+00:00,2590.8,2590.8,2588.2,2588.7,818,33.0,1.0,393.0,GC
2024-11-13 18:10:00+00:00,2588.7,2590.9,2588.5,2590.4,395,33.0,1.0,393.0,GC
2024-11-13 18:15:00+00:00,2590.3,2590.3,2589.0,2589.0,547,33.0,1.0,393.0,GC
2024-11-13 18:20:00+00:00,2589.1,2589.5,2586.9,2587.2,976,33.0,1.0,393.0,GC
2024-11-13 18:25:00+00:00,2587.3,2587.8,2585.6,2586.3,2429,33.0,1.0,393.0,GC
2024-11-13 18:30:00+00:00,2586.4,2587.8,2586.3,2586.8,880,33.0,1.0,393.0,GC
2024-11-13 18:35:00+00:00,2586.9,2589.8,2586.8,2587.8,865,33.0,1.0,393.0,GC
2024-11-13 18:40:00+00:00,2587.7,2588.4,2586.0,2587.3,567,33.0,1.0,393.0,GC
2024-11-13 18:45:00+00:00,2587.5,2588.9,2585.3,2586.4,730,33.0,1.0,393.0,GC
2024-11-13 18:50:00+00:00,2586.5,2589.9,2586.0,2588.8,947,33.0,1.0,393.0,GC
2024-11-13 18:55:00+00:00,2588.9,2589.5,2587.9,2588.6,415,33.0,1.0,393.0,GC
2024-11-13 19:00:00+00:00,2588.7,2589.2,2587.2,2587.5,292,33.0,1.0,393.0,GC
2024-11-13 19:05:00+00:00,2587.3,2588.1,2586.7,2587.9,190,33.0,1.0,393.0,GC
2024-11-13 19:10:00+00:00,2587.9,2589.0,2587.5,2588.6,229,33.0,1.0,393.0,GC
2024-11-13 19:15:00+00:00,2588.7,2589.1,2587.6,2588.0,290,33.0,1.0,393.0,GC
2024-11-13 19:20:00+00:00,2588.1,2589.6,2588.1,2589.1,288,33.0,1.0,393.0,GC
2024-11-13 19:25:00+00:00,2589.2,2591.0,2589.1,2590.4,826,33.0,1.0,393.0,GC
2024-11-13 19:30:00+00:00,2590.3,2590.7,2589.3,2590.0,304,33.0,1.0,393.0,GC
2024-11-13 19:35:00+00:00,2590.0,2590.4,2589.1,2589.2,308,33.0,1.0,393.0,GC
2024-11-13 19:40:00+00:00,2589.2,2589.2,2588.4,2589.0,237,33.0,1.0,393.0,GC
2024-11-13 19:45:00+00:00,2589.1,2589.8,2587.7,2587.8,269,33.0,1.0,393.0,GC
2024-11-13 19:50:00+00:00,2587.8,2588.0,2586.4,2586.8,263,33.0,1.0,393.0,GC
2024-11-13 19:55:00+00:00,2586.8,2587.2,2586.5,2586.9,186,33.0,1.0,393.0,GC
2024-11-13 20:00:00+00:00,2586.8,2587.0,2581.7,2581.8,1167,33.0,1.0,393.0,GC
2024-11-13 20:05:00+00:00,2581.8,2583.7,2580.4,2582.3,1168,33.0,1.0,393.0,GC
2024-11-13 20:10:00+00:00,2582.3,2583.1,2581.2,2583.0,633,33.0,1.0,393.0,GC
2024-11-13 20:15:00+00:00,2583.0,2584.3,2582.3,2582.6,620,33.0,1.0,393.0,GC
2024-11-13 20:20:00+00:00,2582.6,2582.7,2581.2,2581.9,454,33.0,1.0,393.0,GC
2024-11-13 20:25:00+00:00,2581.8,2581.9,2581.1,2581.5,453,33.0,1.0,393.0,GC
2024-11-13 20:30:00+00:00,2581.5,2581.6,2579.5,2580.7,839,33.0,1.0,393.0,GC
2024-11-13 20:35:00+00:00,2580.8,2582.5,2580.8,2581.8,504,33.0,1.0,393.0,GC
2024-11-13 20:40:00+00:00,2581.7,2581.7,2580.4,2581.0,345,33.0,1.0,393.0,GC
2024-11-13 20:45:00+00:00,2581.1,2581.8,2580.4,2581.2,286,33.0,1.0,393.0,GC
2024-11-13 20:50:00+00:00,2581.1,2581.4,2579.2,2579.4,681,33.0,1.0,393.0,GC
2024-11-13 20:55:00+00:00,2579.4,2580.1,2578.8,2579.4,762,33.0,1.0,393.0,GC
2024-11-13 21:00:00+00:00,2579.5,2582.2,2579.2,2581.9,576,33.0,1.0,393.0,GC
2024-11-13 21:05:00+00:00,2581.9,2583.0,2581.9,2582.8,125,33.0,1.0,393.0,GC
2024-11-13 21:10:00+00:00,2582.7,2583.0,2581.4,2581.7,259,33.0,1.0,393.0,GC
2024-11-13 21:15:00+00:00,2581.8,2582.4,2581.6,2581.7,82,33.0,1.0,393.0,GC
2024-11-13 21:20:00+00:00,2581.7,2581.9,2581.2,2581.9,77,33.0,1.0,393.0,GC
2024-11-13 21:25:00+00:00,2581.8,2582.1,2581.3,2581.8,57,33.0,1.0,393.0,GC
2024-11-13 21:30:00+00:00,2582.0,2605.0,2580.9,2581.0,173,33.0,1.0,393.0,GC
2024-11-13 21:35:00+00:00,2581.1,2581.6,2580.8,2581.3,111,33.0,1.0,393.0,GC
2024-11-13 21:40:00+00:00,2581.4,2581.6,2580.5,2581.0,297,33.0,1.0,393.0,GC
2024-11-13 21:45:00+00:00,2581.0,2581.1,2579.1,2579.7,278,33.0,1.0,393.0,GC
2024-11-13 21:50:00+00:00,2579.5,2580.0,2579.4,2579.4,181,33.0,1.0,393.0,GC
2024-11-13 21:55:00+00:00,2579.3,2579.4,2578.1,2578.4,534,33.0,1.0,393.0,GC
2024-11-13 23:00:00+00:00,2578.1,2578.7,2576.7,2578.5,716,33.0,1.0,393.0,GC
2024-11-13 23:05:00+00:00,2578.7,2579.2,2578.3,2578.7,264,33.0,1.0,393.0,GC
2024-11-13 23:10:00+00:00,2578.5,2580.5,2578.3,2580.2,409,33.0,1.0,393.0,GC
2024-11-13 23:15:00+00:00,2580.0,2581.7,2579.8,2581.6,444,33.0,1.0,393.0,GC
2024-11-13 23:20:00+00:00,2581.7,2585.6,2581.6,2584.3,1017,33.0,1.0,393.0,GC
2024-11-13 23:25:00+00:00,2584.4,2585.8,2584.1,2585.5,574,33.0,1.0,393.0,GC
2024-11-13 23:30:00+00:00,2585.3,2585.7,2574.2,2577.0,2118,33.0,1.0,393.0,GC
2024-11-13 23:35:00+00:00,2576.9,2580.1,2573.6,2576.6,2096,33.0,1.0,393.0,GC
2024-11-13 23:40:00+00:00,2576.6,2578.4,2575.8,2576.4,498,33.0,1.0,393.0,GC
2024-11-13 23:45:00+00:00,2576.6,2577.0,2573.6,2574.5,746,33.0,1.0,393.0,GC
2024-11-13 23:50:00+00:00,2574.5,2575.5,2573.8,2574.2,209,33.0,1.0,393.0,GC
2024-11-13 23:55:00+00:00,2574.3,2576.0,2573.9,2575.0,298,33.0,1.0,393.0,GC
2024-11-14 00:00:00+00:00,2575.2,2576.6,2575.2,2576.4,199,33.0,1.0,393.0,GC
2024-11-14 00:05:00+00:00,2576.4,2576.8,2576.0,2576.6,219,33.0,1.0,393.0,GC
2024-11-14 00:10:00+00:00,2576.5,2577.2,2575.8,2576.9,208,33.0,1.0,393.0,GC
2024-11-14 00:15:00+00:00,2577.0,2578.7,2576.2,2578.2,220,33.0,1.0,393.0,GC
2024-11-14 00:20:00+00:00,2578.1,2578.7,2577.3,2578.6,186,33.0,1.0,393.0,GC
2024-11-14 00:25:00+00:00,2578.7,2579.0,2577.6,2577.7,200,33.0,1.0,393.0,GC
2024-11-14 00:30:00+00:00,2578.0,2578.1,2577.4,2577.5,124,33.0,1.0,393.0,GC
2024-11-14 00:35:00+00:00,2577.4,2577.7,2575.2,2576.5,510,33.0,1.0,393.0,GC
2024-11-14 00:40:00+00:00,2576.5,2576.8,2575.8,2576.4,202,33.0,1.0,393.0,GC
2024-11-14 00:45:00+00:00,2576.6,2576.6,2575.1,2575.2,227,33.0,1.0,393.0,GC
2024-11-14 00:50:00+00:00,2575.3,2575.4,2574.0,2574.8,424,33.0,1.0,393.0,GC
2024-11-14 00:55:00+00:00,2575.0,2576.9,2574.7,2576.7,236,33.0,1.0,393.0,GC
2024-11-14 01:00:00+00:00,2576.7,2577.2,2570.9,2572.1,1871,33.0,1.0,393.0,GC
2024-11-14 01:05:00+00:00,2572.3,2573.1,2569.0,2573.0,2060,33.0,1.0,393.0,GC
2024-11-14 01:10:00+00:00,2572.9,2574.0,2571.3,2572.3,636,33.0,1.0,393.0,GC
2024-11-14 01:15:00+00:00,2572.0,2573.8,2570.9,2571.7,605,33.0,1.0,393.0,GC
2024-11-14 01:20:00+00:00,2571.5,2573.5,2570.1,2572.8,1088,33.0,1.0,393.0,GC
2024-11-14 01:25:00+00:00,2572.9,2574.3,2572.4,2573.9,513,33.0,1.0,393.0,GC
2024-11-14 01:30:00+00:00,2573.8,2575.0,2572.0,2572.1,925,33.0,1.0,393.0,GC
2024-11-14 01:35:00+00:00,2572.0,2573.3,2570.1,2570.6,1063,33.0,1.0,393.0,GC
2024-11-14 01:40:00+00:00,2570.5,2573.9,2570.3,2571.7,899,33.0,1.0,393.0,GC
2024-11-14 01:45:00+00:00,2571.7,2572.0,2570.9,2570.9,183,33.0,1.0,393.0,GC
2024-11-14 01:50:00+00:00,2570.9,2572.3,2570.6,2570.9,788,33.0,1.0,393.0,GC
2024-11-14 01:55:00+00:00,2570.9,2570.9,2566.5,2567.7,1271,33.0,1.0,393.0,GC
2024-11-14 02:00:00+00:00,2567.4,2568.8,2565.5,2567.0,1071,33.0,1.0,393.0,GC
2024-11-14 02:05:00+00:00,2567.0,2569.3,2565.8,2568.7,604,33.0,1.0,393.0,GC
2024-11-14 02:10:00+00:00,2569.0,2569.3,2567.1,2568.1,405,33.0,1.0,393.0,GC
2024-11-14 02:15:00+00:00,2568.2,2569.5,2567.5,2568.9,473,33.0,1.0,393.0,GC
2024-11-14 02:20:00+00:00,2569.0,2569.3,2566.8,2567.2,305,33.0,1.0,393.0,GC
2024-11-14 02:25:00+00:00,2567.2,2567.5,2566.1,2566.8,339,33.0,1.0,393.0,GC
2024-11-14 02:30:00+00:00,2566.9,2567.4,2565.2,2565.8,579,33.0,1.0,393.0,GC
2024-11-14 02:35:00+00:00,2566.0,2566.1,2563.8,2563.8,1205,33.0,1.0,393.0,GC
2024-11-14 02:40:00+00:00,2563.8,2564.8,2563.8,2564.3,755,33.0,1.0,393.0,GC
2024-11-14 02:45:00+00:00,2564.3,2564.7,2563.8,2564.1,875,33.0,1.0,393.0,GC
2024-11-14 02:50:00+00:00,2564.2,2565.0,2564.0,2564.6,558,33.0,1.0,393.0,GC
2024-11-14 02:55:00+00:00,2564.5,2565.8,2564.4,2565.5,500,33.0,1.0,393.0,GC
2024-11-14 03:00:00+00:00,2565.5,2566.4,2564.9,2565.3,276,33.0,1.0,393.0,GC
2024-11-14 03:05:00+00:00,2565.4,2568.0,2565.3,2567.8,538,33.0,1.0,393.0,GC
2024-11-14 03:10:00+00:00,2568.0,2568.5,2566.7,2568.3,382,33.0,1.0,393.0,GC
2024-11-14 03:15:00+00:00,2568.2,2569.6,2567.5,2568.0,734,33.0,1.0,393.0,GC
2024-11-14 03:20:00+00:00,2567.9,2569.0,2566.9,2568.5,366,33.0,1.0,393.0,GC
2024-11-14 03:25:00+00:00,2568.6,2568.6,2566.0,2566.1,225,33.0,1.0,393.0,GC
2024-11-14 03:30:00+00:00,2566.0,2567.6,2565.9,2566.6,307,33.0,1.0,393.0,GC
2024-11-14 03:35:00+00:00,2566.7,2567.4,2565.9,2565.9,153,33.0,1.0,393.0,GC
2024-11-14 03:40:00+00:00,2565.9,2566.4,2565.1,2565.3,226,33.0,1.0,393.0,GC
2024-11-14 03:45:00+00:00,2565.3,2566.3,2565.0,2565.0,221,33.0,1.0,393.0,GC
2024-11-14 03:50:00+00:00,2565.2,2565.8,2564.7,2564.7,170,33.0,1.0,393.0,GC
2024-11-14 03:55:00+00:00,2564.9,2566.4,2564.7,2565.3,223,33.0,1.0,393.0,GC
2024-11-14 04:00:00+00:00,2565.2,2565.2,2563.8,2564.2,1817,33.0,1.0,393.0,GC
2024-11-14 04:05:00+00:00,2564.2,2565.4,2564.2,2565.1,268,33.0,1.0,393.0,GC
2024-11-14 04:10:00+00:00,2565.1,2565.9,2565.1,2565.6,217,33.0,1.0,393.0,GC
2024-11-14 04:15:00+00:00,2565.6,2566.7,2565.1,2566.1,261,33.0,1.0,393.0,GC
2024-11-14 04:20:00+00:00,2566.0,2566.7,2565.8,2566.5,210,33.0,1.0,393.0,GC
2024-11-14 04:25:00+00:00,2566.7,2567.8,2566.7,2567.5,185,33.0,1.0,393.0,GC
2024-11-14 04:30:00+00:00,2567.5,2567.5,2566.8,2567.1,112,33.0,1.0,393.0,GC
2024-11-14 04:35:00+00:00,2567.1,2567.5,2565.4,2566.0,142,33.0,1.0,393.0,GC
2024-11-14 04:40:00+00:00,2565.9,2566.9,2565.0,2566.3,700,33.0,1.0,393.0,GC
2024-11-14 04:45:00+00:00,2566.2,2567.9,2565.8,2567.3,376,33.0,1.0,393.0,GC
2024-11-14 04:50:00+00:00,2567.1,2568.9,2567.1,2568.9,647,33.0,1.0,393.0,GC
2024-11-14 04:55:00+00:00,2568.9,2569.9,2568.8,2569.9,423,33.0,1.0,393.0,GC
2024-11-14 05:00:00+00:00,2569.7,2569.8,2568.3,2568.5,963,33.0,1.0,393.0,GC
2024-11-14 05:05:00+00:00,2568.5,2568.7,2566.7,2567.7,597,33.0,1.0,393.0,GC
2024-11-14 05:10:00+00:00,2567.6,2567.9,2566.7,2567.0,210,33.0,1.0,393.0,GC
2024-11-14 05:15:00+00:00,2566.9,2567.5,2565.6,2565.6,623,33.0,1.0,393.0,GC
2024-11-14 05:20:00+00:00,2565.6,2565.8,2563.9,2564.2,667,33.0,1.0,393.0,GC
2024-11-14 05:25:00+00:00,2564.1,2565.0,2563.7,2564.7,965,33.0,1.0,393.0,GC
2024-11-14 05:30:00+00:00,2564.6,2565.1,2563.7,2564.3,860,33.0,1.0,393.0,GC
2024-11-14 05:35:00+00:00,2564.2,2564.8,2560.0,2561.3,2100,33.0,1.0,393.0,GC
2024-11-14 05:40:00+00:00,2561.4,2561.9,2560.0,2560.9,644,33.0,1.0,393.0,GC
2024-11-14 05:45:00+00:00,2561.0,2562.8,2560.5,2562.5,706,33.0,1.0,393.0,GC
2024-11-14 05:50:00+00:00,2562.6,2563.7,2562.1,2562.5,563,33.0,1.0,393.0,GC
2024-11-14 05:55:00+00:00,2562.6,2563.4,2562.4,2563.2,416,33.0,1.0,393.0,GC
2024-11-14 06:00:00+00:00,2563.2,2565.0,2562.9,2563.9,613,33.0,1.0,393.0,GC
2024-11-14 06:05:00+00:00,2564.1,2564.4,2562.0,2562.7,524,33.0,1.0,393.0,GC
2024-11-14 06:10:00+00:00,2562.9,2563.2,2562.0,2562.5,224,33.0,1.0,393.0,GC
2024-11-14 06:15:00+00:00,2562.4,2563.5,2562.1,2563.2,235,33.0,1.0,393.0,GC
2024-11-14 06:20:00+00:00,2563.3,2563.8,2562.0,2563.4,328,33.0,1.0,393.0,GC
2024-11-14 06:25:00+00:00,2563.1,2563.3,2562.0,2562.3,440,33.0,1.0,393.0,GC
2024-11-14 06:30:00+00:00,2562.1,2562.5,2558.8,2559.6,950,33.0,1.0,393.0,GC
2024-11-14 06:35:00+00:00,2559.5,2559.9,2558.1,2559.3,541,33.0,1.0,393.0,GC
2024-11-14 06:40:00+00:00,2559.1,2560.9,2559.0,2559.6,372,33.0,1.0,393.0,GC
2024-11-14 06:45:00+00:00,2559.7,2559.8,2556.6,2556.7,1289,33.0,1.0,393.0,GC
2024-11-14 06:50:00+00:00,2556.6,2558.2,2556.4,2557.9,867,33.0,1.0,393.0,GC
2024-11-14 06:55:00+00:00,2558.1,2559.9,2558.1,2559.7,642,33.0,1.0,393.0,GC
2024-11-14 07:00:00+00:00,2559.6,2561.5,2558.7,2561.0,921,33.0,1.0,393.0,GC
2024-11-14 07:05:00+00:00,2560.9,2561.1,2558.0,2559.1,1024,33.0,1.0,393.0,GC
2024-11-14 07:10:00+00:00,2558.9,2559.9,2555.1,2555.8,957,33.0,1.0,393.0,GC
2024-11-14 07:15:00+00:00,2555.6,2558.8,2555.1,2558.1,614,33.0,1.0,393.0,GC
2024-11-14 07:20:00+00:00,2558.1,2559.3,2557.7,2557.7,495,33.0,1.0,393.0,GC
2024-11-14 07:25:00+00:00,2557.7,2559.8,2557.6,2559.7,386,33.0,1.0,393.0,GC
2024-11-14 07:30:00+00:00,2559.7,2563.1,2559.0,2562.0,872,33.0,1.0,393.0,GC
2024-11-14 07:35:00+00:00,2562.2,2563.8,2561.4,2562.5,1183,33.0,1.0,393.0,GC
2024-11-14 07:40:00+00:00,2562.7,2563.2,2560.4,2561.0,463,33.0,1.0,393.0,GC
2024-11-14 07:45:00+00:00,2560.9,2562.5,2560.8,2562.0,390,33.0,1.0,393.0,GC
2024-11-14 07:50:00+00:00,2562.1,2563.6,2561.8,2562.6,435,33.0,1.0,393.0,GC
2024-11-14 07:55:00+00:00,2562.7,2562.7,2561.4,2561.9,193,33.0,1.0,393.0,GC
2024-11-14 08:00:00+00:00,2561.8,2561.9,2559.4,2561.4,537,33.0,1.0,393.0,GC
2024-11-14 08:05:00+00:00,2561.5,2563.8,2561.5,2563.7,494,33.0,1.0,393.0,GC
2024-11-14 08:10:00+00:00,2563.6,2565.2,2562.1,2562.1,1026,33.0,1.0,393.0,GC
2024-11-14 08:15:00+00:00,2562.2,2562.9,2560.8,2562.7,543,33.0,1.0,393.0,GC
2024-11-14 08:20:00+00:00,2562.8,2562.9,2559.7,2560.4,389,33.0,1.0,393.0,GC
2024-11-14 08:25:00+00:00,2560.6,2561.8,2560.1,2560.5,453,33.0,1.0,393.0,GC
2024-11-14 08:30:00+00:00,2560.5,2562.8,2560.2,2562.1,518,33.0,1.0,393.0,GC
2024-11-14 08:35:00+00:00,2562.2,2563.8,2561.7,2562.2,422,33.0,1.0,393.0,GC
2024-11-14 08:40:00+00:00,2562.0,2562.7,2560.7,2562.4,455,33.0,1.0,393.0,GC
2024-11-14 08:45:00+00:00,2562.3,2562.7,2559.7,2561.2,625,33.0,1.0,393.0,GC
2024-11-14 08:50:00+00:00,2561.3,2562.1,2560.9,2561.0,342,33.0,1.0,393.0,GC
2024-11-14 08:55:00+00:00,2561.1,2561.6,2559.5,2560.8,558,33.0,1.0,393.0,GC
2024-11-14 09:00:00+00:00,2561.0,2563.3,2560.9,2561.2,738,33.0,1.0,393.0,GC
2024-11-14 09:05:00+00:00,2561.3,2562.2,2557.8,2560.6,1310,33.0,1.0,393.0,GC
2024-11-14 09:10:00+00:00,2560.8,2561.3,2558.9,2559.5,504,33.0,1.0,393.0,GC
2024-11-14 09:15:00+00:00,2559.4,2559.6,2556.3,2556.8,966,33.0,1.0,393.0,GC
2024-11-14 09:20:00+00:00,2556.6,2558.3,2556.3,2557.9,535,33.0,1.0,393.0,GC
2024-11-14 09:25:00+00:00,2557.8,2558.5,2556.2,2556.9,719,33.0,1.0,393.0,GC
2024-11-14 09:30:00+00:00,2556.8,2556.8,2550.9,2551.3,3906,33.0,1.0,393.0,GC
2024-11-14 09:35:00+00:00,2551.2,2551.6,2545.4,2549.1,3530,33.0,1.0,393.0,GC
2024-11-14 09:40:00+00:00,2549.1,2550.2,2547.6,2548.3,1060,33.0,1.0,393.0,GC
2024-11-14 09:45:00+00:00,2548.3,2549.1,2546.3,2547.1,923,33.0,1.0,393.0,GC
2024-11-14 09:50:00+00:00,2547.0,2547.3,2541.5,2546.3,2372,33.0,1.0,393.0,GC
2024-11-14 09:55:00+00:00,2546.2,2549.3,2546.2,2548.3,968,33.0,1.0,393.0,GC
2024-11-14 10:00:00+00:00,2548.2,2548.4,2543.8,2544.5,1069,33.0,1.0,393.0,GC
2024-11-14 10:05:00+00:00,2544.4,2546.6,2544.4,2546.4,739,33.0,1.0,393.0,GC
2024-11-14 10:10:00+00:00,2546.4,2549.4,2546.0,2549.3,772,33.0,1.0,393.0,GC
2024-11-14 10:15:00+00:00,2549.2,2549.7,2546.9,2547.7,856,33.0,1.0,393.0,GC
2024-11-14 10:20:00+00:00,2547.8,2547.9,2545.3,2545.8,870,33.0,1.0,393.0,GC
2024-11-14 10:25:00+00:00,2545.9,2550.5,2545.5,2550.3,1007,33.0,1.0,393.0,GC
2024-11-14 10:30:00+00:00,2550.2,2552.9,2550.2,2552.2,1674,33.0,1.0,393.0,GC
2024-11-14 10:35:00+00:00,2552.1,2552.3,2549.5,2550.3,690,33.0,1.0,393.0,GC
2024-11-14 10:40:00+00:00,2550.4,2550.6,2548.0,2549.6,1086,33.0,1.0,393.0,GC
2024-11-14 10:45:00+00:00,2549.7,2552.0,2549.6,2550.3,647,33.0,1.0,393.0,GC
2024-11-14 10:50:00+00:00,2550.3,2551.4,2548.9,2550.7,694,33.0,1.0,393.0,GC
2024-11-14 10:55:00+00:00,2550.8,2552.4,2550.6,2552.0,577,33.0,1.0,393.0,GC
2024-11-14 11:00:00+00:00,2551.9,2553.0,2550.4,2550.8,607,33.0,1.0,393.0,GC
2024-11-14 11:05:00+00:00,2550.8,2552.0,2550.0,2552.0,501,33.0,1.0,393.0,GC
2024-11-14 11:10:00+00:00,2552.0,2553.4,2550.4,2552.4,620,33.0,1.0,393.0,GC
2024-11-14 11:15:00+00:00,2552.3,2553.1,2550.9,2551.3,357,33.0,1.0,393.0,GC
2024-11-14 11:20:00+00:00,2551.4,2551.9,2550.0,2551.2,843,33.0,1.0,393.0,GC
2024-11-14 11:25:00+00:00,2551.1,2551.7,2550.0,2550.7,521,33.0,1.0,393.0,GC
2024-11-14 11:30:00+00:00,2550.8,2553.3,2550.7,2552.6,679,33.0,1.0,393.0,GC
2024-11-14 11:35:00+00:00,2552.7,2557.1,2552.7,2556.4,1527,33.0,1.0,393.0,GC
2024-11-14 11:40:00+00:00,2556.2,2557.2,2554.2,2557.1,885,33.0,1.0,393.0,GC
2024-11-14 11:45:00+00:00,2557.2,2559.9,2556.8,2558.2,1362,33.0,1.0,393.0,GC
2024-11-14 11:50:00+00:00,2558.1,2558.8,2556.8,2557.7,769,33.0,1.0,393.0,GC
2024-11-14 11:55:00+00:00,2557.7,2559.6,2556.8,2558.7,732,33.0,1.0,393.0,GC
2024-11-14 12:00:00+00:00,2558.9,2560.3,2557.8,2559.4,1029,33.0,1.0,393.0,GC
2024-11-14 12:05:00+00:00,2559.0,2559.9,2557.8,2558.2,614,33.0,1.0,393.0,GC
2024-11-14 12:10:00+00:00,2558.4,2559.6,2557.2,2559.5,669,33.0,1.0,393.0,GC
2024-11-14 12:15:00+00:00,2559.5,2560.6,2558.5,2560.3,1048,33.0,1.0,393.0,GC
2024-11-14 12:20:00+00:00,2560.3,2560.8,2559.6,2560.5,509,33.0,1.0,393.0,GC
2024-11-14 12:25:00+00:00,2560.6,2562.1,2559.6,2561.2,1094,33.0,1.0,393.0,GC
2024-11-14 12:30:00+00:00,2561.1,2561.7,2559.6,2560.3,800,33.0,1.0,393.0,GC
2024-11-14 12:35:00+00:00,2560.4,2560.9,2558.2,2558.6,784,33.0,1.0,393.0,GC
2024-11-14 12:40:00+00:00,2558.7,2559.4,2558.5,2558.8,394,33.0,1.0,393.0,GC
2024-11-14 12:45:00+00:00,2558.7,2559.2,2555.9,2556.0,1050,33.0,1.0,393.0,GC
2024-11-14 12:50:00+00:00,2556.0,2558.2,2555.1,2558.2,1001,33.0,1.0,393.0,GC
2024-11-14 12:55:00+00:00,2558.3,2558.5,2556.5,2557.2,494,33.0,1.0,393.0,GC
2024-11-14 13:00:00+00:00,2557.1,2558.3,2556.1,2557.4,994,33.0,1.0,393.0,GC
2024-11-14 13:05:00+00:00,2557.5,2559.3,2556.5,2559.2,629,33.0,1.0,393.0,GC
2024-11-14 13:10:00+00:00,2559.3,2560.8,2558.5,2560.0,935,33.0,1.0,393.0,GC
2024-11-14 13:15:00+00:00,2560.0,2561.4,2559.0,2561.3,937,33.0,1.0,393.0,GC
2024-11-14 13:20:00+00:00,2561.3,2562.0,2558.8,2559.6,1521,33.0,1.0,393.0,GC
2024-11-14 13:25:00+00:00,2559.7,2561.4,2558.3,2560.4,904,33.0,1.0,393.0,GC
2024-11-14 13:30:00+00:00,2560.4,2561.6,2556.5,2560.9,2568,33.0,1.0,393.0,GC
2024-11-14 13:35:00+00:00,2561.0,2563.8,2558.4,2562.5,2690,33.0,1.0,393.0,GC
2024-11-14 13:40:00+00:00,2562.5,2565.3,2561.8,2563.1,1730,33.0,1.0,393.0,GC
2024-11-14 13:45:00+00:00,2563.1,2564.9,2561.3,2561.8,1688,33.0,1.0,393.0,GC
2024-11-14 13:50:00+00:00,2561.8,2564.4,2560.6,2563.9,1366,33.0,1.0,393.0,GC
2024-11-14 13:55:00+00:00,2563.8,2563.8,2561.2,2562.1,804,33.0,1.0,393.0,GC
2024-11-14 14:00:00+00:00,2562.0,2563.8,2560.6,2561.0,910,33.0,1.0,393.0,GC
2024-11-14 14:05:00+00:00,2561.0,2563.7,2559.2,2561.2,1450,33.0,1.0,393.0,GC
2024-11-14 14:10:00+00:00,2561.2,2562.8,2559.9,2562.8,734,33.0,1.0,393.0,GC
2024-11-14 14:15:00+00:00,2562.8,2567.3,2562.3,2566.8,1830,33.0,1.0,393.0,GC
2024-11-14 14:20:00+00:00,2566.7,2567.2,2564.2,2566.9,1554,33.0,1.0,393.0,GC
2024-11-14 14:25:00+00:00,2566.9,2569.2,2566.7,2568.2,1627,33.0,1.0,393.0,GC
2024-11-14 14:30:00+00:00,2568.3,2569.7,2565.8,2567.6,2338,33.0,1.0,393.0,GC
2024-11-14 14:35:00+00:00,2567.4,2571.1,2567.0,2569.0,3660,33.0,1.0,393.0,GC
2024-11-14 14:40:00+00:00,2569.0,2570.2,2565.6,2566.7,2255,33.0,1.0,393.0,GC
2024-11-14 14:45:00+00:00,2566.7,2567.8,2564.4,2566.6,1537,33.0,1.0,393.0,GC
2024-11-14 14:50:00+00:00,2566.6,2568.5,2562.8,2562.9,1864,33.0,1.0,393.0,GC
2024-11-14 14:55:00+00:00,2562.9,2566.4,2562.7,2564.6,1471,33.0,1.0,393.0,GC
2024-11-14 15:00:00+00:00,2564.6,2567.5,2563.5,2567.5,1945,33.0,1.0,393.0,GC
2024-11-14 15:05:00+00:00,2567.5,2572.7,2567.5,2571.9,2365,33.0,1.0,393.0,GC
2024-11-14 15:10:00+00:00,2571.9,2574.0,2570.7,2571.8,2320,33.0,1.0,393.0,GC
2024-11-14 15:15:00+00:00,2571.6,2572.8,2569.4,2572.6,1378,33.0,1.0,393.0,GC
2024-11-14 15:20:00+00:00,2572.7,2575.4,2572.7,2575.3,2213,33.0,1.0,393.0,GC
2024-11-14 15:25:00+00:00,2575.3,2578.0,2574.9,2575.7,3000,33.0,1.0,393.0,GC
2024-11-14 15:30:00+00:00,2575.6,2578.2,2575.5,2577.1,1788,33.0,1.0,393.0,GC
2024-11-14 15:35:00+00:00,2577.0,2577.0,2572.8,2573.4,1510,33.0,1.0,393.0,GC
2024-11-14 15:40:00+00:00,2573.5,2573.5,2570.8,2572.4,1460,33.0,1.0,393.0,GC
2024-11-14 15:45:00+00:00,2572.2,2575.2,2571.7,2574.5,930,33.0,1.0,393.0,GC
2024-11-14 15:50:00+00:00,2574.5,2575.3,2573.6,2573.7,657,33.0,1.0,393.0,GC
2024-11-14 15:55:00+00:00,2573.7,2575.8,2573.6,2575.4,1123,33.0,1.0,393.0,GC
2024-11-14 16:00:00+00:00,2575.6,2577.2,2574.4,2575.4,1345,33.0,1.0,393.0,GC
2024-11-14 16:05:00+00:00,2575.4,2577.4,2575.1,2577.0,814,33.0,1.0,393.0,GC
2024-11-14 16:10:00+00:00,2577.0,2578.1,2576.5,2577.0,1240,33.0,1.0,393.0,GC
2024-11-14 16:15:00+00:00,2576.8,2580.2,2576.5,2579.4,2060,33.0,1.0,393.0,GC
2024-11-14 16:20:00+00:00,2579.5,2581.4,2579.1,2581.3,1703,33.0,1.0,393.0,GC
2024-11-14 16:25:00+00:00,2581.4,2582.0,2579.5,2580.9,1151,33.0,1.0,393.0,GC
2024-11-14 16:30:00+00:00,2581.1,2582.7,2580.6,2582.3,1306,33.0,1.0,393.0,GC
2024-11-14 16:35:00+00:00,2582.2,2582.6,2580.3,2581.6,930,33.0,1.0,393.0,GC
2024-11-14 16:40:00+00:00,2581.6,2581.6,2579.0,2579.9,647,33.0,1.0,393.0,GC
2024-11-14 16:45:00+00:00,2579.6,2580.5,2578.3,2578.5,674,33.0,1.0,393.0,GC
2024-11-14 16:50:00+00:00,2578.4,2580.0,2578.4,2578.9,470,33.0,1.0,393.0,GC
2024-11-14 16:55:00+00:00,2578.9,2579.3,2576.8,2579.1,1253,33.0,1.0,393.0,GC
2024-11-14 17:00:00+00:00,2579.2,2581.0,2579.1,2579.2,614,33.0,1.0,393.0,GC
2024-11-14 17:05:00+00:00,2579.2,2580.3,2578.8,2580.2,459,33.0,1.0,393.0,GC
2024-11-14 17:10:00+00:00,2580.1,2580.1,2577.1,2577.4,386,33.0,1.0,393.0,GC
2024-11-14 17:15:00+00:00,2577.3,2577.3,2575.5,2576.2,865,33.0,1.0,393.0,GC
2024-11-14 17:20:00+00:00,2576.3,2576.3,2573.6,2574.0,849,33.0,1.0,393.0,GC
2024-11-14 17:25:00+00:00,2573.9,2574.9,2573.4,2573.8,685,33.0,1.0,393.0,GC
2024-11-14 17:30:00+00:00,2573.7,2575.4,2573.5,2575.4,702,33.0,1.0,393.0,GC
2024-11-14 17:35:00+00:00,2575.4,2575.9,2574.3,2575.0,398,33.0,1.0,393.0,GC
2024-11-14 17:40:00+00:00,2574.9,2575.6,2573.2,2573.4,725,33.0,1.0,393.0,GC
2024-11-14 17:45:00+00:00,2573.4,2575.0,2572.4,2572.9,987,33.0,1.0,393.0,GC
2024-11-14 17:50:00+00:00,2573.0,2577.0,2572.6,2576.8,989,33.0,1.0,393.0,GC
2024-11-14 17:55:00+00:00,2576.8,2578.6,2576.6,2578.3,761,33.0,1.0,393.0,GC
2024-11-14 18:00:00+00:00,2578.3,2578.7,2576.8,2577.8,436,33.0,1.0,393.0,GC
2024-11-14 18:05:00+00:00,2577.8,2578.6,2576.6,2576.7,291,33.0,1.0,393.0,GC
2024-11-14 18:10:00+00:00,2576.7,2576.9,2575.2,2575.9,547,33.0,1.0,393.0,GC
2024-11-14 18:15:00+00:00,2576.1,2576.7,2574.9,2575.1,501,33.0,1.0,393.0,GC
2024-11-14 18:20:00+00:00,2575.0,2575.0,2572.7,2572.8,786,33.0,1.0,393.0,GC
2024-11-14 18:25:00+00:00,2572.8,2573.4,2572.4,2573.0,1405,33.0,1.0,393.0,GC
2024-11-14 18:30:00+00:00,2573.1,2575.5,2573.0,2574.8,574,33.0,1.0,393.0,GC
2024-11-14 18:35:00+00:00,2575.0,2575.3,2574.2,2574.6,426,33.0,1.0,393.0,GC
2024-11-14 18:40:00+00:00,2574.7,2576.3,2574.7,2575.8,294,33.0,1.0,393.0,GC
2024-11-14 18:45:00+00:00,2575.7,2576.2,2574.3,2574.5,296,33.0,1.0,393.0,GC
2024-11-14 18:50:00+00:00,2574.6,2576.2,2574.6,2575.9,244,33.0,1.0,393.0,GC
2024-11-14 18:55:00+00:00,2575.9,2576.3,2574.9,2575.0,384,33.0,1.0,393.0,GC
2024-11-14 19:00:00+00:00,2575.0,2577.6,2575.0,2577.3,306,33.0,1.0,393.0,GC
2024-11-14 19:05:00+00:00,2577.3,2578.9,2577.3,2578.8,504,33.0,1.0,393.0,GC
2024-11-14 19:10:00+00:00,2578.9,2579.9,2578.6,2579.0,504,33.0,1.0,393.0,GC
2024-11-14 19:15:00+00:00,2579.2,2581.1,2579.2,2580.2,594,33.0,1.0,393.0,GC
2024-11-14 19:20:00+00:00,2580.3,2580.8,2579.5,2579.8,309,33.0,1.0,393.0,GC
2024-11-14 19:25:00+00:00,2579.9,2580.4,2579.4,2580.0,183,33.0,1.0,393.0,GC
2024-11-14 19:30:00+00:00,2580.0,2581.2,2579.5,2580.7,233,33.0,1.0,393.0,GC
2024-11-14 19:35:00+00:00,2580.6,2581.4,2579.7,2581.0,295,33.0,1.0,393.0,GC
2024-11-14 19:40:00+00:00,2581.0,2581.4,2580.1,2581.3,181,33.0,1.0,393.0,GC
2024-11-14 19:45:00+00:00,2581.3,2581.5,2580.4,2581.5,274,33.0,1.0,393.0,GC
2024-11-14 19:50:00+00:00,2581.3,2582.2,2581.2,2581.6,327,33.0,1.0,393.0,GC
2024-11-14 19:55:00+00:00,2581.7,2582.3,2580.9,2581.4,519,33.0,1.0,393.0,GC
2024-11-14 20:00:00+00:00,2581.4,2582.0,2574.2,2574.7,2587,33.0,1.0,393.0,GC
2024-11-14 20:05:00+00:00,2574.9,2575.1,2569.5,2570.1,1635,33.0,1.0,393.0,GC
2024-11-14 20:10:00+00:00,2570.3,2573.4,2569.0,2571.4,1145,33.0,1.0,393.0,GC
2024-11-14 20:15:00+00:00,2571.5,2575.1,2571.4,2573.9,977,33.0,1.0,393.0,GC
2024-11-14 20:20:00+00:00,2574.0,2575.0,2572.8,2574.4,614,33.0,1.0,393.0,GC
2024-11-14 20:25:00+00:00,2574.5,2578.6,2574.2,2577.8,1087,33.0,1.0,393.0,GC
2024-11-14 20:30:00+00:00,2578.0,2579.6,2573.1,2573.5,879,33.0,1.0,393.0,GC
2024-11-14 20:35:00+00:00,2573.4,2574.0,2572.3,2573.4,586,33.0,1.0,393.0,GC
2024-11-14 20:40:00+00:00,2573.5,2576.1,2573.1,2573.7,542,33.0,1.0,393.0,GC
2024-11-14 20:45:00+00:00,2573.8,2573.8,2571.8,2573.1,402,33.0,1.0,393.0,GC
2024-11-14 20:50:00+00:00,2573.0,2573.7,2570.3,2570.6,598,33.0,1.0,393.0,GC
2024-11-14 20:55:00+00:00,2570.8,2573.1,2570.5,2572.5,778,33.0,1.0,393.0,GC
2024-11-14 21:00:00+00:00,2572.6,2574.8,2572.5,2574.7,266,33.0,1.0,393.0,GC
2024-11-14 21:05:00+00:00,2574.6,2574.9,2573.3,2573.4,237,33.0,1.0,393.0,GC
2024-11-14 21:10:00+00:00,2573.5,2573.8,2572.9,2573.5,173,33.0,1.0,393.0,GC
2024-11-14 21:15:00+00:00,2573.6,2574.5,2573.4,2573.6,110,33.0,1.0,393.0,GC
2024-11-14 21:20:00+00:00,2573.7,2573.7,2572.0,2572.0,169,33.0,1.0,393.0,GC
2024-11-14 21:25:00+00:00,2572.0,2572.0,2570.6,2570.6,280,33.0,1.0,393.0,GC
2024-11-14 21:30:00+00:00,2570.6,2571.0,2569.9,2570.0,317,33.0,1.0,393.0,GC
2024-11-14 21:35:00+00:00,2569.9,2570.9,2569.4,2569.9,224,33.0,1.0,393.0,GC
2024-11-14 21:40:00+00:00,2569.9,2571.5,2569.9,2571.3,156,33.0,1.0,393.0,GC
2024-11-14 21:45:00+00:00,2571.3,2571.8,2571.3,2571.6,143,33.0,1.0,393.0,GC
2024-11-14 21:50:00+00:00,2571.6,2571.8,2570.5,2570.9,205,33.0,1.0,393.0,GC
2024-11-14 21:55:00+00:00,2570.9,2570.9,2569.8,2570.6,333,33.0,1.0,393.0,GC
2024-11-14 23:00:00+00:00,2570.4,2571.6,2569.9,2571.6,256,33.0,1.0,393.0,GC
2024-11-14 23:05:00+00:00,2571.4,2571.8,2571.0,2571.3,128,33.0,1.0,393.0,GC
2024-11-14 23:10:00+00:00,2571.4,2571.4,2570.8,2570.9,166,33.0,1.0,393.0,GC
2024-11-14 23:15:00+00:00,2570.9,2571.3,2570.8,2571.2,205,33.0,1.0,393.0,GC
2024-11-14 23:20:00+00:00,2571.1,2571.4,2571.0,2571.1,81,33.0,1.0,393.0,GC
2024-11-14 23:25:00+00:00,2571.2,2571.2,2570.8,2571.1,34,33.0,1.0,393.0,GC
2024-11-14 23:30:00+00:00,2571.2,2571.6,2571.1,2571.5,97,33.0,1.0,393.0,GC
2024-11-14 23:35:00+00:00,2571.6,2572.0,2571.4,2571.8,70,33.0,1.0,393.0,GC
2024-11-14 23:40:00+00:00,2571.7,2571.9,2571.2,2571.5,74,33.0,1.0,393.0,GC
2024-11-14 23:45:00+00:00,2571.6,2571.9,2571.3,2571.8,66,33.0,1.0,393.0,GC
2024-11-14 23:50:00+00:00,2571.7,2572.0,2571.1,2571.4,129,33.0,1.0,393.0,GC
2024-11-14 23:55:00+00:00,2571.4,2572.3,2571.1,2571.8,113,33.0,1.0,393.0,GC
2024-11-15 00:00:00+00:00,2571.9,2571.9,2571.2,2571.6,126,33.0,1.0,393.0,GC
2024-11-15 00:05:00+00:00,2571.5,2571.9,2571.3,2571.5,98,33.0,1.0,393.0,GC
2024-11-15 00:10:00+00:00,2571.7,2571.9,2571.4,2571.9,112,33.0,1.0,393.0,GC
2024-11-15 00:15:00+00:00,2572.0,2572.2,2571.6,2571.9,140,33.0,1.0,393.0,GC
2024-11-15 00:20:00+00:00,2572.1,2572.5,2571.5,2572.0,149,33.0,1.0,393.0,GC
2024-11-15 00:25:00+00:00,2571.9,2571.9,2570.8,2571.4,283,33.0,1.0,393.0,GC
2024-11-15 00:30:00+00:00,2571.4,2572.4,2571.2,2572.3,158,33.0,1.0,393.0,GC
2024-11-15 00:35:00+00:00,2572.3,2572.4,2571.2,2571.8,256,33.0,1.0,393.0,GC
2024-11-15 00:40:00+00:00,2571.7,2571.8,2570.8,2571.2,469,33.0,1.0,393.0,GC
2024-11-15 00:45:00+00:00,2571.4,2571.7,2571.1,2571.3,85,33.0,1.0,393.0,GC
2024-11-15 00:50:00+00:00,2571.2,2572.0,2571.2,2571.9,94,33.0,1.0,393.0,GC
2024-11-15 00:55:00+00:00,2572.0,2572.3,2571.5,2571.6,197,33.0,1.0,393.0,GC
2024-11-15 01:00:00+00:00,2571.6,2573.6,2570.9,2573.5,461,33.0,1.0,393.0,GC
2024-11-15 01:05:00+00:00,2573.5,2576.5,2573.3,2575.4,659,33.0,1.0,393.0,GC
2024-11-15 01:10:00+00:00,2575.4,2576.2,2574.6,2574.7,524,33.0,1.0,393.0,GC
2024-11-15 01:15:00+00:00,2574.7,2575.5,2574.1,2574.4,215,33.0,1.0,393.0,GC
2024-11-15 01:20:00+00:00,2574.3,2574.8,2572.8,2574.8,393,33.0,1.0,393.0,GC
2024-11-15 01:25:00+00:00,2574.7,2575.2,2573.4,2573.9,218,33.0,1.0,393.0,GC
2024-11-15 01:30:00+00:00,2573.9,2574.1,2570.8,2570.8,407,33.0,1.0,393.0,GC
2024-11-15 01:35:00+00:00,2570.9,2572.0,2570.8,2571.1,290,33.0,1.0,393.0,GC
2024-11-15 01:40:00+00:00,2571.5,2571.9,2568.6,2569.4,615,33.0,1.0,393.0,GC
2024-11-15 01:45:00+00:00,2569.4,2570.4,2567.6,2568.2,709,33.0,1.0,393.0,GC
2024-11-15 01:50:00+00:00,2568.2,2569.5,2568.0,2569.3,174,33.0,1.0,393.0,GC
2024-11-15 01:55:00+00:00,2569.2,2570.9,2568.9,2569.6,279,33.0,1.0,393.0,GC
2024-11-15 02:00:00+00:00,2569.7,2571.7,2569.7,2570.8,259,33.0,1.0,393.0,GC
2024-11-15 02:05:00+00:00,2571.0,2573.7,2570.5,2573.4,397,33.0,1.0,393.0,GC
2024-11-15 02:10:00+00:00,2573.3,2573.3,2572.3,2572.9,142,33.0,1.0,393.0,GC
2024-11-15 02:15:00+00:00,2573.0,2573.8,2572.1,2572.1,251,33.0,1.0,393.0,GC
2024-11-15 02:20:00+00:00,2572.1,2573.3,2571.7,2573.3,116,33.0,1.0,393.0,GC
2024-11-15 02:25:00+00:00,2573.3,2574.7,2573.2,2573.7,353,33.0,1.0,393.0,GC
2024-11-15 02:30:00+00:00,2573.8,2574.1,2571.9,2572.8,192,33.0,1.0,393.0,GC
2024-11-15 02:35:00+00:00,2573.0,2573.0,2571.7,2572.5,136,33.0,1.0,393.0,GC
2024-11-15 02:40:00+00:00,2572.5,2573.5,2571.9,2572.3,155,33.0,1.0,393.0,GC
2024-11-15 02:45:00+00:00,2572.2,2575.0,2572.0,2574.3,284,33.0,1.0,393.0,GC
2024-11-15 02:50:00+00:00,2574.4,2575.8,2574.4,2575.1,206,33.0,1.0,393.0,GC
2024-11-15 02:55:00+00:00,2575.0,2575.5,2574.4,2574.9,193,33.0,1.0,393.0,GC
2024-11-15 03:00:00+00:00,2575.0,2575.3,2574.0,2574.4,160,33.0,1.0,393.0,GC
2024-11-15 03:05:00+00:00,2574.3,2575.6,2574.0,2575.0,224,33.0,1.0,393.0,GC
2024-11-15 03:10:00+00:00,2575.1,2576.1,2573.8,2573.9,254,33.0,1.0,393.0,GC
2024-11-15 03:15:00+00:00,2573.8,2574.3,2573.4,2573.5,104,33.0,1.0,393.0,GC
2024-11-15 03:20:00+00:00,2573.5,2574.0,2572.6,2574.0,149,33.0,1.0,393.0,GC
2024-11-15 03:25:00+00:00,2573.7,2574.2,2573.5,2573.5,86,33.0,1.0,393.0,GC
2024-11-15 03:30:00+00:00,2573.3,2573.6,2572.5,2573.5,137,33.0,1.0,393.0,GC
2024-11-15 03:35:00+00:00,2573.6,2574.0,2573.3,2573.8,75,33.0,1.0,393.0,GC
2024-11-15 03:40:00+00:00,2573.8,2574.0,2573.0,2573.4,123,33.0,1.0,393.0,GC
2024-11-15 03:45:00+00:00,2573.4,2574.9,2573.4,2574.6,139,33.0,1.0,393.0,GC
2024-11-15 03:50:00+00:00,2574.7,2575.0,2573.5,2573.9,115,33.0,1.0,393.0,GC
2024-11-15 03:55:00+00:00,2573.7,2573.9,2572.4,2572.5,209,33.0,1.0,393.0,GC
2024-11-15 04:00:00+00:00,2572.4,2572.7,2572.1,2572.5,136,33.0,1.0,393.0,GC
2024-11-15 04:05:00+00:00,2572.6,2572.6,2572.2,2572.5,57,33.0,1.0,393.0,GC
2024-11-15 04:10:00+00:00,2572.6,2573.4,2572.6,2573.1,64,33.0,1.0,393.0,GC
2024-11-15 04:15:00+00:00,2573.1,2573.2,2572.2,2572.9,67,33.0,1.0,393.0,GC
2024-11-15 04:20:00+00:00,2572.9,2573.2,2572.7,2572.7,44,33.0,1.0,393.0,GC
2024-11-15 04:25:00+00:00,2572.7,2573.1,2572.6,2573.1,38,33.0,1.0,393.0,GC
2024-11-15 04:30:00+00:00,2573.0,2573.8,2573.0,2573.3,76,33.0,1.0,393.0,GC
2024-11-15 04:35:00+00:00,2573.2,2574.3,2573.2,2573.9,95,33.0,1.0,393.0,GC
2024-11-15 04:40:00+00:00,2574.1,2574.3,2573.8,2574.0,63,33.0,1.0,393.0,GC
2024-11-15 04:45:00+00:00,2573.7,2573.8,2572.8,2572.8,75,33.0,1.0,393.0,GC
2024-11-15 04:50:00+00:00,2572.9,2572.9,2571.7,2571.9,121,33.0,1.0,393.0,GC
2024-11-15 04:55:00+00:00,2572.0,2572.3,2571.6,2571.7,87,33.0,1.0,393.0,GC
2024-11-15 05:00:00+00:00,2571.8,2571.8,2570.1,2571.2,222,33.0,1.0,393.0,GC
2024-11-15 05:05:00+00:00,2571.2,2571.9,2570.6,2571.2,133,33.0,1.0,393.0,GC
2024-11-15 05:10:00+00:00,2571.2,2571.7,2570.5,2571.7,131,33.0,1.0,393.0,GC
2024-11-15 05:15:00+00:00,2571.6,2571.7,2570.9,2571.6,83,33.0,1.0,393.0,GC
2024-11-15 05:20:00+00:00,2571.5,2571.5,2570.2,2570.2,124,33.0,1.0,393.0,GC
2024-11-15 05:25:00+00:00,2570.4,2571.2,2570.3,2570.5,82,33.0,1.0,393.0,GC
2024-11-15 05:30:00+00:00,2570.6,2570.8,2568.8,2569.6,420,33.0,1.0,393.0,GC
2024-11-15 05:35:00+00:00,2569.4,2570.3,2569.3,2569.9,183,33.0,1.0,393.0,GC
2024-11-15 05:40:00+00:00,2570.0,2570.3,2569.5,2569.9,207,33.0,1.0,393.0,GC
2024-11-15 05:45:00+00:00,2569.9,2569.9,2568.0,2568.4,390,33.0,1.0,393.0,GC
2024-11-15 05:50:00+00:00,2568.5,2568.5,2566.6,2567.4,792,33.0,1.0,393.0,GC
2024-11-15 05:55:00+00:00,2567.1,2567.6,2564.2,2564.4,985,33.0,1.0,393.0,GC
2024-11-15 06:00:00+00:00,2564.3,2565.5,2564.0,2565.3,401,33.0,1.0,393.0,GC
2024-11-15 06:05:00+00:00,2565.2,2566.4,2561.6,2561.9,983,33.0,1.0,393.0,GC
2024-11-15 06:10:00+00:00,2561.7,2562.8,2560.5,2562.1,926,33.0,1.0,393.0,GC
2024-11-15 06:15:00+00:00,2562.2,2562.4,2559.5,2559.6,462,33.0,1.0,393.0,GC
2024-11-15 06:20:00+00:00,2559.7,2561.4,2558.9,2560.9,548,33.0,1.0,393.0,GC
2024-11-15 06:25:00+00:00,2560.7,2562.8,2560.6,2562.7,318,33.0,1.0,393.0,GC
2024-11-15 06:30:00+00:00,2562.8,2564.7,2562.4,2563.6,539,33.0,1.0,393.0,GC
2024-11-15 06:35:00+00:00,2563.6,2565.5,2562.6,2565.2,309,33.0,1.0,393.0,GC
2024-11-15 06:40:00+00:00,2565.1,2566.2,2564.7,2565.8,379,33.0,1.0,393.0,GC
2024-11-15 06:45:00+00:00,2565.6,2568.0,2565.5,2567.6,341,33.0,1.0,393.0,GC
2024-11-15 06:50:00+00:00,2567.7,2568.1,2566.8,2567.2,247,33.0,1.0,393.0,GC
2024-11-15 06:55:00+00:00,2567.3,2567.3,2565.4,2565.8,299,33.0,1.0,393.0,GC
2024-11-15 07:00:00+00:00,2565.9,2566.3,2564.5,2565.3,416,33.0,1.0,393.0,GC
2024-11-15 07:05:00+00:00,2565.4,2565.8,2563.7,2565.3,367,33.0,1.0,393.0,GC
2024-11-15 07:10:00+00:00,2565.3,2566.7,2565.3,2566.5,244,33.0,1.0,393.0,GC
2024-11-15 07:15:00+00:00,2566.5,2568.8,2565.7,2567.8,335,33.0,1.0,393.0,GC
2024-11-15 07:20:00+00:00,2567.7,2567.9,2566.5,2567.1,392,33.0,1.0,393.0,GC
2024-11-15 07:25:00+00:00,2567.0,2567.7,2565.9,2566.4,245,33.0,1.0,393.0,GC
2024-11-15 07:30:00+00:00,2566.3,2567.7,2565.8,2567.4,204,33.0,1.0,393.0,GC
2024-11-15 07:35:00+00:00,2567.5,2568.6,2567.1,2567.5,290,33.0,1.0,393.0,GC
2024-11-15 07:40:00+00:00,2567.2,2568.1,2566.5,2567.8,149,33.0,1.0,393.0,GC
2024-11-15 07:45:00+00:00,2567.6,2568.1,2566.6,2567.1,130,33.0,1.0,393.0,GC
2024-11-15 07:50:00+00:00,2566.9,2568.7,2566.4,2568.5,143,33.0,1.0,393.0,GC
2024-11-15 07:55:00+00:00,2568.4,2569.3,2568.1,2568.2,251,33.0,1.0,393.0,GC
2024-11-15 08:00:00+00:00,2568.1,2571.6,2568.0,2571.0,884,33.0,1.0,393.0,GC
2024-11-15 08:05:00+00:00,2571.0,2571.2,2569.7,2570.1,469,33.0,1.0,393.0,GC
2024-11-15 08:10:00+00:00,2570.3,2570.8,2569.5,2569.9,284,33.0,1.0,393.0,GC
2024-11-15 08:15:00+00:00,2569.9,2570.0,2568.3,2568.4,267,33.0,1.0,393.0,GC
2024-11-15 08:20:00+00:00,2568.3,2568.3,2567.2,2567.4,389,33.0,1.0,393.0,GC
2024-11-15 08:25:00+00:00,2567.3,2567.8,2565.1,2567.8,659,33.0,1.0,393.0,GC
2024-11-15 08:30:00+00:00,2567.6,2568.7,2566.5,2568.7,443,33.0,1.0,393.0,GC
2024-11-15 08:35:00+00:00,2568.6,2570.3,2568.4,2569.8,335,33.0,1.0,393.0,GC
2024-11-15 08:40:00+00:00,2569.7,2572.6,2569.3,2572.3,767,33.0,1.0,393.0,GC
2024-11-15 08:45:00+00:00,2572.5,2573.9,2571.4,2572.4,869,33.0,1.0,393.0,GC
2024-11-15 08:50:00+00:00,2572.4,2572.7,2570.7,2571.2,417,33.0,1.0,393.0,GC
2024-11-15 08:55:00+00:00,2571.1,2572.6,2570.7,2571.4,348,33.0,1.0,393.0,GC
2024-11-15 09:00:00+00:00,2571.5,2571.9,2570.3,2571.5,394,33.0,1.0,393.0,GC
2024-11-15 09:05:00+00:00,2571.5,2572.4,2571.1,2571.4,304,33.0,1.0,393.0,GC
2024-11-15 09:10:00+00:00,2571.5,2573.0,2571.4,2572.5,332,33.0,1.0,393.0,GC
2024-11-15 09:15:00+00:00,2572.4,2573.7,2571.3,2571.3,418,33.0,1.0,393.0,GC
2024-11-15 09:20:00+00:00,2571.3,2571.4,2569.0,2569.4,336,33.0,1.0,393.0,GC
2024-11-15 09:25:00+00:00,2569.5,2571.2,2568.5,2570.6,363,33.0,1.0,393.0,GC
2024-11-15 09:30:00+00:00,2570.7,2571.3,2569.7,2570.6,198,33.0,1.0,393.0,GC
2024-11-15 09:35:00+00:00,2570.1,2572.5,2569.9,2571.8,333,33.0,1.0,393.0,GC
2024-11-15 09:40:00+00:00,2571.8,2572.5,2570.6,2570.6,283,33.0,1.0,393.0,GC
2024-11-15 09:45:00+00:00,2570.7,2571.7,2569.8,2571.4,227,33.0,1.0,393.0,GC
2024-11-15 09:50:00+00:00,2571.2,2571.4,2569.5,2570.3,219,33.0,1.0,393.0,GC
2024-11-15 09:55:00+00:00,2570.1,2570.4,2568.5,2568.5,187,33.0,1.0,393.0,GC
2024-11-15 10:00:00+00:00,2568.5,2569.1,2567.5,2568.4,424,33.0,1.0,393.0,GC
2024-11-15 10:05:00+00:00,2568.5,2569.5,2568.3,2569.1,191,33.0,1.0,393.0,GC
2024-11-15 10:10:00+00:00,2569.0,2569.4,2567.7,2568.8,284,33.0,1.0,393.0,GC
2024-11-15 10:15:00+00:00,2569.0,2570.8,2568.8,2569.6,300,33.0,1.0,393.0,GC
2024-11-15 10:20:00+00:00,2569.6,2572.5,2569.6,2571.9,472,33.0,1.0,393.0,GC
2024-11-15 10:25:00+00:00,2571.7,2574.5,2571.5,2573.9,583,33.0,1.0,393.0,GC
2024-11-15 10:30:00+00:00,2574.0,2574.1,2571.6,2572.6,1152,33.0,1.0,393.0,GC
2024-11-15 10:35:00+00:00,2572.5,2574.8,2571.6,2574.5,565,33.0,1.0,393.0,GC
2024-11-15 10:40:00+00:00,2574.5,2574.9,2573.2,2574.0,366,33.0,1.0,393.0,GC
2024-11-15 10:45:00+00:00,2574.2,2574.7,2572.3,2574.5,455,33.0,1.0,393.0,GC
2024-11-15 10:50:00+00:00,2574.4,2575.3,2572.5,2572.6,535,33.0,1.0,393.0,GC
2024-11-15 10:55:00+00:00,2572.5,2573.8,2572.1,2572.6,283,33.0,1.0,393.0,GC
2024-11-15 11:00:00+00:00,2572.5,2573.0,2571.3,2572.1,390,33.0,1.0,393.0,GC
2024-11-15 11:05:00+00:00,2572.0,2573.1,2571.3,2572.4,275,33.0,1.0,393.0,GC
2024-11-15 11:10:00+00:00,2572.4,2573.6,2571.4,2572.9,226,33.0,1.0,393.0,GC
2024-11-15 11:15:00+00:00,2572.9,2573.9,2572.6,2573.4,164,33.0,1.0,393.0,GC
2024-11-15 11:20:00+00:00,2573.5,2574.0,2572.3,2573.1,172,33.0,1.0,393.0,GC
2024-11-15 11:25:00+00:00,2573.1,2575.2,2572.5,2575.2,401,33.0,1.0,393.0,GC
2024-11-15 11:30:00+00:00,2575.2,2575.5,2573.6,2575.2,506,33.0,1.0,393.0,GC
2024-11-15 11:35:00+00:00,2575.1,2577.8,2575.1,2577.4,868,33.0,1.0,393.0,GC
2024-11-15 11:40:00+00:00,2577.4,2577.8,2575.2,2576.7,606,33.0,1.0,393.0,GC
2024-11-15 11:45:00+00:00,2576.6,2578.0,2576.2,2577.3,561,33.0,1.0,393.0,GC
2024-11-15 11:50:00+00:00,2577.3,2577.5,2574.4,2574.6,416,33.0,1.0,393.0,GC
2024-11-15 11:55:00+00:00,2574.4,2575.5,2573.9,2575.3,588,33.0,1.0,393.0,GC
2024-11-15 12:00:00+00:00,2575.3,2575.6,2572.8,2573.6,648,33.0,1.0,393.0,GC
2024-11-15 12:05:00+00:00,2573.6,2574.0,2572.1,2573.1,586,33.0,1.0,393.0,GC
2024-11-15 12:10:00+00:00,2573.1,2573.1,2570.6,2571.4,667,33.0,1.0,393.0,GC
2024-11-15 12:15:00+00:00,2571.4,2571.4,2570.2,2570.3,451,33.0,1.0,393.0,GC
2024-11-15 12:20:00+00:00,2570.4,2571.9,2569.9,2571.7,396,33.0,1.0,393.0,GC
2024-11-15 12:25:00+00:00,2571.8,2572.8,2570.5,2572.8,511,33.0,1.0,393.0,GC
2024-11-15 12:30:00+00:00,2572.7,2572.7,2570.8,2572.4,465,33.0,1.0,393.0,GC
2024-11-15 12:35:00+00:00,2572.3,2572.5,2570.1,2570.8,392,33.0,1.0,393.0,GC
2024-11-15 12:40:00+00:00,2570.8,2572.5,2570.6,2571.8,457,33.0,1.0,393.0,GC
2024-11-15 12:45:00+00:00,2571.6,2573.0,2570.6,2570.6,492,33.0,1.0,393.0,GC
2024-11-15 12:50:00+00:00,2570.6,2574.1,2570.5,2574.1,941,33.0,1.0,393.0,GC
2024-11-15 12:55:00+00:00,2574.1,2574.1,2572.8,2573.6,310,33.0,1.0,393.0,GC
2024-11-15 13:00:00+00:00,2573.8,2575.3,2573.1,2574.7,1271,33.0,1.0,393.0,GC
2024-11-15 13:05:00+00:00,2574.8,2575.9,2573.8,2575.0,714,33.0,1.0,393.0,GC
2024-11-15 13:10:00+00:00,2575.2,2580.4,2575.2,2578.4,1860,33.0,1.0,393.0,GC
2024-11-15 13:15:00+00:00,2578.5,2579.9,2576.7,2576.9,1516,33.0,1.0,393.0,GC
2024-11-15 13:20:00+00:00,2576.8,2579.6,2575.1,2578.3,1543,33.0,1.0,393.0,GC
2024-11-15 13:25:00+00:00,2578.2,2578.2,2574.6,2574.9,1090,33.0,1.0,393.0,GC
2024-11-15 13:30:00+00:00,2574.9,2576.7,2565.3,2569.4,5837,33.0,1.0,393.0,GC
2024-11-15 13:35:00+00:00,2569.4,2574.3,2567.4,2570.6,2636,33.0,1.0,393.0,GC
2024-11-15 13:40:00+00:00,2570.9,2574.2,2570.1,2572.5,1448,33.0,1.0,393.0,GC
2024-11-15 13:45:00+00:00,2572.8,2576.4,2571.6,2575.5,1641,33.0,1.0,393.0,GC
2024-11-15 13:50:00+00:00,2575.3,2576.1,2569.6,2570.5,1315,33.0,1.0,393.0,GC
2024-11-15 13:55:00+00:00,2570.8,2571.9,2568.9,2569.7,1120,33.0,1.0,393.0,GC
2024-11-15 14:00:00+00:00,2569.6,2573.6,2568.6,2573.1,1454,33.0,1.0,393.0,GC
2024-11-15 14:05:00+00:00,2573.0,2576.4,2572.8,2574.5,1182,33.0,1.0,393.0,GC
2024-11-15 14:10:00+00:00,2574.4,2577.4,2574.4,2576.5,727,33.0,1.0,393.0,GC
2024-11-15 14:15:00+00:00,2576.2,2577.0,2574.7,2575.9,1012,33.0,1.0,393.0,GC
2024-11-15 14:20:00+00:00,2576.0,2578.6,2575.4,2577.6,1265,33.0,1.0,393.0,GC
2024-11-15 14:25:00+00:00,2577.7,2578.6,2576.7,2577.7,825,33.0,1.0,393.0,GC
2024-11-15 14:30:00+00:00,2577.6,2579.6,2575.4,2576.5,2199,33.0,1.0,393.0,GC
2024-11-15 14:35:00+00:00,2576.3,2576.3,2571.7,2572.8,2123,33.0,1.0,393.0,GC
2024-11-15 14:40:00+00:00,2572.8,2575.7,2572.1,2575.4,1594,33.0,1.0,393.0,GC
2024-11-15 14:45:00+00:00,2575.2,2579.1,2574.6,2578.4,1752,33.0,1.0,393.0,GC
2024-11-15 14:50:00+00:00,2578.5,2580.2,2576.7,2577.1,1456,33.0,1.0,393.0,GC
2024-11-15 14:55:00+00:00,2577.1,2580.0,2576.3,2577.5,1612,33.0,1.0,393.0,GC
2024-11-15 15:00:00+00:00,2577.5,2578.9,2575.5,2578.7,1456,33.0,1.0,393.0,GC
2024-11-15 15:05:00+00:00,2578.7,2580.8,2577.7,2579.9,1668,33.0,1.0,393.0,GC
2024-11-15 15:10:00+00:00,2580.0,2580.5,2577.2,2578.2,989,33.0,1.0,393.0,GC
2024-11-15 15:15:00+00:00,2578.3,2579.4,2576.1,2576.8,948,33.0,1.0,393.0,GC
2024-11-15 15:20:00+00:00,2576.7,2576.8,2572.2,2574.0,1643,33.0,1.0,393.0,GC
2024-11-15 15:25:00+00:00,2574.1,2574.6,2572.4,2574.3,863,33.0,1.0,393.0,GC
2024-11-15 15:30:00+00:00,2574.4,2574.9,2570.6,2571.4,1536,33.0,1.0,393.0,GC
2024-11-15 15:35:00+00:00,2571.5,2573.4,2570.1,2571.6,1333,33.0,1.0,393.0,GC
2024-11-15 15:40:00+00:00,2571.6,2572.1,2569.8,2570.0,983,33.0,1.0,393.0,GC
2024-11-15 15:45:00+00:00,2569.9,2574.1,2569.6,2574.1,958,33.0,1.0,393.0,GC
2024-11-15 15:50:00+00:00,2574.2,2575.1,2573.7,2574.2,1085,33.0,1.0,393.0,GC
2024-11-15 15:55:00+00:00,2574.5,2576.3,2574.1,2575.6,885,33.0,1.0,393.0,GC
2024-11-15 16:00:00+00:00,2575.6,2577.0,2574.2,2576.7,1008,33.0,1.0,393.0,GC
2024-11-15 16:05:00+00:00,2576.8,2578.1,2576.3,2576.6,880,33.0,1.0,393.0,GC
2024-11-15 16:10:00+00:00,2576.5,2578.1,2576.5,2577.5,540,33.0,1.0,393.0,GC
2024-11-15 16:15:00+00:00,2577.5,2577.6,2574.2,2574.2,667,33.0,1.0,393.0,GC
2024-11-15 16:20:00+00:00,2574.2,2574.4,2572.1,2573.5,709,33.0,1.0,393.0,GC
2024-11-15 16:25:00+00:00,2573.6,2573.7,2571.0,2571.1,714,33.0,1.0,393.0,GC
2024-11-15 16:30:00+00:00,2571.0,2571.9,2568.2,2568.7,1173,33.0,1.0,393.0,GC
2024-11-15 16:35:00+00:00,2568.7,2570.1,2567.1,2568.2,1058,33.0,1.0,393.0,GC
2024-11-15 16:40:00+00:00,2568.2,2569.1,2567.2,2567.8,732,33.0,1.0,393.0,GC
2024-11-15 16:45:00+00:00,2567.7,2570.0,2567.7,2568.1,794,33.0,1.0,393.0,GC
2024-11-15 16:50:00+00:00,2568.1,2569.5,2567.8,2568.3,412,33.0,1.0,393.0,GC
2024-11-15 16:55:00+00:00,2568.4,2568.4,2566.3,2566.7,881,33.0,1.0,393.0,GC
2024-11-15 17:00:00+00:00,2566.6,2566.9,2564.6,2564.8,1291,33.0,1.0,393.0,GC
2024-11-15 17:05:00+00:00,2564.8,2567.6,2564.8,2567.1,631,33.0,1.0,393.0,GC
2024-11-15 17:10:00+00:00,2567.1,2568.0,2565.4,2567.6,864,33.0,1.0,393.0,GC
2024-11-15 17:15:00+00:00,2567.7,2568.1,2565.5,2567.2,551,33.0,1.0,393.0,GC
2024-11-15 17:20:00+00:00,2567.3,2569.4,2566.7,2568.3,650,33.0,1.0,393.0,GC
2024-11-15 17:25:00+00:00,2568.4,2569.2,2567.4,2568.3,359,33.0,1.0,393.0,GC
2024-11-15 17:30:00+00:00,2568.2,2568.5,2566.6,2567.5,425,33.0,1.0,393.0,GC
2024-11-15 17:35:00+00:00,2567.6,2569.2,2567.2,2568.5,397,33.0,1.0,393.0,GC
2024-11-15 17:40:00+00:00,2568.5,2568.6,2566.3,2566.5,423,33.0,1.0,393.0,GC
2024-11-15 17:45:00+00:00,2566.3,2567.8,2566.0,2567.8,420,33.0,1.0,393.0,GC
2024-11-15 17:50:00+00:00,2567.6,2568.7,2566.8,2568.4,470,33.0,1.0,393.0,GC
2024-11-15 17:55:00+00:00,2568.1,2568.2,2566.8,2567.4,303,33.0,1.0,393.0,GC
2024-11-15 18:00:00+00:00,2567.4,2567.6,2564.4,2564.9,748,33.0,1.0,393.0,GC
2024-11-15 18:05:00+00:00,2565.1,2566.0,2563.7,2565.6,975,33.0,1.0,393.0,GC
2024-11-15 18:10:00+00:00,2565.7,2567.1,2565.6,2566.7,601,33.0,1.0,393.0,GC
2024-11-15 18:15:00+00:00,2566.8,2567.7,2566.5,2566.9,547,33.0,1.0,393.0,GC
2024-11-15 18:20:00+00:00,2566.9,2570.1,2566.9,2569.6,1145,33.0,1.0,393.0,GC
2024-11-15 18:25:00+00:00,2569.6,2571.2,2569.2,2570.2,1919,33.0,1.0,393.0,GC
2024-11-15 18:30:00+00:00,2570.2,2570.6,2568.5,2568.8,883,33.0,1.0,393.0,GC
2024-11-15 18:35:00+00:00,2568.7,2569.6,2568.6,2569.5,372,33.0,1.0,393.0,GC
2024-11-15 18:40:00+00:00,2569.6,2570.9,2569.2,2570.3,461,33.0,1.0,393.0,GC
2024-11-15 18:45:00+00:00,2570.4,2571.1,2570.1,2571.0,261,33.0,1.0,393.0,GC
2024-11-15 18:50:00+00:00,2571.1,2572.5,2570.8,2572.0,578,33.0,1.0,393.0,GC
2024-11-15 18:55:00+00:00,2572.0,2572.3,2571.2,2572.1,246,33.0,1.0,393.0,GC
2024-11-15 19:00:00+00:00,2572.2,2572.6,2571.0,2571.6,329,33.0,1.0,393.0,GC
2024-11-15 19:05:00+00:00,2571.7,2572.7,2571.7,2571.9,304,33.0,1.0,393.0,GC
2024-11-15 19:10:00+00:00,2571.7,2571.8,2570.8,2570.9,217,33.0,1.0,393.0,GC
2024-11-15 19:15:00+00:00,2571.0,2571.7,2570.1,2570.3,260,33.0,1.0,393.0,GC
2024-11-15 19:20:00+00:00,2570.3,2570.5,2569.5,2569.7,213,33.0,1.0,393.0,GC
2024-11-15 19:25:00+00:00,2569.7,2570.2,2569.3,2569.4,153,33.0,1.0,393.0,GC
2024-11-15 19:30:00+00:00,2569.5,2569.8,2567.4,2567.4,484,33.0,1.0,393.0,GC
2024-11-15 19:35:00+00:00,2567.5,2568.3,2567.1,2568.1,234,33.0,1.0,393.0,GC
2024-11-15 19:40:00+00:00,2568.3,2569.2,2567.7,2567.7,238,33.0,1.0,393.0,GC
2024-11-15 19:45:00+00:00,2567.7,2568.0,2566.8,2567.9,396,33.0,1.0,393.0,GC
2024-11-15 19:50:00+00:00,2567.9,2569.3,2567.8,2568.7,134,33.0,1.0,393.0,GC
2024-11-15 19:55:00+00:00,2568.6,2612.1,2567.7,2568.2,274,33.0,1.0,393.0,GC
2024-11-15 20:00:00+00:00,2568.2,2568.2,2566.4,2567.2,451,33.0,1.0,393.0,GC
2024-11-15 20:05:00+00:00,2567.1,2567.4,2566.2,2566.8,132,33.0,1.0,393.0,GC
2024-11-15 20:10:00+00:00,2566.8,2567.2,2566.3,2566.7,109,33.0,1.0,393.0,GC
2024-11-15 20:15:00+00:00,2566.8,2566.8,2565.7,2566.0,203,33.0,1.0,393.0,GC
2024-11-15 20:20:00+00:00,2566.1,2566.7,2565.0,2565.0,312,33.0,1.0,393.0,GC
2024-11-15 20:25:00+00:00,2565.1,2565.7,2563.9,2565.1,597,33.0,1.0,393.0,GC
2024-11-15 20:30:00+00:00,2565.2,2566.1,2564.4,2566.0,363,33.0,1.0,393.0,GC
2024-11-15 20:35:00+00:00,2566.0,2566.6,2565.5,2565.7,291,33.0,1.0,393.0,GC
2024-11-15 20:40:00+00:00,2565.7,2567.6,2565.7,2567.6,240,33.0,1.0,393.0,GC
2024-11-15 20:45:00+00:00,2567.6,2568.5,2567.2,2567.4,323,33.0,1.0,393.0,GC
2024-11-15 20:50:00+00:00,2567.5,2568.4,2567.2,2568.2,183,33.0,1.0,393.0,GC
2024-11-15 20:55:00+00:00,2568.2,2568.4,2566.5,2566.7,413,33.0,1.0,393.0,GC
2024-11-15 21:00:00+00:00,2566.7,2567.0,2566.4,2566.7,376,33.0,1.0,393.0,GC
2024-11-15 21:05:00+00:00,2566.6,2567.0,2566.6,2567.0,86,33.0,1.0,393.0,GC
2024-11-15 21:10:00+00:00,2566.9,2567.0,2566.8,2566.9,61,33.0,1.0,393.0,GC
2024-11-15 21:15:00+00:00,2566.9,2567.0,2566.5,2566.7,111,33.0,1.0,393.0,GC
2024-11-15 21:20:00+00:00,2566.8,2567.0,2566.6,2566.8,67,33.0,1.0,393.0,GC
2024-11-15 21:25:00+00:00,2566.7,2567.0,2566.1,2566.3,141,33.0,1.0,393.0,GC
2024-11-15 21:30:00+00:00,2566.4,2589.6,2565.9,2589.5,316,33.0,1.0,393.0,GC
2024-11-15 21:35:00+00:00,2566.1,2566.3,2565.7,2566.3,48,33.0,1.0,393.0,GC
2024-11-15 21:40:00+00:00,2566.0,2566.2,2565.7,2566.0,94,33.0,1.0,393.0,GC
2024-11-15 21:45:00+00:00,2565.9,2566.3,2565.6,2566.3,82,33.0,1.0,393.0,GC
2024-11-15 21:50:00+00:00,2566.0,2566.3,2565.9,2566.3,77,33.0,1.0,393.0,GC
2024-11-15 21:55:00+00:00,2566.0,2568.2,2566.0,2567.4,281,33.0,1.0,393.0,GC
2024-11-17 23:00:00+00:00,2571.5,2573.6,2568.5,2572.1,1048,33.0,1.0,393.0,GC
2024-11-17 23:05:00+00:00,2572.3,2575.4,2572.3,2574.8,598,33.0,1.0,393.0,GC
2024-11-17 23:10:00+00:00,2575.0,2578.0,2574.8,2577.9,677,33.0,1.0,393.0,GC
2024-11-17 23:15:00+00:00,2577.7,2577.7,2575.7,2576.8,349,33.0,1.0,393.0,GC
2024-11-17 23:20:00+00:00,2576.8,2580.0,2576.2,2579.9,563,33.0,1.0,393.0,GC
2024-11-17 23:25:00+00:00,2579.8,2579.8,2577.4,2578.4,219,33.0,1.0,393.0,GC
2024-11-17 23:30:00+00:00,2578.3,2578.3,2576.5,2577.5,282,33.0,1.0,393.0,GC
2024-11-17 23:35:00+00:00,2577.4,2579.5,2577.3,2579.4,202,33.0,1.0,393.0,GC
2024-11-17 23:40:00+00:00,2579.3,2579.5,2577.9,2578.7,222,33.0,1.0,393.0,GC
2024-11-17 23:45:00+00:00,2578.6,2579.0,2577.5,2577.7,177,33.0,1.0,393.0,GC
2024-11-17 23:50:00+00:00,2577.6,2578.4,2577.2,2577.4,233,33.0,1.0,393.0,GC
2024-11-17 23:55:00+00:00,2577.5,2577.5,2574.8,2575.9,697,33.0,1.0,393.0,GC
2024-11-18 00:00:00+00:00,2575.8,2576.8,2575.1,2576.1,550,33.0,1.0,393.0,GC
2024-11-18 00:05:00+00:00,2576.2,2578.0,2576.0,2576.2,399,33.0,1.0,393.0,GC
2024-11-18 00:10:00+00:00,2576.2,2577.5,2575.9,2576.5,231,33.0,1.0,393.0,GC
2024-11-18 00:15:00+00:00,2576.4,2577.0,2575.6,2575.8,168,33.0,1.0,393.0,GC
2024-11-18 00:20:00+00:00,2575.7,2575.9,2575.0,2575.7,168,33.0,1.0,393.0,GC
2024-11-18 00:25:00+00:00,2575.7,2576.0,2574.4,2575.7,212,33.0,1.0,393.0,GC
2024-11-18 00:30:00+00:00,2575.7,2576.8,2575.7,2575.7,202,33.0,1.0,393.0,GC
2024-11-18 00:35:00+00:00,2575.8,2576.5,2575.7,2575.7,100,33.0,1.0,393.0,GC
2024-11-18 00:40:00+00:00,2575.7,2577.6,2575.4,2577.6,136,33.0,1.0,393.0,GC
2024-11-18 00:45:00+00:00,2577.6,2579.2,2577.1,2579.1,271,33.0,1.0,393.0,GC
2024-11-18 00:50:00+00:00,2579.1,2581.9,2578.4,2581.3,663,33.0,1.0,393.0,GC
2024-11-18 00:55:00+00:00,2581.3,2581.5,2580.4,2581.0,364,33.0,1.0,393.0,GC
2024-11-18 01:00:00+00:00,2581.0,2585.9,2581.0,2585.2,1581,33.0,1.0,393.0,GC
2024-11-18 01:05:00+00:00,2585.2,2585.2,2582.2,2582.3,836,33.0,1.0,393.0,GC
2024-11-18 01:10:00+00:00,2582.3,2585.5,2581.6,2584.7,614,33.0,1.0,393.0,GC
2024-11-18 01:15:00+00:00,2584.6,2586.5,2584.0,2586.1,658,33.0,1.0,393.0,GC
2024-11-18 01:20:00+00:00,2586.2,2594.7,2585.7,2594.2,2760,33.0,1.0,393.0,GC
2024-11-18 01:25:00+00:00,2594.2,2598.5,2594.0,2598.5,2458,33.0,1.0,393.0,GC
2024-11-18 01:30:00+00:00,2598.4,2601.9,2595.5,2601.0,2427,33.0,1.0,393.0,GC
2024-11-18 01:35:00+00:00,2600.7,2601.8,2598.1,2598.9,1302,33.0,1.0,393.0,GC
2024-11-18 01:40:00+00:00,2598.8,2599.2,2595.0,2595.6,1513,33.0,1.0,393.0,GC
2024-11-18 01:45:00+00:00,2595.6,2595.6,2589.1,2592.5,2420,33.0,1.0,393.0,GC
2024-11-18 01:50:00+00:00,2592.4,2593.3,2590.5,2593.2,512,33.0,1.0,393.0,GC
2024-11-18 01:55:00+00:00,2593.3,2593.3,2589.8,2591.4,578,33.0,1.0,393.0,GC
2024-11-18 02:00:00+00:00,2591.3,2596.2,2591.3,2595.0,1317,33.0,1.0,393.0,GC
2024-11-18 02:05:00+00:00,2594.8,2600.0,2594.5,2598.9,1522,33.0,1.0,393.0,GC
2024-11-18 02:10:00+00:00,2599.0,2599.0,2595.9,2596.7,489,33.0,1.0,393.0,GC
2024-11-18 02:15:00+00:00,2596.6,2597.8,2596.6,2596.9,186,33.0,1.0,393.0,GC
2024-11-18 02:20:00+00:00,2597.0,2599.1,2596.6,2598.7,731,33.0,1.0,393.0,GC
2024-11-18 02:25:00+00:00,2598.7,2599.4,2597.6,2597.7,388,33.0,1.0,393.0,GC
2024-11-18 02:30:00+00:00,2597.8,2598.6,2595.9,2596.3,626,33.0,1.0,393.0,GC
2024-11-18 02:35:00+00:00,2596.4,2597.4,2595.0,2596.8,418,33.0,1.0,393.0,GC
2024-11-18 02:40:00+00:00,2596.8,2597.6,2595.9,2597.2,200,33.0,1.0,393.0,GC
2024-11-18 02:45:00+00:00,2597.3,2598.0,2595.9,2595.9,210,33.0,1.0,393.0,GC
2024-11-18 02:50:00+00:00,2595.9,2596.3,2595.2,2595.6,180,33.0,1.0,393.0,GC
2024-11-18 02:55:00+00:00,2595.7,2595.9,2594.1,2595.6,319,33.0,1.0,393.0,GC
2024-11-18 03:00:00+00:00,2595.5,2596.2,2594.4,2595.9,151,33.0,1.0,393.0,GC
2024-11-18 03:05:00+00:00,2596.2,2597.1,2595.3,2596.0,284,33.0,1.0,393.0,GC
2024-11-18 03:10:00+00:00,2595.9,2595.9,2593.6,2593.6,421,33.0,1.0,393.0,GC
2024-11-18 03:15:00+00:00,2593.8,2594.7,2593.1,2593.3,276,33.0,1.0,393.0,GC
2024-11-18 03:20:00+00:00,2593.3,2594.3,2592.4,2593.1,402,33.0,1.0,393.0,GC
2024-11-18 03:25:00+00:00,2593.1,2594.1,2593.0,2594.0,203,33.0,1.0,393.0,GC
2024-11-18 03:30:00+00:00,2593.9,2594.8,2593.2,2593.7,179,33.0,1.0,393.0,GC
2024-11-18 03:35:00+00:00,2593.8,2595.6,2593.7,2595.2,199,33.0,1.0,393.0,GC
2024-11-18 03:40:00+00:00,2595.2,2595.3,2593.5,2593.8,152,33.0,1.0,393.0,GC
2024-11-18 03:45:00+00:00,2593.8,2593.9,2592.8,2593.8,145,33.0,1.0,393.0,GC
2024-11-18 03:50:00+00:00,2593.8,2594.0,2593.0,2594.0,153,33.0,1.0,393.0,GC
2024-11-18 03:55:00+00:00,2594.0,2594.4,2593.1,2594.4,180,33.0,1.0,393.0,GC
2024-11-18 04:00:00+00:00,2594.4,2595.0,2593.9,2594.5,126,33.0,1.0,393.0,GC
2024-11-18 04:05:00+00:00,2594.5,2596.2,2594.4,2596.0,203,33.0,1.0,393.0,GC
2024-11-18 04:10:00+00:00,2596.2,2596.3,2595.2,2595.2,90,33.0,1.0,393.0,GC
2024-11-18 04:15:00+00:00,2595.3,2596.2,2595.0,2595.3,110,33.0,1.0,393.0,GC
2024-11-18 04:20:00+00:00,2595.4,2596.5,2595.2,2596.0,199,33.0,1.0,393.0,GC
2024-11-18 04:25:00+00:00,2596.1,2596.3,2595.6,2596.3,58,33.0,1.0,393.0,GC
2024-11-18 04:30:00+00:00,2596.4,2596.7,2595.5,2595.9,83,33.0,1.0,393.0,GC
2024-11-18 04:35:00+00:00,2596.0,2596.3,2595.9,2595.9,51,33.0,1.0,393.0,GC
2024-11-18 04:40:00+00:00,2596.0,2596.3,2595.3,2595.8,70,33.0,1.0,393.0,GC
2024-11-18 04:45:00+00:00,2595.8,2597.3,2595.1,2597.2,220,33.0,1.0,393.0,GC
2024-11-18 04:50:00+00:00,2597.3,2597.7,2597.1,2597.6,166,33.0,1.0,393.0,GC
2024-11-18 04:55:00+00:00,2597.5,2597.5,2596.8,2596.8,84,33.0,1.0,393.0,GC
2024-11-18 05:00:00+00:00,2596.7,2596.9,2594.6,2595.0,329,33.0,1.0,393.0,GC
2024-11-18 05:05:00+00:00,2594.9,2595.8,2594.5,2594.7,109,33.0,1.0,393.0,GC
2024-11-18 05:10:00+00:00,2594.7,2595.1,2593.8,2594.0,235,33.0,1.0,393.0,GC
2024-11-18 05:15:00+00:00,2594.0,2594.1,2593.2,2593.8,190,33.0,1.0,393.0,GC
2024-11-18 05:20:00+00:00,2593.9,2594.5,2593.5,2593.6,106,33.0,1.0,393.0,GC
2024-11-18 05:25:00+00:00,2593.6,2593.9,2592.8,2593.3,371,33.0,1.0,393.0,GC
2024-11-18 05:30:00+00:00,2593.2,2593.2,2590.8,2591.5,524,33.0,1.0,393.0,GC
2024-11-18 05:35:00+00:00,2591.6,2591.9,2590.1,2590.3,301,33.0,1.0,393.0,GC
2024-11-18 05:40:00+00:00,2590.5,2592.4,2589.3,2589.9,754,33.0,1.0,393.0,GC
2024-11-18 05:45:00+00:00,2589.9,2591.8,2589.6,2590.9,406,33.0,1.0,393.0,GC
2024-11-18 05:50:00+00:00,2590.9,2592.1,2590.3,2591.2,251,33.0,1.0,393.0,GC
2024-11-18 05:55:00+00:00,2591.1,2591.4,2589.7,2590.0,308,33.0,1.0,393.0,GC
2024-11-18 06:00:00+00:00,2589.8,2589.9,2586.1,2586.7,821,33.0,1.0,393.0,GC
2024-11-18 06:05:00+00:00,2586.7,2589.0,2584.9,2588.0,975,33.0,1.0,393.0,GC
2024-11-18 06:10:00+00:00,2587.9,2590.0,2587.9,2589.8,325,33.0,1.0,393.0,GC
2024-11-18 06:15:00+00:00,2589.8,2591.1,2588.6,2589.0,386,33.0,1.0,393.0,GC
2024-11-18 06:20:00+00:00,2588.8,2589.6,2587.2,2589.3,557,33.0,1.0,393.0,GC
2024-11-18 06:25:00+00:00,2589.4,2591.0,2588.4,2590.8,276,33.0,1.0,393.0,GC
2024-11-18 06:30:00+00:00,2590.9,2591.5,2590.0,2590.7,655,33.0,1.0,393.0,GC
2024-11-18 06:35:00+00:00,2590.7,2591.2,2588.9,2589.9,708,33.0,1.0,393.0,GC
2024-11-18 06:40:00+00:00,2589.8,2590.1,2588.5,2589.3,312,33.0,1.0,393.0,GC
2024-11-18 06:45:00+00:00,2589.4,2592.5,2589.0,2592.3,307,33.0,1.0,393.0,GC
2024-11-18 06:50:00+00:00,2592.2,2592.4,2590.7,2591.1,294,33.0,1.0,393.0,GC
2024-11-18 06:55:00+00:00,2591.0,2591.1,2590.0,2590.7,235,33.0,1.0,393.0,GC
2024-11-18 07:00:00+00:00,2590.6,2591.0,2588.7,2589.0,357,33.0,1.0,393.0,GC
2024-11-18 07:05:00+00:00,2589.0,2590.3,2588.6,2589.1,538,33.0,1.0,393.0,GC
2024-11-18 07:10:00+00:00,2589.0,2590.3,2588.2,2590.2,372,33.0,1.0,393.0,GC
2024-11-18 07:15:00+00:00,2590.0,2590.8,2589.0,2590.8,151,33.0,1.0,393.0,GC
2024-11-18 07:20:00+00:00,2590.8,2591.6,2588.5,2589.0,367,33.0,1.0,393.0,GC
2024-11-18 07:25:00+00:00,2588.9,2589.2,2587.5,2587.8,391,33.0,1.0,393.0,GC
2024-11-18 07:30:00+00:00,2587.8,2588.8,2587.4,2587.9,269,33.0,1.0,393.0,GC
2024-11-18 07:35:00+00:00,2587.8,2588.0,2586.6,2587.4,411,33.0,1.0,393.0,GC
2024-11-18 07:40:00+00:00,2587.5,2588.5,2587.1,2587.3,124,33.0,1.0,393.0,GC
2024-11-18 07:45:00+00:00,2587.2,2588.8,2587.1,2587.6,184,33.0,1.0,393.0,GC
2024-11-18 07:50:00+00:00,2587.7,2589.0,2587.0,2587.0,171,33.0,1.0,393.0,GC
2024-11-18 07:55:00+00:00,2587.0,2587.4,2585.8,2587.1,359,33.0,1.0,393.0,GC
2024-11-18 08:00:00+00:00,2587.0,2588.5,2586.3,2588.1,351,33.0,1.0,393.0,GC
2024-11-18 08:05:00+00:00,2588.1,2588.8,2586.6,2587.6,292,33.0,1.0,393.0,GC
2024-11-18 08:10:00+00:00,2587.6,2590.4,2587.6,2590.3,423,33.0,1.0,393.0,GC
2024-11-18 08:15:00+00:00,2590.3,2593.8,2590.3,2593.8,1052,33.0,1.0,393.0,GC
2024-11-18 08:20:00+00:00,2593.8,2594.6,2590.1,2591.0,954,33.0,1.0,393.0,GC
2024-11-18 08:25:00+00:00,2591.0,2592.7,2590.9,2592.0,450,33.0,1.0,393.0,GC
2024-11-18 08:30:00+00:00,2591.7,2591.9,2590.3,2590.7,298,33.0,1.0,393.0,GC
2024-11-18 08:35:00+00:00,2590.8,2592.2,2590.1,2591.1,267,33.0,1.0,393.0,GC
2024-11-18 08:40:00+00:00,2591.0,2591.7,2589.4,2589.6,382,33.0,1.0,393.0,GC
2024-11-18 08:45:00+00:00,2589.5,2590.7,2589.4,2589.8,347,33.0,1.0,393.0,GC
2024-11-18 08:50:00+00:00,2589.7,2590.4,2587.9,2590.1,321,33.0,1.0,393.0,GC
2024-11-18 08:55:00+00:00,2590.2,2590.9,2589.1,2589.8,214,33.0,1.0,393.0,GC
2024-11-18 09:00:00+00:00,2589.7,2591.0,2588.7,2590.3,438,33.0,1.0,393.0,GC
2024-11-18 09:05:00+00:00,2590.4,2590.6,2588.2,2588.4,321,33.0,1.0,393.0,GC
2024-11-18 09:10:00+00:00,2588.6,2591.6,2588.0,2591.3,363,33.0,1.0,393.0,GC
2024-11-18 09:15:00+00:00,2591.5,2593.8,2591.2,2593.0,685,33.0,1.0,393.0,GC
2024-11-18 09:20:00+00:00,2593.0,2594.9,2593.0,2594.0,455,33.0,1.0,393.0,GC
2024-11-18 09:25:00+00:00,2594.1,2596.2,2594.0,2596.1,544,33.0,1.0,393.0,GC
2024-11-18 09:30:00+00:00,2595.9,2597.7,2594.9,2595.4,698,33.0,1.0,393.0,GC
2024-11-18 09:35:00+00:00,2595.6,2597.3,2594.0,2596.6,938,33.0,1.0,393.0,GC
2024-11-18 09:40:00+00:00,2596.8,2598.3,2596.6,2597.9,503,33.0,1.0,393.0,GC
2024-11-18 09:45:00+00:00,2598.0,2600.0,2597.7,2599.9,775,33.0,1.0,393.0,GC
2024-11-18 09:50:00+00:00,2599.9,2601.8,2598.0,2600.1,1911,33.0,1.0,393.0,GC
2024-11-18 09:55:00+00:00,2600.2,2600.6,2599.3,2600.3,553,33.0,1.0,393.0,GC
2024-11-18 10:00:00+00:00,2600.3,2601.2,2598.5,2598.9,495,33.0,1.0,393.0,GC
2024-11-18 10:05:00+00:00,2598.8,2599.3,2597.1,2597.8,512,33.0,1.0,393.0,GC
2024-11-18 10:10:00+00:00,2597.7,2598.5,2595.8,2595.8,373,33.0,1.0,393.0,GC
2024-11-18 10:15:00+00:00,2596.0,2597.6,2595.6,2596.5,529,33.0,1.0,393.0,GC
2024-11-18 10:20:00+00:00,2596.4,2596.9,2595.3,2596.2,458,33.0,1.0,393.0,GC
2024-11-18 10:25:00+00:00,2596.1,2596.4,2594.6,2595.7,622,33.0,1.0,393.0,GC
2024-11-18 10:30:00+00:00,2595.7,2595.8,2593.7,2594.9,732,33.0,1.0,393.0,GC
2024-11-18 10:35:00+00:00,2594.8,2596.4,2594.8,2595.9,605,33.0,1.0,393.0,GC
2024-11-18 10:40:00+00:00,2596.0,2597.2,2594.8,2597.0,556,33.0,1.0,393.0,GC
2024-11-18 10:45:00+00:00,2596.9,2597.6,2596.9,2596.9,336,33.0,1.0,393.0,GC
2024-11-18 10:50:00+00:00,2596.8,2597.4,2595.4,2595.4,398,33.0,1.0,393.0,GC
2024-11-18 10:55:00+00:00,2595.4,2598.6,2595.2,2598.5,363,33.0,1.0,393.0,GC
2024-11-18 11:00:00+00:00,2598.4,2598.5,2596.4,2596.6,275,33.0,1.0,393.0,GC
2024-11-18 11:05:00+00:00,2596.7,2597.0,2595.2,2596.2,399,33.0,1.0,393.0,GC
2024-11-18 11:10:00+00:00,2596.2,2597.3,2595.3,2596.9,330,33.0,1.0,393.0,GC
2024-11-18 11:15:00+00:00,2597.0,2597.4,2596.1,2596.8,167,33.0,1.0,393.0,GC
2024-11-18 11:20:00+00:00,2597.0,2599.3,2596.9,2598.8,587,33.0,1.0,393.0,GC
2024-11-18 11:25:00+00:00,2598.7,2599.1,2597.0,2598.3,325,33.0,1.0,393.0,GC
2024-11-18 11:30:00+00:00,2598.4,2599.9,2597.7,2597.8,1177,33.0,1.0,393.0,GC
2024-11-18 11:35:00+00:00,2597.7,2597.9,2595.2,2595.2,442,33.0,1.0,393.0,GC
2024-11-18 11:40:00+00:00,2595.2,2596.6,2594.7,2596.4,465,33.0,1.0,393.0,GC
2024-11-18 11:45:00+00:00,2596.6,2598.3,2596.6,2598.2,306,33.0,1.0,393.0,GC
2024-11-18 11:50:00+00:00,2598.3,2598.5,2596.7,2597.6,271,33.0,1.0,393.0,GC
2024-11-18 11:55:00+00:00,2597.6,2599.6,2597.5,2598.8,488,33.0,1.0,393.0,GC
2024-11-18 12:00:00+00:00,2598.5,2598.9,2596.9,2597.0,367,33.0,1.0,393.0,GC
2024-11-18 12:05:00+00:00,2597.0,2598.4,2596.2,2596.2,352,33.0,1.0,393.0,GC
2024-11-18 12:10:00+00:00,2596.1,2596.9,2594.7,2596.8,891,33.0,1.0,393.0,GC
2024-11-18 12:15:00+00:00,2596.9,2597.0,2595.7,2596.0,665,33.0,1.0,393.0,GC
2024-11-18 12:20:00+00:00,2595.9,2596.2,2595.0,2595.9,339,33.0,1.0,393.0,GC
2024-11-18 12:25:00+00:00,2596.0,2596.1,2594.7,2595.2,224,33.0,1.0,393.0,GC
2024-11-18 12:30:00+00:00,2595.2,2596.5,2594.8,2596.5,447,33.0,1.0,393.0,GC
2024-11-18 12:35:00+00:00,2596.5,2599.0,2596.3,2599.0,792,33.0,1.0,393.0,GC
2024-11-18 12:40:00+00:00,2599.0,2600.2,2598.4,2599.3,838,33.0,1.0,393.0,GC
2024-11-18 12:45:00+00:00,2599.3,2601.6,2598.8,2599.3,1536,33.0,1.0,393.0,GC
2024-11-18 12:50:00+00:00,2599.1,2599.9,2598.4,2599.5,634,33.0,1.0,393.0,GC
2024-11-18 12:55:00+00:00,2599.4,2600.1,2598.1,2599.7,454,33.0,1.0,393.0,GC
2024-11-18 13:00:00+00:00,2599.4,2602.5,2599.1,2602.3,1546,33.0,1.0,393.0,GC
2024-11-18 13:05:00+00:00,2602.1,2603.4,2599.0,2599.8,1519,33.0,1.0,393.0,GC
2024-11-18 13:10:00+00:00,2599.9,2601.5,2598.6,2601.4,1389,33.0,1.0,393.0,GC
2024-11-18 13:15:00+00:00,2601.3,2602.9,2600.9,2600.9,1041,33.0,1.0,393.0,GC
2024-11-18 13:20:00+00:00,2600.9,2601.6,2597.1,2601.0,1620,33.0,1.0,393.0,GC
2024-11-18 13:25:00+00:00,2600.9,2604.1,2600.8,2603.4,1525,33.0,1.0,393.0,GC
2024-11-18 13:30:00+00:00,2603.4,2606.3,2603.4,2605.8,1799,33.0,1.0,393.0,GC
2024-11-18 13:35:00+00:00,2606.0,2607.7,2605.2,2607.4,1340,33.0,1.0,393.0,GC
2024-11-18 13:40:00+00:00,2607.6,2607.9,2605.8,2607.4,1490,33.0,1.0,393.0,GC
2024-11-18 13:45:00+00:00,2607.3,2609.0,2607.0,2608.6,1165,33.0,1.0,393.0,GC
2024-11-18 13:50:00+00:00,2608.6,2609.8,2607.4,2609.3,1294,33.0,1.0,393.0,GC
2024-11-18 13:55:00+00:00,2609.4,2609.9,2607.7,2608.5,889,33.0,1.0,393.0,GC
2024-11-18 14:00:00+00:00,2608.5,2610.0,2607.2,2608.6,1229,33.0,1.0,393.0,GC
2024-11-18 14:05:00+00:00,2608.5,2610.2,2607.7,2609.4,864,33.0,1.0,393.0,GC
2024-11-18 14:10:00+00:00,2609.4,2612.3,2608.9,2612.1,1437,33.0,1.0,393.0,GC
2024-11-18 14:15:00+00:00,2612.2,2612.8,2610.6,2610.9,1289,33.0,1.0,393.0,GC
2024-11-18 14:20:00+00:00,2610.8,2611.0,2607.5,2608.0,1204,33.0,1.0,393.0,GC
2024-11-18 14:25:00+00:00,2608.2,2609.2,2607.6,2608.7,868,33.0,1.0,393.0,GC
2024-11-18 14:30:00+00:00,2608.6,2613.8,2608.4,2613.4,2640,33.0,1.0,393.0,GC
2024-11-18 14:35:00+00:00,2613.3,2614.6,2611.4,2614.6,1428,33.0,1.0,393.0,GC
2024-11-18 14:40:00+00:00,2614.6,2614.9,2612.3,2612.8,1499,33.0,1.0,393.0,GC
2024-11-18 14:45:00+00:00,2612.7,2614.5,2610.9,2612.7,1366,33.0,1.0,393.0,GC
2024-11-18 14:50:00+00:00,2612.7,2612.7,2609.7,2611.2,1021,33.0,1.0,393.0,GC
2024-11-18 14:55:00+00:00,2611.2,2613.7,2611.0,2612.5,968,33.0,1.0,393.0,GC
2024-11-18 15:00:00+00:00,2612.5,2613.4,2610.7,2612.5,1629,33.0,1.0,393.0,GC
2024-11-18 15:05:00+00:00,2612.7,2613.7,2610.3,2613.4,1202,33.0,1.0,393.0,GC
2024-11-18 15:10:00+00:00,2613.3,2614.6,2612.6,2613.4,1006,33.0,1.0,393.0,GC
2024-11-18 15:15:00+00:00,2613.3,2614.8,2613.2,2614.8,928,33.0,1.0,393.0,GC
2024-11-18 15:20:00+00:00,2614.7,2615.3,2612.9,2615.0,1458,33.0,1.0,393.0,GC
2024-11-18 15:25:00+00:00,2615.0,2616.2,2613.6,2615.8,1106,33.0,1.0,393.0,GC
2024-11-18 15:30:00+00:00,2615.7,2616.7,2614.7,2616.4,952,33.0,1.0,393.0,GC
2024-11-18 15:35:00+00:00,2616.3,2616.5,2614.7,2616.3,803,33.0,1.0,393.0,GC
2024-11-18 15:40:00+00:00,2616.4,2616.5,2614.2,2614.9,627,33.0,1.0,393.0,GC
2024-11-18 15:45:00+00:00,2615.0,2615.7,2613.6,2614.0,581,33.0,1.0,393.0,GC
2024-11-18 15:50:00+00:00,2613.9,2615.6,2613.9,2615.5,556,33.0,1.0,393.0,GC
2024-11-18 15:55:00+00:00,2615.3,2617.6,2615.3,2617.2,925,33.0,1.0,393.0,GC
2024-11-18 16:00:00+00:00,2617.3,2618.7,2617.3,2617.7,1202,33.0,1.0,393.0,GC
2024-11-18 16:05:00+00:00,2617.7,2618.9,2617.3,2618.4,652,33.0,1.0,393.0,GC
2024-11-18 16:10:00+00:00,2618.4,2619.5,2617.2,2617.5,1081,33.0,1.0,393.0,GC
2024-11-18 16:15:00+00:00,2617.4,2619.1,2617.1,2618.6,731,33.0,1.0,393.0,GC
2024-11-18 16:20:00+00:00,2618.6,2618.8,2616.4,2616.9,791,33.0,1.0,393.0,GC
2024-11-18 16:25:00+00:00,2616.9,2617.4,2616.0,2616.3,443,33.0,1.0,393.0,GC
2024-11-18 16:30:00+00:00,2616.0,2616.3,2614.3,2615.5,1125,33.0,1.0,393.0,GC
2024-11-18 16:35:00+00:00,2615.4,2615.6,2614.0,2614.9,796,33.0,1.0,393.0,GC
2024-11-18 16:40:00+00:00,2615.0,2615.0,2613.6,2614.5,596,33.0,1.0,393.0,GC
2024-11-18 16:45:00+00:00,2614.5,2615.9,2614.5,2615.5,649,33.0,1.0,393.0,GC
2024-11-18 16:50:00+00:00,2615.5,2616.3,2614.5,2615.6,474,33.0,1.0,393.0,GC
2024-11-18 16:55:00+00:00,2615.8,2616.8,2615.0,2615.9,514,33.0,1.0,393.0,GC
2024-11-18 17:00:00+00:00,2616.0,2616.2,2614.5,2615.4,413,33.0,1.0,393.0,GC
2024-11-18 17:05:00+00:00,2615.3,2615.5,2613.2,2613.4,711,33.0,1.0,393.0,GC
2024-11-18 17:10:00+00:00,2613.5,2614.2,2612.7,2613.7,728,33.0,1.0,393.0,GC
2024-11-18 17:15:00+00:00,2613.8,2613.9,2612.7,2612.9,401,33.0,1.0,393.0,GC
2024-11-18 17:20:00+00:00,2612.7,2613.2,2612.0,2612.3,574,33.0,1.0,393.0,GC
2024-11-18 17:25:00+00:00,2612.2,2613.1,2611.9,2612.5,305,33.0,1.0,393.0,GC
2024-11-18 17:30:00+00:00,2612.6,2612.8,2611.7,2612.0,412,33.0,1.0,393.0,GC
2024-11-18 17:35:00+00:00,2611.8,2612.7,2611.6,2612.3,526,33.0,1.0,393.0,GC
2024-11-18 17:40:00+00:00,2612.4,2615.3,2612.0,2615.0,953,33.0,1.0,393.0,GC
2024-11-18 17:45:00+00:00,2614.9,2615.1,2613.8,2614.9,409,33.0,1.0,393.0,GC
2024-11-18 17:50:00+00:00,2615.0,2615.9,2614.5,2615.4,352,33.0,1.0,393.0,GC
2024-11-18 17:55:00+00:00,2615.3,2615.8,2614.5,2614.8,360,33.0,1.0,393.0,GC
2024-11-18 18:00:00+00:00,2614.8,2614.8,2613.6,2614.3,511,33.0,1.0,393.0,GC
2024-11-18 18:05:00+00:00,2614.3,2615.3,2614.2,2614.8,273,33.0,1.0,393.0,GC
2024-11-18 18:10:00+00:00,2614.8,2614.9,2613.7,2613.8,207,33.0,1.0,393.0,GC
2024-11-18 18:15:00+00:00,2613.7,2614.0,2612.2,2612.6,694,33.0,1.0,393.0,GC
2024-11-18 18:20:00+00:00,2612.6,2613.2,2612.1,2612.9,509,33.0,1.0,393.0,GC
2024-11-18 18:25:00+00:00,2613.0,2614.8,2612.9,2614.5,1597,33.0,1.0,393.0,GC
2024-11-18 18:30:00+00:00,2614.4,2614.8,2612.8,2612.9,802,33.0,1.0,393.0,GC
2024-11-18 18:35:00+00:00,2612.9,2613.7,2612.8,2613.1,316,33.0,1.0,393.0,GC
2024-11-18 18:40:00+00:00,2613.2,2613.5,2612.5,2612.6,283,33.0,1.0,393.0,GC
2024-11-18 18:45:00+00:00,2612.6,2614.1,2612.0,2614.1,307,33.0,1.0,393.0,GC
2024-11-18 18:50:00+00:00,2614.1,2616.0,2614.0,2616.0,657,33.0,1.0,393.0,GC
2024-11-18 18:55:00+00:00,2616.0,2616.5,2615.4,2615.4,480,33.0,1.0,393.0,GC
2024-11-18 19:00:00+00:00,2615.5,2615.9,2614.7,2615.2,245,33.0,1.0,393.0,GC
2024-11-18 19:05:00+00:00,2615.1,2617.0,2615.0,2616.9,354,33.0,1.0,393.0,GC
2024-11-18 19:10:00+00:00,2616.9,2616.9,2616.1,2616.5,280,33.0,1.0,393.0,GC
2024-11-18 19:15:00+00:00,2616.4,2616.5,2614.5,2614.8,249,33.0,1.0,393.0,GC
2024-11-18 19:20:00+00:00,2614.8,2615.2,2614.2,2614.6,246,33.0,1.0,393.0,GC
2024-11-18 19:25:00+00:00,2614.7,2614.8,2613.5,2613.6,435,33.0,1.0,393.0,GC
2024-11-18 19:30:00+00:00,2613.7,2614.3,2613.2,2614.2,482,33.0,1.0,393.0,GC
2024-11-18 19:35:00+00:00,2614.3,2614.8,2612.8,2613.3,242,33.0,1.0,393.0,GC
2024-11-18 19:40:00+00:00,2613.2,2613.3,2612.6,2613.0,192,33.0,1.0,393.0,GC
2024-11-18 19:45:00+00:00,2613.0,2614.6,2613.0,2614.3,228,33.0,1.0,393.0,GC
2024-11-18 19:50:00+00:00,2614.3,2614.9,2614.1,2614.5,155,33.0,1.0,393.0,GC
2024-11-18 19:55:00+00:00,2614.4,2614.5,2613.7,2614.0,149,33.0,1.0,393.0,GC
2024-11-18 20:00:00+00:00,2614.0,2615.3,2613.9,2614.9,354,33.0,1.0,393.0,GC
2024-11-18 20:05:00+00:00,2615.0,2615.2,2614.3,2614.3,155,33.0,1.0,393.0,GC
2024-11-18 20:10:00+00:00,2614.4,2615.1,2614.0,2614.7,190,33.0,1.0,393.0,GC
2024-11-18 20:15:00+00:00,2615.0,2615.8,2614.7,2615.4,362,33.0,1.0,393.0,GC
2024-11-18 20:20:00+00:00,2615.4,2615.6,2614.5,2615.0,194,33.0,1.0,393.0,GC
2024-11-18 20:25:00+00:00,2615.0,2615.0,2614.0,2614.5,216,33.0,1.0,393.0,GC
2024-11-18 20:30:00+00:00,2614.5,2615.0,2613.5,2613.6,267,33.0,1.0,393.0,GC
2024-11-18 20:35:00+00:00,2613.5,2613.7,2612.7,2613.2,242,33.0,1.0,393.0,GC
2024-11-18 20:40:00+00:00,2613.3,2613.4,2612.7,2612.7,221,33.0,1.0,393.0,GC
2024-11-18 20:45:00+00:00,2612.8,2613.9,2612.4,2613.9,373,33.0,1.0,393.0,GC
2024-11-18 20:50:00+00:00,2613.8,2614.9,2613.4,2614.9,426,33.0,1.0,393.0,GC
2024-11-18 20:55:00+00:00,2615.0,2615.2,2614.3,2614.4,600,33.0,1.0,393.0,GC
2024-11-18 21:00:00+00:00,2614.5,2615.0,2614.1,2614.6,226,33.0,1.0,393.0,GC
2024-11-18 21:05:00+00:00,2614.7,2615.0,2614.1,2614.4,167,33.0,1.0,393.0,GC
2024-11-18 21:10:00+00:00,2614.4,2614.8,2614.3,2614.8,92,33.0,1.0,393.0,GC
2024-11-18 21:15:00+00:00,2614.8,2615.3,2614.6,2615.2,150,33.0,1.0,393.0,GC
2024-11-18 21:20:00+00:00,2615.4,2615.9,2615.3,2615.3,147,33.0,1.0,393.0,GC
2024-11-18 21:25:00+00:00,2615.4,2616.0,2615.2,2615.2,336,33.0,1.0,393.0,GC
2024-11-18 21:30:00+00:00,2615.2,2615.4,2614.5,2615.2,407,33.0,1.0,393.0,GC
2024-11-18 21:35:00+00:00,2615.3,2616.1,2615.2,2615.9,166,33.0,1.0,393.0,GC
2024-11-18 21:40:00+00:00,2615.9,2616.1,2615.8,2616.0,38,33.0,1.0,393.0,GC
2024-11-18 21:45:00+00:00,2616.0,2616.7,2615.8,2616.5,419,33.0,1.0,393.0,GC
2024-11-18 21:50:00+00:00,2616.4,2616.7,2616.2,2616.5,124,33.0,1.0,393.0,GC
2024-11-18 21:55:00+00:00,2616.5,2616.5,2615.6,2616.1,142,33.0,1.0,393.0,GC
2024-11-18 23:00:00+00:00,2616.3,2616.6,2614.5,2614.6,237,33.0,1.0,393.0,GC
2024-11-18 23:05:00+00:00,2614.7,2615.8,2614.2,2615.2,530,33.0,1.0,393.0,GC
2024-11-18 23:10:00+00:00,2615.2,2615.7,2615.0,2615.4,84,33.0,1.0,393.0,GC
2024-11-18 23:15:00+00:00,2615.4,2616.4,2615.4,2616.3,161,33.0,1.0,393.0,GC
2024-11-18 23:20:00+00:00,2616.3,2616.4,2615.9,2616.2,67,33.0,1.0,393.0,GC
2024-11-18 23:25:00+00:00,2616.3,2616.7,2616.2,2616.4,53,33.0,1.0,393.0,GC
2024-11-18 23:30:00+00:00,2616.5,2616.6,2615.8,2616.4,96,33.0,1.0,393.0,GC
2024-11-18 23:35:00+00:00,2616.4,2616.8,2616.2,2616.6,75,33.0,1.0,393.0,GC
2024-11-18 23:40:00+00:00,2616.6,2616.7,2616.4,2616.7,82,33.0,1.0,393.0,GC
2024-11-18 23:45:00+00:00,2616.8,2617.0,2616.4,2616.5,48,33.0,1.0,393.0,GC
2024-11-18 23:50:00+00:00,2616.4,2616.7,2616.2,2616.7,49,33.0,1.0,393.0,GC
2024-11-18 23:55:00+00:00,2616.8,2617.1,2616.1,2616.6,87,33.0,1.0,393.0,GC
2024-11-19 00:00:00+00:00,2616.7,2616.7,2615.0,2615.4,245,33.0,1.0,393.0,GC
2024-11-19 00:05:00+00:00,2615.3,2616.2,2615.2,2615.7,222,33.0,1.0,393.0,GC
2024-11-19 00:10:00+00:00,2615.7,2616.0,2615.1,2615.3,133,33.0,1.0,393.0,GC
2024-11-19 00:15:00+00:00,2615.3,2615.9,2615.0,2615.9,249,33.0,1.0,393.0,GC
2024-11-19 00:20:00+00:00,2616.0,2616.1,2615.0,2615.2,114,33.0,1.0,393.0,GC
2024-11-19 00:25:00+00:00,2615.3,2616.4,2615.3,2616.4,93,33.0,1.0,393.0,GC
2024-11-19 00:30:00+00:00,2616.5,2617.4,2616.2,2616.2,199,33.0,1.0,393.0,GC
2024-11-19 00:35:00+00:00,2616.3,2616.5,2616.1,2616.2,74,33.0,1.0,393.0,GC
2024-11-19 00:40:00+00:00,2616.2,2616.9,2616.0,2616.1,93,33.0,1.0,393.0,GC
2024-11-19 00:45:00+00:00,2616.0,2616.3,2616.0,2616.2,76,33.0,1.0,393.0,GC
2024-11-19 00:50:00+00:00,2616.2,2617.7,2616.2,2617.1,128,33.0,1.0,393.0,GC
2024-11-19 00:55:00+00:00,2617.1,2617.6,2616.4,2617.3,140,33.0,1.0,393.0,GC
2024-11-19 01:00:00+00:00,2617.4,2619.3,2617.4,2618.7,1070,33.0,1.0,393.0,GC
2024-11-19 01:05:00+00:00,2618.8,2621.2,2617.8,2619.1,1126,33.0,1.0,393.0,GC
2024-11-19 01:10:00+00:00,2619.2,2621.9,2619.2,2621.8,664,33.0,1.0,393.0,GC
2024-11-19 01:15:00+00:00,2622.0,2622.0,2619.4,2619.8,690,33.0,1.0,393.0,GC
2024-11-19 01:20:00+00:00,2619.8,2620.5,2618.6,2619.2,353,33.0,1.0,393.0,GC
2024-11-19 01:25:00+00:00,2619.1,2619.7,2617.3,2617.4,333,33.0,1.0,393.0,GC
2024-11-19 01:30:00+00:00,2617.3,2618.3,2615.5,2618.2,578,33.0,1.0,393.0,GC
2024-11-19 01:35:00+00:00,2618.2,2619.9,2617.3,2619.9,520,33.0,1.0,393.0,GC
2024-11-19 01:40:00+00:00,2619.9,2620.3,2619.0,2619.4,293,33.0,1.0,393.0,GC
2024-11-19 01:45:00+00:00,2619.3,2620.4,2618.4,2619.9,299,33.0,1.0,393.0,GC
2024-11-19 01:50:00+00:00,2619.9,2620.6,2618.9,2620.5,422,33.0,1.0,393.0,GC
2024-11-19 01:55:00+00:00,2620.2,2620.6,2619.5,2619.7,166,33.0,1.0,393.0,GC
2024-11-19 02:00:00+00:00,2619.9,2622.0,2619.9,2621.1,521,33.0,1.0,393.0,GC
2024-11-19 02:05:00+00:00,2621.2,2622.3,2620.5,2622.1,383,33.0,1.0,393.0,GC
2024-11-19 02:10:00+00:00,2622.2,2623.5,2621.4,2622.5,674,33.0,1.0,393.0,GC
2024-11-19 02:15:00+00:00,2622.5,2623.3,2621.7,2623.0,256,33.0,1.0,393.0,GC
2024-11-19 02:20:00+00:00,2623.0,2623.0,2622.1,2622.4,178,33.0,1.0,393.0,GC
2024-11-19 02:25:00+00:00,2622.5,2623.7,2621.7,2623.3,279,33.0,1.0,393.0,GC
2024-11-19 02:30:00+00:00,2623.5,2625.5,2623.4,2624.9,1100,33.0,1.0,393.0,GC
2024-11-19 02:35:00+00:00,2625.1,2626.8,2624.0,2626.7,911,33.0,1.0,393.0,GC
2024-11-19 02:40:00+00:00,2626.7,2628.3,2626.3,2627.3,873,33.0,1.0,393.0,GC
2024-11-19 02:45:00+00:00,2627.3,2628.0,2626.4,2626.9,427,33.0,1.0,393.0,GC
2024-11-19 02:50:00+00:00,2627.0,2627.6,2625.9,2625.9,631,33.0,1.0,393.0,GC
2024-11-19 02:55:00+00:00,2625.9,2627.0,2625.4,2626.6,389,33.0,1.0,393.0,GC
2024-11-19 03:00:00+00:00,2626.5,2628.7,2626.2,2628.0,474,33.0,1.0,393.0,GC
2024-11-19 03:05:00+00:00,2628.2,2629.2,2628.0,2628.6,565,33.0,1.0,393.0,GC
2024-11-19 03:10:00+00:00,2628.7,2629.7,2628.5,2629.2,357,33.0,1.0,393.0,GC
2024-11-19 03:15:00+00:00,2629.0,2629.7,2628.5,2628.6,498,33.0,1.0,393.0,GC
2024-11-19 03:20:00+00:00,2628.6,2628.9,2627.4,2628.4,732,33.0,1.0,393.0,GC
2024-11-19 03:25:00+00:00,2628.4,2628.7,2627.7,2628.2,207,33.0,1.0,393.0,GC
2024-11-19 03:30:00+00:00,2628.1,2629.0,2626.6,2627.3,344,33.0,1.0,393.0,GC
2024-11-19 03:35:00+00:00,2627.2,2627.3,2625.7,2625.8,295,33.0,1.0,393.0,GC
2024-11-19 03:40:00+00:00,2625.8,2627.1,2625.6,2627.0,225,33.0,1.0,393.0,GC
2024-11-19 03:45:00+00:00,2627.1,2628.4,2626.0,2628.0,452,33.0,1.0,393.0,GC
2024-11-19 03:50:00+00:00,2627.9,2628.4,2627.6,2628.4,147,33.0,1.0,393.0,GC
2024-11-19 03:55:00+00:00,2628.4,2628.6,2627.8,2628.5,128,33.0,1.0,393.0,GC
2024-11-19 04:00:00+00:00,2628.4,2628.4,2627.2,2627.2,132,33.0,1.0,393.0,GC
2024-11-19 04:05:00+00:00,2627.2,2627.8,2626.9,2627.4,222,33.0,1.0,393.0,GC
2024-11-19 04:10:00+00:00,2627.5,2628.2,2627.2,2627.3,271,33.0,1.0,393.0,GC
2024-11-19 04:15:00+00:00,2627.4,2627.6,2626.1,2626.7,197,33.0,1.0,393.0,GC
2024-11-19 04:20:00+00:00,2626.6,2626.9,2625.9,2626.0,153,33.0,1.0,393.0,GC
2024-11-19 04:25:00+00:00,2626.2,2626.7,2626.2,2626.2,43,33.0,1.0,393.0,GC
2024-11-19 04:30:00+00:00,2626.2,2626.2,2625.7,2625.8,76,33.0,1.0,393.0,GC
2024-11-19 04:35:00+00:00,2625.8,2627.1,2625.8,2627.0,122,33.0,1.0,393.0,GC
2024-11-19 04:40:00+00:00,2627.2,2628.4,2626.9,2628.2,156,33.0,1.0,393.0,GC
2024-11-19 04:45:00+00:00,2628.4,2629.5,2627.9,2628.6,246,33.0,1.0,393.0,GC
2024-11-19 04:50:00+00:00,2628.7,2628.8,2627.1,2627.1,210,33.0,1.0,393.0,GC
2024-11-19 04:55:00+00:00,2627.2,2627.2,2626.8,2627.1,100,33.0,1.0,393.0,GC
2024-11-19 05:00:00+00:00,2627.1,2627.1,2626.0,2626.4,237,33.0,1.0,393.0,GC
2024-11-19 05:05:00+00:00,2626.7,2627.0,2626.0,2626.3,128,33.0,1.0,393.0,GC
2024-11-19 05:10:00+00:00,2626.4,2626.8,2625.0,2626.8,440,33.0,1.0,393.0,GC
2024-11-19 05:15:00+00:00,2627.0,2627.0,2626.1,2626.2,98,33.0,1.0,393.0,GC
2024-11-19 05:20:00+00:00,2626.3,2627.0,2625.9,2626.9,227,33.0,1.0,393.0,GC
2024-11-19 05:25:00+00:00,2627.0,2627.4,2626.7,2627.2,281,33.0,1.0,393.0,GC
2024-11-19 05:30:00+00:00,2627.2,2627.5,2626.0,2627.2,394,33.0,1.0,393.0,GC
2024-11-19 05:35:00+00:00,2627.0,2627.5,2626.0,2626.9,128,33.0,1.0,393.0,GC
2024-11-19 05:40:00+00:00,2626.9,2627.4,2626.4,2627.1,145,33.0,1.0,393.0,GC
2024-11-19 05:45:00+00:00,2627.1,2627.1,2625.5,2626.3,170,33.0,1.0,393.0,GC
2024-11-19 05:50:00+00:00,2626.5,2626.6,2625.5,2625.9,417,33.0,1.0,393.0,GC
2024-11-19 05:55:00+00:00,2625.8,2627.0,2625.6,2626.6,378,33.0,1.0,393.0,GC
2024-11-19 06:00:00+00:00,2626.4,2628.8,2626.3,2627.3,319,33.0,1.0,393.0,GC
2024-11-19 06:05:00+00:00,2627.3,2627.9,2625.3,2625.3,299,33.0,1.0,393.0,GC
2024-11-19 06:10:00+00:00,2625.4,2626.4,2625.3,2626.1,263,33.0,1.0,393.0,GC
2024-11-19 06:15:00+00:00,2626.1,2626.7,2625.8,2626.4,163,33.0,1.0,393.0,GC
2024-11-19 06:20:00+00:00,2626.5,2627.0,2626.2,2626.8,91,33.0,1.0,393.0,GC
2024-11-19 06:25:00+00:00,2626.7,2627.4,2625.7,2626.2,224,33.0,1.0,393.0,GC
2024-11-19 06:30:00+00:00,2626.4,2626.7,2625.4,2625.7,196,33.0,1.0,393.0,GC
2024-11-19 06:35:00+00:00,2625.7,2626.1,2625.5,2626.0,161,33.0,1.0,393.0,GC
2024-11-19 06:40:00+00:00,2625.9,2627.4,2625.9,2627.2,226,33.0,1.0,393.0,GC
2024-11-19 06:45:00+00:00,2627.1,2628.4,2626.2,2628.3,422,33.0,1.0,393.0,GC
2024-11-19 06:50:00+00:00,2628.4,2630.6,2628.4,2630.4,745,33.0,1.0,393.0,GC
2024-11-19 06:55:00+00:00,2630.3,2630.3,2628.9,2629.0,452,33.0,1.0,393.0,GC
2024-11-19 07:00:00+00:00,2629.1,2629.2,2625.7,2626.5,703,33.0,1.0,393.0,GC
2024-11-19 07:05:00+00:00,2626.5,2626.5,2623.5,2624.0,784,33.0,1.0,393.0,GC
2024-11-19 07:10:00+00:00,2624.0,2624.3,2622.2,2622.8,591,33.0,1.0,393.0,GC
2024-11-19 07:15:00+00:00,2622.9,2623.8,2621.4,2623.3,686,33.0,1.0,393.0,GC
2024-11-19 07:20:00+00:00,2623.2,2623.7,2621.7,2622.4,399,33.0,1.0,393.0,GC
2024-11-19 07:25:00+00:00,2622.4,2623.5,2622.0,2622.4,245,33.0,1.0,393.0,GC
2024-11-19 07:30:00+00:00,2622.5,2623.5,2621.7,2622.6,365,33.0,1.0,393.0,GC
2024-11-19 07:35:00+00:00,2622.7,2624.5,2622.4,2624.4,278,33.0,1.0,393.0,GC
2024-11-19 07:40:00+00:00,2624.6,2624.8,2623.8,2624.4,201,33.0,1.0,393.0,GC
2024-11-19 07:45:00+00:00,2624.4,2624.5,2622.4,2623.1,315,33.0,1.0,393.0,GC
2024-11-19 07:50:00+00:00,2623.0,2623.5,2622.4,2622.7,177,33.0,1.0,393.0,GC
2024-11-19 07:55:00+00:00,2622.6,2623.6,2621.9,2622.9,311,33.0,1.0,393.0,GC
2024-11-19 08:00:00+00:00,2622.7,2624.3,2622.5,2623.9,401,33.0,1.0,393.0,GC
2024-11-19 08:05:00+00:00,2623.8,2623.8,2622.5,2623.1,272,33.0,1.0,393.0,GC
2024-11-19 08:10:00+00:00,2623.1,2624.6,2622.8,2623.1,283,33.0,1.0,393.0,GC
2024-11-19 08:15:00+00:00,2623.1,2625.2,2623.1,2624.5,429,33.0,1.0,393.0,GC
2024-11-19 08:20:00+00:00,2624.5,2625.9,2623.3,2623.6,537,33.0,1.0,393.0,GC
2024-11-19 08:25:00+00:00,2623.6,2624.2,2623.3,2623.6,364,33.0,1.0,393.0,GC
2024-11-19 08:30:00+00:00,2623.7,2624.7,2622.6,2623.9,398,33.0,1.0,393.0,GC
2024-11-19 08:35:00+00:00,2623.7,2625.7,2623.7,2625.6,823,33.0,1.0,393.0,GC
2024-11-19 08:40:00+00:00,2625.6,2631.0,2625.5,2630.5,2113,33.0,1.0,393.0,GC
2024-11-19 08:45:00+00:00,2630.6,2631.0,2629.8,2630.3,1079,33.0,1.0,393.0,GC
2024-11-19 08:50:00+00:00,2630.2,2630.3,2627.0,2629.1,875,33.0,1.0,393.0,GC
2024-11-19 08:55:00+00:00,2629.1,2630.8,2628.3,2630.3,549,33.0,1.0,393.0,GC
2024-11-19 09:00:00+00:00,2630.2,2632.3,2629.7,2631.2,1991,33.0,1.0,393.0,GC
2024-11-19 09:05:00+00:00,2631.2,2631.3,2629.4,2629.8,450,33.0,1.0,393.0,GC
2024-11-19 09:10:00+00:00,2629.9,2631.3,2629.4,2630.4,459,33.0,1.0,393.0,GC
2024-11-19 09:15:00+00:00,2630.2,2633.9,2629.3,2633.8,2286,33.0,1.0,393.0,GC
2024-11-19 09:20:00+00:00,2633.9,2635.9,2632.2,2635.1,1972,33.0,1.0,393.0,GC
2024-11-19 09:25:00+00:00,2635.1,2635.9,2632.3,2634.6,1280,33.0,1.0,393.0,GC
2024-11-19 09:30:00+00:00,2634.5,2637.3,2634.2,2637.1,1598,33.0,1.0,393.0,GC
2024-11-19 09:35:00+00:00,2637.0,2638.4,2636.3,2637.3,1167,33.0,1.0,393.0,GC
2024-11-19 09:40:00+00:00,2637.2,2637.4,2634.7,2634.8,767,33.0,1.0,393.0,GC
2024-11-19 09:45:00+00:00,2634.9,2635.9,2633.8,2635.0,1074,33.0,1.0,393.0,GC
2024-11-19 09:50:00+00:00,2634.9,2635.0,2633.4,2634.3,928,33.0,1.0,393.0,GC
2024-11-19 09:55:00+00:00,2634.1,2636.0,2633.8,2634.1,401,33.0,1.0,393.0,GC
2024-11-19 10:00:00+00:00,2634.2,2637.0,2633.9,2636.7,557,33.0,1.0,393.0,GC
2024-11-19 10:05:00+00:00,2636.9,2638.7,2636.7,2638.3,725,33.0,1.0,393.0,GC
2024-11-19 10:10:00+00:00,2638.3,2638.5,2636.6,2637.9,757,33.0,1.0,393.0,GC
2024-11-19 10:15:00+00:00,2638.0,2638.4,2637.2,2637.6,516,33.0,1.0,393.0,GC
2024-11-19 10:20:00+00:00,2637.5,2637.6,2635.6,2635.6,676,33.0,1.0,393.0,GC
2024-11-19 10:25:00+00:00,2635.7,2639.3,2635.7,2638.6,956,33.0,1.0,393.0,GC
2024-11-19 10:30:00+00:00,2638.5,2639.9,2637.1,2637.4,1195,33.0,1.0,393.0,GC
2024-11-19 10:35:00+00:00,2637.5,2638.6,2637.4,2638.3,416,33.0,1.0,393.0,GC
2024-11-19 10:40:00+00:00,2638.3,2639.4,2638.0,2638.9,318,33.0,1.0,393.0,GC
2024-11-19 10:45:00+00:00,2638.9,2640.6,2638.3,2640.1,502,33.0,1.0,393.0,GC
2024-11-19 10:50:00+00:00,2640.1,2640.2,2638.7,2639.2,403,33.0,1.0,393.0,GC
2024-11-19 10:55:00+00:00,2639.2,2639.4,2637.8,2638.9,235,33.0,1.0,393.0,GC
2024-11-19 11:00:00+00:00,2638.9,2639.9,2638.2,2638.2,303,33.0,1.0,393.0,GC
2024-11-19 11:05:00+00:00,2638.3,2639.8,2638.0,2638.8,410,33.0,1.0,393.0,GC
2024-11-19 11:10:00+00:00,2638.8,2639.1,2637.8,2638.5,403,33.0,1.0,393.0,GC
2024-11-19 11:15:00+00:00,2638.5,2639.0,2637.8,2638.8,315,33.0,1.0,393.0,GC
2024-11-19 11:20:00+00:00,2638.9,2639.6,2638.5,2639.1,398,33.0,1.0,393.0,GC
2024-11-19 11:25:00+00:00,2639.1,2639.5,2638.2,2638.3,353,33.0,1.0,393.0,GC
2024-11-19 11:30:00+00:00,2638.4,2638.9,2636.3,2636.4,736,33.0,1.0,393.0,GC
2024-11-19 11:35:00+00:00,2636.4,2637.4,2635.7,2636.8,565,33.0,1.0,393.0,GC
2024-11-19 11:40:00+00:00,2636.7,2638.3,2636.7,2637.6,442,33.0,1.0,393.0,GC
2024-11-19 11:45:00+00:00,2637.6,2638.3,2636.1,2636.4,449,33.0,1.0,393.0,GC
2024-11-19 11:50:00+00:00,2636.3,2636.4,2635.3,2635.7,507,33.0,1.0,393.0,GC
2024-11-19 11:55:00+00:00,2635.5,2636.1,2632.6,2633.2,1619,33.0,1.0,393.0,GC
2024-11-19 12:00:00+00:00,2633.2,2634.0,2632.4,2633.5,673,33.0,1.0,393.0,GC
2024-11-19 12:05:00+00:00,2633.6,2634.5,2633.2,2633.7,457,33.0,1.0,393.0,GC
2024-11-19 12:10:00+00:00,2633.9,2635.2,2633.5,2635.0,529,33.0,1.0,393.0,GC
2024-11-19 12:15:00+00:00,2635.1,2637.0,2634.6,2637.0,818,33.0,1.0,393.0,GC
2024-11-19 12:20:00+00:00,2637.0,2639.3,2637.0,2638.8,928,33.0,1.0,393.0,GC
2024-11-19 12:25:00+00:00,2638.8,2639.9,2638.4,2639.6,707,33.0,1.0,393.0,GC
2024-11-19 12:30:00+00:00,2639.5,2640.8,2638.8,2639.4,854,33.0,1.0,393.0,GC
2024-11-19 12:35:00+00:00,2639.4,2640.5,2639.2,2640.1,598,33.0,1.0,393.0,GC
2024-11-19 12:40:00+00:00,2640.0,2640.8,2638.9,2639.2,610,33.0,1.0,393.0,GC
2024-11-19 12:45:00+00:00,2639.0,2639.2,2637.4,2637.8,710,33.0,1.0,393.0,GC
2024-11-19 12:50:00+00:00,2637.7,2639.4,2636.8,2639.2,758,33.0,1.0,393.0,GC
2024-11-19 12:55:00+00:00,2639.4,2643.2,2639.2,2643.2,1813,33.0,1.0,393.0,GC
2024-11-19 13:00:00+00:00,2643.3,2643.4,2641.3,2642.0,1466,33.0,1.0,393.0,GC
2024-11-19 13:05:00+00:00,2642.0,2643.0,2640.8,2642.3,1032,33.0,1.0,393.0,GC
2024-11-19 13:10:00+00:00,2642.1,2642.4,2640.4,2641.8,689,33.0,1.0,393.0,GC
2024-11-19 13:15:00+00:00,2641.7,2642.1,2637.2,2638.0,1577,33.0,1.0,393.0,GC
2024-11-19 13:20:00+00:00,2637.9,2638.1,2633.7,2635.4,2488,33.0,1.0,393.0,GC
2024-11-19 13:25:00+00:00,2635.3,2636.3,2633.4,2634.0,1399,33.0,1.0,393.0,GC
2024-11-19 13:30:00+00:00,2633.9,2637.7,2633.1,2637.7,1822,33.0,1.0,393.0,GC
2024-11-19 13:35:00+00:00,2637.8,2639.9,2636.5,2636.7,1660,33.0,1.0,393.0,GC
2024-11-19 13:40:00+00:00,2636.7,2640.3,2636.6,2638.7,1494,33.0,1.0,393.0,GC
2024-11-19 13:45:00+00:00,2638.7,2639.2,2636.4,2636.6,1243,33.0,1.0,393.0,GC
2024-11-19 13:50:00+00:00,2636.6,2640.6,2636.4,2640.2,1529,33.0,1.0,393.0,GC
2024-11-19 13:55:00+00:00,2640.2,2640.9,2638.6,2639.2,997,33.0,1.0,393.0,GC
2024-11-19 14:00:00+00:00,2639.1,2640.9,2638.3,2639.6,873,33.0,1.0,393.0,GC
2024-11-19 14:05:00+00:00,2639.6,2639.7,2633.6,2636.2,2728,33.0,1.0,393.0,GC
2024-11-19 14:10:00+00:00,2636.0,2636.2,2633.5,2633.8,1391,33.0,1.0,393.0,GC
2024-11-19 14:15:00+00:00,2633.8,2634.6,2628.1,2629.8,3100,33.0,1.0,393.0,GC
2024-11-19 14:20:00+00:00,2629.9,2630.5,2628.0,2628.9,2274,33.0,1.0,393.0,GC
2024-11-19 14:25:00+00:00,2629.1,2632.8,2629.1,2631.9,1853,33.0,1.0,393.0,GC
2024-11-19 14:30:00+00:00,2632.0,2633.8,2630.0,2631.2,2292,33.0,1.0,393.0,GC
2024-11-19 14:35:00+00:00,2631.1,2633.3,2630.1,2631.0,1557,33.0,1.0,393.0,GC
2024-11-19 14:40:00+00:00,2631.0,2633.9,2630.8,2633.8,1107,33.0,1.0,393.0,GC
2024-11-19 14:45:00+00:00,2633.7,2635.0,2632.3,2632.8,1267,33.0,1.0,393.0,GC
2024-11-19 14:50:00+00:00,2632.8,2632.8,2628.6,2629.5,1604,33.0,1.0,393.0,GC
2024-11-19 14:55:00+00:00,2629.5,2630.7,2626.2,2626.9,2177,33.0,1.0,393.0,GC
2024-11-19 15:00:00+00:00,2626.9,2629.3,2625.9,2627.4,2096,33.0,1.0,393.0,GC
2024-11-19 15:05:00+00:00,2627.7,2630.5,2627.4,2630.0,1191,33.0,1.0,393.0,GC
2024-11-19 15:10:00+00:00,2629.9,2632.0,2629.6,2631.9,993,33.0,1.0,393.0,GC
2024-11-19 15:15:00+00:00,2632.0,2632.5,2628.9,2629.8,957,33.0,1.0,393.0,GC
2024-11-19 15:20:00+00:00,2629.8,2631.6,2628.5,2631.2,646,33.0,1.0,393.0,GC
2024-11-19 15:25:00+00:00,2631.2,2632.2,2630.5,2631.3,458,33.0,1.0,393.0,GC
2024-11-19 15:30:00+00:00,2631.5,2632.1,2627.1,2627.7,1609,33.0,1.0,393.0,GC
2024-11-19 15:35:00+00:00,2627.8,2628.6,2624.5,2628.2,2079,33.0,1.0,393.0,GC
2024-11-19 15:40:00+00:00,2628.1,2630.6,2627.7,2630.3,1156,33.0,1.0,393.0,GC
2024-11-19 15:45:00+00:00,2630.2,2631.4,2628.1,2628.5,883,33.0,1.0,393.0,GC
2024-11-19 15:50:00+00:00,2628.5,2628.5,2625.9,2627.4,832,33.0,1.0,393.0,GC
2024-11-19 15:55:00+00:00,2627.4,2628.8,2627.0,2628.2,557,33.0,1.0,393.0,GC
2024-11-19 16:00:00+00:00,2628.5,2629.4,2626.9,2627.6,669,33.0,1.0,393.0,GC
2024-11-19 16:05:00+00:00,2627.6,2629.8,2626.9,2629.3,596,33.0,1.0,393.0,GC
2024-11-19 16:10:00+00:00,2629.4,2630.0,2627.8,2628.8,740,33.0,1.0,393.0,GC
2024-11-19 16:15:00+00:00,2628.9,2632.3,2628.9,2632.0,1566,33.0,1.0,393.0,GC
2024-11-19 16:20:00+00:00,2632.1,2632.3,2629.0,2629.3,873,33.0,1.0,393.0,GC
2024-11-19 16:25:00+00:00,2629.2,2629.3,2627.7,2628.0,655,33.0,1.0,393.0,GC
2024-11-19 16:30:00+00:00,2627.9,2629.2,2627.0,2627.1,553,33.0,1.0,393.0,GC
2024-11-19 16:35:00+00:00,2627.0,2627.7,2626.8,2627.6,363,33.0,1.0,393.0,GC
2024-11-19 16:40:00+00:00,2627.5,2628.5,2626.6,2627.0,509,33.0,1.0,393.0,GC
2024-11-19 16:45:00+00:00,2626.8,2628.0,2626.0,2627.1,677,33.0,1.0,393.0,GC
2024-11-19 16:50:00+00:00,2627.1,2630.0,2626.9,2629.9,737,33.0,1.0,393.0,GC
2024-11-19 16:55:00+00:00,2629.8,2630.4,2628.9,2630.2,478,33.0,1.0,393.0,GC
2024-11-19 17:00:00+00:00,2630.1,2631.3,2629.3,2630.9,443,33.0,1.0,393.0,GC
2024-11-19 17:05:00+00:00,2630.9,2632.5,2630.5,2632.2,626,33.0,1.0,393.0,GC
2024-11-19 17:10:00+00:00,2632.2,2633.5,2631.3,2633.4,575,33.0,1.0,393.0,GC
2024-11-19 17:15:00+00:00,2633.3,2634.7,2632.9,2634.5,501,33.0,1.0,393.0,GC
2024-11-19 17:20:00+00:00,2634.5,2636.3,2633.6,2636.0,867,33.0,1.0,393.0,GC
2024-11-19 17:25:00+00:00,2636.0,2637.0,2635.5,2636.3,812,33.0,1.0,393.0,GC
2024-11-19 17:30:00+00:00,2636.3,2636.6,2634.2,2634.8,757,33.0,1.0,393.0,GC
2024-11-19 17:35:00+00:00,2634.7,2635.2,2633.6,2634.9,551,33.0,1.0,393.0,GC
2024-11-19 17:40:00+00:00,2634.9,2635.1,2633.5,2633.8,409,33.0,1.0,393.0,GC
2024-11-19 17:45:00+00:00,2633.7,2634.0,2632.4,2632.8,629,33.0,1.0,393.0,GC
2024-11-19 17:50:00+00:00,2632.9,2633.6,2632.0,2632.2,419,33.0,1.0,393.0,GC
2024-11-19 17:55:00+00:00,2632.2,2632.5,2631.1,2631.8,465,33.0,1.0,393.0,GC
2024-11-19 18:00:00+00:00,2631.8,2631.8,2629.9,2631.6,669,33.0,1.0,393.0,GC
2024-11-19 18:05:00+00:00,2631.7,2632.7,2631.7,2632.2,314,33.0,1.0,393.0,GC
2024-11-19 18:10:00+00:00,2632.2,2632.8,2631.4,2632.5,239,33.0,1.0,393.0,GC
2024-11-19 18:15:00+00:00,2632.5,2633.2,2632.0,2632.4,316,33.0,1.0,393.0,GC
2024-11-19 18:20:00+00:00,2632.5,2633.7,2632.1,2632.3,479,33.0,1.0,393.0,GC
2024-11-19 18:25:00+00:00,2632.1,2632.1,2630.1,2631.0,1237,33.0,1.0,393.0,GC
2024-11-19 18:30:00+00:00,2631.0,2631.2,2630.4,2630.8,377,33.0,1.0,393.0,GC
2024-11-19 18:35:00+00:00,2631.0,2632.5,2630.8,2632.1,239,33.0,1.0,393.0,GC
2024-11-19 18:40:00+00:00,2632.0,2632.8,2631.5,2632.5,229,33.0,1.0,393.0,GC
2024-11-19 18:45:00+00:00,2632.6,2633.2,2632.1,2633.0,199,33.0,1.0,393.0,GC
2024-11-19 18:50:00+00:00,2633.0,2634.0,2632.3,2633.7,200,33.0,1.0,393.0,GC
2024-11-19 18:55:00+00:00,2633.9,2634.3,2633.2,2633.9,163,33.0,1.0,393.0,GC
2024-11-19 19:00:00+00:00,2634.0,2634.8,2633.8,2634.7,273,33.0,1.0,393.0,GC
2024-11-19 19:05:00+00:00,2634.7,2634.8,2633.3,2634.2,199,33.0,1.0,393.0,GC
2024-11-19 19:10:00+00:00,2634.2,2635.5,2634.2,2635.0,172,33.0,1.0,393.0,GC
2024-11-19 19:15:00+00:00,2635.1,2635.2,2632.9,2633.3,307,33.0,1.0,393.0,GC
2024-11-19 19:20:00+00:00,2633.1,2634.8,2632.7,2634.7,203,33.0,1.0,393.0,GC
2024-11-19 19:25:00+00:00,2634.6,2634.8,2633.7,2633.9,170,33.0,1.0,393.0,GC
2024-11-19 19:30:00+00:00,2633.7,2634.5,2633.1,2633.4,263,33.0,1.0,393.0,GC
2024-11-19 19:35:00+00:00,2633.3,2634.2,2633.2,2633.7,152,33.0,1.0,393.0,GC
2024-11-19 19:40:00+00:00,2633.7,2634.5,2633.5,2634.0,182,33.0,1.0,393.0,GC
2024-11-19 19:45:00+00:00,2634.0,2634.6,2633.6,2634.3,114,33.0,1.0,393.0,GC
2024-11-19 19:50:00+00:00,2634.5,2634.8,2634.2,2634.7,73,33.0,1.0,393.0,GC
2024-11-19 19:55:00+00:00,2634.8,2635.3,2634.3,2634.5,177,33.0,1.0,393.0,GC
2024-11-19 20:00:00+00:00,2634.5,2635.1,2634.2,2635.0,134,33.0,1.0,393.0,GC
2024-11-19 20:05:00+00:00,2635.0,2658.4,2634.2,2634.6,60,33.0,1.0,393.0,GC
2024-11-19 20:10:00+00:00,2634.7,2635.7,2634.3,2635.4,150,33.0,1.0,393.0,GC
2024-11-19 20:15:00+00:00,2635.4,2635.7,2635.0,2635.6,163,33.0,1.0,393.0,GC
2024-11-19 20:20:00+00:00,2635.5,2636.1,2635.5,2635.8,129,33.0,1.0,393.0,GC
2024-11-19 20:25:00+00:00,2635.8,2636.1,2635.4,2635.7,118,33.0,1.0,393.0,GC
2024-11-19 20:30:00+00:00,2635.7,2635.7,2634.5,2635.0,317,33.0,1.0,393.0,GC
2024-11-19 20:35:00+00:00,2635.0,2635.9,2635.0,2635.8,109,33.0,1.0,393.0,GC
2024-11-19 20:40:00+00:00,2635.8,2636.6,2635.8,2636.0,236,33.0,1.0,393.0,GC
2024-11-19 20:45:00+00:00,2636.0,2637.6,2635.9,2637.5,306,33.0,1.0,393.0,GC
2024-11-19 20:50:00+00:00,2637.5,2638.4,2637.4,2637.8,485,33.0,1.0,393.0,GC
2024-11-19 20:55:00+00:00,2637.9,2638.1,2637.2,2637.4,518,33.0,1.0,393.0,GC
2024-11-19 21:00:00+00:00,2637.4,2637.6,2635.8,2635.8,313,33.0,1.0,393.0,GC
2024-11-19 21:05:00+00:00,2635.8,2635.8,2634.9,2635.5,223,33.0,1.0,393.0,GC
2024-11-19 21:10:00+00:00,2635.5,2635.5,2634.6,2635.1,103,33.0,1.0,393.0,GC
2024-11-19 21:15:00+00:00,2635.2,2635.5,2634.0,2634.3,312,33.0,1.0,393.0,GC
2024-11-19 21:20:00+00:00,2634.2,2636.8,2634.2,2635.8,508,33.0,1.0,393.0,GC
2024-11-19 21:25:00+00:00,2635.7,2636.5,2635.5,2636.3,185,33.0,1.0,393.0,GC
2024-11-19 21:30:00+00:00,2636.4,2636.6,2635.5,2636.1,199,33.0,1.0,393.0,GC
2024-11-19 21:35:00+00:00,2636.1,2637.3,2635.9,2635.9,282,33.0,1.0,393.0,GC
2024-11-19 21:40:00+00:00,2635.8,2636.1,2635.4,2635.8,94,33.0,1.0,393.0,GC
2024-11-19 21:45:00+00:00,2635.9,2636.0,2635.3,2635.3,62,33.0,1.0,393.0,GC
2024-11-19 21:50:00+00:00,2635.4,2636.5,2635.4,2636.1,88,33.0,1.0,393.0,GC
2024-11-19 21:55:00+00:00,2636.2,2636.3,2635.6,2635.7,80,33.0,1.0,393.0,GC
2024-11-19 23:00:00+00:00,2635.8,2635.9,2635.4,2635.7,156,33.0,1.0,393.0,GC
2024-11-19 23:05:00+00:00,2635.6,2635.8,2635.2,2635.3,146,33.0,1.0,393.0,GC
2024-11-19 23:10:00+00:00,2635.4,2636.6,2634.9,2636.3,364,33.0,1.0,393.0,GC
2024-11-19 23:15:00+00:00,2636.4,2636.8,2636.2,2636.7,260,33.0,1.0,393.0,GC
2024-11-19 23:20:00+00:00,2636.7,2636.9,2636.2,2636.6,176,33.0,1.0,393.0,GC
2024-11-19 23:25:00+00:00,2636.6,2637.4,2636.6,2636.9,98,33.0,1.0,393.0,GC
2024-11-19 23:30:00+00:00,2637.1,2637.1,2636.6,2637.1,65,33.0,1.0,393.0,GC
2024-11-19 23:35:00+00:00,2637.2,2637.8,2637.1,2637.5,202,33.0,1.0,393.0,GC
2024-11-19 23:40:00+00:00,2637.3,2637.7,2637.2,2637.7,39,33.0,1.0,393.0,GC
2024-11-19 23:45:00+00:00,2637.7,2637.8,2637.0,2637.8,73,33.0,1.0,393.0,GC
2024-11-19 23:50:00+00:00,2637.6,2638.2,2637.1,2637.8,135,33.0,1.0,393.0,GC
2024-11-19 23:55:00+00:00,2637.9,2638.4,2637.5,2638.0,112,33.0,1.0,393.0,GC
2024-11-20 00:00:00+00:00,2638.0,2638.0,2637.4,2638.0,81,33.0,1.0,393.0,GC
2024-11-20 00:05:00+00:00,2638.0,2639.1,2637.9,2638.9,288,33.0,1.0,393.0,GC
2024-11-20 00:10:00+00:00,2638.9,2639.6,2638.7,2639.4,246,33.0,1.0,393.0,GC
2024-11-20 00:15:00+00:00,2639.4,2639.6,2638.5,2639.4,132,33.0,1.0,393.0,GC
2024-11-20 00:20:00+00:00,2639.2,2640.3,2639.1,2640.3,198,33.0,1.0,393.0,GC
2024-11-20 00:25:00+00:00,2640.3,2641.0,2639.7,2640.9,209,33.0,1.0,393.0,GC
2024-11-20 00:30:00+00:00,2640.9,2641.4,2640.0,2641.2,270,33.0,1.0,393.0,GC
2024-11-20 00:35:00+00:00,2641.1,2641.8,2640.5,2641.0,422,33.0,1.0,393.0,GC
2024-11-20 00:40:00+00:00,2641.0,2641.1,2640.5,2640.9,89,33.0,1.0,393.0,GC
2024-11-20 00:45:00+00:00,2640.9,2642.1,2640.8,2641.2,222,33.0,1.0,393.0,GC
2024-11-20 00:50:00+00:00,2641.2,2642.3,2641.1,2641.9,169,33.0,1.0,393.0,GC
2024-11-20 00:55:00+00:00,2642.0,2642.0,2640.8,2640.9,152,33.0,1.0,393.0,GC
2024-11-20 01:00:00+00:00,2641.0,2644.6,2640.7,2643.0,1040,33.0,1.0,393.0,GC
2024-11-20 01:05:00+00:00,2643.2,2643.4,2641.3,2642.7,415,33.0,1.0,393.0,GC
2024-11-20 01:10:00+00:00,2642.9,2643.7,2641.4,2642.0,482,33.0,1.0,393.0,GC
2024-11-20 01:15:00+00:00,2641.9,2642.4,2640.7,2642.4,256,33.0,1.0,393.0,GC
2024-11-20 01:20:00+00:00,2642.3,2643.1,2641.7,2642.8,217,33.0,1.0,393.0,GC
2024-11-20 01:25:00+00:00,2642.7,2642.7,2638.9,2639.7,534,33.0,1.0,393.0,GC
2024-11-20 01:30:00+00:00,2639.7,2640.3,2638.8,2639.5,447,33.0,1.0,393.0,GC
2024-11-20 01:35:00+00:00,2639.5,2642.0,2639.1,2641.5,432,33.0,1.0,393.0,GC
2024-11-20 01:40:00+00:00,2641.7,2642.4,2640.9,2642.4,171,33.0,1.0,393.0,GC
2024-11-20 01:45:00+00:00,2642.3,2643.2,2642.0,2643.1,233,33.0,1.0,393.0,GC
2024-11-20 01:50:00+00:00,2643.0,2643.9,2642.4,2642.6,264,33.0,1.0,393.0,GC
2024-11-20 01:55:00+00:00,2642.7,2642.9,2641.3,2642.8,312,33.0,1.0,393.0,GC
2024-11-20 02:00:00+00:00,2642.9,2642.9,2641.7,2641.9,282,33.0,1.0,393.0,GC
2024-11-20 02:05:00+00:00,2641.9,2643.4,2641.9,2642.6,185,33.0,1.0,393.0,GC
2024-11-20 02:10:00+00:00,2642.5,2644.9,2642.5,2644.5,345,33.0,1.0,393.0,GC
2024-11-20 02:15:00+00:00,2644.5,2644.8,2643.8,2644.5,390,33.0,1.0,393.0,GC
2024-11-20 02:20:00+00:00,2644.5,2644.5,2643.5,2643.9,174,33.0,1.0,393.0,GC
2024-11-20 02:25:00+00:00,2644.1,2645.0,2643.6,2644.5,164,33.0,1.0,393.0,GC
2024-11-20 02:30:00+00:00,2644.5,2645.3,2643.0,2644.2,413,33.0,1.0,393.0,GC
2024-11-20 02:35:00+00:00,2644.3,2644.5,2643.5,2643.7,267,33.0,1.0,393.0,GC
2024-11-20 02:40:00+00:00,2643.8,2644.6,2643.3,2643.6,343,33.0,1.0,393.0,GC
2024-11-20 02:45:00+00:00,2643.6,2644.2,2642.7,2642.9,225,33.0,1.0,393.0,GC
2024-11-20 02:50:00+00:00,2643.0,2643.5,2642.5,2642.9,296,33.0,1.0,393.0,GC
2024-11-20 02:55:00+00:00,2643.0,2643.8,2643.0,2643.4,150,33.0,1.0,393.0,GC
2024-11-20 03:00:00+00:00,2643.6,2666.8,2642.9,2643.7,197,33.0,1.0,393.0,GC
2024-11-20 03:05:00+00:00,2643.7,2644.4,2643.5,2644.3,165,33.0,1.0,393.0,GC
2024-11-20 03:10:00+00:00,2644.1,2644.7,2643.8,2643.9,204,33.0,1.0,393.0,GC
2024-11-20 03:15:00+00:00,2643.8,2644.6,2643.5,2643.8,143,33.0,1.0,393.0,GC
2024-11-20 03:20:00+00:00,2644.1,2644.2,2643.5,2643.9,143,33.0,1.0,393.0,GC
2024-11-20 03:25:00+00:00,2643.8,2644.7,2643.8,2644.0,160,33.0,1.0,393.0,GC
2024-11-20 03:30:00+00:00,2644.1,2644.3,2643.2,2643.5,248,33.0,1.0,393.0,GC
2024-11-20 03:35:00+00:00,2643.6,2643.9,2642.9,2643.1,137,33.0,1.0,393.0,GC
2024-11-20 03:40:00+00:00,2643.2,2643.8,2642.8,2642.8,137,33.0,1.0,393.0,GC
2024-11-20 03:45:00+00:00,2642.8,2643.0,2642.6,2642.7,68,33.0,1.0,393.0,GC
2024-11-20 03:50:00+00:00,2642.9,2643.2,2641.9,2642.3,151,33.0,1.0,393.0,GC
2024-11-20 03:55:00+00:00,2642.2,2642.2,2640.9,2641.2,432,33.0,1.0,393.0,GC
2024-11-20 04:00:00+00:00,2641.2,2641.5,2640.4,2640.9,161,33.0,1.0,393.0,GC
2024-11-20 04:05:00+00:00,2640.9,2641.1,2640.4,2641.1,124,33.0,1.0,393.0,GC
2024-11-20 04:10:00+00:00,2641.1,2641.9,2641.0,2641.4,159,33.0,1.0,393.0,GC
2024-11-20 04:15:00+00:00,2641.3,2642.0,2641.2,2641.2,104,33.0,1.0,393.0,GC
2024-11-20 04:20:00+00:00,2641.0,2641.3,2640.8,2641.1,57,33.0,1.0,393.0,GC
2024-11-20 04:25:00+00:00,2641.0,2641.0,2640.1,2640.1,137,33.0,1.0,393.0,GC
2024-11-20 04:30:00+00:00,2640.3,2640.3,2639.3,2639.5,171,33.0,1.0,393.0,GC
2024-11-20 04:35:00+00:00,2639.3,2640.7,2639.3,2640.4,124,33.0,1.0,393.0,GC
2024-11-20 04:40:00+00:00,2640.5,2640.8,2639.6,2639.7,129,33.0,1.0,393.0,GC
2024-11-20 04:45:00+00:00,2639.6,2640.6,2639.6,2640.0,108,33.0,1.0,393.0,GC
2024-11-20 04:50:00+00:00,2640.1,2640.3,2639.7,2640.0,38,33.0,1.0,393.0,GC
2024-11-20 04:55:00+00:00,2640.2,2640.2,2639.5,2639.9,101,33.0,1.0,393.0,GC
2024-11-20 05:00:00+00:00,2639.9,2640.0,2638.5,2639.1,278,33.0,1.0,393.0,GC
2024-11-20 05:05:00+00:00,2639.3,2639.8,2638.8,2639.0,100,33.0,1.0,393.0,GC
2024-11-20 05:10:00+00:00,2638.9,2639.4,2638.2,2639.1,205,33.0,1.0,393.0,GC
2024-11-20 05:15:00+00:00,2639.0,2639.7,2638.5,2639.0,134,33.0,1.0,393.0,GC
2024-11-20 05:20:00+00:00,2639.2,2640.0,2639.2,2639.3,150,33.0,1.0,393.0,GC
2024-11-20 05:25:00+00:00,2639.5,2641.0,2639.3,2640.4,307,33.0,1.0,393.0,GC
2024-11-20 05:30:00+00:00,2640.4,2640.7,2639.0,2639.4,649,33.0,1.0,393.0,GC
2024-11-20 05:35:00+00:00,2639.3,2641.1,2638.5,2641.0,424,33.0,1.0,393.0,GC
2024-11-20 05:40:00+00:00,2640.9,2641.9,2640.6,2641.2,332,33.0,1.0,393.0,GC
2024-11-20 05:45:00+00:00,2641.3,2641.5,2640.6,2640.6,100,33.0,1.0,393.0,GC
2024-11-20 05:50:00+00:00,2641.0,2641.7,2639.1,2639.3,198,33.0,1.0,393.0,GC
2024-11-20 05:55:00+00:00,2639.4,2640.7,2639.2,2640.2,203,33.0,1.0,393.0,GC
2024-11-20 06:00:00+00:00,2640.1,2640.4,2637.9,2638.9,471,33.0,1.0,393.0,GC
2024-11-20 06:05:00+00:00,2638.8,2639.1,2635.0,2635.2,877,33.0,1.0,393.0,GC
2024-11-20 06:10:00+00:00,2635.4,2636.6,2634.0,2634.0,820,33.0,1.0,393.0,GC
2024-11-20 06:15:00+00:00,2634.1,2635.4,2632.6,2632.8,685,33.0,1.0,393.0,GC
2024-11-20 06:20:00+00:00,2632.7,2634.8,2631.6,2634.1,974,33.0,1.0,393.0,GC
2024-11-20 06:25:00+00:00,2634.0,2635.5,2632.8,2634.4,585,33.0,1.0,393.0,GC
2024-11-20 06:30:00+00:00,2634.5,2634.8,2632.6,2633.4,431,33.0,1.0,393.0,GC
2024-11-20 06:35:00+00:00,2633.5,2634.9,2632.4,2634.9,522,33.0,1.0,393.0,GC
2024-11-20 06:40:00+00:00,2634.8,2635.0,2634.1,2634.4,162,33.0,1.0,393.0,GC
2024-11-20 06:45:00+00:00,2634.5,2635.0,2633.9,2634.0,243,33.0,1.0,393.0,GC
2024-11-20 06:50:00+00:00,2634.0,2634.0,2632.7,2633.2,306,33.0,1.0,393.0,GC
2024-11-20 06:55:00+00:00,2633.2,2633.4,2631.9,2632.8,358,33.0,1.0,393.0,GC
2024-11-20 07:00:00+00:00,2632.6,2633.5,2631.0,2631.1,495,33.0,1.0,393.0,GC
2024-11-20 07:05:00+00:00,2631.3,2632.2,2630.5,2630.9,652,33.0,1.0,393.0,GC
2024-11-20 07:10:00+00:00,2631.0,2632.8,2631.0,2632.5,453,33.0,1.0,393.0,GC
2024-11-20 07:15:00+00:00,2632.6,2633.4,2632.3,2632.5,240,33.0,1.0,393.0,GC
2024-11-20 07:20:00+00:00,2632.7,2633.1,2630.8,2631.1,485,33.0,1.0,393.0,GC
2024-11-20 07:25:00+00:00,2631.2,2631.6,2628.7,2629.3,623,33.0,1.0,393.0,GC
2024-11-20 07:30:00+00:00,2629.2,2630.2,2627.0,2627.1,991,33.0,1.0,393.0,GC
2024-11-20 07:35:00+00:00,2627.1,2628.1,2626.3,2627.0,888,33.0,1.0,393.0,GC
2024-11-20 07:40:00+00:00,2627.1,2628.8,2626.9,2627.4,320,33.0,1.0,393.0,GC
2024-11-20 07:45:00+00:00,2627.3,2628.5,2627.2,2627.7,357,33.0,1.0,393.0,GC
2024-11-20 07:50:00+00:00,2627.5,2627.5,2625.6,2626.5,600,33.0,1.0,393.0,GC
2024-11-20 07:55:00+00:00,2626.5,2626.8,2624.2,2624.6,863,33.0,1.0,393.0,GC
2024-11-20 08:00:00+00:00,2624.5,2624.6,2621.9,2624.2,1312,33.0,1.0,393.0,GC
2024-11-20 08:05:00+00:00,2624.2,2626.0,2624.1,2624.7,772,33.0,1.0,393.0,GC
2024-11-20 08:10:00+00:00,2624.7,2626.9,2624.3,2626.2,398,33.0,1.0,393.0,GC
2024-11-20 08:15:00+00:00,2626.1,2626.5,2625.2,2626.1,322,33.0,1.0,393.0,GC
2024-11-20 08:20:00+00:00,2626.1,2626.1,2624.0,2624.6,257,33.0,1.0,393.0,GC
2024-11-20 08:25:00+00:00,2624.6,2625.9,2624.4,2625.1,352,33.0,1.0,393.0,GC
2024-11-20 08:30:00+00:00,2625.0,2625.9,2624.1,2625.6,430,33.0,1.0,393.0,GC
2024-11-20 08:35:00+00:00,2625.8,2626.8,2625.6,2626.1,372,33.0,1.0,393.0,GC
2024-11-20 08:40:00+00:00,2626.1,2626.7,2624.6,2624.8,442,33.0,1.0,393.0,GC
2024-11-20 08:45:00+00:00,2625.0,2626.5,2625.0,2626.0,227,33.0,1.0,393.0,GC
2024-11-20 08:50:00+00:00,2625.9,2627.0,2625.9,2626.8,322,33.0,1.0,393.0,GC
2024-11-20 08:55:00+00:00,2626.8,2627.7,2626.6,2627.4,289,33.0,1.0,393.0,GC
2024-11-20 09:00:00+00:00,2627.4,2628.7,2626.4,2628.0,664,33.0,1.0,393.0,GC
2024-11-20 09:05:00+00:00,2628.0,2628.9,2627.9,2628.1,931,33.0,1.0,393.0,GC
2024-11-20 09:10:00+00:00,2628.0,2629.1,2628.0,2628.8,255,33.0,1.0,393.0,GC
2024-11-20 09:15:00+00:00,2628.8,2628.8,2627.3,2628.2,214,33.0,1.0,393.0,GC
2024-11-20 09:20:00+00:00,2628.0,2628.5,2626.5,2626.7,288,33.0,1.0,393.0,GC
2024-11-20 09:25:00+00:00,2626.6,2627.0,2624.8,2625.0,473,33.0,1.0,393.0,GC
2024-11-20 09:30:00+00:00,2625.1,2626.4,2624.7,2625.7,373,33.0,1.0,393.0,GC
2024-11-20 09:35:00+00:00,2625.8,2627.2,2625.4,2625.8,322,33.0,1.0,393.0,GC
2024-11-20 09:40:00+00:00,2626.0,2626.8,2625.5,2626.0,168,33.0,1.0,393.0,GC
2024-11-20 09:45:00+00:00,2626.0,2626.6,2624.9,2625.5,266,33.0,1.0,393.0,GC
2024-11-20 09:50:00+00:00,2625.7,2626.5,2624.4,2626.0,534,33.0,1.0,393.0,GC
2024-11-20 09:55:00+00:00,2625.9,2626.2,2624.0,2625.0,630,33.0,1.0,393.0,GC
2024-11-20 10:00:00+00:00,2625.2,2626.4,2624.0,2625.2,483,33.0,1.0,393.0,GC
2024-11-20 10:05:00+00:00,2625.2,2625.9,2624.7,2625.1,282,33.0,1.0,393.0,GC
2024-11-20 10:10:00+00:00,2625.2,2626.6,2625.1,2626.6,125,33.0,1.0,393.0,GC
2024-11-20 10:15:00+00:00,2626.5,2627.4,2626.3,2626.6,192,33.0,1.0,393.0,GC
2024-11-20 10:20:00+00:00,2626.5,2628.6,2626.5,2628.2,364,33.0,1.0,393.0,GC
2024-11-20 10:25:00+00:00,2628.2,2629.5,2627.7,2627.7,547,33.0,1.0,393.0,GC
2024-11-20 10:30:00+00:00,2627.6,2628.0,2626.9,2627.2,391,33.0,1.0,393.0,GC
2024-11-20 10:35:00+00:00,2627.1,2628.0,2625.9,2627.4,366,33.0,1.0,393.0,GC
2024-11-20 10:40:00+00:00,2627.5,2627.9,2627.0,2627.5,252,33.0,1.0,393.0,GC
2024-11-20 10:45:00+00:00,2627.6,2628.0,2626.0,2627.0,641,33.0,1.0,393.0,GC
2024-11-20 10:50:00+00:00,2626.9,2628.4,2626.6,2627.2,617,33.0,1.0,393.0,GC
2024-11-20 10:55:00+00:00,2627.2,2628.9,2627.2,2628.3,157,33.0,1.0,393.0,GC
2024-11-20 11:00:00+00:00,2628.3,2628.7,2627.3,2627.4,134,33.0,1.0,393.0,GC
2024-11-20 11:05:00+00:00,2627.4,2628.5,2627.2,2628.3,194,33.0,1.0,393.0,GC
2024-11-20 11:10:00+00:00,2628.2,2628.2,2625.7,2626.0,214,33.0,1.0,393.0,GC
2024-11-20 11:15:00+00:00,2625.9,2626.4,2624.6,2625.3,576,33.0,1.0,393.0,GC
2024-11-20 11:20:00+00:00,2625.3,2626.2,2624.9,2626.2,311,33.0,1.0,393.0,GC
2024-11-20 11:25:00+00:00,2626.2,2627.7,2626.2,2627.4,230,33.0,1.0,393.0,GC
2024-11-20 11:30:00+00:00,2627.2,2628.5,2626.7,2627.2,776,33.0,1.0,393.0,GC
2024-11-20 11:35:00+00:00,2627.2,2628.2,2625.3,2625.8,755,33.0,1.0,393.0,GC
2024-11-20 11:40:00+00:00,2625.9,2628.0,2625.5,2626.9,367,33.0,1.0,393.0,GC
2024-11-20 11:45:00+00:00,2626.9,2628.4,2626.3,2628.2,300,33.0,1.0,393.0,GC
2024-11-20 11:50:00+00:00,2628.4,2629.5,2627.7,2629.3,522,33.0,1.0,393.0,GC
2024-11-20 11:55:00+00:00,2629.4,2631.5,2629.3,2631.4,1070,33.0,1.0,393.0,GC
2024-11-20 12:00:00+00:00,2631.4,2633.5,2631.2,2632.4,1343,33.0,1.0,393.0,GC
2024-11-20 12:05:00+00:00,2632.4,2633.5,2632.3,2633.0,491,33.0,1.0,393.0,GC
2024-11-20 12:10:00+00:00,2633.0,2633.7,2631.4,2632.0,611,33.0,1.0,393.0,GC
2024-11-20 12:15:00+00:00,2632.0,2633.0,2631.8,2632.3,314,33.0,1.0,393.0,GC
2024-11-20 12:20:00+00:00,2632.4,2632.4,2630.5,2631.2,634,33.0,1.0,393.0,GC
2024-11-20 12:25:00+00:00,2631.1,2632.0,2630.3,2631.7,340,33.0,1.0,393.0,GC
2024-11-20 12:30:00+00:00,2631.8,2632.7,2630.3,2631.2,540,33.0,1.0,393.0,GC
2024-11-20 12:35:00+00:00,2631.2,2632.3,2631.1,2631.9,246,33.0,1.0,393.0,GC
2024-11-20 12:40:00+00:00,2631.8,2635.4,2631.8,2635.1,1011,33.0,1.0,393.0,GC
2024-11-20 12:45:00+00:00,2635.2,2635.8,2634.3,2634.4,691,33.0,1.0,393.0,GC
2024-11-20 12:50:00+00:00,2634.3,2634.4,2633.5,2634.1,253,33.0,1.0,393.0,GC
2024-11-20 12:55:00+00:00,2634.3,2635.6,2633.6,2635.2,516,33.0,1.0,393.0,GC
2024-11-20 13:00:00+00:00,2635.1,2637.3,2634.4,2636.4,1028,33.0,1.0,393.0,GC
2024-11-20 13:05:00+00:00,2636.4,2639.0,2635.6,2638.1,1213,33.0,1.0,393.0,GC
2024-11-20 13:10:00+00:00,2638.0,2638.9,2637.5,2638.1,895,33.0,1.0,393.0,GC
2024-11-20 13:15:00+00:00,2638.1,2640.0,2637.3,2639.4,858,33.0,1.0,393.0,GC
2024-11-20 13:20:00+00:00,2639.3,2642.8,2639.3,2641.5,2271,33.0,1.0,393.0,GC
2024-11-20 13:25:00+00:00,2641.4,2644.1,2640.9,2641.1,1628,33.0,1.0,393.0,GC
2024-11-20 13:30:00+00:00,2640.9,2642.9,2639.8,2642.5,1324,33.0,1.0,393.0,GC
2024-11-20 13:35:00+00:00,2642.5,2642.5,2640.9,2641.1,666,33.0,1.0,393.0,GC
2024-11-20 13:40:00+00:00,2641.0,2641.7,2638.2,2639.0,1590,33.0,1.0,393.0,GC
2024-11-20 13:45:00+00:00,2639.0,2639.6,2636.7,2637.8,1176,33.0,1.0,393.0,GC
2024-11-20 13:50:00+00:00,2637.9,2639.6,2637.4,2639.6,656,33.0,1.0,393.0,GC
2024-11-20 13:55:00+00:00,2639.6,2639.7,2638.6,2639.6,494,33.0,1.0,393.0,GC
2024-11-20 14:00:00+00:00,2639.7,2640.2,2637.5,2638.6,805,33.0,1.0,393.0,GC
2024-11-20 14:05:00+00:00,2638.7,2641.0,2638.1,2640.8,480,33.0,1.0,393.0,GC
2024-11-20 14:10:00+00:00,2640.8,2643.0,2640.2,2642.4,1355,33.0,1.0,393.0,GC
2024-11-20 14:15:00+00:00,2642.3,2642.8,2639.0,2639.7,1163,33.0,1.0,393.0,GC
2024-11-20 14:20:00+00:00,2639.6,2645.9,2639.3,2644.7,3947,33.0,1.0,393.0,GC
2024-11-20 14:25:00+00:00,2644.4,2644.6,2642.0,2642.8,1261,33.0,1.0,393.0,GC
2024-11-20 14:30:00+00:00,2642.9,2644.6,2640.4,2644.4,1207,33.0,1.0,393.0,GC
2024-11-20 14:35:00+00:00,2644.2,2649.4,2644.2,2648.2,2918,33.0,1.0,393.0,GC
2024-11-20 14:40:00+00:00,2648.2,2649.9,2646.1,2649.2,1955,33.0,1.0,393.0,GC
2024-11-20 14:45:00+00:00,2649.2,2649.9,2646.5,2647.0,1534,33.0,1.0,393.0,GC
2024-11-20 14:50:00+00:00,2647.0,2647.1,2644.6,2644.8,1130,33.0,1.0,393.0,GC
2024-11-20 14:55:00+00:00,2644.8,2647.3,2644.0,2646.7,1109,33.0,1.0,393.0,GC
2024-11-20 15:00:00+00:00,2646.5,2647.5,2644.2,2645.9,1549,33.0,1.0,393.0,GC
2024-11-20 15:05:00+00:00,2645.9,2650.5,2645.8,2649.4,1676,33.0,1.0,393.0,GC
2024-11-20 15:10:00+00:00,2649.6,2651.3,2648.8,2650.7,1576,33.0,1.0,393.0,GC
2024-11-20 15:15:00+00:00,2650.7,2652.6,2650.2,2651.0,1862,33.0,1.0,393.0,GC
2024-11-20 15:20:00+00:00,2651.0,2652.0,2649.2,2649.4,903,33.0,1.0,393.0,GC
2024-11-20 15:25:00+00:00,2649.3,2650.0,2647.8,2649.7,920,33.0,1.0,393.0,GC
2024-11-20 15:30:00+00:00,2649.6,2649.6,2646.7,2649.2,1163,33.0,1.0,393.0,GC
2024-11-20 15:35:00+00:00,2649.0,2650.7,2646.7,2647.6,1000,33.0,1.0,393.0,GC
2024-11-20 15:40:00+00:00,2648.0,2649.4,2647.0,2647.8,698,33.0,1.0,393.0,GC
2024-11-20 15:45:00+00:00,2647.8,2648.6,2647.0,2647.7,506,33.0,1.0,393.0,GC
2024-11-20 15:50:00+00:00,2647.6,2649.6,2647.0,2649.5,712,33.0,1.0,393.0,GC
2024-11-20 15:55:00+00:00,2649.4,2652.5,2648.6,2652.4,1376,33.0,1.0,393.0,GC
2024-11-20 16:00:00+00:00,2652.4,2653.7,2650.8,2652.8,1232,33.0,1.0,393.0,GC
2024-11-20 16:05:00+00:00,2652.9,2653.5,2651.0,2652.3,1143,33.0,1.0,393.0,GC
2024-11-20 16:10:00+00:00,2652.1,2652.1,2649.6,2650.8,1155,33.0,1.0,393.0,GC
2024-11-20 16:15:00+00:00,2650.6,2652.6,2650.4,2651.9,576,33.0,1.0,393.0,GC
2024-11-20 16:20:00+00:00,2652.1,2653.5,2651.3,2652.6,699,33.0,1.0,393.0,GC
2024-11-20 16:25:00+00:00,2652.8,2653.6,2652.0,2653.4,518,33.0,1.0,393.0,GC
2024-11-20 16:30:00+00:00,2653.4,2653.8,2652.3,2653.1,646,33.0,1.0,393.0,GC
2024-11-20 16:35:00+00:00,2653.0,2653.6,2651.4,2652.8,661,33.0,1.0,393.0,GC
2024-11-20 16:40:00+00:00,2652.9,2653.6,2651.1,2652.5,572,33.0,1.0,393.0,GC
2024-11-20 16:45:00+00:00,2652.4,2653.7,2652.1,2652.9,456,33.0,1.0,393.0,GC
2024-11-20 16:50:00+00:00,2652.8,2654.3,2652.8,2653.5,608,33.0,1.0,393.0,GC
2024-11-20 16:55:00+00:00,2653.5,2654.3,2653.1,2654.1,606,33.0,1.0,393.0,GC
2024-11-20 17:00:00+00:00,2654.0,2655.5,2653.9,2655.4,820,33.0,1.0,393.0,GC
2024-11-20 17:05:00+00:00,2655.4,2657.7,2654.8,2657.4,1160,33.0,1.0,393.0,GC
2024-11-20 17:10:00+00:00,2657.6,2659.0,2656.8,2658.2,934,33.0,1.0,393.0,GC
2024-11-20 17:15:00+00:00,2658.1,2658.5,2655.3,2655.5,896,33.0,1.0,393.0,GC
2024-11-20 17:20:00+00:00,2655.6,2655.8,2654.3,2654.4,743,33.0,1.0,393.0,GC
2024-11-20 17:25:00+00:00,2654.4,2654.8,2653.1,2653.6,615,33.0,1.0,393.0,GC
2024-11-20 17:30:00+00:00,2653.6,2654.7,2652.7,2653.6,754,33.0,1.0,393.0,GC
2024-11-20 17:35:00+00:00,2653.5,2655.5,2653.5,2655.1,474,33.0,1.0,393.0,GC
2024-11-20 17:40:00+00:00,2655.1,2655.3,2653.8,2654.3,347,33.0,1.0,393.0,GC
2024-11-20 17:45:00+00:00,2654.4,2655.1,2652.8,2653.9,503,33.0,1.0,393.0,GC
2024-11-20 17:50:00+00:00,2654.0,2655.7,2653.8,2655.5,470,33.0,1.0,393.0,GC
2024-11-20 17:55:00+00:00,2655.4,2656.0,2654.7,2655.3,519,33.0,1.0,393.0,GC
2024-11-20 18:00:00+00:00,2655.3,2655.7,2652.8,2653.1,964,33.0,1.0,393.0,GC
2024-11-20 18:05:00+00:00,2653.3,2654.5,2653.2,2653.5,360,33.0,1.0,393.0,GC
2024-11-20 18:10:00+00:00,2653.6,2654.0,2652.2,2652.3,574,33.0,1.0,393.0,GC
2024-11-20 18:15:00+00:00,2652.3,2652.5,2651.2,2651.5,626,33.0,1.0,393.0,GC
2024-11-20 18:20:00+00:00,2651.5,2652.2,2649.1,2650.5,1954,33.0,1.0,393.0,GC
2024-11-20 18:25:00+00:00,2650.5,2652.3,2648.8,2651.5,1396,33.0,1.0,393.0,GC
2024-11-20 18:30:00+00:00,2651.6,2652.4,2650.9,2651.8,540,33.0,1.0,393.0,GC
2024-11-20 18:35:00+00:00,2651.9,2652.8,2650.8,2651.2,369,33.0,1.0,393.0,GC
2024-11-20 18:40:00+00:00,2651.2,2651.6,2650.1,2651.1,348,33.0,1.0,393.0,GC
2024-11-20 18:45:00+00:00,2651.0,2652.1,2650.3,2651.9,265,33.0,1.0,393.0,GC
2024-11-20 18:50:00+00:00,2651.9,2652.4,2651.2,2651.7,269,33.0,1.0,393.0,GC
2024-11-20 18:55:00+00:00,2651.9,2652.7,2651.7,2651.9,268,33.0,1.0,393.0,GC
2024-11-20 19:00:00+00:00,2651.9,2653.8,2651.8,2653.7,345,33.0,1.0,393.0,GC
2024-11-20 19:05:00+00:00,2653.8,2654.1,2652.6,2653.2,352,33.0,1.0,393.0,GC
2024-11-20 19:10:00+00:00,2653.1,2653.8,2652.9,2653.4,209,33.0,1.0,393.0,GC
2024-11-20 19:15:00+00:00,2653.4,2654.6,2653.4,2654.6,241,33.0,1.0,393.0,GC
2024-11-20 19:20:00+00:00,2654.6,2654.6,2653.8,2654.2,219,33.0,1.0,393.0,GC
2024-11-20 19:25:00+00:00,2654.2,2654.9,2653.2,2653.5,288,33.0,1.0,393.0,GC
2024-11-20 19:30:00+00:00,2653.5,2653.9,2652.9,2653.6,164,33.0,1.0,393.0,GC
2024-11-20 19:35:00+00:00,2653.6,2655.4,2653.6,2655.3,336,33.0,1.0,393.0,GC
2024-11-20 19:40:00+00:00,2655.4,2656.7,2655.4,2656.5,400,33.0,1.0,393.0,GC
2024-11-20 19:45:00+00:00,2656.6,2656.6,2655.3,2655.8,228,33.0,1.0,393.0,GC
2024-11-20 19:50:00+00:00,2655.8,2656.0,2654.9,2655.3,230,33.0,1.0,393.0,GC
2024-11-20 19:55:00+00:00,2655.2,2655.2,2654.1,2654.4,229,33.0,1.0,393.0,GC
2024-11-20 20:00:00+00:00,2654.4,2654.4,2653.4,2654.0,203,33.0,1.0,393.0,GC
2024-11-20 20:05:00+00:00,2654.1,2654.7,2653.6,2654.5,178,33.0,1.0,393.0,GC
2024-11-20 20:10:00+00:00,2654.5,2654.6,2653.4,2654.1,182,33.0,1.0,393.0,GC
2024-11-20 20:15:00+00:00,2654.1,2654.3,2652.2,2652.5,224,33.0,1.0,393.0,GC
2024-11-20 20:20:00+00:00,2652.5,2653.7,2652.1,2653.7,235,33.0,1.0,393.0,GC
2024-11-20 20:25:00+00:00,2653.6,2654.0,2651.8,2652.1,305,33.0,1.0,393.0,GC
2024-11-20 20:30:00+00:00,2652.1,2652.6,2651.3,2651.5,377,33.0,1.0,393.0,GC
2024-11-20 20:35:00+00:00,2651.5,2652.3,2651.3,2651.9,155,33.0,1.0,393.0,GC
2024-11-20 20:40:00+00:00,2652.0,2653.0,2650.7,2650.9,306,33.0,1.0,393.0,GC
2024-11-20 20:45:00+00:00,2650.8,2652.2,2650.8,2651.3,214,33.0,1.0,393.0,GC
2024-11-20 20:50:00+00:00,2651.5,2652.0,2650.7,2651.9,328,33.0,1.0,393.0,GC
2024-11-20 20:55:00+00:00,2651.8,2653.1,2651.2,2652.3,489,33.0,1.0,393.0,GC
2024-11-20 21:00:00+00:00,2652.4,2652.7,2651.4,2652.0,229,33.0,1.0,393.0,GC
2024-11-20 21:05:00+00:00,2652.1,2653.0,2652.0,2652.9,105,33.0,1.0,393.0,GC
2024-11-20 21:10:00+00:00,2652.9,2653.2,2652.2,2652.4,206,33.0,1.0,393.0,GC
2024-11-20 21:15:00+00:00,2652.4,2653.5,2652.1,2653.3,134,33.0,1.0,393.0,GC
2024-11-20 21:20:00+00:00,2653.3,2654.0,2652.8,2653.6,268,33.0,1.0,393.0,GC
2024-11-20 21:25:00+00:00,2653.5,2653.8,2653.0,2653.5,167,33.0,1.0,393.0,GC
2024-11-20 21:30:00+00:00,2653.4,2653.4,2651.8,2652.9,180,33.0,1.0,393.0,GC
2024-11-20 21:35:00+00:00,2652.9,2653.0,2652.2,2652.3,46,33.0,1.0,393.0,GC
2024-11-20 21:40:00+00:00,2652.7,2653.8,2652.7,2653.7,79,33.0,1.0,393.0,GC
2024-11-20 21:45:00+00:00,2653.7,2654.0,2653.1,2653.6,101,33.0,1.0,393.0,GC
2024-11-20 21:50:00+00:00,2653.4,2653.9,2652.8,2652.9,102,33.0,1.0,393.0,GC
2024-11-20 21:55:00+00:00,2652.9,2654.2,2652.9,2654.1,163,33.0,1.0,393.0,GC
2024-11-20 23:00:00+00:00,2653.5,2653.9,2652.2,2652.4,179,33.0,1.0,393.0,GC
2024-11-20 23:05:00+00:00,2652.3,2652.4,2651.8,2652.1,160,33.0,1.0,393.0,GC
2024-11-20 23:10:00+00:00,2652.2,2652.7,2651.6,2651.6,126,33.0,1.0,393.0,GC
2024-11-20 23:15:00+00:00,2675.5,2675.7,2652.0,2652.1,63,33.0,1.0,1551.0,GC
2024-11-20 23:20:00+00:00,2652.1,2652.5,2651.8,2652.1,79,33.0,1.0,393.0,GC
2024-11-20 23:25:00+00:00,2652.1,2652.6,2652.0,2652.3,52,33.0,1.0,393.0,GC
2024-11-20 23:30:00+00:00,2652.4,2653.1,2652.3,2652.8,84,33.0,1.0,393.0,GC
2024-11-20 23:35:00+00:00,2652.9,2654.7,2652.9,2654.6,196,33.0,1.0,393.0,GC
2024-11-20 23:40:00+00:00,2654.6,2655.1,2654.2,2654.3,153,33.0,1.0,393.0,GC
2024-11-20 23:45:00+00:00,2654.4,2655.4,2654.4,2655.0,196,33.0,1.0,393.0,GC
2024-11-20 23:50:00+00:00,2655.2,2655.5,2654.4,2654.7,158,33.0,1.0,393.0,GC
2024-11-20 23:55:00+00:00,2654.8,2655.1,2654.4,2654.6,107,33.0,1.0,393.0,GC
2024-11-21 00:00:00+00:00,2654.8,2655.2,2654.7,2655.0,105,33.0,1.0,393.0,GC
2024-11-21 00:05:00+00:00,2654.9,2655.6,2654.3,2654.6,354,33.0,1.0,393.0,GC
2024-11-21 00:10:00+00:00,2654.8,2655.3,2654.2,2654.6,344,33.0,1.0,393.0,GC
2024-11-21 00:15:00+00:00,2654.7,2656.2,2654.5,2656.1,327,33.0,1.0,393.0,GC
2024-11-21 00:20:00+00:00,2656.1,2657.7,2656.0,2656.6,366,33.0,1.0,393.0,GC
2024-11-21 00:25:00+00:00,2656.6,2657.4,2656.3,2656.4,196,33.0,1.0,393.0,GC
2024-11-21 00:30:00+00:00,2656.4,2659.2,2656.4,2659.0,384,33.0,1.0,393.0,GC
2024-11-21 00:35:00+00:00,2659.0,2659.6,2658.5,2659.4,207,33.0,1.0,393.0,GC
2024-11-21 00:40:00+00:00,2659.4,2660.8,2659.3,2660.2,260,33.0,1.0,393.0,GC
2024-11-21 00:45:00+00:00,2660.4,2661.1,2660.1,2660.5,262,33.0,1.0,393.0,GC
2024-11-21 00:50:00+00:00,2660.3,2661.2,2660.3,2660.8,133,33.0,1.0,393.0,GC
2024-11-21 00:55:00+00:00,2661.0,2661.3,2660.1,2660.9,220,33.0,1.0,393.0,GC
2024-11-21 01:00:00+00:00,2661.1,2663.3,2659.0,2659.1,1075,33.0,1.0,393.0,GC
2024-11-21 01:05:00+00:00,2659.3,2659.7,2657.4,2658.3,612,33.0,1.0,393.0,GC
2024-11-21 01:10:00+00:00,2658.4,2658.8,2657.5,2657.5,170,33.0,1.0,393.0,GC
2024-11-21 01:15:00+00:00,2657.5,2658.6,2656.1,2656.7,469,33.0,1.0,393.0,GC
2024-11-21 01:20:00+00:00,2656.7,2657.9,2656.5,2656.5,246,33.0,1.0,393.0,GC
2024-11-21 01:25:00+00:00,2656.6,2656.9,2655.5,2656.2,383,33.0,1.0,393.0,GC
2024-11-21 01:30:00+00:00,2656.2,2657.8,2655.9,2657.6,356,33.0,1.0,393.0,GC
2024-11-21 01:35:00+00:00,2657.7,2659.7,2657.4,2658.1,384,33.0,1.0,393.0,GC
2024-11-21 01:40:00+00:00,2658.3,2659.5,2658.0,2658.4,276,33.0,1.0,393.0,GC
2024-11-21 01:45:00+00:00,2658.2,2658.3,2656.9,2657.2,177,33.0,1.0,393.0,GC
2024-11-21 01:50:00+00:00,2657.0,2658.2,2656.3,2657.4,300,33.0,1.0,393.0,GC
2024-11-21 01:55:00+00:00,2657.4,2657.5,2654.1,2656.0,809,33.0,1.0,393.0,GC
2024-11-21 02:00:00+00:00,2655.9,2658.1,2654.8,2658.1,563,33.0,1.0,393.0,GC
2024-11-21 02:05:00+00:00,2658.1,2660.8,2658.0,2660.4,918,33.0,1.0,393.0,GC
2024-11-21 02:10:00+00:00,2660.4,2660.4,2658.5,2659.1,316,33.0,1.0,393.0,GC
2024-11-21 02:15:00+00:00,2659.0,2659.4,2658.2,2658.7,175,33.0,1.0,393.0,GC
2024-11-21 02:20:00+00:00,2659.0,2659.2,2658.5,2658.5,95,33.0,1.0,393.0,GC
2024-11-21 02:25:00+00:00,2658.3,2659.6,2658.3,2659.1,97,33.0,1.0,393.0,GC
2024-11-21 02:30:00+00:00,2659.0,2660.5,2659.0,2659.9,191,33.0,1.0,393.0,GC
2024-11-21 02:35:00+00:00,2659.8,2660.7,2659.4,2659.7,130,33.0,1.0,393.0,GC
2024-11-21 02:40:00+00:00,2659.6,2659.6,2657.9,2658.0,221,33.0,1.0,393.0,GC
2024-11-21 02:45:00+00:00,2658.1,2659.3,2657.5,2659.1,167,33.0,1.0,393.0,GC
2024-11-21 02:50:00+00:00,2659.2,2659.4,2657.8,2658.2,146,33.0,1.0,393.0,GC
2024-11-21 02:55:00+00:00,2658.0,2658.0,2656.2,2656.3,237,33.0,1.0,393.0,GC
2024-11-21 03:00:00+00:00,2656.3,2656.4,2653.1,2655.2,608,33.0,1.0,393.0,GC
2024-11-21 03:05:00+00:00,2655.2,2655.4,2654.3,2654.3,291,33.0,1.0,393.0,GC
2024-11-21 03:10:00+00:00,2654.3,2655.4,2653.7,2655.0,277,33.0,1.0,393.0,GC
2024-11-21 03:15:00+00:00,2654.9,2656.1,2654.6,2655.5,177,33.0,1.0,393.0,GC
2024-11-21 03:20:00+00:00,2655.5,2656.4,2655.3,2656.1,170,33.0,1.0,393.0,GC
2024-11-21 03:25:00+00:00,2656.2,2657.4,2656.0,2656.8,226,33.0,1.0,393.0,GC
2024-11-21 03:30:00+00:00,2656.7,2657.3,2655.8,2657.0,214,33.0,1.0,393.0,GC
2024-11-21 03:35:00+00:00,2657.0,2658.0,2657.0,2657.6,112,33.0,1.0,393.0,GC
2024-11-21 03:40:00+00:00,2657.7,2658.3,2657.6,2657.8,122,33.0,1.0,393.0,GC
2024-11-21 03:45:00+00:00,2657.9,2658.6,2657.9,2658.0,105,33.0,1.0,393.0,GC
2024-11-21 03:50:00+00:00,2658.1,2659.4,2657.8,2658.9,269,33.0,1.0,393.0,GC
2024-11-21 03:55:00+00:00,2658.9,2659.7,2658.8,2659.4,168,33.0,1.0,393.0,GC
2024-11-21 04:00:00+00:00,2659.5,2660.6,2659.5,2660.5,248,33.0,1.0,393.0,GC
2024-11-21 04:05:00+00:00,2660.4,2660.4,2659.7,2659.9,141,33.0,1.0,393.0,GC
2024-11-21 04:10:00+00:00,2659.7,2660.5,2659.5,2659.9,138,33.0,1.0,393.0,GC
2024-11-21 04:15:00+00:00,2659.8,2660.2,2659.6,2659.9,60,33.0,1.0,393.0,GC
2024-11-21 04:20:00+00:00,2659.9,2660.1,2659.6,2659.9,101,33.0,1.0,393.0,GC
2024-11-21 04:25:00+00:00,2660.1,2660.4,2659.7,2660.0,191,33.0,1.0,393.0,GC
2024-11-21 04:30:00+00:00,2660.0,2660.6,2659.8,2660.3,104,33.0,1.0,393.0,GC
2024-11-21 04:35:00+00:00,2660.3,2660.6,2660.0,2660.4,129,33.0,1.0,393.0,GC
2024-11-21 04:40:00+00:00,2660.4,2661.6,2660.2,2661.1,303,33.0,1.0,393.0,GC
2024-11-21 04:45:00+00:00,2661.1,2661.4,2660.4,2660.5,108,33.0,1.0,393.0,GC
2024-11-21 04:50:00+00:00,2660.4,2660.4,2659.7,2659.9,124,33.0,1.0,393.0,GC
2024-11-21 04:55:00+00:00,2660.0,2660.4,2659.4,2659.4,138,33.0,1.0,393.0,GC
2024-11-21 05:00:00+00:00,2659.5,2659.5,2658.8,2659.3,139,33.0,1.0,393.0,GC
2024-11-21 05:05:00+00:00,2659.3,2660.2,2659.3,2659.8,132,33.0,1.0,393.0,GC
2024-11-21 05:10:00+00:00,2659.9,2660.2,2657.8,2658.3,400,33.0,1.0,393.0,GC
2024-11-21 05:15:00+00:00,2658.4,2658.4,2657.2,2657.4,185,33.0,1.0,393.0,GC
2024-11-21 05:20:00+00:00,2657.4,2658.6,2657.1,2658.4,164,33.0,1.0,393.0,GC
2024-11-21 05:25:00+00:00,2658.4,2658.9,2657.7,2658.5,173,33.0,1.0,393.0,GC
2024-11-21 05:30:00+00:00,2658.5,2659.0,2657.4,2658.1,216,33.0,1.0,393.0,GC
2024-11-21 05:35:00+00:00,2657.8,2658.1,2657.1,2657.9,118,33.0,1.0,393.0,GC
2024-11-21 05:40:00+00:00,2657.8,2659.7,2657.2,2659.7,259,33.0,1.0,393.0,GC
2024-11-21 05:45:00+00:00,2659.8,2660.4,2659.4,2660.1,333,33.0,1.0,393.0,GC
2024-11-21 05:50:00+00:00,2660.1,2660.7,2658.7,2658.7,161,33.0,1.0,393.0,GC
2024-11-21 05:55:00+00:00,2658.7,2659.6,2658.6,2659.4,190,33.0,1.0,393.0,GC
2024-11-21 06:00:00+00:00,2659.4,2660.6,2659.1,2660.0,161,33.0,1.0,393.0,GC
2024-11-21 06:05:00+00:00,2660.0,2660.4,2659.1,2660.2,276,33.0,1.0,393.0,GC
2024-11-21 06:10:00+00:00,2660.3,2662.0,2660.3,2662.0,396,33.0,1.0,393.0,GC
2024-11-21 06:15:00+00:00,2661.9,2663.8,2661.8,2663.6,622,33.0,1.0,393.0,GC
2024-11-21 06:20:00+00:00,2663.8,2664.0,2661.3,2662.2,444,33.0,1.0,393.0,GC
2024-11-21 06:25:00+00:00,2662.3,2662.9,2661.7,2662.9,265,33.0,1.0,393.0,GC
2024-11-21 06:30:00+00:00,2662.8,2663.1,2661.5,2661.5,246,33.0,1.0,393.0,GC
2024-11-21 06:35:00+00:00,2661.5,2662.9,2661.3,2662.3,236,33.0,1.0,393.0,GC
2024-11-21 06:40:00+00:00,2662.3,2664.6,2662.1,2664.2,440,33.0,1.0,393.0,GC
2024-11-21 06:45:00+00:00,2664.1,2664.3,2663.1,2663.3,327,33.0,1.0,393.0,GC
2024-11-21 06:50:00+00:00,2663.4,2664.0,2663.1,2663.1,191,33.0,1.0,393.0,GC
2024-11-21 06:55:00+00:00,2663.2,2664.1,2663.1,2663.8,231,33.0,1.0,393.0,GC
2024-11-21 07:00:00+00:00,2663.7,2663.9,2662.5,2663.3,346,33.0,1.0,393.0,GC
2024-11-21 07:05:00+00:00,2663.4,2664.3,2663.0,2663.1,216,33.0,1.0,393.0,GC
2024-11-21 07:10:00+00:00,2663.1,2663.9,2662.7,2663.4,171,33.0,1.0,393.0,GC
2024-11-21 07:15:00+00:00,2663.5,2663.6,2662.3,2663.1,210,33.0,1.0,393.0,GC
2024-11-21 07:20:00+00:00,2663.1,2664.9,2662.9,2664.2,294,33.0,1.0,393.0,GC
2024-11-21 07:25:00+00:00,2664.3,2666.5,2663.6,2665.9,948,33.0,1.0,393.0,GC
2024-11-21 07:30:00+00:00,2665.8,2666.7,2665.1,2665.3,459,33.0,1.0,393.0,GC
2024-11-21 07:35:00+00:00,2665.6,2666.2,2665.2,2665.3,196,33.0,1.0,393.0,GC
2024-11-21 07:40:00+00:00,2665.6,2666.8,2665.0,2666.4,243,33.0,1.0,393.0,GC
2024-11-21 07:45:00+00:00,2666.3,2667.2,2664.7,2665.2,359,33.0,1.0,393.0,GC
2024-11-21 07:50:00+00:00,2665.2,2665.5,2664.7,2665.1,197,33.0,1.0,393.0,GC
2024-11-21 07:55:00+00:00,2665.2,2666.3,2664.8,2665.5,327,33.0,1.0,393.0,GC
2024-11-21 08:00:00+00:00,2665.4,2666.5,2664.8,2666.4,371,33.0,1.0,393.0,GC
2024-11-21 08:05:00+00:00,2666.3,2666.4,2664.8,2665.1,258,33.0,1.0,393.0,GC
2024-11-21 08:10:00+00:00,2665.2,2666.7,2664.3,2665.9,536,33.0,1.0,393.0,GC
2024-11-21 08:15:00+00:00,2665.8,2667.3,2665.1,2667.1,518,33.0,1.0,393.0,GC
2024-11-21 08:20:00+00:00,2667.0,2669.3,2667.0,2668.4,1184,33.0,1.0,393.0,GC
2024-11-21 08:25:00+00:00,2668.3,2669.7,2667.5,2669.2,870,33.0,1.0,393.0,GC
2024-11-21 08:30:00+00:00,2669.2,2671.7,2669.2,2671.3,805,33.0,1.0,393.0,GC
2024-11-21 08:35:00+00:00,2671.4,2672.6,2670.6,2671.5,927,33.0,1.0,393.0,GC
2024-11-21 08:40:00+00:00,2671.6,2672.3,2671.0,2671.2,581,33.0,1.0,393.0,GC
2024-11-21 08:45:00+00:00,2671.2,2672.0,2670.2,2670.7,462,33.0,1.0,393.0,GC
2024-11-21 08:50:00+00:00,2670.8,2671.1,2667.8,2668.3,662,33.0,1.0,393.0,GC
2024-11-21 08:55:00+00:00,2668.3,2671.2,2668.3,2671.2,918,33.0,1.0,393.0,GC
2024-11-21 09:00:00+00:00,2671.1,2674.0,2671.1,2673.6,1003,33.0,1.0,393.0,GC
2024-11-21 09:05:00+00:00,2673.5,2673.7,2672.3,2672.6,405,33.0,1.0,393.0,GC
2024-11-21 09:10:00+00:00,2672.5,2673.2,2670.3,2670.3,622,33.0,1.0,393.0,GC
2024-11-21 09:15:00+00:00,2670.5,2670.5,2668.2,2668.9,655,33.0,1.0,393.0,GC
2024-11-21 09:20:00+00:00,2668.8,2669.1,2667.1,2668.3,706,33.0,1.0,393.0,GC
2024-11-21 09:25:00+00:00,2668.3,2669.3,2667.8,2668.3,582,33.0,1.0,393.0,GC
2024-11-21 09:30:00+00:00,2668.3,2669.9,2668.3,2669.1,354,33.0,1.0,393.0,GC
2024-11-21 09:35:00+00:00,2669.1,2669.4,2666.8,2668.0,490,33.0,1.0,393.0,GC
2024-11-21 09:40:00+00:00,2667.8,2668.8,2667.0,2668.8,471,33.0,1.0,393.0,GC
2024-11-21 09:45:00+00:00,2668.8,2669.5,2666.1,2667.7,1005,33.0,1.0,393.0,GC
2024-11-21 09:50:00+00:00,2667.7,2670.0,2667.4,2669.8,638,33.0,1.0,393.0,GC
2024-11-21 09:55:00+00:00,2669.7,2671.7,2669.7,2671.5,608,33.0,1.0,393.0,GC
2024-11-21 10:00:00+00:00,2671.5,2671.9,2670.4,2670.8,396,33.0,1.0,393.0,GC
2024-11-21 10:05:00+00:00,2670.8,2671.3,2668.5,2669.3,860,33.0,1.0,393.0,GC
2024-11-21 10:10:00+00:00,2669.2,2671.7,2667.5,2670.8,1191,33.0,1.0,393.0,GC
2024-11-21 10:15:00+00:00,2670.7,2671.6,2670.5,2671.1,165,33.0,1.0,393.0,GC
2024-11-21 10:20:00+00:00,2671.0,2671.0,2669.5,2669.9,205,33.0,1.0,393.0,GC
2024-11-21 10:25:00+00:00,2669.8,2670.4,2669.2,2670.1,311,33.0,1.0,393.0,GC
2024-11-21 10:30:00+00:00,2670.0,2672.0,2669.7,2670.4,1312,33.0,1.0,393.0,GC
2024-11-21 10:35:00+00:00,2670.4,2672.9,2670.4,2672.3,348,33.0,1.0,393.0,GC
2024-11-21 10:40:00+00:00,2672.2,2672.4,2671.1,2671.2,188,33.0,1.0,393.0,GC
2024-11-21 10:45:00+00:00,2671.1,2671.3,2670.1,2670.5,387,33.0,1.0,393.0,GC
2024-11-21 10:50:00+00:00,2670.6,2671.5,2670.1,2671.4,211,33.0,1.0,393.0,GC
2024-11-21 10:55:00+00:00,2671.3,2672.8,2671.0,2672.4,280,33.0,1.0,393.0,GC
2024-11-21 11:00:00+00:00,2672.5,2672.6,2670.9,2671.4,315,33.0,1.0,393.0,GC
2024-11-21 11:05:00+00:00,2671.4,2672.3,2671.3,2672.0,167,33.0,1.0,393.0,GC
2024-11-21 11:10:00+00:00,2672.1,2673.8,2672.0,2673.6,211,33.0,1.0,393.0,GC
2024-11-21 11:15:00+00:00,2673.7,2675.6,2673.6,2674.6,663,33.0,1.0,393.0,GC
2024-11-21 11:20:00+00:00,2674.7,2676.2,2674.7,2675.8,478,33.0,1.0,393.0,GC
2024-11-21 11:25:00+00:00,2675.8,2676.1,2675.1,2675.6,305,33.0,1.0,393.0,GC
2024-11-21 11:30:00+00:00,2675.9,2676.2,2674.0,2674.4,455,33.0,1.0,393.0,GC
2024-11-21 11:35:00+00:00,2674.6,2674.6,2673.1,2673.9,353,33.0,1.0,393.0,GC
2024-11-21 11:40:00+00:00,2674.0,2674.2,2673.2,2673.3,233,33.0,1.0,393.0,GC
2024-11-21 11:45:00+00:00,2673.3,2674.1,2672.6,2673.6,374,33.0,1.0,393.0,GC
2024-11-21 11:50:00+00:00,2673.5,2674.9,2672.8,2674.9,242,33.0,1.0,393.0,GC
2024-11-21 11:55:00+00:00,2674.9,2675.3,2673.7,2674.1,487,33.0,1.0,393.0,GC
2024-11-21 12:00:00+00:00,2674.3,2674.4,2670.7,2671.0,665,33.0,1.0,393.0,GC
2024-11-21 12:05:00+00:00,2671.0,2671.0,2668.3,2669.6,1110,33.0,1.0,393.0,GC
2024-11-21 12:10:00+00:00,2669.5,2669.5,2666.6,2666.6,904,33.0,1.0,393.0,GC
2024-11-21 12:15:00+00:00,2666.5,2668.3,2665.9,2667.5,928,33.0,1.0,393.0,GC
2024-11-21 12:20:00+00:00,2667.6,2669.7,2667.3,2668.9,609,33.0,1.0,393.0,GC
2024-11-21 12:25:00+00:00,2669.0,2670.0,2668.7,2669.7,493,33.0,1.0,393.0,GC
2024-11-21 12:30:00+00:00,2669.7,2670.0,2667.1,2667.1,440,33.0,1.0,393.0,GC
2024-11-21 12:35:00+00:00,2667.2,2668.7,2667.0,2667.3,457,33.0,1.0,393.0,GC
2024-11-21 12:40:00+00:00,2667.2,2668.1,2667.0,2668.1,513,33.0,1.0,393.0,GC
2024-11-21 12:45:00+00:00,2668.1,2668.6,2667.1,2667.8,306,33.0,1.0,393.0,GC
2024-11-21 12:50:00+00:00,2667.8,2668.7,2667.8,2668.6,267,33.0,1.0,393.0,GC
2024-11-21 12:55:00+00:00,2668.6,2668.6,2665.5,2666.0,599,33.0,1.0,393.0,GC
2024-11-21 13:00:00+00:00,2665.8,2667.0,2662.8,2666.3,2223,33.0,1.0,393.0,GC
2024-11-21 13:05:00+00:00,2666.1,2669.2,2666.1,2669.2,821,33.0,1.0,393.0,GC
2024-11-21 13:10:00+00:00,2669.1,2670.0,2668.2,2669.7,765,33.0,1.0,393.0,GC
2024-11-21 13:15:00+00:00,2669.7,2670.3,2667.0,2667.5,692,33.0,1.0,393.0,GC
2024-11-21 13:20:00+00:00,2667.4,2668.7,2666.6,2667.0,989,33.0,1.0,393.0,GC
2024-11-21 13:25:00+00:00,2667.1,2668.4,2665.5,2668.0,819,33.0,1.0,393.0,GC
2024-11-21 13:30:00+00:00,2667.3,2668.1,2664.7,2666.7,1448,33.0,1.0,393.0,GC
2024-11-21 13:35:00+00:00,2666.8,2669.1,2666.4,2668.4,828,33.0,1.0,393.0,GC
2024-11-21 13:40:00+00:00,2668.6,2669.8,2668.1,2669.1,664,33.0,1.0,393.0,GC
2024-11-21 13:45:00+00:00,2669.2,2669.2,2667.6,2668.6,429,33.0,1.0,393.0,GC
2024-11-21 13:50:00+00:00,2668.9,2669.7,2666.6,2667.1,523,33.0,1.0,393.0,GC
2024-11-21 13:55:00+00:00,2667.3,2668.4,2667.1,2667.9,437,33.0,1.0,393.0,GC
2024-11-21 14:00:00+00:00,2668.1,2670.6,2668.0,2669.7,994,33.0,1.0,393.0,GC
2024-11-21 14:05:00+00:00,2669.6,2670.8,2668.7,2670.4,763,33.0,1.0,393.0,GC
2024-11-21 14:10:00+00:00,2670.6,2672.2,2670.4,2671.6,963,33.0,1.0,393.0,GC
2024-11-21 14:15:00+00:00,2671.7,2673.9,2671.0,2673.6,956,33.0,1.0,393.0,GC
2024-11-21 14:20:00+00:00,2673.5,2674.2,2671.7,2672.3,1176,33.0,1.0,393.0,GC
2024-11-21 14:25:00+00:00,2672.2,2672.2,2669.4,2669.9,965,33.0,1.0,393.0,GC
2024-11-21 14:30:00+00:00,2669.8,2672.9,2669.2,2672.0,1453,33.0,1.0,393.0,GC
2024-11-21 14:35:00+00:00,2672.0,2673.7,2670.8,2671.9,1290,33.0,1.0,393.0,GC
2024-11-21 14:40:00+00:00,2671.9,2672.0,2667.3,2669.2,1710,33.0,1.0,393.0,GC
2024-11-21 14:45:00+00:00,2669.2,2670.4,2666.6,2666.9,1285,33.0,1.0,393.0,GC
2024-11-21 14:50:00+00:00,2666.8,2667.8,2663.6,2665.5,1628,33.0,1.0,393.0,GC
2024-11-21 14:55:00+00:00,2665.6,2668.5,2665.5,2667.4,938,33.0,1.0,393.0,GC
2024-11-21 15:00:00+00:00,2667.3,2670.2,2667.0,2667.7,2123,33.0,1.0,393.0,GC
2024-11-21 15:05:00+00:00,2667.9,2669.6,2666.8,2669.3,599,33.0,1.0,393.0,GC
2024-11-21 15:10:00+00:00,2669.3,2670.5,2667.0,2668.3,696,33.0,1.0,393.0,GC
2024-11-21 15:15:00+00:00,2668.4,2672.3,2668.4,2670.5,1082,33.0,1.0,393.0,GC
2024-11-21 15:20:00+00:00,2670.4,2670.7,2667.4,2667.8,850,33.0,1.0,393.0,GC
2024-11-21 15:25:00+00:00,2668.0,2669.5,2667.0,2668.9,507,33.0,1.0,393.0,GC
2024-11-21 15:30:00+00:00,2669.0,2673.2,2668.0,2672.6,864,33.0,1.0,393.0,GC
2024-11-21 15:35:00+00:00,2672.7,2672.9,2670.6,2671.4,726,33.0,1.0,393.0,GC
2024-11-21 15:40:00+00:00,2671.7,2671.7,2669.7,2671.5,668,33.0,1.0,393.0,GC
2024-11-21 15:45:00+00:00,2671.5,2672.3,2668.1,2668.4,842,33.0,1.0,393.0,GC
2024-11-21 15:50:00+00:00,2668.5,2670.7,2668.5,2670.4,613,33.0,1.0,393.0,GC
2024-11-21 15:55:00+00:00,2670.5,2670.8,2669.3,2670.4,663,33.0,1.0,393.0,GC
2024-11-21 16:00:00+00:00,2670.3,2671.2,2669.3,2670.8,623,33.0,1.0,393.0,GC
2024-11-21 16:05:00+00:00,2670.8,2672.1,2669.8,2671.2,752,33.0,1.0,393.0,GC
2024-11-21 16:10:00+00:00,2671.2,2672.3,2670.6,2671.3,579,33.0,1.0,393.0,GC
2024-11-21 16:15:00+00:00,2671.3,2672.4,2667.2,2667.5,1076,33.0,1.0,393.0,GC
2024-11-21 16:20:00+00:00,2667.7,2669.5,2667.4,2669.4,711,33.0,1.0,393.0,GC
2024-11-21 16:25:00+00:00,2669.4,2671.3,2668.9,2670.8,674,33.0,1.0,393.0,GC
2024-11-21 16:30:00+00:00,2670.8,2671.2,2668.7,2669.2,579,33.0,1.0,393.0,GC
2024-11-21 16:35:00+00:00,2669.3,2670.2,2668.5,2669.7,511,33.0,1.0,393.0,GC
2024-11-21 16:40:00+00:00,2669.9,2670.2,2666.3,2666.7,695,33.0,1.0,393.0,GC
2024-11-21 16:45:00+00:00,2666.6,2667.5,2663.6,2667.2,1917,33.0,1.0,393.0,GC
2024-11-21 16:50:00+00:00,2667.3,2669.5,2666.8,2669.2,797,33.0,1.0,393.0,GC
2024-11-21 16:55:00+00:00,2669.1,2669.1,2666.9,2667.2,489,33.0,1.0,393.0,GC
2024-11-21 17:00:00+00:00,2667.2,2667.9,2665.1,2665.3,652,33.0,1.0,393.0,GC
2024-11-21 17:05:00+00:00,2665.2,2666.0,2664.2,2665.8,510,33.0,1.0,393.0,GC
2024-11-21 17:10:00+00:00,2665.7,2667.5,2665.5,2666.3,758,33.0,1.0,393.0,GC
2024-11-21 17:15:00+00:00,2666.2,2667.1,2665.0,2666.9,392,33.0,1.0,393.0,GC
2024-11-21 17:20:00+00:00,2667.1,2669.2,2666.7,2668.7,499,33.0,1.0,393.0,GC
2024-11-21 17:25:00+00:00,2668.8,2669.9,2668.2,2668.3,503,33.0,1.0,393.0,GC
2024-11-21 17:30:00+00:00,2668.4,2670.6,2667.9,2669.1,559,33.0,1.0,393.0,GC
2024-11-21 17:35:00+00:00,2669.2,2670.4,2669.1,2670.4,388,33.0,1.0,393.0,GC
2024-11-21 17:40:00+00:00,2670.4,2672.1,2670.2,2671.9,506,33.0,1.0,393.0,GC
2024-11-21 17:45:00+00:00,2671.9,2673.2,2671.8,2672.7,731,33.0,1.0,393.0,GC
2024-11-21 17:50:00+00:00,2672.6,2674.2,2671.8,2674.1,614,33.0,1.0,393.0,GC
2024-11-21 17:55:00+00:00,2673.9,2675.4,2673.5,2674.6,741,33.0,1.0,393.0,GC
2024-11-21 18:00:00+00:00,2674.5,2674.8,2672.2,2672.6,614,33.0,1.0,393.0,GC
2024-11-21 18:05:00+00:00,2672.8,2673.0,2671.6,2672.8,329,33.0,1.0,393.0,GC
2024-11-21 18:10:00+00:00,2672.9,2674.1,2672.6,2673.7,429,33.0,1.0,393.0,GC
2024-11-21 18:15:00+00:00,2673.7,2675.5,2673.6,2675.3,605,33.0,1.0,393.0,GC
2024-11-21 18:20:00+00:00,2675.4,2675.7,2674.7,2675.5,574,33.0,1.0,393.0,GC
2024-11-21 18:25:00+00:00,2675.5,2675.7,2674.6,2674.8,1068,33.0,1.0,393.0,GC
2024-11-21 18:30:00+00:00,2674.7,2675.5,2673.9,2675.2,472,33.0,1.0,393.0,GC
2024-11-21 18:35:00+00:00,2675.2,2676.0,2673.3,2673.4,470,33.0,1.0,393.0,GC
2024-11-21 18:40:00+00:00,2673.3,2674.3,2672.8,2673.7,257,33.0,1.0,393.0,GC
2024-11-21 18:45:00+00:00,2674.0,2674.5,2673.0,2673.7,197,33.0,1.0,393.0,GC
2024-11-21 18:50:00+00:00,2673.7,2675.1,2673.7,2675.1,266,33.0,1.0,393.0,GC
2024-11-21 18:55:00+00:00,2675.1,2675.5,2674.7,2675.1,173,33.0,1.0,393.0,GC
2024-11-21 19:00:00+00:00,2675.1,2675.8,2674.9,2675.1,255,33.0,1.0,393.0,GC
2024-11-21 19:05:00+00:00,2675.2,2676.5,2674.7,2675.7,327,33.0,1.0,393.0,GC
2024-11-21 19:10:00+00:00,2675.7,2676.1,2674.9,2675.7,229,33.0,1.0,393.0,GC
2024-11-21 19:15:00+00:00,2675.7,2675.7,2674.0,2674.1,271,33.0,1.0,393.0,GC
2024-11-21 19:20:00+00:00,2674.2,2674.4,2671.5,2673.4,662,33.0,1.0,393.0,GC
2024-11-21 19:25:00+00:00,2673.7,2674.5,2673.6,2673.8,277,33.0,1.0,393.0,GC
2024-11-21 19:30:00+00:00,2673.7,2673.8,2672.7,2672.8,171,33.0,1.0,393.0,GC
2024-11-21 19:35:00+00:00,2672.8,2673.1,2672.3,2672.5,202,33.0,1.0,393.0,GC
2024-11-21 19:40:00+00:00,2672.5,2672.6,2671.6,2672.0,261,33.0,1.0,393.0,GC
2024-11-21 19:45:00+00:00,2672.1,2672.4,2671.0,2671.1,243,33.0,1.0,393.0,GC
2024-11-21 19:50:00+00:00,2671.2,2672.2,2670.4,2672.1,318,33.0,1.0,393.0,GC
2024-11-21 19:55:00+00:00,2672.0,2673.2,2671.6,2672.3,260,33.0,1.0,393.0,GC
2024-11-21 20:00:00+00:00,2672.3,2674.4,2672.3,2673.3,223,33.0,1.0,393.0,GC
2024-11-21 20:05:00+00:00,2673.3,2673.4,2672.2,2672.2,141,33.0,1.0,393.0,GC
2024-11-21 20:10:00+00:00,2672.2,2672.2,2671.2,2671.6,177,33.0,1.0,393.0,GC
2024-11-21 20:15:00+00:00,2671.7,2672.4,2671.5,2671.5,241,33.0,1.0,393.0,GC
2024-11-21 20:20:00+00:00,2671.5,2673.0,2671.4,2672.0,175,33.0,1.0,393.0,GC
2024-11-21 20:25:00+00:00,2672.1,2672.9,2671.9,2672.7,125,33.0,1.0,393.0,GC
2024-11-21 20:30:00+00:00,2672.6,2673.3,2672.1,2673.2,294,33.0,1.0,393.0,GC
2024-11-21 20:35:00+00:00,2673.2,2673.5,2672.2,2672.9,158,33.0,1.0,393.0,GC
2024-11-21 20:40:00+00:00,2672.7,2672.8,2672.2,2672.5,126,33.0,1.0,393.0,GC
2024-11-21 20:45:00+00:00,2672.6,2672.9,2672.2,2672.3,164,33.0,1.0,393.0,GC
2024-11-21 20:50:00+00:00,2672.4,2673.5,2672.4,2673.4,311,33.0,1.0,393.0,GC
2024-11-21 20:55:00+00:00,2673.4,2674.4,2673.0,2674.1,468,33.0,1.0,393.0,GC
2024-11-21 21:00:00+00:00,2674.0,2674.3,2673.6,2673.9,124,33.0,1.0,393.0,GC
2024-11-21 21:05:00+00:00,2673.9,2674.3,2673.7,2674.2,95,33.0,1.0,393.0,GC
2024-11-21 21:10:00+00:00,2674.1,2674.1,2672.8,2672.9,163,33.0,1.0,393.0,GC
2024-11-21 21:15:00+00:00,2672.9,2673.1,2672.5,2672.7,181,33.0,1.0,393.0,GC
2024-11-21 21:20:00+00:00,2672.6,2672.9,2671.6,2671.6,219,33.0,1.0,393.0,GC
2024-11-21 21:25:00+00:00,2671.5,2672.4,2671.2,2672.1,270,33.0,1.0,393.0,GC
2024-11-21 21:30:00+00:00,2672.1,2673.0,2671.3,2672.7,494,33.0,1.0,393.0,GC
2024-11-21 21:35:00+00:00,2672.8,2673.0,2671.2,2671.2,323,33.0,1.0,393.0,GC
2024-11-21 21:40:00+00:00,2671.2,2672.7,2670.3,2672.5,434,33.0,1.0,393.0,GC
2024-11-21 21:45:00+00:00,2672.5,2673.2,2671.8,2672.0,157,33.0,1.0,393.0,GC
2024-11-21 21:50:00+00:00,2672.0,2672.7,2671.8,2671.9,154,33.0,1.0,393.0,GC
2024-11-21 21:55:00+00:00,2672.1,2672.3,2671.8,2672.2,104,33.0,1.0,393.0,GC
2024-11-21 23:00:00+00:00,2672.0,2672.4,2671.5,2671.7,171,33.0,1.0,393.0,GC
2024-11-21 23:05:00+00:00,2671.5,2672.0,2671.3,2671.7,133,33.0,1.0,393.0,GC
2024-11-21 23:10:00+00:00,2671.9,2672.0,2671.0,2671.1,170,33.0,1.0,393.0,GC
2024-11-21 23:15:00+00:00,2671.3,2671.5,2670.1,2670.3,203,33.0,1.0,393.0,GC
2024-11-21 23:20:00+00:00,2670.3,2671.7,2670.3,2671.6,92,33.0,1.0,393.0,GC
2024-11-21 23:25:00+00:00,2671.3,2672.1,2671.2,2671.6,66,33.0,1.0,393.0,GC
2024-11-21 23:30:00+00:00,2671.5,2695.9,2671.4,2671.4,66,33.0,1.0,393.0,GC
2024-11-21 23:35:00+00:00,2695.7,2695.9,2671.4,2671.8,30,33.0,1.0,1551.0,GC
2024-11-21 23:40:00+00:00,2671.6,2671.6,2671.0,2671.2,40,33.0,1.0,393.0,GC
2024-11-21 23:45:00+00:00,2671.2,2671.5,2671.1,2671.4,62,33.0,1.0,393.0,GC
2024-11-21 23:50:00+00:00,2671.4,2672.0,2671.3,2671.6,100,33.0,1.0,393.0,GC
2024-11-21 23:55:00+00:00,2671.5,2671.7,2670.9,2671.1,112,33.0,1.0,393.0,GC
2024-11-22 00:00:00+00:00,2671.3,2672.3,2670.8,2672.1,152,33.0,1.0,393.0,GC
2024-11-22 00:05:00+00:00,2672.1,2672.5,2671.9,2672.5,170,33.0,1.0,393.0,GC
2024-11-22 00:10:00+00:00,2672.4,2673.5,2672.4,2673.2,181,33.0,1.0,393.0,GC
2024-11-22 00:15:00+00:00,2673.2,2675.6,2673.0,2674.3,431,33.0,1.0,393.0,GC
2024-11-22 00:20:00+00:00,2674.3,2675.6,2674.0,2674.5,319,33.0,1.0,393.0,GC
2024-11-22 00:25:00+00:00,2674.4,2675.3,2674.3,2675.1,152,33.0,1.0,393.0,GC
2024-11-22 00:30:00+00:00,2675.1,2675.6,2674.2,2674.5,197,33.0,1.0,393.0,GC
2024-11-22 00:35:00+00:00,2674.4,2674.7,2673.8,2674.0,203,33.0,1.0,393.0,GC
2024-11-22 00:40:00+00:00,2674.0,2674.5,2673.9,2673.9,28,33.0,1.0,393.0,GC
2024-11-22 00:45:00+00:00,2673.6,2674.0,2673.5,2674.0,39,33.0,1.0,393.0,GC
2024-11-22 00:50:00+00:00,2674.0,2674.8,2674.0,2674.6,62,33.0,1.0,393.0,GC
2024-11-22 00:55:00+00:00,2674.5,2675.4,2674.3,2675.2,104,33.0,1.0,393.0,GC
2024-11-22 01:00:00+00:00,2675.1,2679.8,2675.1,2678.0,1512,33.0,1.0,393.0,GC
2024-11-22 01:05:00+00:00,2678.3,2679.6,2677.9,2678.0,280,33.0,1.0,393.0,GC
2024-11-22 01:10:00+00:00,2678.1,2680.5,2678.1,2679.8,442,33.0,1.0,393.0,GC
2024-11-22 01:15:00+00:00,2679.8,2680.6,2678.3,2678.3,207,33.0,1.0,393.0,GC
2024-11-22 01:20:00+00:00,2678.2,2679.5,2678.0,2678.1,185,33.0,1.0,393.0,GC
2024-11-22 01:25:00+00:00,2678.1,2678.6,2677.4,2678.0,199,33.0,1.0,393.0,GC
2024-11-22 01:30:00+00:00,2678.2,2680.5,2678.0,2679.5,242,33.0,1.0,393.0,GC
2024-11-22 01:35:00+00:00,2679.5,2680.5,2678.6,2678.6,244,33.0,1.0,393.0,GC
2024-11-22 01:40:00+00:00,2678.6,2680.0,2678.4,2679.0,115,33.0,1.0,393.0,GC
2024-11-22 01:45:00+00:00,2678.9,2680.2,2678.5,2679.9,134,33.0,1.0,393.0,GC
2024-11-22 01:50:00+00:00,2680.0,2681.4,2679.9,2681.4,426,33.0,1.0,393.0,GC
2024-11-22 01:55:00+00:00,2681.4,2681.7,2680.0,2680.1,354,33.0,1.0,393.0,GC
2024-11-22 02:00:00+00:00,2679.7,2680.7,2679.5,2680.5,273,33.0,1.0,393.0,GC
2024-11-22 02:05:00+00:00,2680.3,2682.0,2680.1,2681.2,418,33.0,1.0,393.0,GC
2024-11-22 02:10:00+00:00,2681.2,2682.7,2681.0,2681.8,487,33.0,1.0,393.0,GC
2024-11-22 02:15:00+00:00,2681.8,2682.6,2681.3,2682.6,256,33.0,1.0,393.0,GC
2024-11-22 02:20:00+00:00,2682.6,2684.0,2682.5,2683.4,424,33.0,1.0,393.0,GC
2024-11-22 02:25:00+00:00,2683.4,2684.0,2683.1,2684.0,183,33.0,1.0,393.0,GC
2024-11-22 02:30:00+00:00,2684.0,2684.8,2683.5,2684.2,454,33.0,1.0,393.0,GC
2024-11-22 02:35:00+00:00,2684.2,2687.2,2684.1,2686.9,625,33.0,1.0,393.0,GC
2024-11-22 02:40:00+00:00,2686.8,2688.8,2686.7,2688.4,711,33.0,1.0,393.0,GC
2024-11-22 02:45:00+00:00,2688.3,2688.6,2686.7,2688.3,525,33.0,1.0,393.0,GC
2024-11-22 02:50:00+00:00,2688.1,2688.8,2687.7,2688.3,313,33.0,1.0,393.0,GC
2024-11-22 02:55:00+00:00,2688.4,2688.6,2687.4,2688.5,177,33.0,1.0,393.0,GC
2024-11-22 03:00:00+00:00,2688.4,2690.5,2688.0,2690.3,619,33.0,1.0,393.0,GC
2024-11-22 03:05:00+00:00,2690.4,2692.3,2690.2,2691.0,898,33.0,1.0,393.0,GC
2024-11-22 03:10:00+00:00,2690.9,2691.9,2690.7,2691.5,506,33.0,1.0,393.0,GC
2024-11-22 03:15:00+00:00,2691.4,2692.0,2690.7,2691.6,228,33.0,1.0,393.0,GC
2024-11-22 03:20:00+00:00,2691.7,2692.9,2691.0,2691.8,638,33.0,1.0,393.0,GC
2024-11-22 03:25:00+00:00,2691.9,2691.9,2688.2,2688.7,809,33.0,1.0,393.0,GC
2024-11-22 03:30:00+00:00,2688.7,2688.7,2686.2,2686.2,604,33.0,1.0,393.0,GC
2024-11-22 03:35:00+00:00,2686.4,2688.3,2685.7,2687.7,517,33.0,1.0,393.0,GC
2024-11-22 03:40:00+00:00,2687.6,2687.6,2683.4,2683.9,980,33.0,1.0,393.0,GC
2024-11-22 03:45:00+00:00,2683.8,2686.9,2683.5,2686.8,915,33.0,1.0,393.0,GC
2024-11-22 03:50:00+00:00,2686.8,2688.5,2685.4,2688.4,930,33.0,1.0,393.0,GC
2024-11-22 03:55:00+00:00,2688.6,2689.1,2687.3,2688.6,296,33.0,1.0,393.0,GC
2024-11-22 04:00:00+00:00,2688.6,2689.6,2687.7,2689.3,411,33.0,1.0,393.0,GC
2024-11-22 04:05:00+00:00,2689.3,2689.4,2688.5,2689.1,107,33.0,1.0,393.0,GC
2024-11-22 04:10:00+00:00,2689.1,2689.1,2688.0,2688.3,100,33.0,1.0,393.0,GC
2024-11-22 04:15:00+00:00,2688.1,2688.8,2687.4,2687.5,160,33.0,1.0,393.0,GC
2024-11-22 04:20:00+00:00,2687.5,2687.8,2686.9,2687.2,107,33.0,1.0,393.0,GC
2024-11-22 04:25:00+00:00,2687.2,2687.8,2686.3,2686.6,282,33.0,1.0,393.0,GC
2024-11-22 04:30:00+00:00,2686.7,2687.3,2685.2,2687.2,523,33.0,1.0,393.0,GC
2024-11-22 04:35:00+00:00,2687.2,2687.8,2686.2,2686.9,337,33.0,1.0,393.0,GC
2024-11-22 04:40:00+00:00,2687.0,2688.0,2686.8,2687.5,338,33.0,1.0,393.0,GC
2024-11-22 04:45:00+00:00,2687.3,2693.5,2687.2,2693.4,1406,33.0,1.0,393.0,GC
2024-11-22 04:50:00+00:00,2693.5,2694.7,2690.5,2690.5,1104,33.0,1.0,393.0,GC
2024-11-22 04:55:00+00:00,2690.6,2691.0,2688.8,2690.9,538,33.0,1.0,393.0,GC
2024-11-22 05:00:00+00:00,2691.0,2691.2,2688.5,2690.5,742,33.0,1.0,393.0,GC
2024-11-22 05:05:00+00:00,2690.6,2691.3,2689.7,2691.3,182,33.0,1.0,393.0,GC
2024-11-22 05:10:00+00:00,2691.0,2691.0,2689.2,2690.5,169,33.0,1.0,393.0,GC
2024-11-22 05:15:00+00:00,2690.4,2690.7,2689.5,2689.7,160,33.0,1.0,393.0,GC
2024-11-22 05:20:00+00:00,2689.8,2691.0,2689.5,2690.7,104,33.0,1.0,393.0,GC
2024-11-22 05:25:00+00:00,2690.8,2691.0,2689.7,2690.4,107,33.0,1.0,393.0,GC
2024-11-22 05:30:00+00:00,2690.3,2690.9,2686.5,2687.7,458,33.0,1.0,393.0,GC
2024-11-22 05:35:00+00:00,2687.9,2689.4,2687.5,2689.1,176,33.0,1.0,393.0,GC
2024-11-22 05:40:00+00:00,2689.2,2689.4,2687.4,2687.6,135,33.0,1.0,393.0,GC
2024-11-22 05:45:00+00:00,2687.5,2687.5,2685.1,2686.1,425,33.0,1.0,393.0,GC
2024-11-22 05:50:00+00:00,2686.2,2688.0,2686.2,2687.3,223,33.0,1.0,393.0,GC
2024-11-22 05:55:00+00:00,2687.5,2688.8,2687.2,2688.5,120,33.0,1.0,393.0,GC
2024-11-22 06:00:00+00:00,2688.8,2691.3,2688.6,2690.6,297,33.0,1.0,393.0,GC
2024-11-22 06:05:00+00:00,2690.8,2691.3,2689.9,2690.4,302,33.0,1.0,393.0,GC
2024-11-22 06:10:00+00:00,2690.4,2690.5,2689.1,2690.5,148,33.0,1.0,393.0,GC
2024-11-22 06:15:00+00:00,2690.3,2691.6,2690.0,2690.3,300,33.0,1.0,393.0,GC
2024-11-22 06:20:00+00:00,2690.2,2691.2,2688.7,2689.6,303,33.0,1.0,393.0,GC
2024-11-22 06:25:00+00:00,2689.6,2690.4,2688.1,2690.3,382,33.0,1.0,393.0,GC
2024-11-22 06:30:00+00:00,2690.3,2691.2,2689.5,2690.8,296,33.0,1.0,393.0,GC
2024-11-22 06:35:00+00:00,2691.0,2691.1,2689.7,2690.2,194,33.0,1.0,393.0,GC
2024-11-22 06:40:00+00:00,2690.1,2691.3,2689.9,2690.6,237,33.0,1.0,393.0,GC
2024-11-22 06:45:00+00:00,2690.6,2692.8,2690.6,2692.5,469,33.0,1.0,393.0,GC
2024-11-22 06:50:00+00:00,2692.6,2694.2,2692.2,2694.2,344,33.0,1.0,393.0,GC
2024-11-22 06:55:00+00:00,2694.0,2695.6,2693.9,2695.3,538,33.0,1.0,393.0,GC
2024-11-22 07:00:00+00:00,2695.2,2695.7,2693.0,2693.8,769,33.0,1.0,393.0,GC
2024-11-22 07:05:00+00:00,2693.9,2695.5,2693.6,2695.0,461,33.0,1.0,393.0,GC
2024-11-22 07:10:00+00:00,2695.0,2695.0,2693.0,2693.3,484,33.0,1.0,393.0,GC
2024-11-22 07:15:00+00:00,2693.4,2695.0,2693.0,2694.6,346,33.0,1.0,393.0,GC
2024-11-22 07:20:00+00:00,2694.5,2695.7,2694.5,2694.9,349,33.0,1.0,393.0,GC
2024-11-22 07:25:00+00:00,2694.9,2695.3,2694.3,2695.3,225,33.0,1.0,393.0,GC
2024-11-22 07:30:00+00:00,2695.1,2696.9,2695.1,2696.5,505,33.0,1.0,393.0,GC
2024-11-22 07:35:00+00:00,2696.5,2697.5,2695.4,2697.5,359,33.0,1.0,393.0,GC
2024-11-22 07:40:00+00:00,2697.3,2698.2,2696.2,2696.5,563,33.0,1.0,393.0,GC
2024-11-22 07:45:00+00:00,2696.6,2700.5,2696.3,2700.0,1145,33.0,1.0,393.0,GC
2024-11-22 07:50:00+00:00,2700.2,2701.8,2699.8,2700.5,1397,33.0,1.0,393.0,GC
2024-11-22 07:55:00+00:00,2700.6,2701.2,2698.9,2699.1,1090,33.0,1.0,393.0,GC
2024-11-22 08:00:00+00:00,2699.2,2700.1,2697.4,2697.7,1184,33.0,1.0,393.0,GC
2024-11-22 08:05:00+00:00,2697.9,2700.8,2697.3,2698.9,1102,33.0,1.0,393.0,GC
2024-11-22 08:10:00+00:00,2698.7,2700.1,2697.9,2699.6,709,33.0,1.0,393.0,GC
2024-11-22 08:15:00+00:00,2699.7,2701.8,2698.0,2701.5,1094,33.0,1.0,393.0,GC
2024-11-22 08:20:00+00:00,2701.6,2703.0,2699.3,2699.4,779,33.0,1.0,393.0,GC
2024-11-22 08:25:00+00:00,2699.5,2700.7,2698.5,2699.3,425,33.0,1.0,393.0,GC
2024-11-22 08:30:00+00:00,2699.2,2701.2,2698.5,2701.2,705,33.0,1.0,393.0,GC
2024-11-22 08:35:00+00:00,2701.1,2702.2,2700.0,2702.2,582,33.0,1.0,393.0,GC
2024-11-22 08:40:00+00:00,2702.3,2702.9,2700.7,2701.3,658,33.0,1.0,393.0,GC
2024-11-22 08:45:00+00:00,2701.5,2702.7,2700.6,2702.4,333,33.0,1.0,393.0,GC
2024-11-22 08:50:00+00:00,2702.3,2702.6,2699.1,2699.8,631,33.0,1.0,393.0,GC
2024-11-22 08:55:00+00:00,2699.7,2700.6,2698.9,2699.9,306,33.0,1.0,393.0,GC
2024-11-22 09:00:00+00:00,2699.8,2700.1,2698.1,2698.3,503,33.0,1.0,393.0,GC
2024-11-22 09:05:00+00:00,2698.4,2700.9,2696.9,2700.1,1167,33.0,1.0,393.0,GC
2024-11-22 09:10:00+00:00,2699.8,2700.0,2696.2,2697.3,959,33.0,1.0,393.0,GC
2024-11-22 09:15:00+00:00,2697.5,2698.3,2695.8,2697.7,914,33.0,1.0,393.0,GC
2024-11-22 09:20:00+00:00,2697.5,2698.3,2696.2,2697.2,405,33.0,1.0,393.0,GC
2024-11-22 09:25:00+00:00,2697.2,2697.6,2696.5,2697.5,628,33.0,1.0,393.0,GC
2024-11-22 09:30:00+00:00,2697.4,2703.6,2696.8,2703.1,1736,33.0,1.0,393.0,GC
2024-11-22 09:35:00+00:00,2703.3,2707.5,2703.0,2706.4,2063,33.0,1.0,393.0,GC
2024-11-22 09:40:00+00:00,2706.4,2709.8,2705.7,2707.1,1549,33.0,1.0,393.0,GC
2024-11-22 09:45:00+00:00,2707.2,2708.0,2705.2,2705.7,927,33.0,1.0,393.0,GC
2024-11-22 09:50:00+00:00,2705.7,2706.8,2705.1,2706.3,595,33.0,1.0,393.0,GC
2024-11-22 09:55:00+00:00,2706.2,2706.3,2705.2,2705.7,213,33.0,1.0,393.0,GC
2024-11-22 10:00:00+00:00,2705.8,2731.1,2705.0,2731.0,498,33.0,1.0,393.0,GC
2024-11-22 10:05:00+00:00,2706.6,2708.3,2706.1,2707.6,858,33.0,1.0,393.0,GC
2024-11-22 10:10:00+00:00,2707.6,2710.6,2707.4,2709.8,1102,33.0,1.0,393.0,GC
2024-11-22 10:15:00+00:00,2709.8,2710.8,2707.8,2709.1,926,33.0,1.0,393.0,GC
2024-11-22 10:20:00+00:00,2708.9,2711.0,2708.1,2710.3,965,33.0,1.0,393.0,GC
2024-11-22 10:25:00+00:00,2710.3,2711.1,2708.4,2708.6,631,33.0,1.0,393.0,GC
2024-11-22 10:30:00+00:00,2708.6,2709.4,2706.9,2709.3,1168,33.0,1.0,393.0,GC
2024-11-22 10:35:00+00:00,2709.3,2710.0,2708.6,2709.1,491,33.0,1.0,393.0,GC
2024-11-22 10:40:00+00:00,2709.1,2710.1,2708.5,2710.0,233,33.0,1.0,393.0,GC
2024-11-22 10:45:00+00:00,2709.9,2709.9,2708.5,2708.9,316,33.0,1.0,393.0,GC
2024-11-22 10:50:00+00:00,2708.8,2709.5,2707.9,2708.9,294,33.0,1.0,393.0,GC
2024-11-22 10:55:00+00:00,2708.9,2710.2,2708.7,2710.0,353,33.0,1.0,393.0,GC
2024-11-22 11:00:00+00:00,2710.1,2712.0,2709.7,2711.4,870,33.0,1.0,393.0,GC
2024-11-22 11:05:00+00:00,2711.5,2712.4,2708.6,2710.3,1655,33.0,1.0,393.0,GC
2024-11-22 11:10:00+00:00,2710.3,2710.6,2708.2,2708.4,493,33.0,1.0,393.0,GC
2024-11-22 11:15:00+00:00,2708.4,2708.8,2705.0,2705.9,953,33.0,1.0,393.0,GC
2024-11-22 11:20:00+00:00,2706.0,2706.9,2705.0,2705.5,546,33.0,1.0,393.0,GC
2024-11-22 11:25:00+00:00,2705.6,2706.4,2702.4,2703.0,1011,33.0,1.0,393.0,GC
2024-11-22 11:30:00+00:00,2703.1,2705.8,2702.0,2704.6,870,33.0,1.0,393.0,GC
2024-11-22 11:35:00+00:00,2704.6,2704.9,2700.0,2700.7,1086,33.0,1.0,393.0,GC
2024-11-22 11:40:00+00:00,2700.7,2705.0,2699.2,2705.0,1517,33.0,1.0,393.0,GC
2024-11-22 11:45:00+00:00,2705.1,2705.8,2701.1,2701.4,769,33.0,1.0,393.0,GC
2024-11-22 11:50:00+00:00,2701.5,2703.0,2699.5,2702.7,515,33.0,1.0,393.0,GC
2024-11-22 11:55:00+00:00,2702.9,2703.0,2700.7,2701.1,500,33.0,1.0,393.0,GC
2024-11-22 12:00:00+00:00,2701.0,2702.5,2700.9,2701.3,458,33.0,1.0,393.0,GC
2024-11-22 12:05:00+00:00,2701.4,2703.8,2700.8,2701.1,579,33.0,1.0,393.0,GC
2024-11-22 12:10:00+00:00,2701.2,2703.2,2701.1,2702.6,653,33.0,1.0,393.0,GC
2024-11-22 12:15:00+00:00,2702.7,2702.8,2699.7,2701.2,625,33.0,1.0,393.0,GC
2024-11-22 12:20:00+00:00,2701.2,2702.5,2700.8,2702.0,403,33.0,1.0,393.0,GC
2024-11-22 12:25:00+00:00,2702.1,2702.1,2700.0,2700.5,338,33.0,1.0,393.0,GC
2024-11-22 12:30:00+00:00,2700.5,2702.6,2699.3,2702.3,651,33.0,1.0,393.0,GC
2024-11-22 12:35:00+00:00,2702.4,2702.8,2701.4,2702.8,335,33.0,1.0,393.0,GC
2024-11-22 12:40:00+00:00,2702.9,2705.7,2702.9,2705.6,916,33.0,1.0,393.0,GC
2024-11-22 12:45:00+00:00,2705.5,2707.3,2704.9,2705.2,991,33.0,1.0,393.0,GC
2024-11-22 12:50:00+00:00,2705.2,2707.1,2705.0,2705.6,559,33.0,1.0,393.0,GC
2024-11-22 12:55:00+00:00,2705.9,2705.9,2704.0,2705.4,352,33.0,1.0,393.0,GC
2024-11-22 13:00:00+00:00,2705.2,2706.5,2701.8,2703.0,1372,33.0,1.0,393.0,GC
2024-11-22 13:05:00+00:00,2703.1,2703.1,2700.3,2701.0,751,33.0,1.0,393.0,GC
2024-11-22 13:10:00+00:00,2701.2,2702.2,2699.1,2700.5,1082,33.0,1.0,393.0,GC
2024-11-22 13:15:00+00:00,2700.4,2702.9,2699.8,2701.4,923,33.0,1.0,393.0,GC
2024-11-22 13:20:00+00:00,2701.4,2702.6,2698.0,2698.1,1474,33.0,1.0,393.0,GC
2024-11-22 13:25:00+00:00,2698.0,2698.4,2692.8,2693.5,3547,33.0,1.0,393.0,GC
2024-11-22 13:30:00+00:00,2693.5,2696.1,2692.2,2694.6,1932,33.0,1.0,393.0,GC
2024-11-22 13:35:00+00:00,2694.5,2697.9,2694.2,2695.2,999,33.0,1.0,393.0,GC
2024-11-22 13:40:00+00:00,2695.2,2696.8,2693.5,2694.1,968,33.0,1.0,393.0,GC
2024-11-22 13:45:00+00:00,2694.1,2694.1,2691.3,2693.8,1297,33.0,1.0,393.0,GC
2024-11-22 13:50:00+00:00,2693.7,2697.4,2693.2,2695.9,867,33.0,1.0,393.0,GC
2024-11-22 13:55:00+00:00,2696.1,2696.7,2694.8,2695.1,456,33.0,1.0,393.0,GC
2024-11-22 14:00:00+00:00,2695.1,2696.0,2693.3,2694.0,743,33.0,1.0,393.0,GC
2024-11-22 14:05:00+00:00,2694.1,2694.4,2691.6,2694.0,724,33.0,1.0,393.0,GC
2024-11-22 14:10:00+00:00,2693.9,2694.9,2691.6,2692.0,780,33.0,1.0,393.0,GC
2024-11-22 14:15:00+00:00,2691.9,2693.7,2691.3,2693.6,716,33.0,1.0,393.0,GC
2024-11-22 14:20:00+00:00,2693.7,2695.0,2691.1,2692.2,747,33.0,1.0,393.0,GC
2024-11-22 14:25:00+00:00,2692.3,2692.4,2687.8,2689.7,1820,33.0,1.0,393.0,GC
2024-11-22 14:30:00+00:00,2689.9,2690.8,2686.4,2690.4,2398,33.0,1.0,393.0,GC
2024-11-22 14:35:00+00:00,2690.3,2693.7,2689.1,2693.6,1590,33.0,1.0,393.0,GC
2024-11-22 14:40:00+00:00,2693.6,2695.7,2692.8,2695.1,1174,33.0,1.0,393.0,GC
2024-11-22 14:45:00+00:00,2695.0,2695.9,2690.2,2694.3,2570,33.0,1.0,393.0,GC
2024-11-22 14:50:00+00:00,2694.3,2697.5,2693.7,2695.9,1605,33.0,1.0,393.0,GC
2024-11-22 14:55:00+00:00,2695.9,2698.7,2695.6,2696.8,1212,33.0,1.0,393.0,GC
2024-11-22 15:00:00+00:00,2697.1,2699.4,2696.7,2699.4,1407,33.0,1.0,393.0,GC
2024-11-22 15:05:00+00:00,2699.4,2700.7,2696.6,2697.1,1767,33.0,1.0,393.0,GC
2024-11-22 15:10:00+00:00,2697.1,2699.9,2697.1,2698.2,834,33.0,1.0,393.0,GC
2024-11-22 15:15:00+00:00,2698.1,2699.5,2697.5,2698.9,609,33.0,1.0,393.0,GC
2024-11-22 15:20:00+00:00,2698.9,2700.9,2698.0,2700.8,703,33.0,1.0,393.0,GC
2024-11-22 15:25:00+00:00,2700.9,2702.2,2700.2,2701.6,1755,33.0,1.0,393.0,GC
2024-11-22 15:30:00+00:00,2701.6,2703.2,2699.9,2703.0,1430,33.0,1.0,393.0,GC
2024-11-22 15:35:00+00:00,2702.9,2705.0,2701.4,2704.4,1303,33.0,1.0,393.0,GC
2024-11-22 15:40:00+00:00,2704.5,2707.5,2704.4,2707.3,1650,33.0,1.0,393.0,GC
2024-11-22 15:45:00+00:00,2707.3,2707.3,2703.5,2704.3,1137,33.0,1.0,393.0,GC
2024-11-22 15:50:00+00:00,2704.1,2706.8,2703.3,2705.1,938,33.0,1.0,393.0,GC
2024-11-22 15:55:00+00:00,2705.0,2706.2,2704.7,2706.0,574,33.0,1.0,393.0,GC
2024-11-22 16:00:00+00:00,2706.1,2706.2,2703.1,2704.7,769,33.0,1.0,393.0,GC
2024-11-22 16:05:00+00:00,2704.5,2706.6,2704.0,2706.5,546,33.0,1.0,393.0,GC
2024-11-22 16:10:00+00:00,2706.3,2708.8,2706.2,2708.6,1091,33.0,1.0,393.0,GC
2024-11-22 16:15:00+00:00,2708.6,2708.8,2706.2,2706.3,663,33.0,1.0,393.0,GC
2024-11-22 16:20:00+00:00,2706.3,2707.3,2703.3,2704.4,1163,33.0,1.0,393.0,GC
2024-11-22 16:25:00+00:00,2704.5,2705.5,2703.2,2704.9,689,33.0,1.0,393.0,GC
2024-11-22 16:30:00+00:00,2704.9,2706.2,2703.8,2705.0,678,33.0,1.0,393.0,GC
2024-11-22 16:35:00+00:00,2705.0,2705.7,2703.9,2704.7,485,33.0,1.0,393.0,GC
2024-11-22 16:40:00+00:00,2704.5,2707.1,2703.6,2706.9,604,33.0,1.0,393.0,GC
2024-11-22 16:45:00+00:00,2707.1,2708.5,2706.7,2708.3,732,33.0,1.0,393.0,GC
2024-11-22 16:50:00+00:00,2708.4,2708.8,2706.3,2706.9,1077,33.0,1.0,393.0,GC
2024-11-22 16:55:00+00:00,2706.8,2707.9,2706.4,2707.3,570,33.0,1.0,393.0,GC
2024-11-22 17:00:00+00:00,2707.5,2708.7,2707.2,2708.7,371,33.0,1.0,393.0,GC
2024-11-22 17:05:00+00:00,2708.7,2708.7,2706.8,2707.2,421,33.0,1.0,393.0,GC
2024-11-22 17:10:00+00:00,2707.0,2709.0,2707.0,2708.0,519,33.0,1.0,393.0,GC
2024-11-22 17:15:00+00:00,2708.0,2708.3,2706.1,2706.8,355,33.0,1.0,393.0,GC
2024-11-22 17:20:00+00:00,2706.9,2708.6,2706.4,2708.6,291,33.0,1.0,393.0,GC
2024-11-22 17:25:00+00:00,2708.5,2708.6,2707.4,2707.5,189,33.0,1.0,393.0,GC
2024-11-22 17:30:00+00:00,2707.6,2708.6,2707.0,2707.7,184,33.0,1.0,393.0,GC
2024-11-22 17:35:00+00:00,2707.6,2708.5,2706.5,2706.5,179,33.0,1.0,393.0,GC
2024-11-22 17:40:00+00:00,2706.3,2707.7,2705.7,2707.5,326,33.0,1.0,393.0,GC
2024-11-22 17:45:00+00:00,2707.5,2708.4,2707.2,2708.3,330,33.0,1.0,393.0,GC
2024-11-22 17:50:00+00:00,2708.2,2709.3,2707.9,2708.9,606,33.0,1.0,393.0,GC
2024-11-22 17:55:00+00:00,2708.9,2709.5,2708.2,2709.0,407,33.0,1.0,393.0,GC
2024-11-22 18:00:00+00:00,2709.0,2710.4,2708.9,2710.2,602,33.0,1.0,393.0,GC
2024-11-22 18:05:00+00:00,2710.3,2711.1,2709.9,2711.0,653,33.0,1.0,393.0,GC
2024-11-22 18:10:00+00:00,2711.0,2711.5,2710.5,2711.1,537,33.0,1.0,393.0,GC
2024-11-22 18:15:00+00:00,2711.2,2711.7,2710.5,2711.5,438,33.0,1.0,393.0,GC
2024-11-22 18:20:00+00:00,2711.5,2713.5,2711.4,2712.7,1373,33.0,1.0,393.0,GC
2024-11-22 18:25:00+00:00,2712.6,2713.2,2711.9,2712.1,1627,33.0,1.0,393.0,GC
2024-11-22 18:30:00+00:00,2712.1,2713.7,2712.1,2712.6,613,33.0,1.0,393.0,GC
2024-11-22 18:35:00+00:00,2712.5,2713.4,2712.1,2712.2,338,33.0,1.0,393.0,GC
2024-11-22 18:40:00+00:00,2712.1,2712.4,2710.8,2711.4,648,33.0,1.0,393.0,GC
2024-11-22 18:45:00+00:00,2711.5,2713.2,2711.4,2712.1,544,33.0,1.0,393.0,GC
2024-11-22 18:50:00+00:00,2712.0,2712.7,2711.1,2712.5,320,33.0,1.0,393.0,GC
2024-11-22 18:55:00+00:00,2712.5,2713.4,2712.2,2713.1,272,33.0,1.0,393.0,GC
2024-11-22 19:00:00+00:00,2713.2,2713.3,2710.9,2711.6,449,33.0,1.0,393.0,GC
2024-11-22 19:05:00+00:00,2711.5,2712.3,2711.5,2712.0,175,33.0,1.0,393.0,GC
2024-11-22 19:10:00+00:00,2712.3,2713.1,2711.8,2713.1,209,33.0,1.0,393.0,GC
2024-11-22 19:15:00+00:00,2713.1,2713.3,2711.6,2712.0,486,33.0,1.0,393.0,GC
2024-11-22 19:20:00+00:00,2712.0,2713.7,2712.0,2713.5,321,33.0,1.0,393.0,GC
2024-11-22 19:25:00+00:00,2713.4,2713.7,2712.6,2712.8,234,33.0,1.0,393.0,GC
2024-11-22 19:30:00+00:00,2712.9,2713.6,2712.8,2713.2,131,33.0,1.0,393.0,GC
2024-11-22 19:35:00+00:00,2713.1,2713.3,2711.5,2711.6,224,33.0,1.0,393.0,GC
2024-11-22 19:40:00+00:00,2711.4,2711.4,2710.1,2710.5,410,33.0,1.0,393.0,GC
2024-11-22 19:45:00+00:00,2710.5,2710.5,2709.3,2709.4,290,33.0,1.0,393.0,GC
2024-11-22 19:50:00+00:00,2709.5,2710.7,2709.2,2710.2,266,33.0,1.0,393.0,GC
2024-11-22 19:55:00+00:00,2710.2,2710.8,2710.0,2710.3,240,33.0,1.0,393.0,GC
2024-11-22 20:00:00+00:00,2710.3,2710.5,2709.2,2709.7,544,33.0,1.0,393.0,GC
2024-11-22 20:05:00+00:00,2709.9,2710.1,2708.6,2709.3,283,33.0,1.0,393.0,GC
2024-11-22 20:10:00+00:00,2709.2,2709.2,2707.2,2708.1,394,33.0,1.0,393.0,GC
2024-11-22 20:15:00+00:00,2708.2,2708.8,2707.5,2708.7,271,33.0,1.0,393.0,GC
2024-11-22 20:20:00+00:00,2708.8,2709.7,2708.7,2708.9,204,33.0,1.0,393.0,GC
2024-11-22 20:25:00+00:00,2708.9,2711.1,2708.6,2709.9,713,33.0,1.0,393.0,GC
2024-11-22 20:30:00+00:00,2709.9,2710.3,2708.4,2708.4,479,33.0,1.0,393.0,GC
2024-11-22 20:35:00+00:00,2708.7,2709.3,2708.2,2708.5,154,33.0,1.0,393.0,GC
2024-11-22 20:40:00+00:00,2708.6,2709.6,2708.6,2709.1,139,33.0,1.0,393.0,GC
2024-11-22 20:45:00+00:00,2709.2,2709.2,2708.1,2708.6,220,33.0,1.0,393.0,GC
2024-11-22 20:50:00+00:00,2708.4,2708.8,2707.3,2708.2,286,33.0,1.0,393.0,GC
2024-11-22 20:55:00+00:00,2708.1,2708.2,2707.4,2707.8,292,33.0,1.0,393.0,GC
2024-11-22 21:00:00+00:00,2707.8,2709.0,2707.7,2708.5,348,33.0,1.0,393.0,GC
2024-11-22 21:05:00+00:00,2708.6,2709.7,2708.5,2709.7,122,33.0,1.0,393.0,GC
2024-11-22 21:10:00+00:00,2709.5,2711.1,2709.5,2710.9,252,33.0,1.0,393.0,GC
2024-11-22 21:15:00+00:00,2710.6,2711.8,2710.6,2711.6,173,33.0,1.0,393.0,GC
2024-11-22 21:20:00+00:00,2711.5,2711.9,2710.9,2711.1,147,33.0,1.0,393.0,GC
2024-11-22 21:25:00+00:00,2711.1,2711.8,2710.8,2711.3,130,33.0,1.0,393.0,GC
2024-11-22 21:30:00+00:00,2711.3,2711.5,2709.8,2711.3,345,33.0,1.0,393.0,GC
2024-11-22 21:35:00+00:00,2711.3,2713.5,2710.4,2713.0,606,33.0,1.0,393.0,GC
2024-11-22 21:40:00+00:00,2713.0,2714.0,2712.7,2714.0,194,33.0,1.0,393.0,GC
2024-11-22 21:45:00+00:00,2713.9,2714.9,2713.5,2714.8,385,33.0,1.0,393.0,GC
2024-11-22 21:50:00+00:00,2714.7,2717.4,2714.4,2716.7,600,33.0,1.0,393.0,GC
2024-11-22 21:55:00+00:00,2716.6,2718.5,2716.5,2718.2,487,33.0,1.0,393.0,GC
2024-11-24 23:00:00+00:00,2716.9,2717.9,2690.0,2712.5,2201,33.0,1.0,393.0,GC
2024-11-24 23:05:00+00:00,2712.5,2715.8,2712.4,2715.4,615,33.0,1.0,393.0,GC
2024-11-24 23:10:00+00:00,2715.5,2715.9,2713.3,2715.3,424,33.0,1.0,393.0,GC
2024-11-24 23:15:00+00:00,2715.4,2717.7,2714.4,2717.7,582,33.0,1.0,393.0,GC
2024-11-24 23:20:00+00:00,2717.8,2719.0,2714.3,2714.6,1230,33.0,1.0,393.0,GC
2024-11-24 23:25:00+00:00,2714.5,2720.0,2712.7,2719.7,805,33.0,1.0,393.0,GC
2024-11-24 23:30:00+00:00,2719.7,2720.7,2718.0,2718.5,517,33.0,1.0,393.0,GC
2024-11-24 23:35:00+00:00,2718.3,2718.7,2717.1,2718.0,144,33.0,1.0,393.0,GC
2024-11-24 23:40:00+00:00,2718.3,2723.2,2718.1,2719.6,1350,33.0,1.0,393.0,GC
2024-11-24 23:45:00+00:00,2719.5,2721.4,2718.4,2721.2,332,33.0,1.0,393.0,GC
2024-11-24 23:50:00+00:00,2721.0,2721.9,2720.1,2721.2,169,33.0,1.0,393.0,GC
2024-11-24 23:55:00+00:00,2721.0,2721.9,2720.9,2721.6,116,33.0,1.0,393.0,GC
2024-11-25 00:00:00+00:00,2721.5,2721.8,2718.8,2719.2,368,33.0,1.0,393.0,GC
2024-11-25 00:05:00+00:00,2719.2,2721.4,2719.1,2720.8,193,33.0,1.0,393.0,GC
2024-11-25 00:10:00+00:00,2720.7,2746.4,2720.6,2721.1,91,33.0,1.0,393.0,GC
2024-11-25 00:15:00+00:00,2721.0,2721.9,2719.7,2720.7,361,33.0,1.0,393.0,GC
2024-11-25 00:20:00+00:00,2720.8,2720.8,2718.2,2718.4,354,33.0,1.0,393.0,GC
2024-11-25 00:25:00+00:00,2718.5,2719.6,2717.8,2718.3,300,33.0,1.0,393.0,GC
2024-11-25 00:30:00+00:00,2718.4,2718.7,2714.7,2715.1,626,33.0,1.0,393.0,GC
2024-11-25 00:35:00+00:00,2715.3,2716.7,2713.8,2714.8,558,33.0,1.0,393.0,GC
2024-11-25 00:40:00+00:00,2714.9,2716.2,2714.3,2714.7,329,33.0,1.0,393.0,GC
2024-11-25 00:45:00+00:00,2714.4,2714.7,2712.6,2714.7,381,33.0,1.0,393.0,GC
2024-11-25 00:50:00+00:00,2714.8,2715.8,2712.9,2713.8,343,33.0,1.0,393.0,GC
2024-11-25 00:55:00+00:00,2713.9,2714.3,2711.5,2712.4,373,33.0,1.0,393.0,GC
2024-11-25 01:00:00+00:00,2712.5,2713.0,2704.7,2705.4,2004,33.0,1.0,393.0,GC
2024-11-25 01:05:00+00:00,2705.6,2706.8,2701.4,2702.3,1822,33.0,1.0,393.0,GC
2024-11-25 01:10:00+00:00,2702.4,2705.9,2701.6,2705.1,1262,33.0,1.0,393.0,GC
2024-11-25 01:15:00+00:00,2705.1,2707.2,2703.0,2703.5,710,33.0,1.0,393.0,GC
2024-11-25 01:20:00+00:00,2703.5,2705.3,2701.7,2704.4,601,33.0,1.0,393.0,GC
2024-11-25 01:25:00+00:00,2704.6,2705.0,2702.4,2703.8,469,33.0,1.0,393.0,GC
2024-11-25 01:30:00+00:00,2703.8,2704.4,2696.7,2698.2,1665,33.0,1.0,393.0,GC
2024-11-25 01:35:00+00:00,2698.2,2701.2,2697.7,2700.4,896,33.0,1.0,393.0,GC
2024-11-25 01:40:00+00:00,2700.4,2701.9,2699.4,2699.6,530,33.0,1.0,393.0,GC
2024-11-25 01:45:00+00:00,2699.7,2701.6,2699.2,2700.2,450,33.0,1.0,393.0,GC
2024-11-25 01:50:00+00:00,2700.1,2701.7,2699.6,2701.7,418,33.0,1.0,393.0,GC
2024-11-25 01:55:00+00:00,2701.5,2703.5,2701.4,2703.2,461,33.0,1.0,393.0,GC
2024-11-25 02:00:00+00:00,2703.3,2704.1,2701.6,2702.6,794,33.0,1.0,393.0,GC
2024-11-25 02:05:00+00:00,2702.8,2704.9,2701.7,2704.9,637,33.0,1.0,393.0,GC
2024-11-25 02:10:00+00:00,2704.9,2706.6,2702.9,2703.9,812,33.0,1.0,393.0,GC
2024-11-25 02:15:00+00:00,2704.0,2704.2,2702.7,2702.9,245,33.0,1.0,393.0,GC
2024-11-25 02:20:00+00:00,2703.0,2703.4,2701.9,2703.1,282,33.0,1.0,393.0,GC
2024-11-25 02:25:00+00:00,2703.2,2704.2,2702.5,2703.1,243,33.0,1.0,393.0,GC
2024-11-25 02:30:00+00:00,2703.0,2703.7,2701.5,2703.0,314,33.0,1.0,393.0,GC
2024-11-25 02:35:00+00:00,2703.2,2703.3,2701.3,2702.3,260,33.0,1.0,393.0,GC
2024-11-25 02:40:00+00:00,2702.2,2727.4,2701.5,2701.8,158,33.0,1.0,393.0,GC
2024-11-25 02:45:00+00:00,2701.7,2701.7,2695.7,2696.6,958,33.0,1.0,393.0,GC
2024-11-25 02:50:00+00:00,2696.4,2697.7,2694.2,2696.6,799,33.0,1.0,393.0,GC
2024-11-25 02:55:00+00:00,2696.6,2697.8,2696.2,2697.0,336,33.0,1.0,393.0,GC
2024-11-25 03:00:00+00:00,2697.0,2698.4,2695.1,2698.1,366,33.0,1.0,393.0,GC
2024-11-25 03:05:00+00:00,2698.1,2699.2,2696.5,2696.9,808,33.0,1.0,393.0,GC
2024-11-25 03:10:00+00:00,2696.8,2697.4,2695.4,2696.2,456,33.0,1.0,393.0,GC
2024-11-25 03:15:00+00:00,2696.3,2696.3,2692.2,2692.6,505,33.0,1.0,393.0,GC
2024-11-25 03:20:00+00:00,2692.6,2693.8,2688.1,2688.4,1370,33.0,1.0,393.0,GC
2024-11-25 03:25:00+00:00,2688.6,2689.3,2661.0,2673.3,6278,33.0,1.0,393.0,GC
2024-11-25 03:30:00+00:00,2673.2,2675.4,2667.4,2673.0,2680,33.0,1.0,393.0,GC
2024-11-25 03:35:00+00:00,2673.3,2677.7,2673.0,2674.9,1296,33.0,1.0,393.0,GC
2024-11-25 03:40:00+00:00,2674.9,2676.1,2673.1,2674.2,1104,33.0,1.0,393.0,GC
2024-11-25 03:45:00+00:00,2674.2,2678.1,2674.0,2674.9,1068,33.0,1.0,393.0,GC
2024-11-25 03:50:00+00:00,2674.9,2675.6,2669.6,2671.3,1012,33.0,1.0,393.0,GC
2024-11-25 03:55:00+00:00,2671.5,2674.9,2671.0,2674.0,682,33.0,1.0,393.0,GC
2024-11-25 04:00:00+00:00,2674.0,2676.9,2672.2,2676.5,546,33.0,1.0,393.0,GC
2024-11-25 04:05:00+00:00,2676.7,2678.1,2675.9,2676.1,510,33.0,1.0,393.0,GC
2024-11-25 04:10:00+00:00,2676.2,2676.2,2670.4,2671.9,513,33.0,1.0,393.0,GC
2024-11-25 04:15:00+00:00,2671.8,2671.9,2667.5,2668.3,1150,33.0,1.0,393.0,GC
2024-11-25 04:20:00+00:00,2668.2,2669.9,2665.5,2668.2,702,33.0,1.0,393.0,GC
2024-11-25 04:25:00+00:00,2668.2,2673.2,2668.2,2673.0,543,33.0,1.0,393.0,GC
2024-11-25 04:30:00+00:00,2673.1,2673.8,2671.9,2672.6,366,33.0,1.0,393.0,GC
2024-11-25 04:35:00+00:00,2672.6,2675.9,2672.5,2675.6,375,33.0,1.0,393.0,GC
2024-11-25 04:40:00+00:00,2675.6,2675.7,2673.6,2674.8,295,33.0,1.0,393.0,GC
2024-11-25 04:45:00+00:00,2674.8,2675.4,2673.9,2674.1,232,33.0,1.0,393.0,GC
2024-11-25 04:50:00+00:00,2674.2,2675.3,2674.1,2675.1,163,33.0,1.0,393.0,GC
2024-11-25 04:55:00+00:00,2675.2,2675.2,2672.6,2673.9,345,33.0,1.0,393.0,GC
2024-11-25 05:00:00+00:00,2674.0,2674.0,2672.4,2673.4,208,33.0,1.0,393.0,GC
2024-11-25 05:05:00+00:00,2673.5,2674.9,2672.2,2674.2,428,33.0,1.0,393.0,GC
2024-11-25 05:10:00+00:00,2674.2,2675.5,2674.0,2674.8,209,33.0,1.0,393.0,GC
2024-11-25 05:15:00+00:00,2674.7,2674.8,2669.9,2671.0,496,33.0,1.0,393.0,GC
2024-11-25 05:20:00+00:00,2671.1,2673.9,2671.0,2673.5,250,33.0,1.0,393.0,GC
2024-11-25 05:25:00+00:00,2673.5,2674.5,2672.6,2674.3,102,33.0,1.0,393.0,GC
2024-11-25 05:30:00+00:00,2674.1,2674.1,2664.7,2670.1,1683,33.0,1.0,393.0,GC
2024-11-25 05:35:00+00:00,2670.2,2671.8,2668.9,2669.6,422,33.0,1.0,393.0,GC
2024-11-25 05:40:00+00:00,2669.8,2670.9,2665.6,2667.7,503,33.0,1.0,393.0,GC
2024-11-25 05:45:00+00:00,2667.5,2667.5,2661.1,2661.6,820,33.0,1.0,393.0,GC
2024-11-25 05:50:00+00:00,2661.4,2665.4,2660.0,2662.4,1687,33.0,1.0,393.0,GC
2024-11-25 05:55:00+00:00,2662.6,2666.8,2661.0,2666.6,580,33.0,1.0,393.0,GC
2024-11-25 06:00:00+00:00,2666.6,2667.0,2663.5,2666.1,556,33.0,1.0,393.0,GC
2024-11-25 06:05:00+00:00,2666.1,2668.5,2663.4,2668.5,558,33.0,1.0,393.0,GC
2024-11-25 06:10:00+00:00,2668.6,2670.5,2667.3,2669.2,672,33.0,1.0,393.0,GC
2024-11-25 06:15:00+00:00,2669.0,2669.0,2665.5,2666.1,289,33.0,1.0,393.0,GC
2024-11-25 06:20:00+00:00,2666.1,2670.8,2666.1,2670.1,458,33.0,1.0,393.0,GC
2024-11-25 06:25:00+00:00,2670.1,2671.2,2668.9,2669.8,437,33.0,1.0,393.0,GC
2024-11-25 06:30:00+00:00,2669.6,2672.0,2669.1,2669.3,436,33.0,1.0,393.0,GC
2024-11-25 06:35:00+00:00,2669.3,2671.0,2667.6,2668.0,538,33.0,1.0,393.0,GC
2024-11-25 06:40:00+00:00,2668.1,2695.0,2668.1,2694.0,284,33.0,1.0,393.0,GC
2024-11-25 06:45:00+00:00,2669.5,2670.6,2668.2,2668.8,216,33.0,1.0,393.0,GC
2024-11-25 06:50:00+00:00,2668.7,2692.7,2666.6,2667.1,313,33.0,1.0,393.0,GC
2024-11-25 06:55:00+00:00,2667.1,2669.2,2666.7,2668.7,330,33.0,1.0,393.0,GC
2024-11-25 07:00:00+00:00,2668.6,2670.0,2667.7,2668.1,425,33.0,1.0,393.0,GC
2024-11-25 07:05:00+00:00,2668.0,2669.2,2667.3,2669.2,424,33.0,1.0,393.0,GC
2024-11-25 07:10:00+00:00,2669.2,2693.6,2667.3,2668.4,245,33.0,1.0,393.0,GC
2024-11-25 07:15:00+00:00,2668.4,2673.5,2668.0,2671.6,593,33.0,1.0,393.0,GC
2024-11-25 07:20:00+00:00,2671.6,2674.2,2671.6,2672.4,1208,33.0,1.0,393.0,GC
2024-11-25 07:25:00+00:00,2672.2,2672.2,2668.4,2668.6,1241,33.0,1.0,393.0,GC
2024-11-25 07:30:00+00:00,2668.8,2669.7,2666.8,2667.4,286,33.0,1.0,393.0,GC
2024-11-25 07:35:00+00:00,2667.4,2693.5,2665.2,2693.5,549,33.0,1.0,393.0,GC
2024-11-25 07:40:00+00:00,2668.9,2695.1,2666.9,2694.6,278,33.0,1.0,393.0,GC
2024-11-25 07:45:00+00:00,2669.9,2672.0,2669.4,2671.0,428,33.0,1.0,393.0,GC
2024-11-25 07:50:00+00:00,2671.0,2671.7,2668.8,2669.0,207,33.0,1.0,393.0,GC
2024-11-25 07:55:00+00:00,2668.9,2693.9,2667.8,2693.7,298,33.0,1.0,393.0,GC
2024-11-25 08:00:00+00:00,2669.2,2671.8,2668.9,2671.8,441,33.0,1.0,393.0,GC
2024-11-25 08:05:00+00:00,2671.8,2695.7,2669.5,2670.9,574,33.0,1.0,393.0,GC
2024-11-25 08:10:00+00:00,2670.5,2671.9,2668.7,2671.6,453,33.0,1.0,393.0,GC
2024-11-25 08:15:00+00:00,2671.5,2675.1,2670.0,2674.4,679,33.0,1.0,393.0,GC
2024-11-25 08:20:00+00:00,2674.4,2697.2,2670.8,2672.1,605,33.0,1.0,393.0,GC
2024-11-25 08:25:00+00:00,2671.9,2673.6,2671.5,2672.0,268,33.0,1.0,393.0,GC
2024-11-25 08:30:00+00:00,2671.8,2696.3,2669.4,2670.0,415,33.0,1.0,393.0,GC
2024-11-25 08:35:00+00:00,2670.1,2671.8,2669.9,2671.1,253,33.0,1.0,393.0,GC
2024-11-25 08:40:00+00:00,2670.9,2673.1,2670.9,2672.8,398,33.0,1.0,393.0,GC
2024-11-25 08:45:00+00:00,2672.7,2673.0,2670.9,2671.6,427,33.0,1.0,393.0,GC
2024-11-25 08:50:00+00:00,2671.5,2672.7,2671.2,2672.5,161,33.0,1.0,393.0,GC
2024-11-25 08:55:00+00:00,2696.9,2697.7,2672.6,2673.6,287,33.0,1.0,1551.0,GC
2024-11-25 09:00:00+00:00,2673.6,2676.1,2673.2,2675.3,645,33.0,1.0,393.0,GC
2024-11-25 09:05:00+00:00,2675.0,2675.7,2673.7,2673.7,488,33.0,1.0,393.0,GC
2024-11-25 09:10:00+00:00,2673.7,2676.1,2673.7,2676.0,370,33.0,1.0,393.0,GC
2024-11-25 09:15:00+00:00,2676.0,2676.8,2675.3,2675.7,412,33.0,1.0,393.0,GC
2024-11-25 09:20:00+00:00,2675.6,2675.6,2673.0,2673.2,357,33.0,1.0,393.0,GC
2024-11-25 09:25:00+00:00,2673.2,2673.8,2671.6,2673.4,356,33.0,1.0,393.0,GC
2024-11-25 09:30:00+00:00,2673.3,2698.0,2672.8,2697.8,141,33.0,1.0,393.0,GC
2024-11-25 09:35:00+00:00,2673.3,2674.6,2672.9,2674.3,127,33.0,1.0,393.0,GC
2024-11-25 09:40:00+00:00,2674.0,2675.4,2673.6,2675.2,195,33.0,1.0,393.0,GC
2024-11-25 09:45:00+00:00,2675.2,2700.6,2675.1,2675.9,184,33.0,1.0,393.0,GC
2024-11-25 09:50:00+00:00,2675.8,2676.7,2675.2,2676.6,240,33.0,1.0,393.0,GC
2024-11-25 09:55:00+00:00,2676.8,2676.9,2675.1,2675.5,272,33.0,1.0,393.0,GC
2024-11-25 10:00:00+00:00,2675.5,2675.7,2674.1,2675.3,229,33.0,1.0,393.0,GC
2024-11-25 10:05:00+00:00,2675.1,2675.1,2673.2,2674.1,249,33.0,1.0,393.0,GC
2024-11-25 10:10:00+00:00,2674.2,2674.8,2671.7,2672.0,259,33.0,1.0,393.0,GC
2024-11-25 10:15:00+00:00,2672.0,2696.8,2671.1,2671.5,287,33.0,1.0,393.0,GC
2024-11-25 10:20:00+00:00,2671.5,2673.0,2670.7,2672.5,312,33.0,1.0,393.0,GC
2024-11-25 10:25:00+00:00,2672.4,2672.6,2670.3,2671.3,318,33.0,1.0,393.0,GC
2024-11-25 10:30:00+00:00,2671.3,2673.0,2671.0,2672.4,615,33.0,1.0,393.0,GC
2024-11-25 10:35:00+00:00,2672.5,2674.1,2671.8,2673.9,520,33.0,1.0,393.0,GC
2024-11-25 10:40:00+00:00,2674.2,2675.4,2673.7,2674.3,426,33.0,1.0,393.0,GC
2024-11-25 10:45:00+00:00,2674.3,2675.7,2674.1,2675.6,396,33.0,1.0,393.0,GC
2024-11-25 10:50:00+00:00,2675.7,2677.4,2674.5,2677.3,555,33.0,1.0,393.0,GC
2024-11-25 10:55:00+00:00,2677.3,2679.9,2677.2,2679.4,757,33.0,1.0,393.0,GC
2024-11-25 11:00:00+00:00,2679.4,2681.5,2679.3,2679.7,941,33.0,1.0,393.0,GC
2024-11-25 11:05:00+00:00,2679.9,2683.3,2679.7,2683.1,707,33.0,1.0,393.0,GC
2024-11-25 11:10:00+00:00,2683.0,2685.5,2682.9,2684.9,899,33.0,1.0,393.0,GC
2024-11-25 11:15:00+00:00,2684.8,2686.5,2684.6,2685.8,808,33.0,1.0,393.0,GC
2024-11-25 11:20:00+00:00,2685.9,2687.4,2685.5,2687.2,728,33.0,1.0,393.0,GC
2024-11-25 11:25:00+00:00,2687.3,2687.7,2683.9,2684.9,837,33.0,1.0,393.0,GC
2024-11-25 11:30:00+00:00,2685.0,2688.7,2684.9,2687.0,754,33.0,1.0,393.0,GC
2024-11-25 11:35:00+00:00,2687.2,2688.9,2685.7,2688.7,571,33.0,1.0,393.0,GC
2024-11-25 11:40:00+00:00,2688.9,2689.8,2687.9,2688.4,614,33.0,1.0,393.0,GC
2024-11-25 11:45:00+00:00,2688.4,2689.0,2688.0,2688.0,427,33.0,1.0,393.0,GC
2024-11-25 11:50:00+00:00,2688.0,2690.2,2687.8,2689.6,594,33.0,1.0,393.0,GC
2024-11-25 11:55:00+00:00,2689.5,2690.3,2688.4,2688.4,469,33.0,1.0,393.0,GC
2024-11-25 12:00:00+00:00,2688.5,2688.8,2685.7,2687.4,793,33.0,1.0,393.0,GC
2024-11-25 12:05:00+00:00,2687.4,2687.9,2686.6,2687.2,453,33.0,1.0,393.0,GC
2024-11-25 12:10:00+00:00,2686.7,2686.9,2683.7,2684.7,890,33.0,1.0,393.0,GC
2024-11-25 12:15:00+00:00,2684.9,2684.9,2682.2,2683.2,581,33.0,1.0,393.0,GC
2024-11-25 12:20:00+00:00,2683.0,2683.9,2681.4,2683.7,584,33.0,1.0,393.0,GC
2024-11-25 12:25:00+00:00,2683.5,2684.1,2683.2,2683.6,293,33.0,1.0,393.0,GC
2024-11-25 12:30:00+00:00,2683.7,2686.0,2683.2,2685.2,589,33.0,1.0,393.0,GC
2024-11-25 12:35:00+00:00,2685.7,2686.2,2684.9,2686.1,308,33.0,1.0,393.0,GC
2024-11-25 12:40:00+00:00,2686.1,2686.1,2682.3,2682.6,758,33.0,1.0,393.0,GC
2024-11-25 12:45:00+00:00,2682.5,2683.4,2681.7,2682.3,365,33.0,1.0,393.0,GC
2024-11-25 12:50:00+00:00,2682.4,2683.3,2681.9,2682.7,355,33.0,1.0,393.0,GC
2024-11-25 12:55:00+00:00,2682.6,2683.8,2681.7,2682.4,697,33.0,1.0,393.0,GC
2024-11-25 13:00:00+00:00,2682.3,2682.7,2678.0,2682.1,2293,33.0,1.0,393.0,GC
2024-11-25 13:05:00+00:00,2682.1,2685.3,2681.1,2684.2,745,33.0,1.0,393.0,GC
2024-11-25 13:10:00+00:00,2684.1,2687.0,2683.6,2685.9,934,33.0,1.0,393.0,GC
2024-11-25 13:15:00+00:00,2685.8,2686.5,2684.1,2685.6,584,33.0,1.0,393.0,GC
2024-11-25 13:20:00+00:00,2685.3,2687.8,2683.8,2686.9,849,33.0,1.0,393.0,GC
2024-11-25 13:25:00+00:00,2687.0,2688.6,2685.9,2686.7,672,33.0,1.0,393.0,GC
2024-11-25 13:30:00+00:00,2686.9,2689.5,2683.4,2683.9,937,33.0,1.0,393.0,GC
2024-11-25 13:35:00+00:00,2684.0,2684.2,2681.9,2682.3,687,33.0,1.0,393.0,GC
2024-11-25 13:40:00+00:00,2682.1,2683.6,2679.5,2682.7,1018,33.0,1.0,393.0,GC
2024-11-25 13:45:00+00:00,2682.7,2683.3,2679.7,2680.5,818,33.0,1.0,393.0,GC
2024-11-25 13:50:00+00:00,2680.6,2683.2,2679.8,2681.5,753,33.0,1.0,393.0,GC
2024-11-25 13:55:00+00:00,2681.3,2681.5,2678.3,2679.7,1259,33.0,1.0,393.0,GC
2024-11-25 14:00:00+00:00,2679.7,2680.1,2674.1,2674.8,2935,33.0,1.0,393.0,GC
2024-11-25 14:05:00+00:00,2674.7,2675.9,2668.4,2668.5,2619,33.0,1.0,393.0,GC
2024-11-25 14:10:00+00:00,2668.4,2668.4,2660.8,2661.9,4954,33.0,1.0,393.0,GC
2024-11-25 14:15:00+00:00,2661.8,2661.9,2651.5,2653.9,7502,33.0,1.0,393.0,GC
2024-11-25 14:20:00+00:00,2653.8,2653.8,2641.7,2642.3,7179,33.0,1.0,393.0,GC
2024-11-25 14:25:00+00:00,2642.4,2650.9,2641.3,2647.0,4382,33.0,1.0,393.0,GC
2024-11-25 14:30:00+00:00,2646.9,2648.3,2643.2,2644.3,3859,33.0,1.0,393.0,GC
2024-11-25 14:35:00+00:00,2644.1,2646.5,2637.2,2643.1,4199,33.0,1.0,393.0,GC
2024-11-25 14:40:00+00:00,2642.9,2643.6,2634.5,2635.4,3480,33.0,1.0,393.0,GC
2024-11-25 14:45:00+00:00,2635.6,2645.9,2634.8,2644.6,2934,33.0,1.0,393.0,GC
2024-11-25 14:50:00+00:00,2644.7,2645.7,2638.8,2639.5,2645,33.0,1.0,393.0,GC
2024-11-25 14:55:00+00:00,2639.6,2642.7,2637.2,2642.6,1851,33.0,1.0,393.0,GC
2024-11-25 15:00:00+00:00,2642.5,2642.8,2635.7,2636.1,2631,33.0,1.0,393.0,GC
2024-11-25 15:05:00+00:00,2636.0,2639.9,2634.2,2635.8,2503,33.0,1.0,393.0,GC
2024-11-25 15:10:00+00:00,2635.5,2635.7,2631.8,2635.3,3332,33.0,1.0,393.0,GC
2024-11-25 15:15:00+00:00,2635.3,2636.5,2631.5,2632.9,2500,33.0,1.0,393.0,GC
2024-11-25 15:20:00+00:00,2633.0,2635.2,2631.2,2634.3,1231,33.0,1.0,393.0,GC
2024-11-25 15:25:00+00:00,2634.6,2639.0,2634.6,2638.2,1481,33.0,1.0,393.0,GC
2024-11-25 15:30:00+00:00,2638.1,2662.2,2635.7,2661.3,1305,33.0,1.0,393.0,GC
2024-11-25 15:35:00+00:00,2636.9,2638.2,2635.2,2635.7,597,33.0,1.0,393.0,GC
2024-11-25 15:40:00+00:00,2636.0,2636.8,2632.5,2632.9,946,33.0,1.0,393.0,GC
2024-11-25 15:45:00+00:00,2632.8,2635.5,2632.8,2633.4,885,33.0,1.0,393.0,GC
2024-11-25 15:50:00+00:00,2633.5,2633.8,2630.0,2631.2,1075,33.0,1.0,393.0,GC
2024-11-25 15:55:00+00:00,2631.2,2631.2,2627.3,2629.6,2205,33.0,1.0,393.0,GC
2024-11-25 16:00:00+00:00,2629.4,2635.4,2629.4,2635.0,1623,33.0,1.0,393.0,GC
2024-11-25 16:05:00+00:00,2634.7,2635.8,2633.1,2635.0,858,33.0,1.0,393.0,GC
2024-11-25 16:10:00+00:00,2634.8,2635.0,2631.4,2632.5,628,33.0,1.0,393.0,GC
2024-11-25 16:15:00+00:00,2632.5,2634.8,2631.9,2634.2,550,33.0,1.0,393.0,GC
2024-11-25 16:20:00+00:00,2634.1,2634.2,2632.3,2632.3,724,33.0,1.0,393.0,GC
2024-11-25 16:25:00+00:00,2632.4,2634.1,2631.5,2633.3,730,33.0,1.0,393.0,GC
2024-11-25 16:30:00+00:00,2633.3,2638.2,2633.2,2637.8,1302,33.0,1.0,393.0,GC
2024-11-25 16:35:00+00:00,2637.9,2640.9,2636.7,2638.3,2832,33.0,1.0,393.0,GC
2024-11-25 16:40:00+00:00,2638.4,2638.9,2635.4,2636.1,969,33.0,1.0,393.0,GC
2024-11-25 16:45:00+00:00,2636.2,2636.2,2632.9,2633.3,580,33.0,1.0,393.0,GC
2024-11-25 16:50:00+00:00,2633.3,2634.0,2631.8,2632.2,604,33.0,1.0,393.0,GC
2024-11-25 16:55:00+00:00,2632.1,2633.6,2631.2,2633.3,606,33.0,1.0,393.0,GC
2024-11-25 17:00:00+00:00,2633.2,2635.0,2631.7,2634.5,624,33.0,1.0,393.0,GC
2024-11-25 17:05:00+00:00,2634.4,2635.5,2633.1,2633.5,440,33.0,1.0,393.0,GC
2024-11-25 17:10:00+00:00,2633.2,2633.4,2630.8,2631.0,555,33.0,1.0,393.0,GC
2024-11-25 17:15:00+00:00,2630.8,2631.0,2628.2,2629.0,1236,33.0,1.0,393.0,GC
2024-11-25 17:20:00+00:00,2629.1,2629.1,2625.4,2627.1,1650,33.0,1.0,393.0,GC
2024-11-25 17:25:00+00:00,2627.0,2627.8,2625.7,2626.0,718,33.0,1.0,393.0,GC
2024-11-25 17:30:00+00:00,2626.0,2628.4,2625.7,2628.2,724,33.0,1.0,393.0,GC
2024-11-25 17:35:00+00:00,2628.1,2629.5,2627.6,2628.5,603,33.0,1.0,393.0,GC
2024-11-25 17:40:00+00:00,2628.5,2629.3,2627.5,2627.9,606,33.0,1.0,393.0,GC
2024-11-25 17:45:00+00:00,2627.8,2629.0,2627.2,2627.9,378,33.0,1.0,393.0,GC
2024-11-25 17:50:00+00:00,2627.8,2630.0,2627.1,2629.9,691,33.0,1.0,393.0,GC
2024-11-25 17:55:00+00:00,2630.0,2630.4,2629.0,2629.2,371,33.0,1.0,393.0,GC
2024-11-25 18:00:00+00:00,2629.1,2629.8,2628.3,2628.7,562,33.0,1.0,393.0,GC
2024-11-25 18:05:00+00:00,2628.8,2652.0,2625.0,2625.2,978,33.0,1.0,393.0,GC
2024-11-25 18:10:00+00:00,2625.2,2649.4,2624.7,2648.8,649,33.0,1.0,393.0,GC
2024-11-25 18:15:00+00:00,2624.4,2625.3,2620.7,2622.0,2134,33.0,1.0,393.0,GC
2024-11-25 18:20:00+00:00,2621.9,2622.3,2616.6,2617.9,3390,33.0,1.0,393.0,GC
2024-11-25 18:25:00+00:00,2617.8,2619.4,2617.1,2618.9,2788,33.0,1.0,393.0,GC
2024-11-25 18:30:00+00:00,2618.9,2622.9,2618.5,2622.5,2842,33.0,1.0,393.0,GC
2024-11-25 18:35:00+00:00,2622.6,2622.8,2620.7,2621.9,966,33.0,1.0,393.0,GC
2024-11-25 18:40:00+00:00,2622.0,2622.0,2620.1,2621.4,407,33.0,1.0,393.0,GC
2024-11-25 18:45:00+00:00,2621.4,2623.2,2620.2,2620.5,542,33.0,1.0,393.0,GC
2024-11-25 18:50:00+00:00,2620.5,2621.9,2619.4,2619.4,466,33.0,1.0,393.0,GC
2024-11-25 18:55:00+00:00,2619.5,2621.0,2619.2,2620.2,364,33.0,1.0,393.0,GC
2024-11-25 19:00:00+00:00,2620.2,2622.0,2619.6,2621.3,383,33.0,1.0,393.0,GC
2024-11-25 19:05:00+00:00,2621.1,2621.6,2620.6,2621.6,325,33.0,1.0,393.0,GC
2024-11-25 19:10:00+00:00,2621.7,2622.5,2620.4,2621.4,585,33.0,1.0,393.0,GC
2024-11-25 19:15:00+00:00,2621.3,2622.9,2621.1,2622.8,480,33.0,1.0,393.0,GC
2024-11-25 19:20:00+00:00,2622.9,2624.7,2622.9,2624.2,576,33.0,1.0,393.0,GC
2024-11-25 19:25:00+00:00,2624.2,2624.3,2623.0,2624.0,332,33.0,1.0,393.0,GC
2024-11-25 19:30:00+00:00,2624.1,2627.5,2624.1,2626.5,1006,33.0,1.0,393.0,GC
2024-11-25 19:35:00+00:00,2626.7,2626.7,2624.2,2626.5,408,33.0,1.0,393.0,GC
2024-11-25 19:40:00+00:00,2626.4,2627.2,2626.1,2626.4,267,33.0,1.0,393.0,GC
2024-11-25 19:45:00+00:00,2626.4,2627.1,2625.3,2625.8,329,33.0,1.0,393.0,GC
2024-11-25 19:50:00+00:00,2625.8,2627.1,2625.5,2626.6,419,33.0,1.0,393.0,GC
2024-11-25 19:55:00+00:00,2626.7,2627.3,2626.3,2626.9,368,33.0,1.0,393.0,GC
2024-11-25 20:00:00+00:00,2626.9,2627.1,2624.3,2624.3,290,33.0,1.0,393.0,GC
2024-11-25 20:05:00+00:00,2624.5,2626.8,2623.7,2626.4,293,33.0,1.0,393.0,GC
2024-11-25 20:10:00+00:00,2626.4,2628.7,2626.2,2628.4,592,33.0,1.0,393.0,GC
2024-11-25 20:15:00+00:00,2628.4,2630.0,2628.1,2629.3,586,33.0,1.0,393.0,GC
2024-11-25 20:20:00+00:00,2629.4,2629.4,2627.2,2627.7,333,33.0,1.0,393.0,GC
2024-11-25 20:25:00+00:00,2627.7,2627.7,2626.5,2627.2,160,33.0,1.0,393.0,GC
2024-11-25 20:30:00+00:00,2627.1,2628.1,2626.8,2628.0,148,33.0,1.0,393.0,GC
2024-11-25 20:35:00+00:00,2627.8,2628.8,2626.9,2628.0,205,33.0,1.0,393.0,GC
2024-11-25 20:40:00+00:00,2652.7,2652.8,2627.7,2628.7,189,33.0,1.0,1551.0,GC
2024-11-25 20:45:00+00:00,2628.7,2629.1,2627.5,2628.0,167,33.0,1.0,393.0,GC
2024-11-25 20:50:00+00:00,2628.1,2628.5,2627.8,2628.2,283,33.0,1.0,393.0,GC
2024-11-25 20:55:00+00:00,2628.2,2628.9,2626.8,2627.3,502,33.0,1.0,393.0,GC
2024-11-25 21:00:00+00:00,2627.2,2628.5,2627.0,2628.3,398,33.0,1.0,393.0,GC
2024-11-25 21:05:00+00:00,2628.3,2629.1,2627.6,2629.0,148,33.0,1.0,393.0,GC
2024-11-25 21:10:00+00:00,2629.2,2629.4,2628.7,2628.7,167,33.0,1.0,393.0,GC
2024-11-25 21:15:00+00:00,2628.8,2628.9,2628.1,2628.5,181,33.0,1.0,393.0,GC
2024-11-25 21:20:00+00:00,2628.3,2628.5,2627.6,2627.6,102,33.0,1.0,393.0,GC
2024-11-25 21:25:00+00:00,2627.6,2628.0,2627.3,2627.4,202,33.0,1.0,393.0,GC
2024-11-25 21:30:00+00:00,2627.5,2627.8,2626.2,2627.0,245,33.0,1.0,393.0,GC
2024-11-25 21:35:00+00:00,2627.1,2651.7,2627.1,2651.7,68,33.0,1.0,393.0,GC
2024-11-25 21:40:00+00:00,2627.3,2652.0,2627.1,2651.7,28,33.0,1.0,393.0,GC
2024-11-25 21:45:00+00:00,2627.2,2627.3,2626.5,2626.6,86,33.0,1.0,393.0,GC
2024-11-25 21:50:00+00:00,2626.4,2627.0,2626.4,2626.9,106,33.0,1.0,393.0,GC
2024-11-25 21:55:00+00:00,2627.0,2627.1,2625.8,2626.4,259,33.0,1.0,393.0,GC
2024-11-25 23:00:00+00:00,2626.2,2628.1,2625.8,2627.9,235,33.0,1.0,393.0,GC
2024-11-25 23:05:00+00:00,2627.8,2652.0,2627.1,2627.9,141,33.0,1.0,393.0,GC
2024-11-25 23:10:00+00:00,2627.6,2628.4,2627.5,2628.3,534,33.0,1.0,393.0,GC
2024-11-25 23:15:00+00:00,2653.0,2653.5,2627.4,2627.8,438,33.0,1.0,1551.0,GC
2024-11-25 23:20:00+00:00,2628.0,2628.0,2627.1,2627.6,226,33.0,1.0,393.0,GC
2024-11-25 23:25:00+00:00,2627.6,2652.2,2626.1,2626.4,313,33.0,1.0,393.0,GC
2024-11-25 23:30:00+00:00,2626.4,2650.4,2623.7,2624.2,201,33.0,1.0,393.0,GC
2024-11-25 23:35:00+00:00,2648.7,2649.0,2619.1,2620.8,773,33.0,1.0,1551.0,GC
2024-11-25 23:40:00+00:00,2621.0,2646.3,2605.6,2609.9,2077,33.0,1.0,393.0,GC
2024-11-25 23:45:00+00:00,2610.1,2614.4,2610.0,2610.1,766,33.0,1.0,393.0,GC
2024-11-25 23:50:00+00:00,2610.3,2635.0,2605.3,2608.1,816,33.0,1.0,393.0,GC
2024-11-25 23:55:00+00:00,2608.2,2612.3,2608.2,2610.5,440,33.0,1.0,393.0,GC
2024-11-26 00:00:00+00:00,2610.7,2638.4,2609.3,2610.2,585,33.0,1.0,393.0,GC
2024-11-26 00:05:00+00:00,2609.9,2635.5,2609.4,2611.1,584,33.0,1.0,393.0,GC
2024-11-26 00:10:00+00:00,2611.1,2613.5,2609.6,2610.7,413,33.0,1.0,393.0,GC
2024-11-26 00:15:00+00:00,2610.4,2636.8,2609.0,2612.1,244,33.0,1.0,393.0,GC
2024-11-26 00:20:00+00:00,2612.6,2647.8,2612.6,2623.2,1483,33.0,1.0,393.0,GC
2024-11-26 00:25:00+00:00,2623.5,2623.5,2620.9,2622.1,420,33.0,1.0,393.0,GC
2024-11-26 00:30:00+00:00,2622.2,2624.7,2622.0,2622.0,262,33.0,1.0,393.0,GC
2024-11-26 00:35:00+00:00,2621.9,2622.5,2620.1,2622.5,256,33.0,1.0,393.0,GC
2024-11-26 00:40:00+00:00,2622.5,2623.2,2621.1,2622.2,182,33.0,1.0,393.0,GC
2024-11-26 00:45:00+00:00,2621.9,2647.1,2620.8,2647.0,177,33.0,1.0,393.0,GC
2024-11-26 00:50:00+00:00,2622.7,2623.1,2620.1,2620.3,241,33.0,1.0,393.0,GC
2024-11-26 00:55:00+00:00,2620.0,2621.5,2619.4,2619.9,212,33.0,1.0,393.0,GC
2024-11-26 01:00:00+00:00,2619.9,2625.1,2618.0,2621.6,946,33.0,1.0,393.0,GC
2024-11-26 01:05:00+00:00,2621.6,2651.2,2621.4,2626.3,755,33.0,1.0,393.0,GC
2024-11-26 01:10:00+00:00,2626.4,2629.9,2624.6,2625.1,1030,33.0,1.0,393.0,GC
2024-11-26 01:15:00+00:00,2625.4,2629.2,2625.3,2628.7,366,33.0,1.0,393.0,GC
2024-11-26 01:20:00+00:00,2628.8,2651.6,2625.4,2626.5,314,33.0,1.0,393.0,GC
2024-11-26 01:25:00+00:00,2626.2,2651.3,2624.1,2651.0,290,33.0,1.0,393.0,GC
2024-11-26 01:30:00+00:00,2627.0,2655.3,2626.9,2631.8,620,33.0,1.0,393.0,GC
2024-11-26 01:35:00+00:00,2631.6,2631.9,2629.1,2629.2,496,33.0,1.0,393.0,GC
2024-11-26 01:40:00+00:00,2629.0,2630.6,2627.8,2630.1,346,33.0,1.0,393.0,GC
2024-11-26 01:45:00+00:00,2630.3,2653.2,2627.0,2627.3,299,33.0,1.0,393.0,GC
2024-11-26 01:50:00+00:00,2627.3,2629.3,2625.7,2626.6,453,33.0,1.0,393.0,GC
2024-11-26 01:55:00+00:00,2626.9,2651.7,2626.3,2628.4,282,33.0,1.0,393.0,GC
2024-11-26 02:00:00+00:00,2652.6,2653.2,2627.7,2628.2,226,33.0,1.0,1551.0,GC
2024-11-26 02:05:00+00:00,2628.3,2653.1,2628.0,2628.0,221,33.0,1.0,393.0,GC
2024-11-26 02:10:00+00:00,2628.1,2653.6,2628.0,2628.5,234,33.0,1.0,393.0,GC
2024-11-26 02:15:00+00:00,2628.4,2629.8,2628.2,2628.5,423,33.0,1.0,393.0,GC
2024-11-26 02:20:00+00:00,2628.6,2654.7,2628.4,2654.4,284,33.0,1.0,393.0,GC
2024-11-26 02:25:00+00:00,2654.6,2654.9,2627.7,2653.3,197,33.0,1.0,1551.0,GC
2024-11-26 02:30:00+00:00,2628.8,2653.1,2627.8,2653.1,174,33.0,1.0,393.0,GC
2024-11-26 02:35:00+00:00,2629.2,2629.8,2628.5,2629.5,79,33.0,1.0,393.0,GC
2024-11-26 02:40:00+00:00,2629.5,2629.5,2625.3,2625.3,269,33.0,1.0,393.0,GC
2024-11-26 02:45:00+00:00,2625.5,2627.6,2625.1,2626.1,142,33.0,1.0,393.0,GC
2024-11-26 02:50:00+00:00,2650.3,2651.7,2626.7,2627.2,138,33.0,1.0,1551.0,GC
2024-11-26 02:55:00+00:00,2627.4,2650.7,2625.8,2650.0,176,33.0,1.0,393.0,GC
2024-11-26 03:00:00+00:00,2625.5,2650.5,2622.9,2649.8,314,33.0,1.0,393.0,GC
2024-11-26 03:05:00+00:00,2649.9,2653.3,2626.1,2652.6,213,33.0,1.0,1551.0,GC
2024-11-26 03:10:00+00:00,2628.3,2653.0,2627.7,2628.2,167,33.0,1.0,393.0,GC
2024-11-26 03:15:00+00:00,2628.1,2653.3,2626.9,2652.1,143,33.0,1.0,393.0,GC
2024-11-26 03:20:00+00:00,2652.1,2653.2,2626.9,2653.2,100,33.0,1.0,1551.0,GC
2024-11-26 03:25:00+00:00,2628.4,2653.5,2627.9,2652.4,123,33.0,1.0,393.0,GC
2024-11-26 03:30:00+00:00,2652.6,2653.5,2628.4,2652.9,57,33.0,1.0,1551.0,GC
2024-11-26 03:35:00+00:00,2653.3,2655.3,2629.2,2655.0,175,33.0,1.0,1551.0,GC
2024-11-26 03:40:00+00:00,2655.1,2655.6,2630.2,2655.3,125,33.0,1.0,1551.0,GC
2024-11-26 03:45:00+00:00,2630.7,2655.7,2629.8,2655.0,149,33.0,1.0,393.0,GC
2024-11-26 03:50:00+00:00,2630.5,2630.8,2629.4,2629.5,169,33.0,1.0,393.0,GC
2024-11-26 03:55:00+00:00,2654.1,2655.4,2629.8,2630.5,156,33.0,1.0,1551.0,GC
2024-11-26 04:00:00+00:00,2654.9,2656.0,2630.7,2631.0,102,33.0,1.0,1551.0,GC
2024-11-26 04:05:00+00:00,2655.4,2655.5,2630.0,2654.9,99,33.0,1.0,1551.0,GC
2024-11-26 04:10:00+00:00,2630.5,2654.8,2629.0,2653.3,129,33.0,1.0,393.0,GC
2024-11-26 04:15:00+00:00,2653.2,2653.4,2628.3,2628.5,138,33.0,1.0,1551.0,GC
2024-11-26 04:20:00+00:00,2628.7,2654.0,2628.6,2653.2,165,33.0,1.0,393.0,GC
2024-11-26 04:25:00+00:00,2653.4,2653.6,2628.2,2652.6,49,33.0,1.0,1551.0,GC
2024-11-26 04:30:00+00:00,2652.7,2653.1,2627.0,2650.9,177,33.0,1.0,1551.0,GC
2024-11-26 04:35:00+00:00,2626.6,2652.6,2626.4,2652.4,89,33.0,1.0,393.0,GC
2024-11-26 04:40:00+00:00,2652.5,2652.5,2626.7,2627.4,65,33.0,1.0,1551.0,GC
2024-11-26 04:45:00+00:00,2627.3,2650.1,2625.2,2625.9,187,33.0,1.0,393.0,GC
2024-11-26 04:50:00+00:00,2626.0,2626.7,2626.0,2626.7,73,33.0,1.0,393.0,GC
2024-11-26 04:55:00+00:00,2626.3,2651.2,2625.9,2650.9,86,33.0,1.0,393.0,GC
2024-11-26 05:00:00+00:00,2626.5,2651.0,2625.5,2650.2,120,33.0,1.0,393.0,GC
2024-11-26 05:05:00+00:00,2650.2,2650.4,2624.5,2625.1,172,33.0,1.0,1551.0,GC
2024-11-26 05:10:00+00:00,2625.2,2648.4,2623.4,2646.7,288,33.0,1.0,393.0,GC
2024-11-26 05:15:00+00:00,2622.1,2647.4,2622.0,2622.4,115,33.0,1.0,393.0,GC
2024-11-26 05:20:00+00:00,2646.6,2646.6,2622.2,2624.4,116,33.0,1.0,1551.0,GC
2024-11-26 05:25:00+00:00,2624.3,2648.5,2622.3,2622.4,101,33.0,1.0,393.0,GC
2024-11-26 05:30:00+00:00,2647.0,2647.0,2617.1,2619.2,752,33.0,1.0,1551.0,GC
2024-11-26 05:35:00+00:00,2619.5,2646.2,2619.5,2622.1,363,33.0,1.0,393.0,GC
2024-11-26 05:40:00+00:00,2646.6,2647.2,2620.5,2621.6,323,33.0,1.0,1551.0,GC
2024-11-26 05:45:00+00:00,2645.8,2645.8,2620.0,2621.3,201,33.0,1.0,1551.0,GC
2024-11-26 05:50:00+00:00,2645.6,2645.6,2619.8,2622.2,230,33.0,1.0,1551.0,GC
2024-11-26 05:55:00+00:00,2622.2,2625.7,2622.2,2624.7,475,33.0,1.0,393.0,GC
2024-11-26 06:00:00+00:00,2624.7,2625.1,2623.2,2624.8,165,33.0,1.0,393.0,GC
2024-11-26 06:05:00+00:00,2649.3,2650.2,2623.6,2649.2,168,33.0,1.0,1551.0,GC
2024-11-26 06:10:00+00:00,2624.9,2650.5,2624.8,2649.3,159,33.0,1.0,393.0,GC
2024-11-26 06:15:00+00:00,2625.1,2648.1,2623.8,2647.3,77,33.0,1.0,393.0,GC
2024-11-26 06:20:00+00:00,2622.9,2624.0,2621.4,2622.9,193,33.0,1.0,393.0,GC
2024-11-26 06:25:00+00:00,2622.9,2623.8,2621.4,2623.5,193,33.0,1.0,393.0,GC
2024-11-26 06:30:00+00:00,2647.8,2648.3,2622.7,2647.3,90,33.0,1.0,1551.0,GC
2024-11-26 06:35:00+00:00,2622.7,2623.6,2622.0,2622.8,154,33.0,1.0,393.0,GC
2024-11-26 06:40:00+00:00,2647.4,2647.4,2622.3,2622.3,143,33.0,1.0,1551.0,GC
2024-11-26 06:45:00+00:00,2622.2,2647.0,2621.7,2622.3,171,33.0,1.0,393.0,GC
2024-11-26 06:50:00+00:00,2646.6,2648.0,2622.0,2647.2,139,33.0,1.0,1551.0,GC
2024-11-26 06:55:00+00:00,2647.7,2647.8,2622.0,2622.3,113,33.0,1.0,1551.0,GC
2024-11-26 07:00:00+00:00,2646.6,2646.7,2620.6,2621.1,200,33.0,1.0,1551.0,GC
2024-11-26 07:05:00+00:00,2621.3,2622.7,2621.3,2622.1,197,33.0,1.0,393.0,GC
2024-11-26 07:10:00+00:00,2622.2,2647.6,2621.8,2622.8,462,33.0,1.0,393.0,GC
2024-11-26 07:15:00+00:00,2647.1,2647.4,2622.2,2622.5,219,33.0,1.0,1551.0,GC
2024-11-26 07:20:00+00:00,2622.4,2644.7,2619.9,2644.0,306,33.0,1.0,393.0,GC
2024-11-26 07:25:00+00:00,2619.4,2642.1,2615.9,2616.4,658,33.0,1.0,393.0,GC
2024-11-26 07:30:00+00:00,2640.4,2640.4,2613.5,2638.7,447,33.0,1.0,1551.0,GC
2024-11-26 07:35:00+00:00,2614.1,2637.9,2612.3,2614.5,374,33.0,1.0,393.0,GC
2024-11-26 07:40:00+00:00,2614.5,2615.8,2612.7,2612.7,494,33.0,1.0,393.0,GC
2024-11-26 07:45:00+00:00,2637.1,2637.5,2610.9,2612.8,365,33.0,1.0,1551.0,GC
2024-11-26 07:50:00+00:00,2612.9,2638.0,2612.4,2636.9,276,33.0,1.0,393.0,GC
2024-11-26 07:55:00+00:00,2636.9,2637.4,2612.2,2614.2,293,33.0,1.0,1551.0,GC
2024-11-26 08:00:00+00:00,2614.2,2639.6,2612.9,2615.5,758,33.0,1.0,393.0,GC
2024-11-26 08:05:00+00:00,2639.6,2641.3,2614.8,2639.7,513,33.0,1.0,1551.0,GC
2024-11-26 08:10:00+00:00,2615.3,2617.8,2615.3,2617.7,250,33.0,1.0,393.0,GC
2024-11-26 08:15:00+00:00,2642.2,2642.7,2616.2,2617.4,351,33.0,1.0,1551.0,GC
2024-11-26 08:20:00+00:00,2641.8,2641.8,2615.0,2640.0,229,33.0,1.0,1551.0,GC
2024-11-26 08:25:00+00:00,2615.4,2640.3,2613.8,2614.8,298,33.0,1.0,393.0,GC
2024-11-26 08:30:00+00:00,2614.8,2640.5,2614.1,2640.4,237,33.0,1.0,393.0,GC
2024-11-26 08:35:00+00:00,2616.1,2638.8,2614.2,2638.5,304,33.0,1.0,393.0,GC
2024-11-26 08:40:00+00:00,2614.0,2638.3,2612.8,2614.6,310,33.0,1.0,393.0,GC
2024-11-26 08:45:00+00:00,2638.9,2639.3,2613.9,2615.2,227,33.0,1.0,1551.0,GC
2024-11-26 08:50:00+00:00,2639.4,2641.5,2615.8,2616.8,426,33.0,1.0,1551.0,GC
2024-11-26 08:55:00+00:00,2616.7,2617.0,2613.1,2613.7,299,33.0,1.0,393.0,GC
2024-11-26 09:00:00+00:00,2613.6,2615.4,2613.1,2615.0,297,33.0,1.0,393.0,GC
2024-11-26 09:05:00+00:00,2615.1,2619.1,2614.8,2618.8,589,33.0,1.0,393.0,GC
2024-11-26 09:10:00+00:00,2643.3,2644.2,2618.9,2620.9,423,33.0,1.0,1551.0,GC
2024-11-26 09:15:00+00:00,2621.0,2647.8,2620.9,2646.7,599,33.0,1.0,393.0,GC
2024-11-26 09:20:00+00:00,2622.2,2647.9,2621.6,2647.3,251,33.0,1.0,393.0,GC
2024-11-26 09:25:00+00:00,2647.3,2647.7,2620.9,2621.3,327,33.0,1.0,1551.0,GC
2024-11-26 09:30:00+00:00,2621.3,2623.9,2621.3,2623.5,432,33.0,1.0,393.0,GC
2024-11-26 09:35:00+00:00,2623.5,2627.6,2623.4,2627.0,938,33.0,1.0,393.0,GC
2024-11-26 09:40:00+00:00,2626.9,2627.0,2625.3,2626.3,400,33.0,1.0,393.0,GC
2024-11-26 09:45:00+00:00,2626.2,2651.0,2624.8,2625.4,312,33.0,1.0,393.0,GC
2024-11-26 09:50:00+00:00,2625.5,2650.1,2623.8,2649.8,412,33.0,1.0,393.0,GC
2024-11-26 09:55:00+00:00,2625.6,2650.8,2625.0,2650.8,387,33.0,1.0,393.0,GC
2024-11-26 10:00:00+00:00,2626.5,2653.1,2626.4,2627.1,447,33.0,1.0,393.0,GC
2024-11-26 10:05:00+00:00,2627.0,2652.8,2625.6,2652.6,1082,33.0,1.0,393.0,GC
2024-11-26 10:10:00+00:00,2628.3,2629.9,2627.8,2629.8,294,33.0,1.0,393.0,GC
2024-11-26 10:15:00+00:00,2629.7,2630.0,2629.1,2629.6,271,33.0,1.0,393.0,GC
2024-11-26 10:20:00+00:00,2629.5,2655.1,2629.4,2630.4,527,33.0,1.0,393.0,GC
2024-11-26 10:25:00+00:00,2630.5,2630.6,2628.2,2628.8,388,33.0,1.0,393.0,GC
2024-11-26 10:30:00+00:00,2628.8,2632.6,2628.8,2632.3,920,33.0,1.0,393.0,GC
2024-11-26 10:35:00+00:00,2656.8,2657.5,2631.3,2632.3,540,33.0,1.0,1551.0,GC
2024-11-26 10:40:00+00:00,2656.8,2657.4,2631.0,2631.0,525,33.0,1.0,1551.0,GC
2024-11-26 10:45:00+00:00,2631.1,2631.1,2629.7,2630.4,556,33.0,1.0,393.0,GC
2024-11-26 10:50:00+00:00,2630.3,2656.6,2630.0,2631.8,493,33.0,1.0,393.0,GC
2024-11-26 10:55:00+00:00,2631.9,2632.5,2631.3,2631.8,289,33.0,1.0,393.0,GC
2024-11-26 11:00:00+00:00,2631.8,2656.5,2629.4,2629.9,194,33.0,1.0,393.0,GC
2024-11-26 11:05:00+00:00,2629.9,2654.6,2629.5,2654.0,246,33.0,1.0,393.0,GC
2024-11-26 11:10:00+00:00,2629.4,2653.3,2628.1,2629.8,346,33.0,1.0,393.0,GC
2024-11-26 11:15:00+00:00,2654.3,2655.7,2630.9,2655.1,222,33.0,1.0,1551.0,GC
2024-11-26 11:20:00+00:00,2630.8,2655.7,2629.9,2655.7,284,33.0,1.0,393.0,GC
2024-11-26 11:25:00+00:00,2631.2,2655.9,2630.8,2655.5,176,33.0,1.0,393.0,GC
2024-11-26 11:30:00+00:00,2630.7,2656.9,2629.3,2633.0,766,33.0,1.0,393.0,GC
2024-11-26 11:35:00+00:00,2657.5,2657.9,2631.0,2656.3,324,33.0,1.0,1551.0,GC
2024-11-26 11:40:00+00:00,2656.2,2657.8,2632.1,2657.4,249,33.0,1.0,1551.0,GC
2024-11-26 11:45:00+00:00,2657.5,2657.5,2631.3,2656.4,162,33.0,1.0,1551.0,GC
2024-11-26 11:50:00+00:00,2656.3,2656.3,2631.7,2632.9,210,33.0,1.0,1551.0,GC
2024-11-26 11:55:00+00:00,2632.7,2633.6,2632.0,2633.5,209,33.0,1.0,393.0,GC
2024-11-26 12:00:00+00:00,2633.7,2658.3,2631.5,2657.0,433,33.0,1.0,393.0,GC
2024-11-26 12:05:00+00:00,2632.4,2657.4,2631.3,2657.3,248,33.0,1.0,393.0,GC
2024-11-26 12:10:00+00:00,2657.4,2658.0,2632.5,2633.0,198,33.0,1.0,1551.0,GC
2024-11-26 12:15:00+00:00,2633.0,2659.7,2632.5,2657.7,919,33.0,1.0,393.0,GC
2024-11-26 12:20:00+00:00,2633.0,2657.3,2630.6,2630.7,340,33.0,1.0,393.0,GC
2024-11-26 12:25:00+00:00,2655.4,2656.2,2629.7,2632.1,329,33.0,1.0,1551.0,GC
2024-11-26 12:30:00+00:00,2632.0,2656.4,2631.3,2631.9,211,33.0,1.0,393.0,GC
2024-11-26 12:35:00+00:00,2656.5,2657.9,2632.2,2657.9,194,33.0,1.0,1551.0,GC
2024-11-26 12:40:00+00:00,2633.1,2633.2,2630.0,2630.8,374,33.0,1.0,393.0,GC
2024-11-26 12:45:00+00:00,2655.4,2656.6,2631.2,2655.8,254,33.0,1.0,1551.0,GC
2024-11-26 12:50:00+00:00,2631.2,2632.0,2630.5,2630.9,338,33.0,1.0,393.0,GC
2024-11-26 12:55:00+00:00,2630.8,2632.2,2630.4,2631.2,263,33.0,1.0,393.0,GC
2024-11-26 13:00:00+00:00,2655.9,2659.7,2631.7,2638.1,2632,33.0,1.0,1551.0,GC
2024-11-26 13:05:00+00:00,2662.8,2665.9,2637.9,2639.2,1505,33.0,1.0,1551.0,GC
2024-11-26 13:10:00+00:00,2638.9,2642.7,2637.7,2642.2,1247,33.0,1.0,393.0,GC
2024-11-26 13:15:00+00:00,2642.1,2666.0,2639.0,2640.5,670,33.0,1.0,393.0,GC
2024-11-26 13:20:00+00:00,2665.3,2665.3,2636.4,2659.7,1129,33.0,1.0,1551.0,GC
2024-11-26 13:25:00+00:00,2634.9,2635.7,2632.4,2633.3,1011,33.0,1.0,393.0,GC
2024-11-26 13:30:00+00:00,2633.3,2633.9,2630.0,2633.5,1192,33.0,1.0,393.0,GC
2024-11-26 13:35:00+00:00,2633.4,2634.5,2631.4,2632.0,888,33.0,1.0,393.0,GC
2024-11-26 13:40:00+00:00,2656.8,2657.8,2630.9,2631.8,622,33.0,1.0,1551.0,GC
2024-11-26 13:45:00+00:00,2631.8,2654.7,2627.4,2654.1,1036,33.0,1.0,393.0,GC
2024-11-26 13:50:00+00:00,2629.3,2654.3,2628.9,2652.0,1951,33.0,1.0,393.0,GC
2024-11-26 13:55:00+00:00,2627.5,2654.8,2627.1,2654.8,1441,33.0,1.0,393.0,GC
2024-11-26 14:00:00+00:00,2629.9,2632.4,2627.6,2628.0,985,33.0,1.0,393.0,GC
2024-11-26 14:05:00+00:00,2652.4,2653.4,2627.4,2629.3,475,33.0,1.0,1551.0,GC
2024-11-26 14:10:00+00:00,2629.2,2657.4,2629.2,2657.1,755,33.0,1.0,393.0,GC
2024-11-26 14:15:00+00:00,2657.2,2657.4,2629.6,2631.8,590,33.0,1.0,1551.0,GC
2024-11-26 14:20:00+00:00,2631.8,2634.1,2631.0,2633.8,545,33.0,1.0,393.0,GC
2024-11-26 14:25:00+00:00,2633.8,2633.9,2629.2,2629.5,826,33.0,1.0,393.0,GC
2024-11-26 14:30:00+00:00,2629.4,2629.5,2622.8,2624.4,1661,33.0,1.0,393.0,GC
2024-11-26 14:35:00+00:00,2624.2,2627.0,2623.1,2626.2,1205,33.0,1.0,393.0,GC
2024-11-26 14:40:00+00:00,2626.0,2626.0,2616.7,2622.7,5115,33.0,1.0,393.0,GC
2024-11-26 14:45:00+00:00,2622.6,2625.7,2621.2,2624.3,1417,33.0,1.0,393.0,GC
2024-11-26 14:50:00+00:00,2649.0,2649.1,2620.3,2621.3,965,33.0,1.0,1551.0,GC
2024-11-26 14:55:00+00:00,2621.1,2623.9,2620.6,2623.0,977,33.0,1.0,393.0,GC
2024-11-26 15:00:00+00:00,2623.0,2625.0,2620.5,2621.7,1381,33.0,1.0,393.0,GC
2024-11-26 15:05:00+00:00,2621.7,2625.6,2621.6,2623.4,1324,33.0,1.0,393.0,GC
2024-11-26 15:10:00+00:00,2623.0,2624.3,2621.8,2623.7,585,33.0,1.0,393.0,GC
2024-11-26 15:15:00+00:00,2623.6,2625.5,2621.4,2625.5,1023,33.0,1.0,393.0,GC
2024-11-26 15:20:00+00:00,2625.6,2651.6,2624.3,2626.7,737,33.0,1.0,393.0,GC
2024-11-26 15:25:00+00:00,2626.6,2653.0,2626.2,2626.6,433,33.0,1.0,393.0,GC
2024-11-26 15:30:00+00:00,2626.6,2653.6,2625.7,2652.7,530,33.0,1.0,393.0,GC
2024-11-26 15:35:00+00:00,2652.7,2655.7,2627.8,2630.0,696,33.0,1.0,1551.0,GC
2024-11-26 15:40:00+00:00,2630.2,2656.5,2628.6,2656.4,1117,33.0,1.0,393.0,GC
2024-11-26 15:45:00+00:00,2631.4,2657.3,2631.3,2631.7,561,33.0,1.0,393.0,GC
2024-11-26 15:50:00+00:00,2631.4,2654.2,2628.0,2629.3,857,33.0,1.0,393.0,GC
2024-11-26 15:55:00+00:00,2629.1,2630.5,2629.0,2629.9,620,33.0,1.0,393.0,GC
2024-11-26 16:00:00+00:00,2630.0,2655.2,2629.0,2654.7,509,33.0,1.0,393.0,GC
2024-11-26 16:05:00+00:00,2654.6,2654.8,2627.5,2627.9,415,33.0,1.0,1551.0,GC
2024-11-26 16:10:00+00:00,2628.0,2630.2,2627.2,2629.2,717,33.0,1.0,393.0,GC
2024-11-26 16:15:00+00:00,2654.3,2655.8,2629.0,2655.7,366,33.0,1.0,1551.0,GC
2024-11-26 16:20:00+00:00,2655.6,2655.6,2627.0,2627.8,475,33.0,1.0,1551.0,GC
2024-11-26 16:25:00+00:00,2627.7,2630.1,2626.7,2627.9,579,33.0,1.0,393.0,GC
2024-11-26 16:30:00+00:00,2627.8,2655.0,2627.6,2653.8,268,33.0,1.0,393.0,GC
2024-11-26 16:35:00+00:00,2628.9,2655.6,2628.8,2631.3,287,33.0,1.0,393.0,GC
2024-11-26 16:40:00+00:00,2656.3,2656.4,2654.3,2654.4,176,33.0,1.0,1551.0,GC
2024-11-26 16:45:00+00:00,2654.3,2655.3,2629.0,2629.9,262,33.0,1.0,1551.0,GC
2024-11-26 16:50:00+00:00,2629.9,2631.0,2628.9,2630.5,314,33.0,1.0,393.0,GC
2024-11-26 16:55:00+00:00,2655.4,2656.2,2628.7,2628.9,153,33.0,1.0,1551.0,GC
2024-11-26 17:00:00+00:00,2628.8,2653.5,2627.7,2652.7,319,33.0,1.0,393.0,GC
2024-11-26 17:05:00+00:00,2627.6,2627.8,2625.6,2626.1,318,33.0,1.0,393.0,GC
2024-11-26 17:10:00+00:00,2626.1,2652.1,2626.0,2651.1,203,33.0,1.0,393.0,GC
2024-11-26 17:15:00+00:00,2651.0,2652.3,2626.8,2651.9,180,33.0,1.0,1551.0,GC
2024-11-26 17:20:00+00:00,2626.5,2651.8,2625.3,2651.3,268,33.0,1.0,393.0,GC
2024-11-26 17:25:00+00:00,2626.5,2652.7,2626.5,2652.1,187,33.0,1.0,393.0,GC
2024-11-26 17:30:00+00:00,2652.1,2653.0,2651.4,2652.5,272,33.0,1.0,1551.0,GC
2024-11-26 17:35:00+00:00,2627.4,2652.4,2626.8,2651.7,245,33.0,1.0,393.0,GC
2024-11-26 17:40:00+00:00,2651.6,2651.9,2625.6,2626.7,428,33.0,1.0,1551.0,GC
2024-11-26 17:45:00+00:00,2626.6,2651.7,2625.7,2651.4,178,33.0,1.0,393.0,GC
2024-11-26 17:50:00+00:00,2626.4,2652.2,2626.3,2626.6,141,33.0,1.0,393.0,GC
2024-11-26 17:55:00+00:00,2651.6,2651.8,2625.0,2625.2,247,33.0,1.0,1551.0,GC
2024-11-26 18:00:00+00:00,2625.1,2649.9,2622.1,2622.3,736,33.0,1.0,393.0,GC
2024-11-26 18:05:00+00:00,2622.4,2622.7,2621.1,2622.3,737,33.0,1.0,393.0,GC
2024-11-26 18:10:00+00:00,2646.8,2647.5,2622.0,2645.8,675,33.0,1.0,1551.0,GC
2024-11-26 18:15:00+00:00,2645.9,2646.9,2620.8,2621.1,403,33.0,1.0,1551.0,GC
2024-11-26 18:20:00+00:00,2621.4,2647.6,2621.2,2621.6,524,33.0,1.0,393.0,GC
2024-11-26 18:25:00+00:00,2646.7,2646.9,2620.7,2646.8,862,33.0,1.0,1551.0,GC
2024-11-26 18:30:00+00:00,2646.7,2647.0,2620.6,2621.6,641,33.0,1.0,1551.0,GC
2024-11-26 18:35:00+00:00,2621.4,2646.7,2620.4,2645.9,245,33.0,1.0,393.0,GC
2024-11-26 18:40:00+00:00,2620.8,2647.3,2619.9,2646.7,345,33.0,1.0,393.0,GC
2024-11-26 18:45:00+00:00,2646.8,2647.8,2622.4,2622.7,318,33.0,1.0,1551.0,GC
2024-11-26 18:50:00+00:00,2647.5,2649.9,2623.0,2649.6,373,33.0,1.0,1551.0,GC
2024-11-26 18:55:00+00:00,2624.5,2649.7,2623.9,2648.6,164,33.0,1.0,393.0,GC
2024-11-26 19:00:00+00:00,2624.0,2651.8,2622.7,2651.4,364,33.0,1.0,393.0,GC
2024-11-26 19:05:00+00:00,2651.7,2652.9,2627.1,2651.0,302,33.0,1.0,1551.0,GC
2024-11-26 19:10:00+00:00,2651.0,2653.2,2650.6,2652.3,234,33.0,1.0,1551.0,GC
2024-11-26 19:15:00+00:00,2652.1,2652.6,2650.0,2650.0,187,33.0,1.0,1551.0,GC
2024-11-26 19:20:00+00:00,2625.4,2650.8,2624.7,2650.0,124,33.0,1.0,393.0,GC
2024-11-26 19:25:00+00:00,2625.4,2650.0,2624.8,2626.3,139,33.0,1.0,393.0,GC
2024-11-26 19:30:00+00:00,2651.2,2652.6,2627.1,2652.3,155,33.0,1.0,1551.0,GC
2024-11-26 19:35:00+00:00,2627.5,2653.1,2627.2,2652.8,81,33.0,1.0,393.0,GC
2024-11-26 19:40:00+00:00,2652.7,2652.7,2627.5,2652.2,89,33.0,1.0,1551.0,GC
2024-11-26 19:45:00+00:00,2652.4,2654.2,2627.7,2653.6,183,33.0,1.0,1551.0,GC
2024-11-26 19:50:00+00:00,2653.7,2654.1,2629.0,2653.6,131,33.0,1.0,1551.0,GC
2024-11-26 19:55:00+00:00,2653.8,2654.3,2653.2,2653.4,137,33.0,1.0,1551.0,GC
2024-11-26 20:00:00+00:00,2653.6,2654.7,2628.9,2654.1,162,33.0,1.0,1551.0,GC
2024-11-26 20:05:00+00:00,2654.2,2655.0,2629.6,2655.0,108,33.0,1.0,1551.0,GC
2024-11-26 20:10:00+00:00,2654.6,2655.5,2630.0,2654.9,133,33.0,1.0,1551.0,GC
2024-11-26 20:15:00+00:00,2630.2,2655.0,2630.0,2654.6,93,33.0,1.0,393.0,GC
2024-11-26 20:20:00+00:00,2654.6,2654.6,2629.3,2629.5,119,33.0,1.0,1551.0,GC
2024-11-26 20:25:00+00:00,2653.9,2654.0,2628.1,2628.6,195,33.0,1.0,1551.0,GC
2024-11-26 20:30:00+00:00,2653.4,2655.3,2629.7,2630.2,197,33.0,1.0,1551.0,GC
2024-11-26 20:35:00+00:00,2630.3,2656.5,2630.2,2631.6,198,33.0,1.0,393.0,GC
2024-11-26 20:40:00+00:00,2656.4,2656.7,2631.1,2656.3,102,33.0,1.0,1551.0,GC
2024-11-26 20:45:00+00:00,2656.3,2656.6,2631.3,2656.0,133,33.0,1.0,1551.0,GC
2024-11-26 20:50:00+00:00,2631.2,2658.0,2630.8,2657.1,466,33.0,1.0,393.0,GC
2024-11-26 20:55:00+00:00,2657.1,2658.2,2656.5,2657.0,549,33.0,1.0,1551.0,GC
2024-11-26 21:00:00+00:00,2632.1,2657.6,2631.6,2631.6,87,33.0,1.0,393.0,GC
2024-11-26 21:05:00+00:00,2656.7,2656.8,2656.0,2656.5,122,33.0,1.0,1551.0,GC
2024-11-26 21:10:00+00:00,2656.5,2658.2,2656.2,2658.0,277,33.0,1.0,1551.0,GC
2024-11-26 21:15:00+00:00,2658.0,2658.5,2657.9,2658.1,79,33.0,1.0,1551.0,GC
2024-11-26 21:20:00+00:00,2658.3,2658.8,2657.6,2658.0,88,33.0,1.0,1551.0,GC
2024-11-26 21:25:00+00:00,2658.0,2659.0,2658.0,2658.6,110,33.0,1.0,1551.0,GC
2024-11-26 21:30:00+00:00,2658.6,2658.8,2658.3,2658.6,70,33.0,1.0,1551.0,GC
2024-11-26 21:35:00+00:00,2658.5,2658.9,2632.5,2657.8,68,33.0,1.0,1551.0,GC
2024-11-26 21:40:00+00:00,2657.7,2658.1,2657.3,2657.9,96,33.0,1.0,1551.0,GC
2024-11-26 21:45:00+00:00,2657.7,2657.7,2632.4,2632.6,58,33.0,1.0,1551.0,GC
2024-11-26 21:50:00+00:00,2657.6,2658.2,2632.8,2657.7,68,33.0,1.0,1551.0,GC
2024-11-26 21:55:00+00:00,2632.7,2658.8,2632.7,2658.8,131,33.0,1.0,393.0,GC
2024-11-26 23:00:00+00:00,2658.3,2658.3,2655.7,2656.3,209,33.0,1.0,1551.0,GC
2024-11-26 23:05:00+00:00,2656.3,2657.0,2656.0,2656.6,109,33.0,1.0,1551.0,GC
2024-11-26 23:10:00+00:00,2656.6,2656.8,2656.1,2656.3,97,33.0,1.0,1551.0,GC
2024-11-26 23:15:00+00:00,2656.6,2656.9,2656.3,2656.5,53,33.0,1.0,1551.0,GC
2024-11-26 23:20:00+00:00,2656.5,2657.3,2656.5,2657.1,85,33.0,1.0,1551.0,GC
2024-11-26 23:25:00+00:00,2656.9,2657.0,2656.4,2656.5,58,33.0,1.0,1551.0,GC
2024-11-26 23:30:00+00:00,2656.5,2659.0,2656.5,2659.0,299,33.0,1.0,1551.0,GC
2024-11-26 23:35:00+00:00,2659.0,2659.2,2657.1,2657.3,418,33.0,1.0,1551.0,GC
2024-11-26 23:40:00+00:00,2657.4,2657.8,2656.8,2657.8,61,33.0,1.0,1551.0,GC
2024-11-26 23:45:00+00:00,2657.8,2657.9,2657.1,2657.6,59,33.0,1.0,1551.0,GC
2024-11-26 23:50:00+00:00,2657.7,2657.7,2656.7,2657.4,92,33.0,1.0,1551.0,GC
2024-11-26 23:55:00+00:00,2657.3,2657.5,2656.9,2657.4,52,33.0,1.0,1551.0,GC
2024-11-27 00:00:00+00:00,2657.5,2658.2,2657.4,2657.8,128,33.0,1.0,1551.0,GC
2024-11-27 00:05:00+00:00,2657.6,2657.8,2657.0,2657.0,36,33.0,1.0,1551.0,GC
2024-11-27 00:10:00+00:00,2656.9,2657.2,2656.3,2656.3,65,33.0,1.0,1551.0,GC
2024-11-27 00:15:00+00:00,2656.4,2656.4,2655.2,2655.5,185,33.0,1.0,1551.0,GC
2024-11-27 00:20:00+00:00,2655.6,2655.8,2630.1,2655.4,211,33.0,1.0,1551.0,GC
2024-11-27 00:25:00+00:00,2655.4,2655.4,2654.5,2654.6,129,33.0,1.0,1551.0,GC
2024-11-27 00:30:00+00:00,2654.5,2655.6,2654.4,2654.8,167,33.0,1.0,1551.0,GC
2024-11-27 00:35:00+00:00,2654.8,2655.0,2654.5,2654.5,72,33.0,1.0,1551.0,GC
2024-11-27 00:40:00+00:00,2654.6,2654.6,2653.1,2653.3,222,33.0,1.0,1551.0,GC
2024-11-27 00:45:00+00:00,2653.2,2653.4,2652.5,2652.9,179,33.0,1.0,1551.0,GC
2024-11-27 00:50:00+00:00,2652.8,2653.8,2652.4,2653.2,212,33.0,1.0,1551.0,GC
2024-11-27 00:55:00+00:00,2628.5,2653.7,2628.4,2653.0,257,33.0,1.0,393.0,GC
2024-11-27 01:00:00+00:00,2653.0,2654.8,2652.2,2654.1,399,33.0,1.0,1551.0,GC
2024-11-27 01:05:00+00:00,2654.1,2654.9,2652.2,2653.1,237,33.0,1.0,1551.0,GC
2024-11-27 01:10:00+00:00,2653.1,2655.0,2652.9,2653.6,184,33.0,1.0,1551.0,GC
2024-11-27 01:15:00+00:00,2653.9,2654.8,2653.2,2654.2,186,33.0,1.0,1551.0,GC
2024-11-27 01:20:00+00:00,2654.5,2657.9,2654.5,2657.1,580,33.0,1.0,1551.0,GC
2024-11-27 01:25:00+00:00,2657.2,2657.7,2655.2,2655.7,258,33.0,1.0,1551.0,GC
2024-11-27 01:30:00+00:00,2655.8,2657.5,2655.7,2656.1,107,33.0,1.0,1551.0,GC
2024-11-27 01:35:00+00:00,2656.0,2657.6,2656.0,2656.6,121,33.0,1.0,1551.0,GC
2024-11-27 01:40:00+00:00,2657.2,2658.0,2655.1,2655.4,294,33.0,1.0,1551.0,GC
2024-11-27 01:45:00+00:00,2655.4,2655.5,2653.0,2653.7,270,33.0,1.0,1551.0,GC
2024-11-27 01:50:00+00:00,2653.8,2655.8,2653.8,2655.3,242,33.0,1.0,1551.0,GC
2024-11-27 01:55:00+00:00,2655.5,2657.8,2655.2,2656.7,407,33.0,1.0,1551.0,GC
2024-11-27 02:00:00+00:00,2656.6,2658.7,2656.5,2657.6,292,33.0,1.0,1551.0,GC
2024-11-27 02:05:00+00:00,2657.8,2658.7,2657.1,2658.5,208,33.0,1.0,1551.0,GC
2024-11-27 02:10:00+00:00,2658.8,2661.1,2658.5,2659.6,445,33.0,1.0,1551.0,GC
2024-11-27 02:15:00+00:00,2659.4,2660.4,2659.4,2660.1,299,33.0,1.0,1551.0,GC
2024-11-27 02:20:00+00:00,2660.0,2662.0,2659.6,2661.8,452,33.0,1.0,1551.0,GC
2024-11-27 02:25:00+00:00,2661.9,2663.7,2661.6,2662.4,545,33.0,1.0,1551.0,GC
2024-11-27 02:30:00+00:00,2662.6,2664.0,2662.4,2662.7,359,33.0,1.0,1551.0,GC
2024-11-27 02:35:00+00:00,2662.8,2663.9,2661.6,2663.3,376,33.0,1.0,1551.0,GC
2024-11-27 02:40:00+00:00,2663.2,2665.9,2663.0,2665.1,575,33.0,1.0,1551.0,GC
2024-11-27 02:45:00+00:00,2665.3,2665.6,2663.8,2663.8,357,33.0,1.0,1551.0,GC
2024-11-27 02:50:00+00:00,2663.9,2664.4,2662.0,2663.3,340,33.0,1.0,1551.0,GC
2024-11-27 02:55:00+00:00,2663.3,2664.0,2662.4,2662.9,221,33.0,1.0,1551.0,GC
2024-11-27 03:00:00+00:00,2663.0,2663.8,2662.5,2663.3,484,33.0,1.0,1551.0,GC
2024-11-27 03:05:00+00:00,2663.5,2663.7,2661.6,2662.1,450,33.0,1.0,1551.0,GC
2024-11-27 03:10:00+00:00,2662.2,2662.4,2661.2,2661.6,240,33.0,1.0,1551.0,GC
2024-11-27 03:15:00+00:00,2661.5,2662.8,2661.3,2662.4,269,33.0,1.0,1551.0,GC
2024-11-27 03:20:00+00:00,2662.5,2662.8,2661.6,2662.4,185,33.0,1.0,1551.0,GC
2024-11-27 03:25:00+00:00,2662.4,2665.0,2662.4,2664.2,420,33.0,1.0,1551.0,GC
2024-11-27 03:30:00+00:00,2664.2,2665.0,2662.9,2663.1,258,33.0,1.0,1551.0,GC
2024-11-27 03:35:00+00:00,2663.0,2663.9,2662.9,2663.5,149,33.0,1.0,1551.0,GC
2024-11-27 03:40:00+00:00,2663.6,2663.9,2663.2,2663.6,89,33.0,1.0,1551.0,GC
2024-11-27 03:45:00+00:00,2663.7,2664.4,2663.5,2664.3,185,33.0,1.0,1551.0,GC
2024-11-27 03:50:00+00:00,2664.2,2664.2,2662.6,2663.6,250,33.0,1.0,1551.0,GC
2024-11-27 03:55:00+00:00,2663.5,2663.7,2663.1,2663.1,132,33.0,1.0,1551.0,GC
2024-11-27 04:00:00+00:00,2663.0,2663.0,2662.0,2662.1,171,33.0,1.0,1551.0,GC
2024-11-27 04:05:00+00:00,2662.2,2663.1,2662.1,2663.1,100,33.0,1.0,1551.0,GC
2024-11-27 04:10:00+00:00,2663.2,2663.8,2662.8,2663.1,94,33.0,1.0,1551.0,GC
2024-11-27 04:15:00+00:00,2663.1,2663.5,2662.8,2663.3,50,33.0,1.0,1551.0,GC
2024-11-27 04:20:00+00:00,2663.2,2664.1,2663.1,2663.8,103,33.0,1.0,1551.0,GC
2024-11-27 04:25:00+00:00,2663.7,2665.6,2663.5,2665.6,209,33.0,1.0,1551.0,GC
2024-11-27 04:30:00+00:00,2665.5,2666.0,2640.4,2665.1,204,33.0,1.0,1551.0,GC
2024-11-27 04:35:00+00:00,2665.1,2665.6,2639.9,2640.0,112,33.0,1.0,1551.0,GC
2024-11-27 04:40:00+00:00,2665.2,2665.6,2664.9,2665.5,130,33.0,1.0,1551.0,GC
2024-11-27 04:45:00+00:00,2665.5,2665.9,2664.8,2665.0,192,33.0,1.0,1551.0,GC
2024-11-27 04:50:00+00:00,2665.0,2665.3,2664.0,2664.2,125,33.0,1.0,1551.0,GC
2024-11-27 04:55:00+00:00,2664.0,2664.5,2663.6,2664.3,159,33.0,1.0,1551.0,GC
2024-11-27 05:00:00+00:00,2664.3,2665.0,2663.9,2664.9,175,33.0,1.0,1551.0,GC
2024-11-27 05:05:00+00:00,2665.0,2665.2,2639.3,2664.1,65,33.0,1.0,1551.0,GC
2024-11-27 05:10:00+00:00,2664.2,2664.5,2663.6,2663.7,45,33.0,1.0,1551.0,GC
2024-11-27 05:15:00+00:00,2663.7,2664.5,2663.4,2664.5,91,33.0,1.0,1551.0,GC
2024-11-27 05:20:00+00:00,2664.5,2665.4,2664.5,2665.3,112,33.0,1.0,1551.0,GC
2024-11-27 05:25:00+00:00,2665.2,2665.8,2664.9,2665.1,187,33.0,1.0,1551.0,GC
2024-11-27 05:30:00+00:00,2665.2,2668.6,2665.2,2667.6,949,33.0,1.0,1551.0,GC
2024-11-27 05:35:00+00:00,2667.6,2669.3,2667.4,2668.3,590,33.0,1.0,1551.0,GC
2024-11-27 05:40:00+00:00,2668.7,2671.1,2668.6,2670.4,635,33.0,1.0,1551.0,GC
2024-11-27 05:45:00+00:00,2670.3,2670.8,2668.8,2669.7,309,33.0,1.0,1551.0,GC
2024-11-27 05:50:00+00:00,2669.8,2670.1,2669.1,2669.8,207,33.0,1.0,1551.0,GC
2024-11-27 05:55:00+00:00,2669.7,2669.7,2667.2,2667.5,567,33.0,1.0,1551.0,GC
2024-11-27 06:00:00+00:00,2667.4,2668.6,2665.5,2666.1,699,33.0,1.0,1551.0,GC
2024-11-27 06:05:00+00:00,2666.2,2667.9,2664.5,2664.6,467,33.0,1.0,1551.0,GC
2024-11-27 06:10:00+00:00,2664.4,2666.7,2664.1,2666.6,571,33.0,1.0,1551.0,GC
2024-11-27 06:15:00+00:00,2666.7,2667.1,2665.4,2666.6,523,33.0,1.0,1551.0,GC
2024-11-27 06:20:00+00:00,2666.4,2668.9,2665.7,2668.7,397,33.0,1.0,1551.0,GC
2024-11-27 06:25:00+00:00,2668.9,2669.7,2668.3,2669.4,327,33.0,1.0,1551.0,GC
2024-11-27 06:30:00+00:00,2669.5,2669.6,2668.1,2669.0,460,33.0,1.0,1551.0,GC
2024-11-27 06:35:00+00:00,2668.9,2669.2,2667.1,2668.6,547,33.0,1.0,1551.0,GC
2024-11-27 06:40:00+00:00,2668.6,2668.8,2667.4,2668.4,212,33.0,1.0,1551.0,GC
2024-11-27 06:45:00+00:00,2668.4,2669.8,2667.7,2669.3,291,33.0,1.0,1551.0,GC
2024-11-27 06:50:00+00:00,2669.1,2670.8,2669.0,2670.6,380,33.0,1.0,1551.0,GC
2024-11-27 06:55:00+00:00,2670.7,2673.1,2670.7,2672.9,1026,33.0,1.0,1551.0,GC
2024-11-27 07:00:00+00:00,2673.0,2673.5,2671.2,2671.6,1205,33.0,1.0,1551.0,GC
2024-11-27 07:05:00+00:00,2671.7,2673.8,2671.7,2673.1,730,33.0,1.0,1551.0,GC
2024-11-27 07:10:00+00:00,2673.1,2673.8,2672.4,2672.6,513,33.0,1.0,1551.0,GC
2024-11-27 07:15:00+00:00,2672.5,2672.7,2671.6,2671.9,310,33.0,1.0,1551.0,GC
2024-11-27 07:20:00+00:00,2672.0,2672.4,2671.8,2672.2,256,33.0,1.0,1551.0,GC
2024-11-27 07:25:00+00:00,2672.2,2673.6,2672.1,2672.4,451,33.0,1.0,1551.0,GC
2024-11-27 07:30:00+00:00,2672.5,2673.5,2672.3,2673.5,261,33.0,1.0,1551.0,GC
2024-11-27 07:35:00+00:00,2673.4,2673.6,2672.7,2672.8,312,33.0,1.0,1551.0,GC
2024-11-27 07:40:00+00:00,2672.8,2673.1,2671.9,2672.3,500,33.0,1.0,1551.0,GC
2024-11-27 07:45:00+00:00,2672.4,2673.1,2647.3,2647.4,317,33.0,1.0,1551.0,GC
2024-11-27 07:50:00+00:00,2672.4,2672.5,2671.4,2671.6,211,33.0,1.0,1551.0,GC
2024-11-27 07:55:00+00:00,2671.7,2672.9,2671.7,2672.1,270,33.0,1.0,1551.0,GC
2024-11-27 08:00:00+00:00,2672.1,2673.3,2671.3,2672.9,443,33.0,1.0,1551.0,GC
2024-11-27 08:05:00+00:00,2673.0,2673.5,2672.4,2672.9,526,33.0,1.0,1551.0,GC
2024-11-27 08:10:00+00:00,2672.8,2673.5,2671.1,2671.3,698,33.0,1.0,1551.0,GC
2024-11-27 08:15:00+00:00,2671.5,2674.2,2670.4,2674.1,1196,33.0,1.0,1551.0,GC
2024-11-27 08:20:00+00:00,2674.2,2674.6,2671.3,2671.4,935,33.0,1.0,1551.0,GC
2024-11-27 08:25:00+00:00,2671.5,2673.4,2671.0,2672.5,535,33.0,1.0,1551.0,GC
2024-11-27 08:30:00+00:00,2672.7,2673.8,2671.9,2672.8,430,33.0,1.0,1551.0,GC
2024-11-27 08:35:00+00:00,2673.0,2673.6,2670.5,2671.8,634,33.0,1.0,1551.0,GC
2024-11-27 08:40:00+00:00,2671.7,2673.6,2646.9,2673.2,438,33.0,1.0,1551.0,GC
2024-11-27 08:45:00+00:00,2673.3,2674.9,2673.1,2674.7,375,33.0,1.0,1551.0,GC
2024-11-27 08:50:00+00:00,2674.8,2677.4,2673.4,2677.0,1227,33.0,1.0,1551.0,GC
2024-11-27 08:55:00+00:00,2676.9,2678.9,2676.3,2678.5,1016,33.0,1.0,1551.0,GC
2024-11-27 09:00:00+00:00,2678.7,2679.1,2677.0,2677.5,804,33.0,1.0,1551.0,GC
2024-11-27 09:05:00+00:00,2677.5,2678.4,2675.2,2675.2,760,33.0,1.0,1551.0,GC
2024-11-27 09:10:00+00:00,2675.1,2676.2,2673.9,2674.7,488,33.0,1.0,1551.0,GC
2024-11-27 09:15:00+00:00,2674.9,2675.3,2674.4,2674.5,186,33.0,1.0,1551.0,GC
2024-11-27 09:20:00+00:00,2674.7,2675.2,2674.3,2674.5,198,33.0,1.0,1551.0,GC
2024-11-27 09:25:00+00:00,2674.6,2675.2,2674.1,2674.4,220,33.0,1.0,1551.0,GC
2024-11-27 09:30:00+00:00,2674.3,2676.3,2673.5,2675.4,439,33.0,1.0,1551.0,GC
2024-11-27 09:35:00+00:00,2675.5,2676.0,2674.6,2675.2,523,33.0,1.0,1551.0,GC
2024-11-27 09:40:00+00:00,2675.3,2675.5,2649.5,2673.8,194,33.0,1.0,1551.0,GC
2024-11-27 09:45:00+00:00,2673.8,2674.8,2673.5,2674.2,253,33.0,1.0,1551.0,GC
2024-11-27 09:50:00+00:00,2674.3,2674.7,2673.7,2674.1,146,33.0,1.0,1551.0,GC
2024-11-27 09:55:00+00:00,2674.0,2674.3,2672.8,2673.2,155,33.0,1.0,1551.0,GC
2024-11-27 10:00:00+00:00,2673.3,2674.3,2673.2,2674.0,168,33.0,1.0,1551.0,GC
2024-11-27 10:05:00+00:00,2674.0,2675.0,2673.9,2674.2,282,33.0,1.0,1551.0,GC
2024-11-27 10:10:00+00:00,2674.1,2674.3,2673.1,2673.1,172,33.0,1.0,1551.0,GC
2024-11-27 10:15:00+00:00,2673.0,2674.2,2672.9,2673.6,186,33.0,1.0,1551.0,GC
2024-11-27 10:20:00+00:00,2673.5,2674.2,2673.5,2673.7,105,33.0,1.0,1551.0,GC
2024-11-27 10:25:00+00:00,2673.8,2674.7,2672.6,2673.2,530,33.0,1.0,1551.0,GC
2024-11-27 10:30:00+00:00,2673.4,2674.5,2672.8,2674.4,602,33.0,1.0,1551.0,GC
2024-11-27 10:35:00+00:00,2674.5,2674.8,2673.1,2673.3,286,33.0,1.0,1551.0,GC
2024-11-27 10:40:00+00:00,2673.4,2673.4,2672.8,2673.2,247,33.0,1.0,1551.0,GC
2024-11-27 10:45:00+00:00,2673.5,2673.6,2672.7,2673.4,171,33.0,1.0,1551.0,GC
2024-11-27 10:50:00+00:00,2673.5,2674.3,2673.2,2674.1,226,33.0,1.0,1551.0,GC
2024-11-27 10:55:00+00:00,2674.3,2674.3,2673.0,2673.6,187,33.0,1.0,1551.0,GC
2024-11-27 11:00:00+00:00,2673.5,2674.0,2672.9,2673.5,206,33.0,1.0,1551.0,GC
2024-11-27 11:05:00+00:00,2673.6,2673.7,2671.5,2673.1,417,33.0,1.0,1551.0,GC
2024-11-27 11:10:00+00:00,2673.1,2674.0,2667.3,2670.3,1536,33.0,1.0,1551.0,GC
2024-11-27 11:15:00+00:00,2670.3,2672.3,2670.2,2672.0,641,33.0,1.0,1551.0,GC
2024-11-27 11:20:00+00:00,2671.8,2673.3,2670.2,2670.7,857,33.0,1.0,1551.0,GC
2024-11-27 11:25:00+00:00,2670.8,2671.3,2670.2,2670.9,240,33.0,1.0,1551.0,GC
2024-11-27 11:30:00+00:00,2671.0,2673.4,2670.9,2673.3,279,33.0,1.0,1551.0,GC
2024-11-27 11:35:00+00:00,2673.3,2675.3,2673.3,2674.5,388,33.0,1.0,1551.0,GC
2024-11-27 11:40:00+00:00,2674.5,2675.3,2674.2,2675.0,271,33.0,1.0,1551.0,GC
2024-11-27 11:45:00+00:00,2675.0,2675.0,2673.7,2674.2,401,33.0,1.0,1551.0,GC
2024-11-27 11:50:00+00:00,2674.2,2675.4,2674.1,2675.3,385,33.0,1.0,1551.0,GC
2024-11-27 11:55:00+00:00,2675.4,2677.2,2675.4,2675.8,655,33.0,1.0,1551.0,GC
2024-11-27 12:00:00+00:00,2675.9,2676.2,2674.2,2675.3,780,33.0,1.0,1551.0,GC
2024-11-27 12:05:00+00:00,2675.5,2676.8,2675.4,2676.3,248,33.0,1.0,1551.0,GC
2024-11-27 12:10:00+00:00,2676.5,2678.9,2676.5,2678.6,474,33.0,1.0,1551.0,GC
2024-11-27 12:15:00+00:00,2678.5,2679.3,2677.0,2677.2,586,33.0,1.0,1551.0,GC
2024-11-27 12:20:00+00:00,2677.4,2678.1,2677.2,2677.8,284,33.0,1.0,1551.0,GC
2024-11-27 12:25:00+00:00,2677.7,2678.6,2677.7,2677.7,194,33.0,1.0,1551.0,GC
2024-11-27 12:30:00+00:00,2677.7,2678.3,2676.7,2677.3,346,33.0,1.0,1551.0,GC
2024-11-27 12:35:00+00:00,2677.3,2679.8,2677.3,2678.4,857,33.0,1.0,1551.0,GC
2024-11-27 12:40:00+00:00,2678.5,2679.1,2678.0,2678.5,363,33.0,1.0,1551.0,GC
2024-11-27 12:45:00+00:00,2678.4,2678.4,2676.3,2677.0,401,33.0,1.0,1551.0,GC
2024-11-27 12:50:00+00:00,2676.9,2677.1,2675.1,2675.5,295,33.0,1.0,1551.0,GC
2024-11-27 12:55:00+00:00,2675.4,2676.4,2675.3,2675.9,182,33.0,1.0,1551.0,GC
2024-11-27 13:00:00+00:00,2676.0,2678.3,2675.0,2677.6,995,33.0,1.0,1551.0,GC
2024-11-27 13:05:00+00:00,2677.5,2677.5,2673.8,2674.6,705,33.0,1.0,1551.0,GC
2024-11-27 13:10:00+00:00,2674.3,2674.8,2671.0,2673.4,1603,33.0,1.0,1551.0,GC
2024-11-27 13:15:00+00:00,2673.3,2674.9,2672.6,2673.4,563,33.0,1.0,1551.0,GC
2024-11-27 13:20:00+00:00,2673.2,2673.2,2670.1,2671.4,1137,33.0,1.0,1551.0,GC
2024-11-27 13:25:00+00:00,2671.3,2674.6,2671.1,2673.5,1044,33.0,1.0,1551.0,GC
2024-11-27 13:30:00+00:00,2673.5,2677.7,2672.7,2677.3,1688,33.0,1.0,1551.0,GC
2024-11-27 13:35:00+00:00,2677.3,2677.9,2673.7,2676.5,1095,33.0,1.0,1551.0,GC
2024-11-27 13:40:00+00:00,2676.7,2678.0,2675.8,2677.1,550,33.0,1.0,1551.0,GC
2024-11-27 13:45:00+00:00,2677.4,2679.8,2677.4,2679.2,983,33.0,1.0,1551.0,GC
2024-11-27 13:50:00+00:00,2679.2,2683.4,2679.2,2682.9,1974,33.0,1.0,1551.0,GC
2024-11-27 13:55:00+00:00,2683.0,2683.2,2681.2,2681.4,824,33.0,1.0,1551.0,GC
2024-11-27 14:00:00+00:00,2681.4,2681.9,2676.6,2676.7,1461,33.0,1.0,1551.0,GC
2024-11-27 14:05:00+00:00,2676.7,2678.1,2674.7,2675.1,1149,33.0,1.0,1551.0,GC
2024-11-27 14:10:00+00:00,2675.0,2677.0,2674.2,2676.5,1195,33.0,1.0,1551.0,GC
2024-11-27 14:15:00+00:00,2676.6,2677.8,2675.2,2676.5,834,33.0,1.0,1551.0,GC
2024-11-27 14:20:00+00:00,2676.6,2676.8,2675.0,2675.7,526,33.0,1.0,1551.0,GC
2024-11-27 14:25:00+00:00,2675.5,2677.2,2674.2,2676.9,717,33.0,1.0,1551.0,GC
2024-11-27 14:30:00+00:00,2676.8,2679.9,2676.1,2679.3,1294,33.0,1.0,1551.0,GC
2024-11-27 14:35:00+00:00,2679.6,2680.3,2677.2,2677.6,1015,33.0,1.0,1551.0,GC
2024-11-27 14:40:00+00:00,2677.7,2680.1,2677.5,2679.9,698,33.0,1.0,1551.0,GC
2024-11-27 14:45:00+00:00,2679.9,2680.1,2678.1,2678.6,828,33.0,1.0,1551.0,GC
2024-11-27 14:50:00+00:00,2678.6,2678.8,2675.4,2675.6,784,33.0,1.0,1551.0,GC
2024-11-27 14:55:00+00:00,2675.7,2677.7,2675.5,2676.5,513,33.0,1.0,1551.0,GC
2024-11-27 15:00:00+00:00,2676.4,2676.7,2666.5,2666.7,3627,33.0,1.0,1551.0,GC
2024-11-27 15:05:00+00:00,2666.6,2670.9,2664.8,2668.4,2827,33.0,1.0,1551.0,GC
2024-11-27 15:10:00+00:00,2668.6,2669.0,2664.2,2664.7,1559,33.0,1.0,1551.0,GC
2024-11-27 15:15:00+00:00,2664.6,2666.3,2660.3,2665.7,2588,33.0,1.0,1551.0,GC
2024-11-27 15:20:00+00:00,2665.6,2667.7,2665.0,2666.5,936,33.0,1.0,1551.0,GC
2024-11-27 15:25:00+00:00,2666.4,2669.8,2665.9,2667.4,1339,33.0,1.0,1551.0,GC
2024-11-27 15:30:00+00:00,2667.5,2667.7,2663.1,2665.0,3188,33.0,1.0,1551.0,GC
2024-11-27 15:35:00+00:00,2665.1,2666.9,2663.2,2664.4,1081,33.0,1.0,1551.0,GC
2024-11-27 15:40:00+00:00,2664.3,2667.0,2663.7,2664.7,896,33.0,1.0,1551.0,GC
2024-11-27 15:45:00+00:00,2664.5,2669.6,2664.5,2668.7,783,33.0,1.0,1551.0,GC
2024-11-27 15:50:00+00:00,2668.5,2670.4,2668.5,2669.3,737,33.0,1.0,1551.0,GC
2024-11-27 15:55:00+00:00,2669.1,2670.1,2667.8,2668.0,647,33.0,1.0,1551.0,GC
2024-11-27 16:00:00+00:00,2667.8,2669.6,2665.8,2666.4,892,33.0,1.0,1551.0,GC
2024-11-27 16:05:00+00:00,2666.3,2667.7,2665.7,2666.3,588,33.0,1.0,1551.0,GC
2024-11-27 16:10:00+00:00,2666.0,2666.6,2664.6,2665.8,466,33.0,1.0,1551.0,GC
2024-11-27 16:15:00+00:00,2666.0,2667.2,2665.5,2666.3,350,33.0,1.0,1551.0,GC
2024-11-27 16:20:00+00:00,2666.4,2667.2,2665.5,2665.5,368,33.0,1.0,1551.0,GC
2024-11-27 16:25:00+00:00,2665.5,2666.4,2664.3,2665.4,334,33.0,1.0,1551.0,GC
2024-11-27 16:30:00+00:00,2639.5,2666.6,2639.1,2664.5,901,33.0,1.0,393.0,GC
2024-11-27 16:35:00+00:00,2664.5,2667.7,2664.5,2666.7,662,33.0,1.0,1551.0,GC
2024-11-27 16:40:00+00:00,2666.8,2669.1,2666.6,2668.6,453,33.0,1.0,1551.0,GC
2024-11-27 16:45:00+00:00,2668.5,2668.9,2667.7,2667.7,366,33.0,1.0,1551.0,GC
2024-11-27 16:50:00+00:00,2667.7,2668.1,2664.4,2664.9,720,33.0,1.0,1551.0,GC
2024-11-27 16:55:00+00:00,2664.9,2665.9,2664.0,2664.2,580,33.0,1.0,1551.0,GC
2024-11-27 17:00:00+00:00,2664.1,2664.8,2660.3,2663.1,1281,33.0,1.0,1551.0,GC
2024-11-27 17:05:00+00:00,2663.1,2665.0,2663.1,2664.1,436,33.0,1.0,1551.0,GC
2024-11-27 17:10:00+00:00,2664.2,2666.9,2664.0,2665.3,668,33.0,1.0,1551.0,GC
2024-11-27 17:15:00+00:00,2665.3,2667.8,2665.2,2667.6,437,33.0,1.0,1551.0,GC
2024-11-27 17:20:00+00:00,2667.8,2668.1,2666.1,2666.4,263,33.0,1.0,1551.0,GC
2024-11-27 17:25:00+00:00,2666.7,2666.9,2665.1,2665.2,349,33.0,1.0,1551.0,GC
2024-11-27 17:30:00+00:00,2665.4,2665.9,2664.2,2664.4,298,33.0,1.0,1551.0,GC
2024-11-27 17:35:00+00:00,2664.3,2665.1,2663.2,2664.0,405,33.0,1.0,1551.0,GC
2024-11-27 17:40:00+00:00,2664.1,2665.0,2662.8,2662.8,291,33.0,1.0,1551.0,GC
2024-11-27 17:45:00+00:00,2662.8,2664.8,2662.8,2663.3,515,33.0,1.0,1551.0,GC
2024-11-27 17:50:00+00:00,2663.3,2663.7,2662.4,2663.0,456,33.0,1.0,1551.0,GC
2024-11-27 17:55:00+00:00,2662.9,2663.9,2662.5,2662.6,490,33.0,1.0,1551.0,GC
2024-11-27 18:00:00+00:00,2662.4,2664.0,2661.8,2663.3,346,33.0,1.0,1551.0,GC
2024-11-27 18:05:00+00:00,2663.6,2664.4,2663.1,2663.9,337,33.0,1.0,1551.0,GC
2024-11-27 18:10:00+00:00,2664.0,2664.7,2662.0,2662.1,376,33.0,1.0,1551.0,GC
2024-11-27 18:15:00+00:00,2662.0,2664.2,2661.9,2664.1,302,33.0,1.0,1551.0,GC
2024-11-27 18:20:00+00:00,2664.2,2665.0,2663.9,2665.0,286,33.0,1.0,1551.0,GC
2024-11-27 18:25:00+00:00,2665.0,2666.1,2664.5,2665.0,1010,33.0,1.0,1551.0,GC
2024-11-27 18:30:00+00:00,2665.0,2665.0,2664.1,2664.2,377,33.0,1.0,1551.0,GC
2024-11-27 18:35:00+00:00,2664.2,2664.9,2664.0,2664.7,236,33.0,1.0,1551.0,GC
2024-11-27 18:40:00+00:00,2664.7,2665.5,2663.2,2663.4,218,33.0,1.0,1551.0,GC
2024-11-27 18:45:00+00:00,2663.3,2664.8,2663.3,2663.8,268,33.0,1.0,1551.0,GC
2024-11-27 18:50:00+00:00,2663.7,2664.2,2662.8,2664.2,242,33.0,1.0,1551.0,GC
2024-11-27 18:55:00+00:00,2664.0,2664.4,2663.2,2664.1,162,33.0,1.0,1551.0,GC
2024-11-27 19:00:00+00:00,2664.2,2664.6,2663.4,2663.8,147,33.0,1.0,1551.0,GC
2024-11-27 19:05:00+00:00,2663.9,2664.7,2663.4,2664.0,153,33.0,1.0,1551.0,GC
2024-11-27 19:10:00+00:00,2663.8,2664.3,2663.7,2663.8,104,33.0,1.0,1551.0,GC
2024-11-27 19:15:00+00:00,2663.8,2664.0,2663.3,2664.0,126,33.0,1.0,1551.0,GC
2024-11-27 19:20:00+00:00,2663.9,2664.1,2662.6,2662.8,223,33.0,1.0,1551.0,GC
2024-11-27 19:25:00+00:00,2662.9,2663.0,2661.1,2661.6,358,33.0,1.0,1551.0,GC
2024-11-27 19:30:00+00:00,2661.5,2661.9,2660.4,2660.4,256,33.0,1.0,1551.0,GC
2024-11-27 19:35:00+00:00,2660.5,2661.2,2660.1,2660.6,248,33.0,1.0,1551.0,GC
2024-11-27 19:40:00+00:00,2660.5,2660.5,2658.7,2659.9,420,33.0,1.0,1551.0,GC
2024-11-27 19:45:00+00:00,2659.8,2660.5,2659.8,2660.2,242,33.0,1.0,1551.0,GC
2024-11-27 19:50:00+00:00,2660.2,2661.6,2659.7,2661.5,230,33.0,1.0,1551.0,GC
2024-11-27 19:55:00+00:00,2661.4,2661.5,2659.8,2659.9,248,33.0,1.0,1551.0,GC
2024-11-27 20:00:00+00:00,2659.9,2660.9,2659.3,2660.4,233,33.0,1.0,1551.0,GC
2024-11-27 20:05:00+00:00,2660.3,2663.2,2660.3,2662.4,477,33.0,1.0,1551.0,GC
2024-11-27 20:10:00+00:00,2662.5,2663.8,2661.9,2662.9,264,33.0,1.0,1551.0,GC
2024-11-27 20:15:00+00:00,2662.9,2663.8,2662.8,2663.4,242,33.0,1.0,1551.0,GC
2024-11-27 20:20:00+00:00,2663.4,2663.8,2662.9,2663.2,148,33.0,1.0,1551.0,GC
2024-11-27 20:25:00+00:00,2663.3,2663.7,2663.0,2663.5,79,33.0,1.0,1551.0,GC
2024-11-27 20:30:00+00:00,2663.4,2663.4,2662.0,2663.0,250,33.0,1.0,1551.0,GC
2024-11-27 20:35:00+00:00,2663.0,2664.2,2662.9,2663.7,189,33.0,1.0,1551.0,GC
2024-11-27 20:40:00+00:00,2663.7,2663.8,2662.8,2663.1,128,33.0,1.0,1551.0,GC
2024-11-27 20:45:00+00:00,2663.2,2664.0,2663.1,2663.5,189,33.0,1.0,1551.0,GC
2024-11-27 20:50:00+00:00,2663.7,2663.7,2662.8,2663.0,145,33.0,1.0,1551.0,GC
2024-11-27 20:55:00+00:00,2662.9,2663.4,2662.0,2662.2,353,33.0,1.0,1551.0,GC
2024-11-27 21:00:00+00:00,2662.2,2662.4,2661.2,2662.2,286,33.0,1.0,1551.0,GC
2024-11-27 21:05:00+00:00,2661.8,2662.2,2661.7,2661.8,57,33.0,1.0,1551.0,GC
2024-11-27 21:10:00+00:00,2661.8,2662.3,2661.8,2662.1,81,33.0,1.0,1551.0,GC
2024-11-27 21:15:00+00:00,2662.3,2662.7,2662.1,2662.4,68,33.0,1.0,1551.0,GC
2024-11-27 21:20:00+00:00,2662.3,2662.4,2661.7,2661.9,83,33.0,1.0,1551.0,GC
2024-11-27 21:25:00+00:00,2662.0,2662.3,2660.0,2660.1,142,33.0,1.0,1551.0,GC
2024-11-27 21:30:00+00:00,2660.2,2661.3,2660.1,2661.3,77,33.0,1.0,1551.0,GC
2024-11-27 21:35:00+00:00,2661.4,2661.4,2660.5,2660.7,96,33.0,1.0,1551.0,GC
2024-11-27 21:40:00+00:00,2660.6,2661.3,2660.6,2661.0,43,33.0,1.0,1551.0,GC
2024-11-27 21:45:00+00:00,2661.1,2661.3,2660.8,2660.9,67,33.0,1.0,1551.0,GC
2024-11-27 21:50:00+00:00,2660.9,2661.0,2660.5,2660.8,67,33.0,1.0,1551.0,GC
2024-11-27 21:55:00+00:00,2660.6,2661.3,2660.6,2661.1,126,33.0,1.0,1551.0,GC
2024-11-27 23:00:00+00:00,2660.6,2662.4,2660.6,2662.1,130,33.0,1.0,1551.0,GC
2024-11-27 23:05:00+00:00,2662.1,2662.2,2661.6,2661.7,63,33.0,1.0,1551.0,GC
2024-11-27 23:10:00+00:00,2661.8,2661.9,2661.1,2661.2,57,33.0,1.0,1551.0,GC
2024-11-27 23:15:00+00:00,2661.1,2661.3,2660.9,2661.2,33,33.0,1.0,1551.0,GC
2024-11-27 23:20:00+00:00,2661.3,2661.6,2661.1,2661.1,39,33.0,1.0,1551.0,GC
2024-11-27 23:25:00+00:00,2661.0,2661.0,2660.4,2660.5,52,33.0,1.0,1551.0,GC
2024-11-27 23:30:00+00:00,2660.5,2661.1,2660.4,2660.9,37,33.0,1.0,1551.0,GC
2024-11-27 23:35:00+00:00,2661.0,2661.2,2660.7,2660.7,57,33.0,1.0,1551.0,GC
2024-11-27 23:40:00+00:00,2660.8,2661.4,2660.7,2661.1,43,33.0,1.0,1551.0,GC
2024-11-27 23:45:00+00:00,2661.0,2661.4,2660.7,2661.1,55,33.0,1.0,1551.0,GC
2024-11-27 23:50:00+00:00,2661.1,2661.5,2660.9,2661.5,74,33.0,1.0,1551.0,GC
2024-11-27 23:55:00+00:00,2661.5,2661.5,2660.8,2661.4,62,33.0,1.0,1551.0,GC
2024-11-28 00:00:00+00:00,2661.3,2661.4,2660.8,2661.2,66,33.0,1.0,1551.0,GC
2024-11-28 00:05:00+00:00,2661.1,2661.5,2660.7,2660.9,68,33.0,1.0,1551.0,GC
2024-11-28 00:10:00+00:00,2660.9,2660.9,2660.2,2660.2,53,33.0,1.0,1551.0,GC
2024-11-28 00:15:00+00:00,2660.4,2661.3,2660.0,2660.2,116,33.0,1.0,1551.0,GC
2024-11-28 00:20:00+00:00,2660.3,2660.8,2659.3,2660.1,246,33.0,1.0,1551.0,GC
2024-11-28 00:25:00+00:00,2660.1,2661.4,2659.5,2661.3,122,33.0,1.0,1551.0,GC
2024-11-28 00:30:00+00:00,2661.4,2662.3,2661.4,2662.1,115,33.0,1.0,1551.0,GC
2024-11-28 00:35:00+00:00,2662.2,2662.7,2662.0,2662.3,132,33.0,1.0,1551.0,GC
2024-11-28 00:40:00+00:00,2662.2,2662.4,2660.7,2661.5,152,33.0,1.0,1551.0,GC
2024-11-28 00:45:00+00:00,2661.5,2661.8,2661.1,2661.3,47,33.0,1.0,1551.0,GC
2024-11-28 00:50:00+00:00,2661.3,2661.3,2659.6,2660.6,144,33.0,1.0,1551.0,GC
2024-11-28 00:55:00+00:00,2660.6,2661.0,2659.9,2659.9,93,33.0,1.0,1551.0,GC
2024-11-28 01:00:00+00:00,2659.8,2660.6,2655.0,2656.2,1129,33.0,1.0,1551.0,GC
2024-11-28 01:05:00+00:00,2656.3,2656.9,2647.5,2650.0,1442,33.0,1.0,1551.0,GC
2024-11-28 01:10:00+00:00,2649.8,2651.9,2648.8,2651.8,633,33.0,1.0,1551.0,GC
2024-11-28 01:15:00+00:00,2652.0,2653.2,2646.7,2646.7,674,33.0,1.0,1551.0,GC
2024-11-28 01:20:00+00:00,2646.7,2649.4,2644.6,2647.7,1307,33.0,1.0,1551.0,GC
2024-11-28 01:25:00+00:00,2647.7,2651.3,2646.3,2650.7,665,33.0,1.0,1551.0,GC
2024-11-28 01:30:00+00:00,2650.7,2650.7,2645.4,2646.8,934,33.0,1.0,1551.0,GC
2024-11-28 01:35:00+00:00,2646.6,2647.1,2644.1,2646.7,785,33.0,1.0,1551.0,GC
2024-11-28 01:40:00+00:00,2646.6,2650.2,2646.4,2648.5,691,33.0,1.0,1551.0,GC
2024-11-28 01:45:00+00:00,2648.5,2650.4,2648.1,2649.0,407,33.0,1.0,1551.0,GC
2024-11-28 01:50:00+00:00,2649.3,2651.6,2649.0,2651.1,400,33.0,1.0,1551.0,GC
2024-11-28 01:55:00+00:00,2651.1,2652.6,2650.5,2652.6,401,33.0,1.0,1551.0,GC
2024-11-28 02:00:00+00:00,2652.6,2653.9,2651.7,2651.7,431,33.0,1.0,1551.0,GC
2024-11-28 02:05:00+00:00,2651.8,2652.9,2650.8,2652.5,278,33.0,1.0,1551.0,GC
2024-11-28 02:10:00+00:00,2652.6,2653.5,2651.4,2651.8,178,33.0,1.0,1551.0,GC
2024-11-28 02:15:00+00:00,2651.9,2652.8,2651.4,2652.4,116,33.0,1.0,1551.0,GC
2024-11-28 02:20:00+00:00,2652.3,2653.5,2651.4,2651.6,196,33.0,1.0,1551.0,GC
2024-11-28 02:25:00+00:00,2651.6,2652.0,2650.8,2651.2,85,33.0,1.0,1551.0,GC
2024-11-28 02:30:00+00:00,2651.2,2652.3,2649.2,2651.3,393,33.0,1.0,1551.0,GC
2024-11-28 02:35:00+00:00,2651.3,2652.9,2651.1,2651.5,219,33.0,1.0,1551.0,GC
2024-11-28 02:40:00+00:00,2651.4,2652.9,2651.1,2652.2,250,33.0,1.0,1551.0,GC
2024-11-28 02:45:00+00:00,2652.2,2652.6,2651.4,2651.4,92,33.0,1.0,1551.0,GC
2024-11-28 02:50:00+00:00,2651.4,2652.4,2650.8,2652.1,157,33.0,1.0,1551.0,GC
2024-11-28 02:55:00+00:00,2652.0,2652.2,2651.4,2652.1,77,33.0,1.0,1551.0,GC
2024-11-28 03:00:00+00:00,2651.8,2652.1,2649.3,2650.1,195,33.0,1.0,1551.0,GC
2024-11-28 03:05:00+00:00,2649.9,2651.6,2649.5,2651.5,243,33.0,1.0,1551.0,GC
2024-11-28 03:10:00+00:00,2651.6,2651.7,2650.3,2650.7,199,33.0,1.0,1551.0,GC
2024-11-28 03:15:00+00:00,2650.6,2652.6,2650.5,2652.2,137,33.0,1.0,1551.0,GC
2024-11-28 03:20:00+00:00,2652.2,2654.3,2652.0,2653.1,226,33.0,1.0,1551.0,GC
2024-11-28 03:25:00+00:00,2653.1,2655.7,2652.8,2654.9,463,33.0,1.0,1551.0,GC
2024-11-28 03:30:00+00:00,2655.1,2656.0,2654.5,2655.3,201,33.0,1.0,1551.0,GC
2024-11-28 03:35:00+00:00,2655.3,2655.4,2653.8,2654.2,144,33.0,1.0,1551.0,GC
2024-11-28 03:40:00+00:00,2654.3,2654.6,2654.2,2654.4,91,33.0,1.0,1551.0,GC
2024-11-28 03:45:00+00:00,2654.5,2654.5,2653.5,2653.8,84,33.0,1.0,1551.0,GC
2024-11-28 03:50:00+00:00,2653.8,2654.1,2653.6,2653.9,39,33.0,1.0,1551.0,GC
2024-11-28 03:55:00+00:00,2653.9,2654.2,2653.3,2654.0,40,33.0,1.0,1551.0,GC
2024-11-28 04:00:00+00:00,2654.0,2654.0,2653.1,2653.3,54,33.0,1.0,1551.0,GC
2024-11-28 04:05:00+00:00,2653.2,2653.8,2653.2,2653.6,29,33.0,1.0,1551.0,GC
2024-11-28 04:10:00+00:00,2653.8,2654.6,2653.7,2654.2,54,33.0,1.0,1551.0,GC
2024-11-28 04:15:00+00:00,2654.1,2657.5,2654.1,2656.9,264,33.0,1.0,1551.0,GC
2024-11-28 04:20:00+00:00,2656.8,2658.2,2656.5,2657.4,244,33.0,1.0,1551.0,GC
2024-11-28 04:25:00+00:00,2657.5,2658.0,2657.2,2657.3,95,33.0,1.0,1551.0,GC
2024-11-28 04:30:00+00:00,2657.5,2657.9,2657.1,2657.6,87,33.0,1.0,1551.0,GC
2024-11-28 04:35:00+00:00,2657.6,2657.6,2655.7,2655.8,200,33.0,1.0,1551.0,GC
2024-11-28 04:40:00+00:00,2655.7,2655.7,2654.5,2655.0,209,33.0,1.0,1551.0,GC
2024-11-28 04:45:00+00:00,2655.0,2655.8,2654.7,2655.7,63,33.0,1.0,1551.0,GC
2024-11-28 04:50:00+00:00,2655.9,2655.9,2655.0,2655.0,53,33.0,1.0,1551.0,GC
2024-11-28 04:55:00+00:00,2654.8,2655.5,2654.7,2655.3,24,33.0,1.0,1551.0,GC
2024-11-28 05:00:00+00:00,2655.2,2655.3,2654.0,2655.1,99,33.0,1.0,1551.0,GC
2024-11-28 05:05:00+00:00,2655.3,2655.7,2654.8,2655.5,67,33.0,1.0,1551.0,GC
2024-11-28 05:10:00+00:00,2655.6,2655.8,2655.2,2655.8,22,33.0,1.0,1551.0,GC
2024-11-28 05:15:00+00:00,2655.7,2657.8,2655.6,2657.4,333,33.0,1.0,1551.0,GC
2024-11-28 05:20:00+00:00,2657.3,2657.5,2655.0,2655.1,297,33.0,1.0,1551.0,GC
2024-11-28 05:25:00+00:00,2654.8,2655.1,2654.2,2654.8,84,33.0,1.0,1551.0,GC
2024-11-28 05:30:00+00:00,2655.0,2657.7,2654.7,2657.3,281,33.0,1.0,1551.0,GC
2024-11-28 05:35:00+00:00,2657.4,2657.6,2656.2,2656.2,188,33.0,1.0,1551.0,GC
2024-11-28 05:40:00+00:00,2656.0,2656.1,2655.3,2655.9,33,33.0,1.0,1551.0,GC
2024-11-28 05:45:00+00:00,2656.2,2656.7,2655.1,2656.0,78,33.0,1.0,1551.0,GC
2024-11-28 05:50:00+00:00,2655.6,2657.6,2655.5,2656.9,128,33.0,1.0,1551.0,GC
2024-11-28 05:55:00+00:00,2656.9,2658.2,2656.3,2657.2,170,33.0,1.0,1551.0,GC
2024-11-28 06:00:00+00:00,2657.3,2657.9,2655.7,2655.7,121,33.0,1.0,1551.0,GC
2024-11-28 06:05:00+00:00,2655.9,2656.6,2655.8,2656.4,70,33.0,1.0,1551.0,GC
2024-11-28 06:10:00+00:00,2656.4,2657.0,2656.4,2656.7,70,33.0,1.0,1551.0,GC
2024-11-28 06:15:00+00:00,2656.8,2658.0,2656.6,2657.4,109,33.0,1.0,1551.0,GC
2024-11-28 06:20:00+00:00,2657.1,2659.2,2656.6,2658.4,301,33.0,1.0,1551.0,GC
2024-11-28 06:25:00+00:00,2658.1,2660.2,2658.0,2660.0,255,33.0,1.0,1551.0,GC
2024-11-28 06:30:00+00:00,2660.0,2660.5,2658.5,2658.6,162,33.0,1.0,1551.0,GC
2024-11-28 06:35:00+00:00,2658.7,2659.0,2657.1,2658.1,199,33.0,1.0,1551.0,GC
2024-11-28 06:40:00+00:00,2657.9,2662.0,2657.9,2661.8,422,33.0,1.0,1551.0,GC
2024-11-28 06:45:00+00:00,2661.7,2663.5,2660.1,2660.1,453,33.0,1.0,1551.0,GC
2024-11-28 06:50:00+00:00,2660.1,2660.4,2658.4,2660.0,437,33.0,1.0,1551.0,GC
2024-11-28 06:55:00+00:00,2660.0,2661.2,2659.9,2660.6,139,33.0,1.0,1551.0,GC
2024-11-28 07:00:00+00:00,2660.9,2661.0,2658.3,2659.6,572,33.0,1.0,1551.0,GC
2024-11-28 07:05:00+00:00,2659.5,2660.4,2659.2,2660.0,546,33.0,1.0,1551.0,GC
2024-11-28 07:10:00+00:00,2660.1,2660.9,2660.1,2660.4,146,33.0,1.0,1551.0,GC
2024-11-28 07:15:00+00:00,2660.3,2663.0,2660.3,2663.0,293,33.0,1.0,1551.0,GC
2024-11-28 07:20:00+00:00,2663.0,2663.2,2661.6,2661.6,264,33.0,1.0,1551.0,GC
2024-11-28 07:25:00+00:00,2661.6,2662.6,2661.6,2662.2,137,33.0,1.0,1551.0,GC
2024-11-28 07:30:00+00:00,2662.1,2662.4,2661.0,2661.8,174,33.0,1.0,1551.0,GC
2024-11-28 07:35:00+00:00,2661.9,2662.0,2660.8,2661.6,107,33.0,1.0,1551.0,GC
2024-11-28 07:40:00+00:00,2661.6,2661.7,2660.1,2660.1,152,33.0,1.0,1551.0,GC
2024-11-28 07:45:00+00:00,2660.4,2660.6,2659.5,2660.5,170,33.0,1.0,1551.0,GC
2024-11-28 07:50:00+00:00,2660.7,2662.1,2660.7,2661.1,243,33.0,1.0,1551.0,GC
2024-11-28 07:55:00+00:00,2661.0,2661.8,2660.8,2661.3,120,33.0,1.0,1551.0,GC
2024-11-28 08:00:00+00:00,2661.3,2661.3,2659.7,2660.5,217,33.0,1.0,1551.0,GC
2024-11-28 08:05:00+00:00,2660.4,2661.6,2660.4,2660.9,191,33.0,1.0,1551.0,GC
2024-11-28 08:10:00+00:00,2661.1,2662.6,2660.9,2661.9,136,33.0,1.0,1551.0,GC
2024-11-28 08:15:00+00:00,2662.0,2662.1,2660.9,2661.1,171,33.0,1.0,1551.0,GC
2024-11-28 08:20:00+00:00,2661.0,2662.1,2660.6,2661.7,81,33.0,1.0,1551.0,GC
2024-11-28 08:25:00+00:00,2661.7,2663.3,2661.4,2662.8,206,33.0,1.0,1551.0,GC
2024-11-28 08:30:00+00:00,2662.7,2664.3,2662.3,2664.0,341,33.0,1.0,1551.0,GC
2024-11-28 08:35:00+00:00,2664.0,2664.5,2663.4,2663.6,215,33.0,1.0,1551.0,GC
2024-11-28 08:40:00+00:00,2663.8,2665.0,2663.5,2664.7,325,33.0,1.0,1551.0,GC
2024-11-28 08:45:00+00:00,2664.8,2665.1,2663.9,2664.4,200,33.0,1.0,1551.0,GC
2024-11-28 08:50:00+00:00,2664.3,2668.2,2664.3,2667.9,883,33.0,1.0,1551.0,GC
2024-11-28 08:55:00+00:00,2668.0,2670.5,2666.3,2668.0,1976,33.0,1.0,1551.0,GC
2024-11-28 09:00:00+00:00,2668.1,2668.7,2666.7,2667.5,415,33.0,1.0,1551.0,GC
2024-11-28 09:05:00+00:00,2667.9,2668.1,2666.7,2667.4,255,33.0,1.0,1551.0,GC
2024-11-28 09:10:00+00:00,2667.7,2670.5,2667.6,2669.2,826,33.0,1.0,1551.0,GC
2024-11-28 09:15:00+00:00,2669.1,2670.4,2668.9,2669.2,358,33.0,1.0,1551.0,GC
2024-11-28 09:20:00+00:00,2669.3,2669.8,2668.3,2669.5,234,33.0,1.0,1551.0,GC
2024-11-28 09:25:00+00:00,2669.4,2669.8,2668.9,2669.7,119,33.0,1.0,1551.0,GC
2024-11-28 09:30:00+00:00,2669.8,2670.4,2668.8,2669.8,302,33.0,1.0,1551.0,GC
2024-11-28 09:35:00+00:00,2669.8,2670.0,2669.2,2669.2,93,33.0,1.0,1551.0,GC
2024-11-28 09:40:00+00:00,2669.4,2671.9,2669.3,2670.4,765,33.0,1.0,1551.0,GC
2024-11-28 09:45:00+00:00,2670.4,2670.7,2670.2,2670.5,69,33.0,1.0,1551.0,GC
2024-11-28 09:50:00+00:00,2670.5,2670.9,2670.1,2670.1,133,33.0,1.0,1551.0,GC
2024-11-28 09:55:00+00:00,2670.2,2670.3,2669.9,2669.9,193,33.0,1.0,1551.0,GC
2024-11-28 10:00:00+00:00,2670.0,2670.7,2670.0,2670.3,91,33.0,1.0,1551.0,GC
2024-11-28 10:05:00+00:00,2670.3,2670.5,2669.6,2670.2,161,33.0,1.0,1551.0,GC
2024-11-28 10:10:00+00:00,2670.1,2670.3,2668.8,2669.6,364,33.0,1.0,1551.0,GC
2024-11-28 10:15:00+00:00,2669.8,2670.3,2668.8,2668.8,156,33.0,1.0,1551.0,GC
2024-11-28 10:20:00+00:00,2669.0,2670.0,2668.8,2669.4,164,33.0,1.0,1551.0,GC
2024-11-28 10:25:00+00:00,2669.3,2669.6,2668.4,2669.0,372,33.0,1.0,1551.0,GC
2024-11-28 10:30:00+00:00,2669.0,2670.8,2668.7,2670.7,502,33.0,1.0,1551.0,GC
2024-11-28 10:35:00+00:00,2670.8,2673.4,2670.6,2672.9,862,33.0,1.0,1551.0,GC
2024-11-28 10:40:00+00:00,2673.0,2673.0,2671.9,2672.4,402,33.0,1.0,1551.0,GC
2024-11-28 10:45:00+00:00,2672.5,2672.5,2670.7,2671.0,306,33.0,1.0,1551.0,GC
2024-11-28 10:50:00+00:00,2671.1,2672.3,2671.0,2671.9,303,33.0,1.0,1551.0,GC
2024-11-28 10:55:00+00:00,2671.7,2671.7,2670.6,2671.2,240,33.0,1.0,1551.0,GC
2024-11-28 11:00:00+00:00,2671.3,2672.3,2671.1,2671.9,210,33.0,1.0,1551.0,GC
2024-11-28 11:05:00+00:00,2671.9,2672.3,2671.4,2672.0,116,33.0,1.0,1551.0,GC
2024-11-28 11:10:00+00:00,2672.0,2673.3,2671.8,2672.2,256,33.0,1.0,1551.0,GC
2024-11-28 11:15:00+00:00,2672.1,2672.2,2671.3,2672.0,185,33.0,1.0,1551.0,GC
2024-11-28 11:20:00+00:00,2672.0,2672.0,2669.8,2670.0,230,33.0,1.0,1551.0,GC
2024-11-28 11:25:00+00:00,2670.0,2670.8,2669.6,2670.8,183,33.0,1.0,1551.0,GC
2024-11-28 11:30:00+00:00,2670.9,2670.9,2669.6,2669.8,145,33.0,1.0,1551.0,GC
2024-11-28 11:35:00+00:00,2669.8,2670.2,2669.0,2669.7,259,33.0,1.0,1551.0,GC
2024-11-28 11:40:00+00:00,2669.7,2670.3,2668.6,2670.1,196,33.0,1.0,1551.0,GC
2024-11-28 11:45:00+00:00,2669.9,2670.1,2669.2,2670.1,92,33.0,1.0,1551.0,GC
2024-11-28 11:50:00+00:00,2670.1,2671.3,2669.6,2670.5,550,33.0,1.0,1551.0,GC
2024-11-28 11:55:00+00:00,2670.4,2671.2,2670.2,2670.5,303,33.0,1.0,1551.0,GC
2024-11-28 12:00:00+00:00,2670.6,2670.7,2668.9,2669.3,165,33.0,1.0,1551.0,GC
2024-11-28 12:05:00+00:00,2669.2,2669.7,2669.0,2669.3,86,33.0,1.0,1551.0,GC
2024-11-28 12:10:00+00:00,2669.2,2669.8,2669.0,2669.3,148,33.0,1.0,1551.0,GC
2024-11-28 12:15:00+00:00,2669.2,2670.4,2668.8,2670.4,146,33.0,1.0,1551.0,GC
2024-11-28 12:20:00+00:00,2670.5,2670.5,2668.4,2668.6,211,33.0,1.0,1551.0,GC
2024-11-28 12:25:00+00:00,2668.5,2669.7,2667.5,2669.4,803,33.0,1.0,1551.0,GC
2024-11-28 12:30:00+00:00,2669.4,2670.1,2669.3,2669.8,144,33.0,1.0,1551.0,GC
2024-11-28 12:35:00+00:00,2669.9,2671.0,2669.6,2670.4,216,33.0,1.0,1551.0,GC
2024-11-28 12:40:00+00:00,2670.2,2670.3,2669.7,2669.9,85,33.0,1.0,1551.0,GC
2024-11-28 12:45:00+00:00,2669.8,2669.8,2669.4,2669.7,97,33.0,1.0,1551.0,GC
2024-11-28 12:50:00+00:00,2669.6,2670.7,2669.2,2670.7,264,33.0,1.0,1551.0,GC
2024-11-28 12:55:00+00:00,2670.7,2670.7,2669.1,2669.9,497,33.0,1.0,1551.0,GC
2024-11-28 13:00:00+00:00,2669.9,2670.3,2666.8,2667.6,675,33.0,1.0,1551.0,GC
2024-11-28 13:05:00+00:00,2667.3,2668.3,2666.5,2667.5,565,33.0,1.0,1551.0,GC
2024-11-28 13:10:00+00:00,2667.4,2670.0,2667.4,2669.0,363,33.0,1.0,1551.0,GC
2024-11-28 13:15:00+00:00,2669.0,2669.5,2668.0,2669.4,232,33.0,1.0,1551.0,GC
2024-11-28 13:20:00+00:00,2669.5,2670.7,2669.1,2669.6,408,33.0,1.0,1551.0,GC
2024-11-28 13:25:00+00:00,2669.6,2670.8,2668.3,2668.9,347,33.0,1.0,1551.0,GC
2024-11-28 13:30:00+00:00,2669.0,2669.0,2666.7,2668.5,1051,33.0,1.0,1551.0,GC
2024-11-28 13:35:00+00:00,2668.6,2670.7,2668.6,2669.8,462,33.0,1.0,1551.0,GC
2024-11-28 13:40:00+00:00,2669.5,2670.9,2669.2,2670.8,272,33.0,1.0,1551.0,GC
2024-11-28 13:45:00+00:00,2670.8,2671.7,2669.9,2670.0,623,33.0,1.0,1551.0,GC
2024-11-28 13:50:00+00:00,2670.1,2670.5,2669.3,2670.4,252,33.0,1.0,1551.0,GC
2024-11-28 13:55:00+00:00,2670.4,2671.0,2670.0,2670.9,153,33.0,1.0,1551.0,GC
2024-11-28 14:00:00+00:00,2670.9,2671.5,2670.0,2671.3,216,33.0,1.0,1551.0,GC
2024-11-28 14:05:00+00:00,2671.2,2671.8,2670.9,2671.6,172,33.0,1.0,1551.0,GC
2024-11-28 14:10:00+00:00,2671.3,2671.7,2669.7,2670.2,195,33.0,1.0,1551.0,GC
2024-11-28 14:15:00+00:00,2670.1,2670.4,2669.2,2669.3,236,33.0,1.0,1551.0,GC
2024-11-28 14:20:00+00:00,2669.3,2670.2,2668.6,2670.2,362,33.0,1.0,1551.0,GC
2024-11-28 14:25:00+00:00,2670.2,2670.8,2669.7,2670.6,240,33.0,1.0,1551.0,GC
2024-11-28 14:30:00+00:00,2670.6,2670.8,2669.3,2669.7,364,33.0,1.0,1551.0,GC
2024-11-28 14:35:00+00:00,2669.6,2669.9,2668.3,2669.1,338,33.0,1.0,1551.0,GC
2024-11-28 14:40:00+00:00,2669.2,2669.5,2667.4,2667.5,408,33.0,1.0,1551.0,GC
2024-11-28 14:45:00+00:00,2667.6,2669.1,2667.3,2667.7,515,33.0,1.0,1551.0,GC
2024-11-28 14:50:00+00:00,2667.7,2667.7,2666.0,2666.3,542,33.0,1.0,1551.0,GC
2024-11-28 14:55:00+00:00,2666.3,2666.9,2664.9,2665.4,607,33.0,1.0,1551.0,GC
2024-11-28 15:00:00+00:00,2665.3,2667.2,2664.6,2666.2,874,33.0,1.0,1551.0,GC
2024-11-28 15:05:00+00:00,2666.2,2666.8,2665.0,2665.6,490,33.0,1.0,1551.0,GC
2024-11-28 15:10:00+00:00,2665.6,2666.1,2664.8,2665.9,357,33.0,1.0,1551.0,GC
2024-11-28 15:15:00+00:00,2665.6,2666.7,2664.3,2664.6,389,33.0,1.0,1551.0,GC
2024-11-28 15:20:00+00:00,2664.6,2665.1,2662.7,2663.2,712,33.0,1.0,1551.0,GC
2024-11-28 15:25:00+00:00,2663.1,2663.8,2662.3,2662.6,598,33.0,1.0,1551.0,GC
2024-11-28 15:30:00+00:00,2662.6,2663.4,2660.4,2661.2,839,33.0,1.0,1551.0,GC
2024-11-28 15:35:00+00:00,2661.2,2661.7,2660.5,2660.6,331,33.0,1.0,1551.0,GC
2024-11-28 15:40:00+00:00,2660.7,2662.9,2660.7,2662.9,510,33.0,1.0,1551.0,GC
2024-11-28 15:45:00+00:00,2662.7,2663.9,2662.2,2663.6,469,33.0,1.0,1551.0,GC
2024-11-28 15:50:00+00:00,2663.5,2663.5,2662.4,2663.4,279,33.0,1.0,1551.0,GC
2024-11-28 15:55:00+00:00,2663.4,2664.1,2662.1,2662.4,440,33.0,1.0,1551.0,GC
2024-11-28 16:00:00+00:00,2662.3,2663.1,2661.8,2663.1,194,33.0,1.0,1551.0,GC
2024-11-28 16:05:00+00:00,2663.0,2664.4,2662.9,2664.2,402,33.0,1.0,1551.0,GC
2024-11-28 16:10:00+00:00,2664.2,2664.8,2663.8,2664.0,419,33.0,1.0,1551.0,GC
2024-11-28 16:15:00+00:00,2663.8,2664.2,2663.2,2664.2,199,33.0,1.0,1551.0,GC
2024-11-28 16:20:00+00:00,2664.2,2665.4,2663.8,2665.1,248,33.0,1.0,1551.0,GC
2024-11-28 16:25:00+00:00,2664.9,2666.4,2664.7,2665.8,400,33.0,1.0,1551.0,GC
2024-11-28 16:30:00+00:00,2665.9,2666.1,2665.2,2665.5,187,33.0,1.0,1551.0,GC
2024-11-28 16:35:00+00:00,2665.3,2666.2,2665.3,2665.5,169,33.0,1.0,1551.0,GC
2024-11-28 16:40:00+00:00,2665.4,2666.0,2664.5,2665.8,172,33.0,1.0,1551.0,GC
2024-11-28 16:45:00+00:00,2665.8,2666.6,2665.7,2665.9,164,33.0,1.0,1551.0,GC
2024-11-28 16:50:00+00:00,2665.9,2665.9,2664.9,2665.2,126,33.0,1.0,1551.0,GC
2024-11-28 16:55:00+00:00,2665.4,2666.3,2665.2,2666.3,137,33.0,1.0,1551.0,GC
2024-11-28 17:00:00+00:00,2666.2,2666.2,2665.0,2665.4,198,33.0,1.0,1551.0,GC
2024-11-28 17:05:00+00:00,2665.5,2665.9,2665.2,2665.6,51,33.0,1.0,1551.0,GC
2024-11-28 17:10:00+00:00,2665.8,2666.5,2665.7,2665.8,120,33.0,1.0,1551.0,GC
2024-11-28 17:15:00+00:00,2665.8,2665.8,2665.1,2665.3,112,33.0,1.0,1551.0,GC
2024-11-28 17:20:00+00:00,2665.6,2665.6,2664.7,2664.8,182,33.0,1.0,1551.0,GC
2024-11-28 17:25:00+00:00,2664.8,2665.2,2663.9,2664.4,174,33.0,1.0,1551.0,GC
2024-11-28 17:30:00+00:00,2664.5,2665.1,2663.9,2665.0,70,33.0,1.0,1551.0,GC
2024-11-28 17:35:00+00:00,2664.9,2665.5,2664.8,2665.4,47,33.0,1.0,1551.0,GC
2024-11-28 17:40:00+00:00,2665.5,2665.8,2665.2,2665.5,66,33.0,1.0,1551.0,GC
2024-11-28 17:45:00+00:00,2665.6,2666.2,2665.5,2665.7,102,33.0,1.0,1551.0,GC
2024-11-28 17:50:00+00:00,2665.6,2665.7,2664.8,2665.3,76,33.0,1.0,1551.0,GC
2024-11-28 17:55:00+00:00,2665.4,2665.4,2664.6,2665.1,58,33.0,1.0,1551.0,GC
2024-11-28 18:00:00+00:00,2665.2,2665.3,2663.6,2664.2,83,33.0,1.0,1551.0,GC
2024-11-28 18:05:00+00:00,2664.1,2665.2,2664.1,2664.7,71,33.0,1.0,1551.0,GC
2024-11-28 18:10:00+00:00,2664.8,2665.0,2664.5,2664.8,39,33.0,1.0,1551.0,GC
2024-11-28 18:15:00+00:00,2664.8,2664.8,2664.4,2664.6,28,33.0,1.0,1551.0,GC
2024-11-28 18:20:00+00:00,2664.8,2665.1,2664.6,2665.0,22,33.0,1.0,1551.0,GC
2024-11-28 18:25:00+00:00,2664.9,2665.5,2664.8,2665.3,51,33.0,1.0,1551.0,GC
2024-11-28 18:30:00+00:00,2665.3,2665.5,2665.2,2665.2,27,33.0,1.0,1551.0,GC
2024-11-28 18:35:00+00:00,2665.2,2665.2,2665.2,2665.2,1,33.0,1.0,1551.0,GC
2024-11-28 18:40:00+00:00,2665.4,2665.4,2664.6,2665.0,33,33.0,1.0,1551.0,GC
2024-11-28 18:45:00+00:00,2665.0,2665.0,2664.6,2664.6,9,33.0,1.0,1551.0,GC
2024-11-28 18:50:00+00:00,2664.7,2664.7,2663.6,2663.7,52,33.0,1.0,1551.0,GC
2024-11-28 18:55:00+00:00,2663.8,2664.4,2663.8,2664.1,32,33.0,1.0,1551.0,GC
2024-11-28 19:00:00+00:00,2664.1,2664.1,2662.8,2663.2,68,33.0,1.0,1551.0,GC
2024-11-28 19:05:00+00:00,2662.9,2663.4,2662.8,2663.0,61,33.0,1.0,1551.0,GC
2024-11-28 19:10:00+00:00,2662.8,2662.8,2662.1,2662.1,81,33.0,1.0,1551.0,GC
2024-11-28 19:15:00+00:00,2662.1,2662.7,2662.0,2662.0,67,33.0,1.0,1551.0,GC
2024-11-28 19:20:00+00:00,2662.0,2662.1,2661.6,2661.8,67,33.0,1.0,1551.0,GC
2024-11-28 19:25:00+00:00,2661.8,2662.2,2661.4,2661.5,90,33.0,1.0,1551.0,GC
2024-11-28 23:00:00+00:00,2661.9,2662.9,2661.9,2662.6,173,33.0,1.0,1551.0,GC
2024-11-28 23:05:00+00:00,2662.5,2662.8,2662.0,2662.4,109,33.0,1.0,1551.0,GC
2024-11-28 23:10:00+00:00,2662.4,2662.6,2662.2,2662.4,76,33.0,1.0,1551.0,GC
2024-11-28 23:15:00+00:00,2662.2,2663.0,2662.2,2662.6,75,33.0,1.0,1551.0,GC
2024-11-28 23:20:00+00:00,2662.6,2662.8,2662.0,2662.0,70,33.0,1.0,1551.0,GC
2024-11-28 23:25:00+00:00,2662.0,2662.5,2661.6,2661.7,78,33.0,1.0,1551.0,GC
2024-11-28 23:30:00+00:00,2661.9,2662.2,2661.3,2661.7,140,33.0,1.0,1551.0,GC
2024-11-28 23:35:00+00:00,2661.5,2661.5,2660.9,2661.2,93,33.0,1.0,1551.0,GC
2024-11-28 23:40:00+00:00,2661.1,2662.5,2661.1,2662.1,61,33.0,1.0,1551.0,GC
2024-11-28 23:45:00+00:00,2662.1,2662.5,2662.0,2662.2,80,33.0,1.0,1551.0,GC
2024-11-28 23:50:00+00:00,2662.1,2662.4,2661.9,2662.3,48,33.0,1.0,1551.0,GC
2024-11-28 23:55:00+00:00,2662.3,2663.0,2662.3,2662.6,69,33.0,1.0,1551.0,GC
2024-11-29 00:00:00+00:00,2662.4,2662.8,2661.3,2661.8,184,33.0,1.0,1551.0,GC
2024-11-29 00:05:00+00:00,2661.6,2661.7,2660.5,2661.1,331,33.0,1.0,1551.0,GC
2024-11-29 00:10:00+00:00,2661.0,2661.7,2660.6,2660.8,106,33.0,1.0,1551.0,GC
2024-11-29 00:15:00+00:00,2660.9,2661.1,2660.6,2661.1,70,33.0,1.0,1551.0,GC
2024-11-29 00:20:00+00:00,2661.1,2661.4,2661.0,2661.1,44,33.0,1.0,1551.0,GC
2024-11-29 00:25:00+00:00,2661.1,2661.1,2660.0,2661.1,215,33.0,1.0,1551.0,GC
2024-11-29 00:30:00+00:00,2661.1,2662.5,2661.1,2662.5,138,33.0,1.0,1551.0,GC
2024-11-29 00:35:00+00:00,2662.5,2663.0,2662.0,2662.5,106,33.0,1.0,1551.0,GC
2024-11-29 00:40:00+00:00,2662.5,2662.6,2661.6,2662.3,92,33.0,1.0,1551.0,GC
2024-11-29 00:45:00+00:00,2662.1,2662.1,2660.6,2660.8,99,33.0,1.0,1551.0,GC
2024-11-29 00:50:00+00:00,2660.7,2660.9,2659.7,2660.2,160,33.0,1.0,1551.0,GC
2024-11-29 00:55:00+00:00,2660.1,2660.5,2659.2,2659.8,245,33.0,1.0,1551.0,GC
2024-11-29 01:00:00+00:00,2659.6,2660.6,2657.5,2660.6,800,33.0,1.0,1551.0,GC
2024-11-29 01:05:00+00:00,2660.6,2662.6,2660.5,2661.9,373,33.0,1.0,1551.0,GC
2024-11-29 01:10:00+00:00,2662.1,2665.5,2661.9,2665.2,742,33.0,1.0,1551.0,GC
2024-11-29 01:15:00+00:00,2665.2,2666.9,2664.6,2665.5,562,33.0,1.0,1551.0,GC
2024-11-29 01:20:00+00:00,2665.9,2668.1,2665.7,2667.3,626,33.0,1.0,1551.0,GC
2024-11-29 01:25:00+00:00,2667.3,2669.3,2666.5,2668.9,463,33.0,1.0,1551.0,GC
2024-11-29 01:30:00+00:00,2668.8,2669.5,2667.5,2667.6,479,33.0,1.0,1551.0,GC
2024-11-29 01:35:00+00:00,2667.8,2670.3,2667.7,2670.2,530,33.0,1.0,1551.0,GC
2024-11-29 01:40:00+00:00,2670.2,2671.1,2669.7,2670.2,302,33.0,1.0,1551.0,GC
2024-11-29 01:45:00+00:00,2670.2,2670.9,2669.2,2670.0,257,33.0,1.0,1551.0,GC
2024-11-29 01:50:00+00:00,2669.8,2670.1,2668.4,2668.8,199,33.0,1.0,1551.0,GC
2024-11-29 01:55:00+00:00,2668.7,2669.4,2668.5,2669.0,150,33.0,1.0,1551.0,GC
2024-11-29 02:00:00+00:00,2668.8,2672.5,2668.8,2671.7,582,33.0,1.0,1551.0,GC
2024-11-29 02:05:00+00:00,2671.5,2676.1,2671.4,2675.3,1178,33.0,1.0,1551.0,GC
2024-11-29 02:10:00+00:00,2675.4,2680.8,2674.6,2680.4,1525,33.0,1.0,1551.0,GC
2024-11-29 02:15:00+00:00,2680.5,2681.9,2679.1,2681.3,641,33.0,1.0,1551.0,GC
2024-11-29 02:20:00+00:00,2681.4,2686.5,2681.0,2685.7,1366,33.0,1.0,1551.0,GC
2024-11-29 02:25:00+00:00,2685.7,2686.9,2684.0,2684.8,707,33.0,1.0,1551.0,GC
2024-11-29 02:30:00+00:00,2684.7,2685.4,2682.9,2684.1,790,33.0,1.0,1551.0,GC
2024-11-29 02:35:00+00:00,2684.0,2684.7,2681.5,2681.9,531,33.0,1.0,1551.0,GC
2024-11-29 02:40:00+00:00,2681.8,2683.3,2680.9,2681.4,449,33.0,1.0,1551.0,GC
2024-11-29 02:45:00+00:00,2681.4,2683.4,2680.9,2681.9,421,33.0,1.0,1551.0,GC
2024-11-29 02:50:00+00:00,2682.0,2682.3,2680.7,2681.1,386,33.0,1.0,1551.0,GC
2024-11-29 02:55:00+00:00,2681.1,2682.0,2680.5,2681.5,291,33.0,1.0,1551.0,GC
2024-11-29 03:00:00+00:00,2681.7,2682.8,2681.1,2681.8,387,33.0,1.0,1551.0,GC
2024-11-29 03:05:00+00:00,2681.9,2682.4,2680.0,2680.0,188,33.0,1.0,1551.0,GC
2024-11-29 03:10:00+00:00,2679.9,2680.9,2678.8,2680.3,522,33.0,1.0,1551.0,GC
2024-11-29 03:15:00+00:00,2680.2,2683.1,2680.2,2682.9,383,33.0,1.0,1551.0,GC
2024-11-29 03:20:00+00:00,2683.0,2684.3,2682.4,2682.7,273,33.0,1.0,1551.0,GC
2024-11-29 03:25:00+00:00,2682.8,2683.6,2681.8,2682.6,192,33.0,1.0,1551.0,GC
2024-11-29 03:30:00+00:00,2682.7,2682.7,2681.2,2681.4,127,33.0,1.0,1551.0,GC
2024-11-29 03:35:00+00:00,2681.4,2682.0,2680.9,2681.8,165,33.0,1.0,1551.0,GC
2024-11-29 03:40:00+00:00,2681.8,2683.3,2681.0,2683.2,190,33.0,1.0,1551.0,GC
2024-11-29 03:45:00+00:00,2683.2,2683.5,2682.3,2683.0,170,33.0,1.0,1551.0,GC
2024-11-29 03:50:00+00:00,2683.0,2683.3,2681.6,2682.4,163,33.0,1.0,1551.0,GC
2024-11-29 03:55:00+00:00,2682.5,2684.7,2682.4,2684.2,414,33.0,1.0,1551.0,GC
2024-11-29 04:00:00+00:00,2684.3,2684.9,2684.1,2684.8,242,33.0,1.0,1551.0,GC
2024-11-29 04:05:00+00:00,2684.6,2684.8,2683.3,2684.4,222,33.0,1.0,1551.0,GC
2024-11-29 04:10:00+00:00,2684.4,2684.5,2683.7,2684.1,94,33.0,1.0,1551.0,GC
2024-11-29 04:15:00+00:00,2684.3,2684.9,2684.1,2684.8,140,33.0,1.0,1551.0,GC
2024-11-29 04:20:00+00:00,2684.6,2685.0,2684.2,2684.5,126,33.0,1.0,1551.0,GC
2024-11-29 04:25:00+00:00,2684.6,2684.6,2683.6,2683.6,104,33.0,1.0,1551.0,GC
2024-11-29 04:30:00+00:00,2683.7,2684.0,2682.7,2682.7,138,33.0,1.0,1551.0,GC
2024-11-29 04:35:00+00:00,2682.9,2685.0,2682.5,2684.7,182,33.0,1.0,1551.0,GC
2024-11-29 04:40:00+00:00,2684.7,2688.6,2684.3,2684.3,1141,33.0,1.0,1551.0,GC
2024-11-29 04:45:00+00:00,2684.3,2685.4,2684.0,2684.8,178,33.0,1.0,1551.0,GC
2024-11-29 04:50:00+00:00,2684.8,2684.8,2683.7,2684.3,139,33.0,1.0,1551.0,GC
2024-11-29 04:55:00+00:00,2684.3,2684.5,2683.6,2684.0,171,33.0,1.0,1551.0,GC
2024-11-29 05:00:00+00:00,2684.2,2684.4,2683.7,2684.0,111,33.0,1.0,1551.0,GC
2024-11-29 05:05:00+00:00,2684.1,2685.7,2683.6,2685.1,325,33.0,1.0,1551.0,GC
2024-11-29 05:10:00+00:00,2685.0,2685.5,2685.0,2685.2,81,33.0,1.0,1551.0,GC
2024-11-29 05:15:00+00:00,2685.4,2685.5,2684.4,2685.5,155,33.0,1.0,1551.0,GC
2024-11-29 05:20:00+00:00,2685.5,2685.5,2685.2,2685.2,165,33.0,1.0,1551.0,GC
2024-11-29 05:25:00+00:00,2685.2,2687.8,2685.2,2686.6,538,33.0,1.0,1551.0,GC
2024-11-29 05:30:00+00:00,2686.6,2688.4,2686.4,2687.0,435,33.0,1.0,1551.0,GC
2024-11-29 05:35:00+00:00,2686.9,2687.4,2685.7,2687.0,305,33.0,1.0,1551.0,GC
2024-11-29 05:40:00+00:00,2686.8,2687.5,2684.6,2685.5,345,33.0,1.0,1551.0,GC
2024-11-29 05:45:00+00:00,2685.4,2686.3,2684.7,2685.8,196,33.0,1.0,1551.0,GC
2024-11-29 05:50:00+00:00,2686.2,2687.1,2685.7,2685.9,160,33.0,1.0,1551.0,GC
2024-11-29 05:55:00+00:00,2685.9,2687.2,2685.6,2686.3,228,33.0,1.0,1551.0,GC
2024-11-29 06:00:00+00:00,2686.4,2686.9,2686.1,2686.5,151,33.0,1.0,1551.0,GC
2024-11-29 06:05:00+00:00,2686.7,2690.1,2686.7,2689.0,590,33.0,1.0,1551.0,GC
2024-11-29 06:10:00+00:00,2688.9,2690.5,2687.8,2690.1,446,33.0,1.0,1551.0,GC
2024-11-29 06:15:00+00:00,2690.0,2690.0,2686.2,2686.3,387,33.0,1.0,1551.0,GC
2024-11-29 06:20:00+00:00,2686.0,2687.1,2685.7,2686.0,276,33.0,1.0,1551.0,GC
2024-11-29 06:25:00+00:00,2686.1,2687.9,2686.1,2687.7,206,33.0,1.0,1551.0,GC
2024-11-29 06:30:00+00:00,2687.7,2688.9,2687.7,2687.8,247,33.0,1.0,1551.0,GC
2024-11-29 06:35:00+00:00,2687.8,2688.4,2687.3,2687.3,169,33.0,1.0,1551.0,GC
2024-11-29 06:40:00+00:00,2687.4,2688.8,2687.2,2688.5,157,33.0,1.0,1551.0,GC
2024-11-29 06:45:00+00:00,2688.5,2689.0,2688.0,2688.7,267,33.0,1.0,1551.0,GC
2024-11-29 06:50:00+00:00,2688.6,2688.7,2687.8,2688.4,128,33.0,1.0,1551.0,GC
2024-11-29 06:55:00+00:00,2688.5,2689.6,2688.0,2689.2,246,33.0,1.0,1551.0,GC
2024-11-29 07:00:00+00:00,2689.4,2689.5,2687.6,2687.6,303,33.0,1.0,1551.0,GC
2024-11-29 07:05:00+00:00,2687.6,2687.6,2685.9,2686.1,286,33.0,1.0,1551.0,GC
2024-11-29 07:10:00+00:00,2686.1,2686.1,2685.2,2685.9,234,33.0,1.0,1551.0,GC
2024-11-29 07:15:00+00:00,2686.0,2686.8,2685.6,2685.6,200,33.0,1.0,1551.0,GC
2024-11-29 07:20:00+00:00,2685.6,2687.2,2685.5,2685.7,239,33.0,1.0,1551.0,GC
2024-11-29 07:25:00+00:00,2685.8,2686.1,2685.2,2685.8,354,33.0,1.0,1551.0,GC
2024-11-29 07:30:00+00:00,2685.7,2686.0,2683.1,2683.9,537,33.0,1.0,1551.0,GC
2024-11-29 07:35:00+00:00,2683.8,2685.4,2683.8,2685.0,143,33.0,1.0,1551.0,GC
2024-11-29 07:40:00+00:00,2684.9,2685.7,2684.3,2684.9,314,33.0,1.0,1551.0,GC
2024-11-29 07:45:00+00:00,2685.1,2685.2,2684.3,2684.4,126,33.0,1.0,1551.0,GC
2024-11-29 07:50:00+00:00,2684.4,2685.0,2683.2,2683.3,311,33.0,1.0,1551.0,GC
2024-11-29 07:55:00+00:00,2683.2,2685.1,2683.2,2684.7,193,33.0,1.0,1551.0,GC
2024-11-29 08:00:00+00:00,2684.8,2686.7,2684.6,2685.6,592,33.0,1.0,1551.0,GC
2024-11-29 08:05:00+00:00,2685.5,2685.5,2682.1,2682.7,552,33.0,1.0,1551.0,GC
2024-11-29 08:10:00+00:00,2682.8,2683.1,2680.5,2680.8,486,33.0,1.0,1551.0,GC
2024-11-29 08:15:00+00:00,2680.8,2682.2,2680.6,2682.0,415,33.0,1.0,1551.0,GC
2024-11-29 08:20:00+00:00,2682.1,2682.2,2681.4,2681.7,161,33.0,1.0,1551.0,GC
2024-11-29 08:25:00+00:00,2681.8,2684.2,2681.8,2684.0,436,33.0,1.0,1551.0,GC
2024-11-29 08:30:00+00:00,2683.9,2684.7,2681.0,2681.5,466,33.0,1.0,1551.0,GC
2024-11-29 08:35:00+00:00,2681.5,2681.7,2680.7,2680.8,169,33.0,1.0,1551.0,GC
2024-11-29 08:40:00+00:00,2680.9,2681.1,2679.3,2679.7,306,33.0,1.0,1551.0,GC
2024-11-29 08:45:00+00:00,2679.6,2681.3,2678.5,2680.7,467,33.0,1.0,1551.0,GC
2024-11-29 08:50:00+00:00,2680.7,2682.1,2680.3,2681.9,477,33.0,1.0,1551.0,GC
2024-11-29 08:55:00+00:00,2682.1,2683.8,2681.2,2681.2,722,33.0,1.0,1551.0,GC
2024-11-29 09:00:00+00:00,2681.1,2681.3,2679.7,2680.8,405,33.0,1.0,1551.0,GC
2024-11-29 09:05:00+00:00,2680.7,2683.6,2680.7,2682.3,786,33.0,1.0,1551.0,GC
2024-11-29 09:10:00+00:00,2682.1,2685.3,2682.1,2685.3,630,33.0,1.0,1551.0,GC
2024-11-29 09:15:00+00:00,2685.3,2686.0,2683.1,2683.3,454,33.0,1.0,1551.0,GC
2024-11-29 09:20:00+00:00,2683.2,2684.3,2683.0,2684.0,231,33.0,1.0,1551.0,GC
2024-11-29 09:25:00+00:00,2684.0,2684.1,2682.5,2683.6,213,33.0,1.0,1551.0,GC
2024-11-29 09:30:00+00:00,2683.7,2684.8,2683.6,2683.9,116,33.0,1.0,1551.0,GC
2024-11-29 09:35:00+00:00,2684.0,2684.8,2682.5,2682.8,271,33.0,1.0,1551.0,GC
2024-11-29 09:40:00+00:00,2682.8,2684.1,2681.7,2684.1,928,33.0,1.0,1551.0,GC
2024-11-29 09:45:00+00:00,2684.0,2687.3,2683.9,2686.6,959,33.0,1.0,1551.0,GC
2024-11-29 09:50:00+00:00,2686.6,2687.7,2685.8,2686.6,535,33.0,1.0,1551.0,GC
2024-11-29 09:55:00+00:00,2686.6,2688.8,2686.4,2688.1,528,33.0,1.0,1551.0,GC
2024-11-29 10:00:00+00:00,2688.2,2689.2,2688.1,2688.6,499,33.0,1.0,1551.0,GC
2024-11-29 10:05:00+00:00,2688.5,2689.2,2687.2,2687.8,446,33.0,1.0,1551.0,GC
2024-11-29 10:10:00+00:00,2687.9,2688.8,2686.6,2686.9,331,33.0,1.0,1551.0,GC
2024-11-29 10:15:00+00:00,2686.8,2687.7,2686.0,2686.0,207,33.0,1.0,1551.0,GC
2024-11-29 10:20:00+00:00,2685.9,2687.2,2685.2,2687.2,274,33.0,1.0,1551.0,GC
2024-11-29 10:25:00+00:00,2687.1,2687.4,2686.2,2686.4,211,33.0,1.0,1551.0,GC
2024-11-29 10:30:00+00:00,2686.5,2689.7,2686.2,2688.8,687,33.0,1.0,1551.0,GC
2024-11-29 10:35:00+00:00,2688.7,2689.3,2686.2,2686.3,1105,33.0,1.0,1551.0,GC
2024-11-29 10:40:00+00:00,2686.4,2687.2,2685.6,2685.8,286,33.0,1.0,1551.0,GC
2024-11-29 10:45:00+00:00,2685.6,2686.3,2685.6,2686.0,130,33.0,1.0,1551.0,GC
2024-11-29 10:50:00+00:00,2686.0,2686.5,2685.6,2685.9,186,33.0,1.0,1551.0,GC
2024-11-29 10:55:00+00:00,2685.9,2687.0,2685.6,2686.8,112,33.0,1.0,1551.0,GC
2024-11-29 11:00:00+00:00,2686.6,2686.8,2686.1,2686.1,124,33.0,1.0,1551.0,GC
2024-11-29 11:05:00+00:00,2686.2,2686.5,2685.1,2685.2,500,33.0,1.0,1551.0,GC
2024-11-29 11:10:00+00:00,2685.2,2688.2,2684.8,2687.4,871,33.0,1.0,1551.0,GC
2024-11-29 11:15:00+00:00,2687.5,2688.0,2686.6,2686.6,217,33.0,1.0,1551.0,GC
2024-11-29 11:20:00+00:00,2686.5,2687.0,2685.6,2686.2,200,33.0,1.0,1551.0,GC
2024-11-29 11:25:00+00:00,2686.1,2686.5,2685.6,2686.3,238,33.0,1.0,1551.0,GC
2024-11-29 11:30:00+00:00,2686.2,2687.0,2685.4,2686.0,203,33.0,1.0,1551.0,GC
2024-11-29 11:35:00+00:00,2686.1,2687.4,2685.8,2686.5,195,33.0,1.0,1551.0,GC
2024-11-29 11:40:00+00:00,2686.8,2686.8,2685.6,2685.9,134,33.0,1.0,1551.0,GC
2024-11-29 11:45:00+00:00,2686.0,2687.6,2684.9,2686.3,783,33.0,1.0,1551.0,GC
2024-11-29 11:50:00+00:00,2686.0,2686.1,2684.4,2684.7,367,33.0,1.0,1551.0,GC
2024-11-29 11:55:00+00:00,2684.8,2685.3,2683.3,2683.3,327,33.0,1.0,1551.0,GC
2024-11-29 12:00:00+00:00,2683.3,2684.3,2683.3,2684.1,190,33.0,1.0,1551.0,GC
2024-11-29 12:05:00+00:00,2684.1,2684.2,2683.3,2683.9,139,33.0,1.0,1551.0,GC
2024-11-29 12:10:00+00:00,2683.9,2685.2,2683.0,2685.0,276,33.0,1.0,1551.0,GC
2024-11-29 12:15:00+00:00,2685.0,2686.0,2684.1,2685.2,472,33.0,1.0,1551.0,GC
2024-11-29 12:20:00+00:00,2685.3,2688.6,2683.6,2688.0,1274,33.0,1.0,1551.0,GC
2024-11-29 12:25:00+00:00,2688.1,2688.5,2685.8,2685.8,286,33.0,1.0,1551.0,GC
2024-11-29 12:30:00+00:00,2685.7,2686.8,2685.3,2685.6,231,33.0,1.0,1551.0,GC
2024-11-29 12:35:00+00:00,2685.4,2686.0,2685.1,2685.3,190,33.0,1.0,1551.0,GC
2024-11-29 12:40:00+00:00,2685.1,2685.1,2683.0,2683.1,397,33.0,1.0,1551.0,GC
2024-11-29 12:45:00+00:00,2683.1,2683.9,2682.6,2683.6,365,33.0,1.0,1551.0,GC
2024-11-29 12:50:00+00:00,2683.6,2684.1,2682.8,2683.9,320,33.0,1.0,1551.0,GC
2024-11-29 12:55:00+00:00,2683.8,2685.0,2682.9,2683.6,516,33.0,1.0,1551.0,GC
2024-11-29 13:00:00+00:00,2683.7,2684.9,2681.7,2684.6,829,33.0,1.0,1551.0,GC
2024-11-29 13:05:00+00:00,2684.5,2685.6,2683.2,2684.7,597,33.0,1.0,1551.0,GC
2024-11-29 13:10:00+00:00,2684.6,2685.1,2683.0,2683.2,409,33.0,1.0,1551.0,GC
2024-11-29 13:15:00+00:00,2683.3,2683.3,2679.8,2682.0,1062,33.0,1.0,1551.0,GC
2024-11-29 13:20:00+00:00,2681.9,2685.5,2681.9,2685.3,1083,33.0,1.0,1551.0,GC
2024-11-29 13:25:00+00:00,2685.4,2687.0,2685.4,2685.9,880,33.0,1.0,1551.0,GC
2024-11-29 13:30:00+00:00,2685.7,2686.6,2683.1,2683.5,640,33.0,1.0,1551.0,GC
2024-11-29 13:35:00+00:00,2683.3,2683.3,2681.2,2682.7,825,33.0,1.0,1551.0,GC
2024-11-29 13:40:00+00:00,2682.8,2683.4,2681.3,2681.3,546,33.0,1.0,1551.0,GC
2024-11-29 13:45:00+00:00,2681.2,2683.0,2680.2,2682.4,549,33.0,1.0,1551.0,GC
2024-11-29 13:50:00+00:00,2682.3,2682.5,2680.0,2680.0,552,33.0,1.0,1551.0,GC
2024-11-29 13:55:00+00:00,2680.0,2682.0,2679.6,2681.6,520,33.0,1.0,1551.0,GC
2024-11-29 14:00:00+00:00,2681.5,2684.6,2681.5,2684.0,785,33.0,1.0,1551.0,GC
2024-11-29 14:05:00+00:00,2684.1,2686.4,2684.0,2686.2,663,33.0,1.0,1551.0,GC
2024-11-29 14:10:00+00:00,2686.1,2686.4,2682.7,2683.1,528,33.0,1.0,1551.0,GC
2024-11-29 14:15:00+00:00,2683.1,2684.1,2682.4,2683.6,419,33.0,1.0,1551.0,GC
2024-11-29 14:20:00+00:00,2683.7,2684.6,2680.2,2680.5,714,33.0,1.0,1551.0,GC
2024-11-29 14:25:00+00:00,2680.5,2680.6,2679.3,2680.1,714,33.0,1.0,1551.0,GC
2024-11-29 14:30:00+00:00,2680.1,2682.0,2678.4,2681.5,1383,33.0,1.0,1551.0,GC
2024-11-29 14:35:00+00:00,2681.6,2683.2,2681.5,2682.3,898,33.0,1.0,1551.0,GC
2024-11-29 14:40:00+00:00,2682.5,2683.1,2678.8,2679.5,922,33.0,1.0,1551.0,GC
2024-11-29 14:45:00+00:00,2679.6,2680.8,2675.5,2680.1,1696,33.0,1.0,1551.0,GC
2024-11-29 14:50:00+00:00,2680.2,2680.7,2678.7,2678.9,826,33.0,1.0,1551.0,GC
2024-11-29 14:55:00+00:00,2678.9,2680.9,2677.0,2677.4,1076,33.0,1.0,1551.0,GC
2024-11-29 15:00:00+00:00,2677.6,2677.8,2674.6,2676.6,1551,33.0,1.0,1551.0,GC
2024-11-29 15:05:00+00:00,2676.5,2677.6,2675.0,2676.6,986,33.0,1.0,1551.0,GC
2024-11-29 15:10:00+00:00,2676.5,2678.9,2676.4,2678.0,951,33.0,1.0,1551.0,GC
2024-11-29 15:15:00+00:00,2678.1,2680.5,2677.0,2679.5,929,33.0,1.0,1551.0,GC
2024-11-29 15:20:00+00:00,2679.6,2680.2,2678.0,2679.4,655,33.0,1.0,1551.0,GC
2024-11-29 15:25:00+00:00,2679.4,2679.4,2676.6,2677.3,640,33.0,1.0,1551.0,GC
2024-11-29 15:30:00+00:00,2677.2,2678.6,2675.5,2678.4,960,33.0,1.0,1551.0,GC
2024-11-29 15:35:00+00:00,2678.4,2680.1,2677.0,2679.9,973,33.0,1.0,1551.0,GC
2024-11-29 15:40:00+00:00,2680.0,2680.2,2678.7,2679.3,516,33.0,1.0,1551.0,GC
2024-11-29 15:45:00+00:00,2679.1,2680.1,2678.3,2678.7,441,33.0,1.0,1551.0,GC
2024-11-29 15:50:00+00:00,2678.8,2679.4,2677.1,2678.2,521,33.0,1.0,1551.0,GC
2024-11-29 15:55:00+00:00,2678.0,2682.9,2677.9,2682.8,905,33.0,1.0,1551.0,GC
2024-11-29 16:00:00+00:00,2682.8,2686.1,2682.8,2683.8,1337,33.0,1.0,1551.0,GC
2024-11-29 16:05:00+00:00,2684.0,2685.7,2682.6,2682.6,547,33.0,1.0,1551.0,GC
2024-11-29 16:10:00+00:00,2682.7,2683.8,2682.0,2683.5,581,33.0,1.0,1551.0,GC
2024-11-29 16:15:00+00:00,2683.4,2684.8,2683.4,2684.7,375,33.0,1.0,1551.0,GC
2024-11-29 16:20:00+00:00,2684.5,2686.5,2683.9,2686.4,480,33.0,1.0,1551.0,GC
2024-11-29 16:25:00+00:00,2686.2,2686.3,2684.4,2685.2,446,33.0,1.0,1551.0,GC
2024-11-29 16:30:00+00:00,2685.3,2686.3,2683.7,2686.0,538,33.0,1.0,1551.0,GC
2024-11-29 16:35:00+00:00,2686.1,2686.2,2684.2,2685.7,318,33.0,1.0,1551.0,GC
2024-11-29 16:40:00+00:00,2685.7,2686.3,2683.8,2685.2,422,33.0,1.0,1551.0,GC
2024-11-29 16:45:00+00:00,2685.2,2685.9,2683.8,2685.6,324,33.0,1.0,1551.0,GC
2024-11-29 16:50:00+00:00,2685.6,2685.8,2684.2,2685.6,223,33.0,1.0,1551.0,GC
2024-11-29 16:55:00+00:00,2685.6,2686.4,2685.3,2686.2,288,33.0,1.0,1551.0,GC
2024-11-29 17:00:00+00:00,2686.2,2686.2,2683.8,2684.3,556,33.0,1.0,1551.0,GC
2024-11-29 17:05:00+00:00,2684.2,2685.5,2683.5,2683.5,467,33.0,1.0,1551.0,GC
2024-11-29 17:10:00+00:00,2683.5,2683.6,2682.0,2682.3,505,33.0,1.0,1551.0,GC
2024-11-29 17:15:00+00:00,2682.1,2684.3,2682.1,2683.1,337,33.0,1.0,1551.0,GC
2024-11-29 17:20:00+00:00,2683.1,2683.8,2682.0,2682.3,282,33.0,1.0,1551.0,GC
2024-11-29 17:25:00+00:00,2682.4,2683.0,2681.9,2682.5,220,33.0,1.0,1551.0,GC
2024-11-29 17:30:00+00:00,2682.7,2682.9,2681.5,2682.2,235,33.0,1.0,1551.0,GC
2024-11-29 17:35:00+00:00,2682.2,2684.7,2682.2,2684.6,346,33.0,1.0,1551.0,GC
2024-11-29 17:40:00+00:00,2684.6,2685.3,2684.3,2684.8,331,33.0,1.0,1551.0,GC
2024-11-29 17:45:00+00:00,2684.7,2685.7,2684.2,2685.1,286,33.0,1.0,1551.0,GC
2024-11-29 17:50:00+00:00,2685.1,2685.2,2683.5,2685.1,510,33.0,1.0,1551.0,GC
2024-11-29 17:55:00+00:00,2684.9,2685.7,2684.3,2684.9,490,33.0,1.0,1551.0,GC
2024-11-29 18:00:00+00:00,2684.9,2685.0,2683.3,2683.9,396,33.0,1.0,1551.0,GC
2024-11-29 18:05:00+00:00,2683.9,2684.0,2683.1,2683.9,326,33.0,1.0,1551.0,GC
2024-11-29 18:10:00+00:00,2683.7,2684.1,2683.0,2683.9,156,33.0,1.0,1551.0,GC
2024-11-29 18:15:00+00:00,2683.8,2684.0,2682.5,2682.8,177,33.0,1.0,1551.0,GC
2024-11-29 18:20:00+00:00,2682.7,2684.3,2682.1,2683.6,408,33.0,1.0,1551.0,GC
2024-11-29 18:25:00+00:00,2683.7,2683.8,2678.7,2679.2,1964,33.0,1.0,1551.0,GC
2024-11-29 18:30:00+00:00,2679.1,2680.0,2676.4,2676.9,881,33.0,1.0,1551.0,GC
2024-11-29 18:35:00+00:00,2676.9,2677.3,2676.0,2677.1,357,33.0,1.0,1551.0,GC
2024-11-29 18:40:00+00:00,2677.0,2678.2,2676.2,2677.3,301,33.0,1.0,1551.0,GC
2024-11-29 18:45:00+00:00,2677.2,2677.4,2675.3,2676.5,251,33.0,1.0,1551.0,GC
2024-11-29 18:50:00+00:00,2676.5,2677.2,2676.4,2676.8,155,33.0,1.0,1551.0,GC
2024-11-29 18:55:00+00:00,2676.7,2676.7,2676.2,2676.5,94,33.0,1.0,1551.0,GC
2024-11-29 19:00:00+00:00,2676.3,2676.7,2676.0,2676.5,123,33.0,1.0,1551.0,GC
2024-11-29 19:05:00+00:00,2676.4,2676.7,2675.5,2675.5,156,33.0,1.0,1551.0,GC
2024-11-29 19:10:00+00:00,2675.6,2675.6,2673.3,2673.5,414,33.0,1.0,1551.0,GC
2024-11-29 19:15:00+00:00,2673.5,2674.2,2673.3,2673.8,151,33.0,1.0,1551.0,GC
2024-11-29 19:20:00+00:00,2673.8,2674.1,2672.4,2672.9,310,33.0,1.0,1551.0,GC
2024-11-29 19:25:00+00:00,2672.9,2673.1,2672.5,2672.9,140,33.0,1.0,1551.0,GC
2024-11-29 19:30:00+00:00,2673.0,2673.1,2672.6,2672.8,97,33.0,1.0,1551.0,GC
2024-11-29 19:35:00+00:00,2672.7,2673.3,2672.0,2673.3,226,33.0,1.0,1551.0,GC
2024-11-29 19:40:00+00:00,2673.1,2673.9,2672.4,2673.9,236,33.0,1.0,1551.0,GC
