ts_event,open,high,low,close,volume,rtype,publisher_id,instrument_id,symbol
2025-09-08 00:00:00+00:00,3630.9,3630.9,3627.0,3629.4,1685,33.0,1.0,39231.0,GC
2025-09-08 00:15:00+00:00,3629.4,3632.1,3627.1,3630.4,1402,33.0,1.0,39231.0,GC
2025-09-08 00:30:00+00:00,3630.3,3630.3,3627.4,3630.2,1077,33.0,1.0,39231.0,GC
2025-09-08 00:45:00+00:00,3630.3,3634.5,3627.9,3634.4,1691,33.0,1.0,39231.0,GC
2025-09-08 01:00:00+00:00,3634.5,3637.9,3625.0,3629.5,4643,33.0,1.0,39231.0,GC
2025-09-08 01:15:00+00:00,3629.3,3631.5,3625.4,3627.3,2037,33.0,1.0,39231.0,GC
2025-09-08 01:30:00+00:00,3627.1,3631.2,3626.5,3629.0,2266,33.0,1.0,39231.0,GC
2025-09-08 01:45:00+00:00,3628.6,3632.7,3627.8,3631.1,1739,33.0,1.0,39231.0,GC
2025-09-08 02:00:00+00:00,3631.4,3636.0,3627.8,3629.8,2664,33.0,1.0,39231.0,GC
2025-09-08 02:15:00+00:00,3629.6,3633.5,3628.2,3632.4,1692,33.0,1.0,39231.0,GC
2025-09-08 02:30:00+00:00,3632.3,3634.9,3629.0,3629.3,1962,33.0,1.0,39231.0,GC
2025-09-08 02:45:00+00:00,3629.3,3634.9,3628.7,3632.9,1786,33.0,1.0,39231.0,GC
2025-09-08 03:00:00+00:00,3632.9,3634.4,3629.3,3629.4,1346,33.0,1.0,39231.0,GC
2025-09-08 03:15:00+00:00,3629.4,3631.3,3627.9,3628.1,1139,33.0,1.0,39231.0,GC
2025-09-08 03:30:00+00:00,3628.3,3629.7,3626.5,3626.9,1724,33.0,1.0,39231.0,GC
2025-09-08 03:45:00+00:00,3626.6,3627.5,3626.1,3626.8,559,33.0,1.0,39231.0,GC
2025-09-08 04:00:00+00:00,3626.6,3626.6,3621.7,3623.4,2003,33.0,1.0,39231.0,GC
2025-09-08 04:15:00+00:00,3623.5,3626.1,3623.2,3624.9,694,33.0,1.0,39231.0,GC
2025-09-08 04:30:00+00:00,3625.0,3625.1,3622.3,3623.2,590,33.0,1.0,39231.0,GC
2025-09-08 04:45:00+00:00,3623.1,3624.4,3622.7,3623.4,421,33.0,1.0,39231.0,GC
2025-09-08 05:00:00+00:00,3623.3,3625.9,3622.8,3623.7,661,33.0,1.0,39231.0,GC
2025-09-08 05:15:00+00:00,3624.0,3625.3,3623.6,3623.9,1004,33.0,1.0,39231.0,GC
2025-09-08 05:30:00+00:00,3623.9,3628.2,3622.4,3627.2,1681,33.0,1.0,39231.0,GC
2025-09-08 05:45:00+00:00,3627.4,3632.5,3627.2,3631.8,2362,33.0,1.0,39231.0,GC
2025-09-08 06:00:00+00:00,3631.9,3634.6,3630.6,3634.6,2111,33.0,1.0,39231.0,GC
2025-09-08 06:15:00+00:00,3634.4,3634.9,3630.8,3634.9,1179,33.0,1.0,39231.0,GC
2025-09-08 06:30:00+00:00,3634.8,3637.5,3633.3,3637.3,1834,33.0,1.0,39231.0,GC
2025-09-08 06:45:00+00:00,3637.6,3638.7,3635.4,3638.2,2237,33.0,1.0,39231.0,GC
2025-09-08 07:00:00+00:00,3638.2,3645.0,3636.0,3644.7,3250,33.0,1.0,39231.0,GC
2025-09-08 07:15:00+00:00,3644.5,3651.0,3644.5,3649.8,3018,33.0,1.0,39231.0,GC
2025-09-08 07:30:00+00:00,3649.7,3654.3,3649.7,3653.0,2307,33.0,1.0,39231.0,GC
2025-09-08 07:45:00+00:00,3652.8,3653.0,3646.9,3650.5,2713,33.0,1.0,39231.0,GC
2025-09-08 08:00:00+00:00,3650.6,3651.1,3647.7,3649.2,1257,33.0,1.0,39231.0,GC
2025-09-08 08:15:00+00:00,3649.0,3657.5,3647.7,3653.4,3668,33.0,1.0,39231.0,GC
2025-09-08 08:30:00+00:00,3653.3,3655.4,3651.6,3653.5,1605,33.0,1.0,39231.0,GC
2025-09-08 08:45:00+00:00,3653.4,3654.4,3649.7,3651.4,1890,33.0,1.0,39231.0,GC
2025-09-08 09:00:00+00:00,3651.2,3653.9,3648.2,3653.0,2588,33.0,1.0,39231.0,GC
2025-09-08 09:15:00+00:00,3652.9,3654.0,3650.4,3651.0,1457,33.0,1.0,39231.0,GC
2025-09-08 09:30:00+00:00,3650.8,3654.9,3650.1,3654.5,1212,33.0,1.0,39231.0,GC
2025-09-08 09:45:00+00:00,3654.4,3655.1,3653.5,3654.0,726,33.0,1.0,39231.0,GC
2025-09-08 10:00:00+00:00,3654.2,3661.2,3653.9,3661.1,1800,33.0,1.0,39231.0,GC
2025-09-08 10:15:00+00:00,3660.9,3662.5,3656.3,3658.6,3038,33.0,1.0,39231.0,GC
2025-09-08 10:30:00+00:00,3658.9,3659.4,3655.1,3657.6,1314,33.0,1.0,39231.0,GC
2025-09-08 10:45:00+00:00,3657.4,3657.5,3652.9,3657.0,1728,33.0,1.0,39231.0,GC
2025-09-08 11:00:00+00:00,3656.8,3657.1,3653.9,3655.6,797,33.0,1.0,39231.0,GC
2025-09-08 11:15:00+00:00,3655.5,3657.2,3654.6,3656.4,787,33.0,1.0,39231.0,GC
2025-09-08 11:30:00+00:00,3656.6,3657.9,3652.4,3653.9,1586,33.0,1.0,39231.0,GC
2025-09-08 11:45:00+00:00,3653.8,3659.1,3653.0,3658.9,1512,33.0,1.0,39231.0,GC
2025-09-08 12:00:00+00:00,3658.9,3661.0,3654.8,3656.6,2453,33.0,1.0,39231.0,GC
2025-09-08 12:15:00+00:00,3656.7,3657.4,3653.5,3657.0,2365,33.0,1.0,39231.0,GC
2025-09-08 12:30:00+00:00,3656.9,3660.3,3656.5,3659.2,2272,33.0,1.0,39231.0,GC
2025-09-08 12:45:00+00:00,3659.3,3664.9,3658.5,3663.1,2626,33.0,1.0,39231.0,GC
2025-09-08 13:00:00+00:00,3663.2,3671.5,3662.4,3670.2,6464,33.0,1.0,39231.0,GC
2025-09-08 13:15:00+00:00,3670.3,3670.7,3663.0,3663.1,4101,33.0,1.0,39231.0,GC
2025-09-08 13:30:00+00:00,3663.1,3671.9,3659.8,3671.4,6194,33.0,1.0,39231.0,GC
2025-09-08 13:45:00+00:00,3671.6,3676.3,3667.2,3673.3,8440,33.0,1.0,39231.0,GC
2025-09-08 14:00:00+00:00,3673.1,3677.3,3671.4,3673.9,6907,33.0,1.0,39231.0,GC
2025-09-08 14:15:00+00:00,3673.8,3676.0,3668.3,3669.8,5008,33.0,1.0,39231.0,GC
2025-09-08 14:30:00+00:00,3670.1,3677.1,3668.2,3676.2,4152,33.0,1.0,39231.0,GC
2025-09-08 14:45:00+00:00,3676.3,3681.1,3675.6,3680.5,5276,33.0,1.0,39231.0,GC
2025-09-08 15:00:00+00:00,3680.6,3685.7,3680.1,3684.7,6080,33.0,1.0,39231.0,GC
2025-09-08 15:15:00+00:00,3684.5,3684.9,3676.1,3676.4,5977,33.0,1.0,39231.0,GC
2025-09-08 15:30:00+00:00,3676.4,3678.4,3673.2,3676.0,4003,33.0,1.0,39231.0,GC
2025-09-08 15:45:00+00:00,3676.1,3681.2,3676.0,3680.1,2894,33.0,1.0,39231.0,GC
2025-09-08 16:00:00+00:00,3680.2,3680.9,3676.2,3679.7,2868,33.0,1.0,39231.0,GC
2025-09-08 16:15:00+00:00,3679.8,3682.4,3678.2,3681.6,2351,33.0,1.0,39231.0,GC
2025-09-08 16:30:00+00:00,3681.7,3682.1,3676.9,3680.1,2590,33.0,1.0,39231.0,GC
2025-09-08 16:45:00+00:00,3680.2,3681.8,3679.4,3681.5,1719,33.0,1.0,39231.0,GC
2025-09-08 17:00:00+00:00,3681.5,3681.9,3674.3,3675.8,2688,33.0,1.0,39231.0,GC
2025-09-08 17:15:00+00:00,3675.9,3678.1,3675.7,3678.0,2512,33.0,1.0,39231.0,GC
2025-09-08 17:30:00+00:00,3677.8,3678.7,3675.0,3676.0,1627,33.0,1.0,39231.0,GC
2025-09-08 17:45:00+00:00,3675.7,3677.0,3673.5,3674.3,1584,33.0,1.0,39231.0,GC
2025-09-08 18:00:00+00:00,3674.4,3676.5,3673.2,3675.0,2878,33.0,1.0,39231.0,GC
2025-09-08 18:15:00+00:00,3675.0,3675.5,3673.7,3674.4,1362,33.0,1.0,39231.0,GC
2025-09-08 18:30:00+00:00,3674.5,3676.1,3673.5,3675.4,1673,33.0,1.0,39231.0,GC
2025-09-08 18:45:00+00:00,3675.5,3677.9,3675.3,3677.5,1819,33.0,1.0,39231.0,GC
2025-09-08 19:00:00+00:00,3677.4,3678.4,3675.5,3675.8,1194,33.0,1.0,39231.0,GC
2025-09-08 19:15:00+00:00,3676.0,3676.4,3674.0,3675.0,1153,33.0,1.0,39231.0,GC
2025-09-08 19:30:00+00:00,3674.8,3677.3,3674.1,3676.7,1169,33.0,1.0,39231.0,GC
2025-09-08 19:45:00+00:00,3676.7,3677.5,3675.6,3676.2,1255,33.0,1.0,39231.0,GC
2025-09-08 20:00:00+00:00,3676.2,3677.6,3675.7,3676.3,574,33.0,1.0,39231.0,GC
2025-09-08 20:15:00+00:00,3676.3,3676.6,3675.0,3675.6,323,33.0,1.0,39231.0,GC
2025-09-08 20:30:00+00:00,3675.7,3678.1,3675.6,3677.8,589,33.0,1.0,39231.0,GC
2025-09-08 20:45:00+00:00,3677.8,3678.8,3676.5,3677.6,471,33.0,1.0,39231.0,GC
2025-09-08 22:00:00+00:00,3676.6,3678.0,3675.2,3675.7,512,33.0,1.0,39231.0,GC
2025-09-08 22:15:00+00:00,3675.8,3676.8,3672.2,3673.6,621,33.0,1.0,39231.0,GC
2025-09-08 22:30:00+00:00,3673.8,3675.0,3670.8,3672.6,838,33.0,1.0,39231.0,GC
2025-09-08 22:45:00+00:00,3672.7,3673.5,3671.1,3671.5,357,33.0,1.0,39231.0,GC
2025-09-08 23:00:00+00:00,3671.5,3674.2,3670.9,3672.4,570,33.0,1.0,39231.0,GC
2025-09-08 23:15:00+00:00,3672.5,3673.0,3669.8,3672.4,676,33.0,1.0,39231.0,GC
2025-09-08 23:30:00+00:00,3672.5,3672.8,3670.6,3671.5,320,33.0,1.0,39231.0,GC
2025-09-08 23:45:00+00:00,3671.6,3676.3,3671.3,3674.8,1006,33.0,1.0,39231.0,GC
2025-09-09 00:00:00+00:00,3675.0,3677.2,3673.3,3677.0,798,33.0,1.0,39231.0,GC
2025-09-09 00:15:00+00:00,3677.1,3681.3,3676.4,3677.9,1525,33.0,1.0,39231.0,GC
2025-09-09 00:30:00+00:00,3678.0,3680.8,3677.7,3678.9,543,33.0,1.0,39231.0,GC
2025-09-09 00:45:00+00:00,3678.8,3681.4,3678.7,3679.8,961,33.0,1.0,39231.0,GC
2025-09-09 01:00:00+00:00,3679.6,3682.9,3676.7,3680.4,1820,33.0,1.0,39231.0,GC
2025-09-09 01:15:00+00:00,3680.7,3687.0,3678.8,3684.7,3452,33.0,1.0,39231.0,GC
2025-09-09 01:30:00+00:00,3684.9,3687.0,3683.2,3684.6,2714,33.0,1.0,39231.0,GC
2025-09-09 01:45:00+00:00,3684.6,3688.6,3684.4,3687.7,3087,33.0,1.0,39231.0,GC
2025-09-09 02:00:00+00:00,3687.7,3694.0,3685.5,3691.2,4621,33.0,1.0,39231.0,GC
2025-09-09 02:15:00+00:00,3691.3,3694.2,3690.9,3693.9,3237,33.0,1.0,39231.0,GC
2025-09-09 02:30:00+00:00,3694.0,3694.9,3690.7,3692.6,2362,33.0,1.0,39231.0,GC
2025-09-09 02:45:00+00:00,3692.5,3692.7,3686.4,3687.6,1856,33.0,1.0,39231.0,GC
2025-09-09 03:00:00+00:00,3687.5,3691.6,3682.4,3686.7,2812,33.0,1.0,39231.0,GC
2025-09-09 03:15:00+00:00,3686.7,3688.3,3683.7,3688.0,1445,33.0,1.0,39231.0,GC
2025-09-09 03:30:00+00:00,3688.1,3688.3,3682.5,3685.2,1516,33.0,1.0,39231.0,GC
2025-09-09 03:45:00+00:00,3685.2,3686.6,3684.1,3686.0,704,33.0,1.0,39231.0,GC
2025-09-09 04:00:00+00:00,3685.9,3688.9,3685.6,3688.3,876,33.0,1.0,39231.0,GC
2025-09-09 04:15:00+00:00,3688.4,3691.2,3687.7,3690.9,929,33.0,1.0,39231.0,GC
2025-09-09 04:30:00+00:00,3690.9,3694.3,3690.3,3694.0,1088,33.0,1.0,39231.0,GC
2025-09-09 04:45:00+00:00,3694.1,3695.8,3693.3,3693.4,1257,33.0,1.0,39231.0,GC
2025-09-09 05:00:00+00:00,3693.2,3695.7,3693.0,3693.5,858,33.0,1.0,39231.0,GC
2025-09-09 05:15:00+00:00,3693.5,3695.9,3692.0,3694.0,1045,33.0,1.0,39231.0,GC
2025-09-09 05:30:00+00:00,3694.1,3698.9,3694.1,3696.6,1515,33.0,1.0,39231.0,GC
2025-09-09 05:45:00+00:00,3696.5,3698.4,3694.1,3694.9,1205,33.0,1.0,39231.0,GC
2025-09-09 06:00:00+00:00,3695.0,3695.9,3677.4,3683.1,6301,33.0,1.0,39231.0,GC
2025-09-09 06:15:00+00:00,3683.4,3686.7,3676.8,3679.0,3116,33.0,1.0,39231.0,GC
2025-09-09 06:30:00+00:00,3679.0,3689.5,3677.8,3689.3,2696,33.0,1.0,39231.0,GC
2025-09-09 06:45:00+00:00,3689.1,3689.5,3683.5,3687.3,1432,33.0,1.0,39231.0,GC
2025-09-09 07:00:00+00:00,3687.5,3688.1,3685.3,3686.9,1390,33.0,1.0,39231.0,GC
2025-09-09 07:15:00+00:00,3686.9,3690.8,3683.2,3690.5,1819,33.0,1.0,39231.0,GC
2025-09-09 07:30:00+00:00,3690.4,3690.5,3684.4,3684.7,1813,33.0,1.0,39231.0,GC
2025-09-09 07:45:00+00:00,3684.4,3684.9,3680.9,3683.8,2447,33.0,1.0,39231.0,GC
2025-09-09 08:00:00+00:00,3683.8,3685.7,3681.2,3682.3,1773,33.0,1.0,39231.0,GC
2025-09-09 08:15:00+00:00,3682.3,3686.1,3681.8,3685.0,1526,33.0,1.0,39231.0,GC
2025-09-09 08:30:00+00:00,3685.0,3689.5,3682.6,3688.9,1872,33.0,1.0,39231.0,GC
2025-09-09 08:45:00+00:00,3688.9,3689.7,3685.3,3687.6,1674,33.0,1.0,39231.0,GC
2025-09-09 09:00:00+00:00,3687.6,3695.1,3687.1,3694.9,2321,33.0,1.0,39231.0,GC
2025-09-09 09:15:00+00:00,3694.8,3695.8,3691.9,3692.4,1968,33.0,1.0,39231.0,GC
2025-09-09 09:30:00+00:00,3692.5,3693.6,3690.2,3692.9,1292,33.0,1.0,39231.0,GC
2025-09-09 09:45:00+00:00,3692.8,3693.5,3691.0,3692.2,1106,33.0,1.0,39231.0,GC
2025-09-09 10:00:00+00:00,3692.3,3694.7,3690.8,3692.3,1529,33.0,1.0,39231.0,GC
2025-09-09 10:15:00+00:00,3692.2,3693.2,3691.4,3692.1,460,33.0,1.0,39231.0,GC
2025-09-09 10:30:00+00:00,3692.0,3692.4,3688.2,3689.2,1279,33.0,1.0,39231.0,GC
2025-09-09 10:45:00+00:00,3689.4,3691.8,3687.5,3690.8,1142,33.0,1.0,39231.0,GC
2025-09-09 11:00:00+00:00,3691.0,3692.9,3690.6,3691.8,793,33.0,1.0,39231.0,GC
2025-09-09 11:15:00+00:00,3691.8,3693.0,3690.0,3691.3,930,33.0,1.0,39231.0,GC
2025-09-09 11:30:00+00:00,3691.5,3692.7,3690.0,3691.7,942,33.0,1.0,39231.0,GC
2025-09-09 11:45:00+00:00,3691.9,3692.0,3685.4,3686.7,1736,33.0,1.0,39231.0,GC
2025-09-09 12:00:00+00:00,3686.8,3694.8,3685.9,3694.0,2849,33.0,1.0,39231.0,GC
2025-09-09 12:15:00+00:00,3693.8,3693.8,3686.6,3688.0,3771,33.0,1.0,39231.0,GC
2025-09-09 12:30:00+00:00,3687.9,3689.2,3682.4,3685.8,5349,33.0,1.0,39231.0,GC
2025-09-09 12:45:00+00:00,3685.8,3688.1,3683.6,3686.3,2204,33.0,1.0,39231.0,GC
2025-09-09 13:00:00+00:00,3686.4,3695.0,3684.9,3693.1,8327,33.0,1.0,39231.0,GC
2025-09-09 13:15:00+00:00,3693.3,3702.1,3692.5,3700.9,6336,33.0,1.0,39231.0,GC
2025-09-09 13:30:00+00:00,3700.9,3706.8,3697.7,3703.3,9550,33.0,1.0,39231.0,GC
2025-09-09 13:45:00+00:00,3703.1,3708.0,3700.5,3705.8,6700,33.0,1.0,39231.0,GC
2025-09-09 14:00:00+00:00,3705.8,3715.2,3681.5,3692.0,28949,33.0,1.0,39231.0,GC
2025-09-09 14:15:00+00:00,3692.1,3697.6,3685.4,3693.7,8974,33.0,1.0,39231.0,GC
2025-09-09 14:30:00+00:00,3693.5,3694.8,3674.8,3686.3,14429,33.0,1.0,39231.0,GC
2025-09-09 14:45:00+00:00,3686.4,3689.4,3682.8,3684.3,5661,33.0,1.0,39231.0,GC
2025-09-09 15:00:00+00:00,3684.5,3686.2,3673.8,3673.8,6157,33.0,1.0,39231.0,GC
2025-09-09 15:15:00+00:00,3673.8,3680.8,3665.3,3679.4,10694,33.0,1.0,39231.0,GC
2025-09-09 15:30:00+00:00,3679.1,3683.3,3675.3,3682.4,4433,33.0,1.0,39231.0,GC
2025-09-09 15:45:00+00:00,3682.2,3684.7,3680.5,3684.3,3065,33.0,1.0,39231.0,GC
2025-09-09 16:00:00+00:00,3684.1,3688.5,3682.7,3688.0,3284,33.0,1.0,39231.0,GC
2025-09-09 16:15:00+00:00,3688.2,3688.5,3683.1,3685.1,2056,33.0,1.0,39231.0,GC
2025-09-09 16:30:00+00:00,3685.2,3687.4,3684.2,3684.4,2262,33.0,1.0,39231.0,GC
2025-09-09 16:45:00+00:00,3684.4,3687.0,3683.5,3684.2,1412,33.0,1.0,39231.0,GC
2025-09-09 17:00:00+00:00,3684.3,3685.9,3682.1,3683.4,1524,33.0,1.0,39231.0,GC
2025-09-09 17:15:00+00:00,3683.5,3685.2,3681.6,3682.1,2556,33.0,1.0,39231.0,GC
2025-09-09 17:30:00+00:00,3682.2,3684.7,3680.4,3681.3,1643,33.0,1.0,39231.0,GC
2025-09-09 17:45:00+00:00,3681.2,3683.7,3680.4,3682.1,1133,33.0,1.0,39231.0,GC
2025-09-09 18:00:00+00:00,3682.0,3683.7,3681.2,3683.1,902,33.0,1.0,39231.0,GC
2025-09-09 18:15:00+00:00,3683.2,3683.6,3681.8,3682.6,1048,33.0,1.0,39231.0,GC
2025-09-09 18:30:00+00:00,3682.7,3684.4,3679.8,3679.9,1212,33.0,1.0,39231.0,GC
2025-09-09 18:45:00+00:00,3680.0,3680.9,3678.5,3679.2,993,33.0,1.0,39231.0,GC
2025-09-09 19:00:00+00:00,3679.2,3680.1,3673.8,3674.3,1309,33.0,1.0,39231.0,GC
2025-09-09 19:15:00+00:00,3674.2,3675.6,3673.6,3674.8,1264,33.0,1.0,39231.0,GC
2025-09-09 19:30:00+00:00,3675.0,3675.3,3669.4,3671.3,2435,33.0,1.0,39231.0,GC
2025-09-09 19:45:00+00:00,3671.4,3671.5,3667.2,3668.3,2973,33.0,1.0,39231.0,GC
2025-09-09 20:00:00+00:00,3668.3,3671.3,3668.0,3669.0,867,33.0,1.0,39231.0,GC
2025-09-09 20:15:00+00:00,3669.0,3670.6,3668.7,3670.3,612,33.0,1.0,39231.0,GC
2025-09-09 20:30:00+00:00,3670.5,3670.5,3666.4,3666.7,685,33.0,1.0,39231.0,GC
2025-09-09 20:45:00+00:00,3666.6,3668.0,3663.7,3663.8,1154,33.0,1.0,39231.0,GC
2025-09-09 22:00:00+00:00,3662.0,3665.6,3651.4,3665.6,3027,33.0,1.0,39231.0,GC
2025-09-09 22:15:00+00:00,3665.6,3665.7,3658.4,3659.4,1258,33.0,1.0,39231.0,GC
2025-09-09 22:30:00+00:00,3659.6,3667.7,3659.6,3667.0,904,33.0,1.0,39231.0,GC
2025-09-09 22:45:00+00:00,3667.1,3671.9,3666.6,3671.8,1294,33.0,1.0,39231.0,GC
2025-09-09 23:00:00+00:00,3671.6,3676.2,3670.9,3675.6,1531,33.0,1.0,39231.0,GC
2025-09-09 23:15:00+00:00,3675.5,3677.8,3673.9,3674.9,1046,33.0,1.0,39231.0,GC
2025-09-09 23:30:00+00:00,3674.9,3676.5,3672.2,3673.8,1023,33.0,1.0,39231.0,GC
2025-09-09 23:45:00+00:00,3673.6,3674.6,3670.6,3671.1,623,33.0,1.0,39231.0,GC
2025-09-10 00:00:00+00:00,3670.9,3671.7,3666.0,3668.0,1837,33.0,1.0,39231.0,GC
2025-09-10 00:15:00+00:00,3667.9,3668.6,3663.9,3664.7,999,33.0,1.0,39231.0,GC
2025-09-10 00:30:00+00:00,3664.9,3668.2,3660.8,3664.0,1694,33.0,1.0,39231.0,GC
2025-09-10 00:45:00+00:00,3664.1,3665.2,3658.7,3661.3,2212,33.0,1.0,39231.0,GC
2025-09-10 01:00:00+00:00,3661.2,3667.2,3659.6,3664.1,2854,33.0,1.0,39231.0,GC
2025-09-10 01:15:00+00:00,3664.2,3665.0,3656.5,3658.4,2201,33.0,1.0,39231.0,GC
2025-09-10 01:30:00+00:00,3658.1,3667.5,3657.9,3665.8,1846,33.0,1.0,39231.0,GC
2025-09-10 01:45:00+00:00,3665.9,3670.8,3663.4,3668.8,1452,33.0,1.0,39231.0,GC
2025-09-10 02:00:00+00:00,3669.1,3673.2,3668.0,3672.2,1496,33.0,1.0,39231.0,GC
2025-09-10 02:15:00+00:00,3672.2,3672.9,3670.6,3670.8,735,33.0,1.0,39231.0,GC
2025-09-10 02:30:00+00:00,3670.9,3673.4,3668.4,3672.7,2033,33.0,1.0,39231.0,GC
2025-09-10 02:45:00+00:00,3672.6,3675.8,3672.3,3674.0,1448,33.0,1.0,39231.0,GC
2025-09-10 03:00:00+00:00,3673.9,3674.8,3670.9,3672.0,903,33.0,1.0,39231.0,GC
2025-09-10 03:15:00+00:00,3672.1,3673.8,3671.2,3672.3,880,33.0,1.0,39231.0,GC
2025-09-10 03:30:00+00:00,3672.1,3674.3,3671.7,3674.3,842,33.0,1.0,39231.0,GC
2025-09-10 03:45:00+00:00,3674.1,3674.8,3672.9,3674.5,402,33.0,1.0,39231.0,GC
2025-09-10 04:00:00+00:00,3674.5,3678.7,3674.5,3678.5,1026,33.0,1.0,39231.0,GC
2025-09-10 04:15:00+00:00,3678.4,3680.8,3677.7,3678.6,924,33.0,1.0,39231.0,GC
2025-09-10 04:30:00+00:00,3678.6,3680.4,3677.4,3679.1,737,33.0,1.0,39231.0,GC
2025-09-10 04:45:00+00:00,3679.2,3680.5,3678.2,3680.0,516,33.0,1.0,39231.0,GC
2025-09-10 05:00:00+00:00,3679.9,3681.6,3679.6,3680.1,859,33.0,1.0,39231.0,GC
2025-09-10 05:15:00+00:00,3680.0,3682.1,3678.8,3681.2,812,33.0,1.0,39231.0,GC
2025-09-10 05:30:00+00:00,3681.3,3682.7,3677.6,3679.7,1107,33.0,1.0,39231.0,GC
2025-09-10 05:45:00+00:00,3679.7,3681.9,3678.2,3680.6,827,33.0,1.0,39231.0,GC
2025-09-10 06:00:00+00:00,3680.4,3684.4,3678.3,3684.1,1146,33.0,1.0,39231.0,GC
2025-09-10 06:15:00+00:00,3684.3,3685.7,3681.5,3681.7,1308,33.0,1.0,39231.0,GC
2025-09-10 06:30:00+00:00,3681.8,3685.0,3679.0,3683.0,1946,33.0,1.0,39231.0,GC
2025-09-10 06:45:00+00:00,3683.1,3684.5,3680.9,3682.0,1547,33.0,1.0,39231.0,GC
2025-09-10 07:00:00+00:00,3682.1,3686.6,3679.3,3686.0,2327,33.0,1.0,39231.0,GC
2025-09-10 07:15:00+00:00,3686.0,3687.0,3683.0,3683.1,1306,33.0,1.0,39231.0,GC
2025-09-10 07:30:00+00:00,3683.0,3685.8,3681.5,3684.2,1116,33.0,1.0,39231.0,GC
2025-09-10 07:45:00+00:00,3684.0,3687.2,3682.5,3682.6,1775,33.0,1.0,39231.0,GC
2025-09-10 08:00:00+00:00,3682.7,3685.3,3681.1,3683.3,1388,33.0,1.0,39231.0,GC
2025-09-10 08:15:00+00:00,3683.3,3684.8,3680.7,3683.2,1541,33.0,1.0,39231.0,GC
2025-09-10 08:30:00+00:00,3683.3,3685.6,3681.3,3684.6,1733,33.0,1.0,39231.0,GC
2025-09-10 08:45:00+00:00,3684.3,3686.7,3683.8,3684.7,1312,33.0,1.0,39231.0,GC
2025-09-10 09:00:00+00:00,3684.5,3685.2,3683.2,3684.6,685,33.0,1.0,39231.0,GC
2025-09-10 09:15:00+00:00,3684.5,3685.5,3683.4,3684.6,696,33.0,1.0,39231.0,GC
2025-09-10 09:30:00+00:00,3684.6,3689.9,3684.1,3689.6,2111,33.0,1.0,39231.0,GC
2025-09-10 09:45:00+00:00,3689.7,3694.6,3689.7,3693.6,2265,33.0,1.0,39231.0,GC
2025-09-10 10:00:00+00:00,3693.3,3694.0,3691.1,3692.0,2019,33.0,1.0,39231.0,GC
2025-09-10 10:15:00+00:00,3692.1,3694.8,3690.0,3693.2,2148,33.0,1.0,39231.0,GC
2025-09-10 10:30:00+00:00,3693.2,3696.3,3692.9,3693.8,1531,33.0,1.0,39231.0,GC
2025-09-10 10:45:00+00:00,3693.7,3696.6,3693.6,3694.4,1141,33.0,1.0,39231.0,GC
2025-09-10 11:00:00+00:00,3694.4,3694.4,3689.1,3693.3,2234,33.0,1.0,39231.0,GC
2025-09-10 11:15:00+00:00,3693.2,3695.0,3693.2,3694.0,1147,33.0,1.0,39231.0,GC
2025-09-10 11:30:00+00:00,3694.0,3694.3,3688.3,3688.5,2639,33.0,1.0,39231.0,GC
2025-09-10 11:45:00+00:00,3688.5,3691.7,3688.0,3688.8,1585,33.0,1.0,39231.0,GC
2025-09-10 12:00:00+00:00,3688.7,3689.9,3686.7,3687.1,1682,33.0,1.0,39231.0,GC
2025-09-10 12:15:00+00:00,3687.3,3690.2,3686.0,3687.9,2530,33.0,1.0,39231.0,GC
2025-09-10 12:30:00+00:00,3688.4,3697.5,3681.0,3689.4,12117,33.0,1.0,39231.0,GC
2025-09-10 12:45:00+00:00,3689.5,3690.3,3678.8,3683.2,5173,33.0,1.0,39231.0,GC
2025-09-10 13:00:00+00:00,3683.2,3687.6,3681.0,3685.5,4136,33.0,1.0,39231.0,GC
2025-09-10 13:15:00+00:00,3685.4,3688.7,3684.4,3686.7,2225,33.0,1.0,39231.0,GC
2025-09-10 13:30:00+00:00,3687.0,3694.4,3686.7,3690.8,5896,33.0,1.0,39231.0,GC
2025-09-10 13:45:00+00:00,3690.6,3691.7,3686.6,3690.7,3565,33.0,1.0,39231.0,GC
2025-09-10 14:00:00+00:00,3690.9,3694.0,3688.2,3693.7,4085,33.0,1.0,39231.0,GC
2025-09-10 14:15:00+00:00,3693.8,3695.3,3690.2,3692.5,2858,33.0,1.0,39231.0,GC
2025-09-10 14:30:00+00:00,3692.6,3695.3,3687.3,3687.5,4034,33.0,1.0,39231.0,GC
2025-09-10 14:45:00+00:00,3687.5,3688.8,3683.3,3687.5,4482,33.0,1.0,39231.0,GC
2025-09-10 15:00:00+00:00,3687.5,3688.0,3683.0,3687.6,2925,33.0,1.0,39231.0,GC
2025-09-10 15:15:00+00:00,3687.7,3688.0,3677.5,3683.3,5702,33.0,1.0,39231.0,GC
2025-09-10 15:30:00+00:00,3683.4,3686.9,3682.9,3686.3,2819,33.0,1.0,39231.0,GC
2025-09-10 15:45:00+00:00,3686.4,3687.6,3682.9,3683.7,1844,33.0,1.0,39231.0,GC
2025-09-10 16:00:00+00:00,3683.7,3686.3,3681.0,3682.9,2316,33.0,1.0,39231.0,GC
2025-09-10 16:15:00+00:00,3683.0,3684.4,3679.9,3680.4,1767,33.0,1.0,39231.0,GC
2025-09-10 16:30:00+00:00,3680.5,3682.4,3679.1,3681.2,1496,33.0,1.0,39231.0,GC
2025-09-10 16:45:00+00:00,3681.0,3683.4,3680.2,3682.0,1255,33.0,1.0,39231.0,GC
2025-09-10 17:00:00+00:00,3682.1,3683.7,3681.6,3683.5,1180,33.0,1.0,39231.0,GC
2025-09-10 17:15:00+00:00,3683.4,3683.8,3680.9,3681.9,2024,33.0,1.0,39231.0,GC
2025-09-10 17:30:00+00:00,3681.8,3686.8,3681.6,3685.5,1781,33.0,1.0,39231.0,GC
2025-09-10 17:45:00+00:00,3685.5,3687.2,3684.8,3686.9,747,33.0,1.0,39231.0,GC
2025-09-10 18:00:00+00:00,3686.8,3687.7,3685.8,3686.8,666,33.0,1.0,39231.0,GC
2025-09-10 18:15:00+00:00,3686.8,3689.6,3686.8,3688.4,1395,33.0,1.0,39231.0,GC
2025-09-10 18:30:00+00:00,3688.5,3688.8,3684.5,3685.7,1152,33.0,1.0,39231.0,GC
2025-09-10 18:45:00+00:00,3685.6,3686.2,3683.9,3684.9,704,33.0,1.0,39231.0,GC
2025-09-10 19:00:00+00:00,3685.0,3686.0,3683.3,3683.6,743,33.0,1.0,39231.0,GC
2025-09-10 19:15:00+00:00,3683.4,3683.7,3678.6,3679.0,1609,33.0,1.0,39231.0,GC
2025-09-10 19:30:00+00:00,3678.9,3678.9,3674.6,3677.4,2191,33.0,1.0,39231.0,GC
2025-09-10 19:45:00+00:00,3677.2,3682.4,3676.0,3681.7,1714,33.0,1.0,39231.0,GC
2025-09-10 20:00:00+00:00,3681.8,3682.6,3680.0,3681.1,813,33.0,1.0,39231.0,GC
2025-09-10 20:15:00+00:00,3681.0,3681.4,3679.3,3679.6,492,33.0,1.0,39231.0,GC
2025-09-10 20:30:00+00:00,3679.6,3680.3,3678.0,3678.4,458,33.0,1.0,39231.0,GC
2025-09-10 20:45:00+00:00,3678.4,3681.2,3678.3,3680.4,602,33.0,1.0,39231.0,GC
2025-09-10 22:00:00+00:00,3680.6,3683.4,3678.6,3678.7,596,33.0,1.0,39231.0,GC
2025-09-10 22:15:00+00:00,3678.8,3680.2,3676.6,3679.0,579,33.0,1.0,39231.0,GC
2025-09-10 22:30:00+00:00,3679.1,3680.5,3678.4,3679.9,815,33.0,1.0,39231.0,GC
2025-09-10 22:45:00+00:00,3679.7,3679.8,3678.6,3678.7,441,33.0,1.0,39231.0,GC
2025-09-10 23:00:00+00:00,3678.9,3680.9,3677.3,3680.7,747,33.0,1.0,39231.0,GC
2025-09-10 23:15:00+00:00,3680.6,3681.8,3679.7,3681.3,543,33.0,1.0,39231.0,GC
2025-09-10 23:30:00+00:00,3681.5,3683.6,3679.4,3683.1,602,33.0,1.0,39231.0,GC
2025-09-10 23:45:00+00:00,3683.2,3684.1,3682.2,3683.2,590,33.0,1.0,39231.0,GC
2025-09-11 00:00:00+00:00,3683.3,3686.3,3683.2,3686.3,1452,33.0,1.0,39231.0,GC
2025-09-11 00:15:00+00:00,3686.3,3687.0,3683.3,3684.4,865,33.0,1.0,39231.0,GC
2025-09-11 00:30:00+00:00,3684.3,3685.3,3681.5,3682.9,1993,33.0,1.0,39231.0,GC
2025-09-11 00:45:00+00:00,3682.8,3683.5,3680.9,3682.5,1481,33.0,1.0,39231.0,GC
2025-09-11 01:00:00+00:00,3682.4,3686.3,3680.9,3684.8,1476,33.0,1.0,39231.0,GC
2025-09-11 01:15:00+00:00,3684.8,3687.1,3682.8,3686.8,1296,33.0,1.0,39231.0,GC
2025-09-11 01:30:00+00:00,3686.8,3687.5,3680.9,3681.5,1668,33.0,1.0,39231.0,GC
2025-09-11 01:45:00+00:00,3681.3,3682.1,3678.2,3679.2,1098,33.0,1.0,39231.0,GC
2025-09-11 02:00:00+00:00,3679.3,3681.7,3677.7,3680.1,1385,33.0,1.0,39231.0,GC
2025-09-11 02:15:00+00:00,3680.2,3680.2,3675.3,3676.0,1128,33.0,1.0,39231.0,GC
2025-09-11 02:30:00+00:00,3676.0,3676.4,3673.3,3673.5,1507,33.0,1.0,39231.0,GC
2025-09-11 02:45:00+00:00,3673.5,3676.4,3671.0,3674.9,1851,33.0,1.0,39231.0,GC
2025-09-11 03:00:00+00:00,3674.8,3674.9,3669.6,3671.8,1814,33.0,1.0,39231.0,GC
2025-09-11 03:15:00+00:00,3671.7,3673.0,3670.4,3671.1,1029,33.0,1.0,39231.0,GC
2025-09-11 03:30:00+00:00,3671.1,3671.5,3668.3,3669.0,1207,33.0,1.0,39231.0,GC
2025-09-11 03:45:00+00:00,3668.9,3670.8,3666.5,3669.7,1604,33.0,1.0,39231.0,GC
2025-09-11 04:00:00+00:00,3669.8,3672.2,3669.6,3671.7,869,33.0,1.0,39231.0,GC
2025-09-11 04:15:00+00:00,3671.7,3672.1,3670.3,3671.0,454,33.0,1.0,39231.0,GC
2025-09-11 04:30:00+00:00,3671.2,3672.1,3667.5,3669.0,864,33.0,1.0,39231.0,GC
2025-09-11 04:45:00+00:00,3669.1,3669.8,3667.8,3668.3,600,33.0,1.0,39231.0,GC
2025-09-11 05:00:00+00:00,3668.3,3669.2,3666.6,3667.4,1497,33.0,1.0,39231.0,GC
2025-09-11 05:15:00+00:00,3667.3,3668.2,3665.7,3667.7,1199,33.0,1.0,39231.0,GC
2025-09-11 05:30:00+00:00,3667.8,3670.1,3662.0,3666.7,3152,33.0,1.0,39231.0,GC
2025-09-11 05:45:00+00:00,3666.4,3666.6,3661.1,3663.0,2670,33.0,1.0,39231.0,GC
2025-09-11 06:00:00+00:00,3662.9,3670.9,3660.6,3669.6,2771,33.0,1.0,39231.0,GC
2025-09-11 06:15:00+00:00,3669.7,3671.6,3668.2,3670.9,1457,33.0,1.0,39231.0,GC
2025-09-11 06:30:00+00:00,3670.9,3674.6,3669.2,3674.0,2293,33.0,1.0,39231.0,GC
2025-09-11 06:45:00+00:00,3673.9,3675.5,3669.7,3670.7,1491,33.0,1.0,39231.0,GC
2025-09-11 07:00:00+00:00,3670.9,3671.0,3663.3,3665.2,3500,33.0,1.0,39231.0,GC
2025-09-11 07:15:00+00:00,3665.1,3667.9,3661.6,3663.5,2845,33.0,1.0,39231.0,GC
2025-09-11 07:30:00+00:00,3663.4,3667.4,3661.3,3665.7,1611,33.0,1.0,39231.0,GC
2025-09-11 07:45:00+00:00,3665.7,3667.7,3664.3,3667.6,1250,33.0,1.0,39231.0,GC
2025-09-11 08:00:00+00:00,3667.7,3669.5,3664.9,3667.1,1516,33.0,1.0,39231.0,GC
2025-09-11 08:15:00+00:00,3667.2,3668.2,3666.6,3667.0,610,33.0,1.0,39231.0,GC
2025-09-11 08:30:00+00:00,3667.1,3667.4,3664.1,3664.8,1174,33.0,1.0,39231.0,GC
2025-09-11 08:45:00+00:00,3664.8,3668.8,3663.7,3664.6,1595,33.0,1.0,39231.0,GC
2025-09-11 09:00:00+00:00,3664.3,3664.3,3656.5,3656.6,3507,33.0,1.0,39231.0,GC
2025-09-11 09:15:00+00:00,3656.5,3657.3,3651.8,3654.7,4552,33.0,1.0,39231.0,GC
2025-09-11 09:30:00+00:00,3654.7,3658.9,3654.5,3657.3,1753,33.0,1.0,39231.0,GC
2025-09-11 09:45:00+00:00,3657.1,3660.7,3656.9,3659.6,1812,33.0,1.0,39231.0,GC
2025-09-11 10:00:00+00:00,3659.8,3660.8,3657.6,3660.2,1614,33.0,1.0,39231.0,GC
2025-09-11 10:15:00+00:00,3660.1,3662.0,3658.5,3658.9,926,33.0,1.0,39231.0,GC
2025-09-11 10:30:00+00:00,3658.8,3663.5,3657.7,3660.6,1761,33.0,1.0,39231.0,GC
2025-09-11 10:45:00+00:00,3660.8,3662.3,3659.1,3659.9,1003,33.0,1.0,39231.0,GC
2025-09-11 11:00:00+00:00,3659.8,3660.2,3657.2,3657.9,1557,33.0,1.0,39231.0,GC
2025-09-11 11:15:00+00:00,3657.8,3659.0,3657.2,3658.6,1360,33.0,1.0,39231.0,GC
2025-09-11 11:30:00+00:00,3658.6,3659.3,3652.8,3653.2,2949,33.0,1.0,39231.0,GC
2025-09-11 11:45:00+00:00,3653.3,3656.4,3653.1,3654.9,1846,33.0,1.0,39231.0,GC
2025-09-11 12:00:00+00:00,3654.9,3658.9,3654.6,3658.1,2052,33.0,1.0,39231.0,GC
2025-09-11 12:15:00+00:00,3658.2,3665.0,3655.9,3662.5,3731,33.0,1.0,39231.0,GC
2025-09-11 12:30:00+00:00,3662.0,3682.0,3651.0,3674.6,21731,33.0,1.0,39231.0,GC
2025-09-11 12:45:00+00:00,3674.4,3674.9,3663.7,3666.6,7362,33.0,1.0,39231.0,GC
2025-09-11 13:00:00+00:00,3666.8,3675.4,3665.2,3672.0,6193,33.0,1.0,39231.0,GC
2025-09-11 13:15:00+00:00,3672.2,3672.4,3657.6,3659.2,10096,33.0,1.0,39231.0,GC
2025-09-11 13:30:00+00:00,3659.5,3668.2,3655.5,3666.2,8229,33.0,1.0,39231.0,GC
2025-09-11 13:45:00+00:00,3666.3,3670.7,3663.9,3667.9,4638,33.0,1.0,39231.0,GC
2025-09-11 14:00:00+00:00,3667.7,3672.5,3663.6,3671.6,5199,33.0,1.0,39231.0,GC
2025-09-11 14:15:00+00:00,3671.7,3676.5,3670.9,3673.5,4145,33.0,1.0,39231.0,GC
2025-09-11 14:30:00+00:00,3673.5,3673.7,3665.1,3665.2,3692,33.0,1.0,39231.0,GC
2025-09-11 14:45:00+00:00,3665.0,3669.0,3664.8,3668.0,2305,33.0,1.0,39231.0,GC
2025-09-11 15:00:00+00:00,3668.2,3672.4,3668.2,3672.4,2052,33.0,1.0,39231.0,GC
2025-09-11 15:15:00+00:00,3672.5,3677.1,3672.2,3674.6,2985,33.0,1.0,39231.0,GC
2025-09-11 15:30:00+00:00,3674.5,3676.3,3672.3,3673.2,2441,33.0,1.0,39231.0,GC
2025-09-11 15:45:00+00:00,3673.2,3673.2,3670.0,3672.0,2204,33.0,1.0,39231.0,GC
2025-09-11 16:00:00+00:00,3671.9,3680.6,3671.9,3678.6,4359,33.0,1.0,39231.0,GC
2025-09-11 16:15:00+00:00,3678.7,3679.5,3674.6,3675.7,2297,33.0,1.0,39231.0,GC
2025-09-11 16:30:00+00:00,3675.7,3677.6,3672.7,3673.6,1944,33.0,1.0,39231.0,GC
2025-09-11 16:45:00+00:00,3673.4,3675.4,3671.7,3674.2,1397,33.0,1.0,39231.0,GC
2025-09-11 17:00:00+00:00,3674.4,3674.6,3670.0,3671.4,1753,33.0,1.0,39231.0,GC
2025-09-11 17:15:00+00:00,3671.4,3674.8,3671.3,3673.8,2395,33.0,1.0,39231.0,GC
2025-09-11 17:30:00+00:00,3673.9,3675.4,3672.4,3672.9,1426,33.0,1.0,39231.0,GC
2025-09-11 17:45:00+00:00,3672.9,3674.3,3671.7,3673.1,873,33.0,1.0,39231.0,GC
2025-09-11 18:00:00+00:00,3673.0,3675.3,3672.3,3672.8,1046,33.0,1.0,39231.0,GC
2025-09-11 18:15:00+00:00,3673.0,3673.4,3670.8,3671.2,1127,33.0,1.0,39231.0,GC
2025-09-11 18:30:00+00:00,3671.2,3671.5,3669.3,3670.6,1236,33.0,1.0,39231.0,GC
2025-09-11 18:45:00+00:00,3670.6,3672.4,3670.5,3671.4,528,33.0,1.0,39231.0,GC
2025-09-11 19:00:00+00:00,3671.4,3674.7,3671.2,3673.5,1058,33.0,1.0,39231.0,GC
2025-09-11 19:15:00+00:00,3673.3,3676.4,3672.8,3673.7,997,33.0,1.0,39231.0,GC
2025-09-11 19:30:00+00:00,3673.7,3676.7,3673.3,3675.4,955,33.0,1.0,39231.0,GC
2025-09-11 19:45:00+00:00,3675.5,3676.4,3674.4,3675.4,852,33.0,1.0,39231.0,GC
2025-09-11 20:00:00+00:00,3675.3,3676.3,3674.1,3674.7,536,33.0,1.0,39231.0,GC
2025-09-11 20:15:00+00:00,3674.8,3675.4,3673.7,3673.9,260,33.0,1.0,39231.0,GC
2025-09-11 20:30:00+00:00,3673.9,3674.2,3672.2,3672.7,261,33.0,1.0,39231.0,GC
2025-09-11 20:45:00+00:00,3672.7,3673.6,3672.1,3673.4,457,33.0,1.0,39231.0,GC
2025-09-11 22:00:00+00:00,3672.8,3675.1,3671.9,3675.1,344,33.0,1.0,39231.0,GC
2025-09-11 22:15:00+00:00,3675.3,3676.6,3674.7,3675.4,338,33.0,1.0,39231.0,GC
2025-09-11 22:30:00+00:00,3675.3,3675.3,3673.3,3673.3,390,33.0,1.0,39231.0,GC
2025-09-11 22:45:00+00:00,3673.3,3673.7,3671.2,3672.9,374,33.0,1.0,39231.0,GC
2025-09-11 23:00:00+00:00,3672.9,3674.2,3670.9,3671.8,439,33.0,1.0,39231.0,GC
2025-09-11 23:15:00+00:00,3671.8,3673.4,3671.4,3672.8,331,33.0,1.0,39231.0,GC
2025-09-11 23:30:00+00:00,3672.9,3673.5,3672.0,3672.6,333,33.0,1.0,39231.0,GC
2025-09-11 23:45:00+00:00,3672.5,3672.5,3669.0,3669.2,593,33.0,1.0,39231.0,GC
2025-09-12 00:00:00+00:00,3669.2,3671.0,3668.7,3670.4,755,33.0,1.0,39231.0,GC
2025-09-12 00:15:00+00:00,3670.3,3670.6,3667.6,3668.0,1216,33.0,1.0,39231.0,GC
2025-09-12 00:30:00+00:00,3668.1,3670.3,3667.3,3670.1,1017,33.0,1.0,39231.0,GC
2025-09-12 00:45:00+00:00,3670.3,3674.9,3670.3,3673.8,1071,33.0,1.0,39231.0,GC
2025-09-12 01:00:00+00:00,3674.0,3681.8,3673.9,3680.8,3047,33.0,1.0,39231.0,GC
2025-09-12 01:15:00+00:00,3680.7,3681.4,3676.7,3680.8,1677,33.0,1.0,39231.0,GC
2025-09-12 01:30:00+00:00,3680.9,3685.4,3680.4,3684.3,2554,33.0,1.0,39231.0,GC
2025-09-12 01:45:00+00:00,3684.3,3686.3,3682.6,3685.0,1691,33.0,1.0,39231.0,GC
2025-09-12 02:00:00+00:00,3685.0,3688.4,3683.4,3685.9,1741,33.0,1.0,39231.0,GC
2025-09-12 02:15:00+00:00,3686.0,3689.1,3685.7,3688.8,1035,33.0,1.0,39231.0,GC
2025-09-12 02:30:00+00:00,3688.7,3689.5,3686.1,3686.8,1225,33.0,1.0,39231.0,GC
2025-09-12 02:45:00+00:00,3686.9,3690.1,3685.0,3688.7,1990,33.0,1.0,39231.0,GC
2025-09-12 03:00:00+00:00,3688.6,3690.9,3687.0,3690.5,1956,33.0,1.0,39231.0,GC
2025-09-12 03:15:00+00:00,3690.6,3692.3,3689.0,3690.2,1513,33.0,1.0,39231.0,GC
2025-09-12 03:30:00+00:00,3690.0,3691.4,3689.7,3690.9,686,33.0,1.0,39231.0,GC
2025-09-12 03:45:00+00:00,3691.0,3692.4,3689.8,3691.8,898,33.0,1.0,39231.0,GC
2025-09-12 04:00:00+00:00,3692.0,3693.4,3690.5,3692.1,1068,33.0,1.0,39231.0,GC
2025-09-12 04:15:00+00:00,3691.9,3693.3,3691.5,3693.0,437,33.0,1.0,39231.0,GC
2025-09-12 04:30:00+00:00,3693.2,3693.9,3692.4,3693.6,852,33.0,1.0,39231.0,GC
2025-09-12 04:45:00+00:00,3693.5,3695.0,3693.0,3693.5,767,33.0,1.0,39231.0,GC
2025-09-12 05:00:00+00:00,3693.5,3695.0,3692.4,3694.8,506,33.0,1.0,39231.0,GC
2025-09-12 05:15:00+00:00,3694.7,3695.5,3692.1,3692.1,915,33.0,1.0,39231.0,GC
2025-09-12 05:30:00+00:00,3692.2,3695.4,3691.3,3694.4,1668,33.0,1.0,39231.0,GC
2025-09-12 05:45:00+00:00,3694.4,3694.4,3690.9,3691.9,913,33.0,1.0,39231.0,GC
2025-09-12 06:00:00+00:00,3691.8,3692.2,3689.6,3691.6,1313,33.0,1.0,39231.0,GC
2025-09-12 06:15:00+00:00,3691.9,3692.6,3688.0,3689.4,1427,33.0,1.0,39231.0,GC
2025-09-12 06:30:00+00:00,3689.4,3691.2,3687.5,3688.3,1428,33.0,1.0,39231.0,GC
2025-09-12 06:45:00+00:00,3688.3,3689.5,3687.2,3689.3,1251,33.0,1.0,39231.0,GC
2025-09-12 07:00:00+00:00,3689.1,3691.8,3687.6,3690.4,2389,33.0,1.0,39231.0,GC
2025-09-12 07:15:00+00:00,3690.3,3691.2,3688.6,3690.4,1357,33.0,1.0,39231.0,GC
2025-09-12 07:30:00+00:00,3690.2,3690.2,3685.7,3686.0,1713,33.0,1.0,39231.0,GC
2025-09-12 07:45:00+00:00,3686.0,3687.9,3685.8,3686.3,1645,33.0,1.0,39231.0,GC
2025-09-12 08:00:00+00:00,3686.3,3689.5,3680.5,3681.4,2861,33.0,1.0,39231.0,GC
2025-09-12 08:15:00+00:00,3681.1,3684.3,3680.3,3683.5,2854,33.0,1.0,39231.0,GC
2025-09-12 08:30:00+00:00,3683.2,3684.0,3681.7,3683.2,993,33.0,1.0,39231.0,GC
2025-09-12 08:45:00+00:00,3683.5,3684.5,3677.3,3678.7,2383,33.0,1.0,39231.0,GC
2025-09-12 09:00:00+00:00,3678.6,3683.8,3675.3,3677.7,4202,33.0,1.0,39231.0,GC
2025-09-12 09:15:00+00:00,3677.7,3684.3,3677.7,3684.2,1679,33.0,1.0,39231.0,GC
2025-09-12 09:30:00+00:00,3684.0,3684.8,3680.6,3682.5,1395,33.0,1.0,39231.0,GC
2025-09-12 09:45:00+00:00,3682.4,3685.0,3681.7,3684.5,713,33.0,1.0,39231.0,GC
2025-09-12 10:00:00+00:00,3684.4,3686.7,3684.2,3686.5,1396,33.0,1.0,39231.0,GC
2025-09-12 10:15:00+00:00,3686.4,3690.2,3685.6,3689.5,1428,33.0,1.0,39231.0,GC
2025-09-12 10:30:00+00:00,3689.6,3690.0,3687.7,3687.9,963,33.0,1.0,39231.0,GC
2025-09-12 10:45:00+00:00,3688.0,3690.4,3687.3,3689.5,1099,33.0,1.0,39231.0,GC
2025-09-12 11:00:00+00:00,3689.3,3690.3,3687.4,3687.7,1391,33.0,1.0,39231.0,GC
2025-09-12 11:15:00+00:00,3688.0,3689.2,3685.3,3686.0,1162,33.0,1.0,39231.0,GC
2025-09-12 11:30:00+00:00,3685.9,3687.0,3684.8,3685.7,952,33.0,1.0,39231.0,GC
2025-09-12 11:45:00+00:00,3685.6,3687.1,3684.4,3684.6,1157,33.0,1.0,39231.0,GC
2025-09-12 12:00:00+00:00,3684.7,3686.7,3681.8,3683.6,2232,33.0,1.0,39231.0,GC
2025-09-12 12:15:00+00:00,3683.7,3685.0,3677.4,3680.0,4079,33.0,1.0,39231.0,GC
2025-09-12 12:30:00+00:00,3679.8,3681.4,3675.5,3676.8,3969,33.0,1.0,39231.0,GC
2025-09-12 12:45:00+00:00,3676.7,3684.1,3676.0,3683.5,3195,33.0,1.0,39231.0,GC
2025-09-12 13:00:00+00:00,3683.6,3688.7,3681.3,3687.6,3133,33.0,1.0,39231.0,GC
2025-09-12 13:15:00+00:00,3687.7,3689.0,3685.8,3686.9,2118,33.0,1.0,39231.0,GC
2025-09-12 13:30:00+00:00,3686.9,3690.7,3684.5,3689.4,4547,33.0,1.0,39231.0,GC
2025-09-12 13:45:00+00:00,3689.0,3690.6,3684.2,3688.2,3478,33.0,1.0,39231.0,GC
2025-09-12 14:00:00+00:00,3688.2,3691.2,3687.2,3689.9,3443,33.0,1.0,39231.0,GC
2025-09-12 14:15:00+00:00,3689.9,3692.7,3689.3,3691.2,3034,33.0,1.0,39231.0,GC
2025-09-12 14:30:00+00:00,3691.3,3691.9,3686.7,3687.8,2308,33.0,1.0,39231.0,GC
2025-09-12 14:45:00+00:00,3687.6,3687.9,3684.8,3686.1,2174,33.0,1.0,39231.0,GC
2025-09-12 15:00:00+00:00,3686.0,3686.3,3679.2,3681.5,4177,33.0,1.0,39231.0,GC
2025-09-12 15:15:00+00:00,3681.4,3683.5,3679.9,3682.2,2110,33.0,1.0,39231.0,GC
2025-09-12 15:30:00+00:00,3682.2,3685.1,3682.1,3684.6,1826,33.0,1.0,39231.0,GC
2025-09-12 15:45:00+00:00,3684.7,3684.8,3681.0,3682.3,1192,33.0,1.0,39231.0,GC
2025-09-12 16:00:00+00:00,3682.3,3683.3,3680.5,3682.0,1184,33.0,1.0,39231.0,GC
2025-09-12 16:15:00+00:00,3682.1,3685.7,3681.9,3685.2,1292,33.0,1.0,39231.0,GC
2025-09-12 16:30:00+00:00,3685.3,3686.2,3684.4,3685.8,1182,33.0,1.0,39231.0,GC
2025-09-12 16:45:00+00:00,3685.8,3688.4,3685.8,3687.8,1503,33.0,1.0,39231.0,GC
2025-09-12 17:00:00+00:00,3687.7,3689.4,3686.9,3689.0,1560,33.0,1.0,39231.0,GC
2025-09-12 17:15:00+00:00,3688.9,3689.5,3686.0,3686.5,2187,33.0,1.0,39231.0,GC
2025-09-12 17:30:00+00:00,3686.5,3688.8,3686.1,3688.1,1163,33.0,1.0,39231.0,GC
2025-09-12 17:45:00+00:00,3688.1,3688.8,3687.2,3687.3,749,33.0,1.0,39231.0,GC
2025-09-12 18:00:00+00:00,3687.4,3687.7,3685.5,3687.1,946,33.0,1.0,39231.0,GC
2025-09-12 18:15:00+00:00,3687.2,3687.4,3685.5,3686.0,837,33.0,1.0,39231.0,GC
2025-09-12 18:30:00+00:00,3686.1,3687.6,3685.6,3686.9,505,33.0,1.0,39231.0,GC
2025-09-12 18:45:00+00:00,3686.9,3687.2,3686.2,3686.9,559,33.0,1.0,39231.0,GC
2025-09-12 19:00:00+00:00,3686.9,3686.9,3685.3,3685.7,638,33.0,1.0,39231.0,GC
2025-09-12 19:15:00+00:00,3685.7,3686.2,3684.0,3684.0,902,33.0,1.0,39231.0,GC
2025-09-12 19:30:00+00:00,3684.1,3684.6,3682.4,3683.5,1132,33.0,1.0,39231.0,GC
2025-09-12 19:45:00+00:00,3683.6,3684.6,3681.8,3682.7,1191,33.0,1.0,39231.0,GC
2025-09-12 20:00:00+00:00,3682.7,3683.8,3680.1,3680.6,1372,33.0,1.0,39231.0,GC
2025-09-12 20:15:00+00:00,3680.4,3681.6,3680.0,3681.2,513,33.0,1.0,39231.0,GC
2025-09-12 20:30:00+00:00,3681.2,3681.4,3650.3,3680.3,423,33.0,1.0,39231.0,GC
2025-09-12 20:45:00+00:00,3680.2,3681.7,3679.8,3680.7,712,33.0,1.0,39231.0,GC
2025-09-14 22:00:00+00:00,3680.2,3684.2,3679.9,3681.3,1101,33.0,1.0,39231.0,GC
2025-09-14 22:15:00+00:00,3681.6,3681.9,3677.2,3680.0,913,33.0,1.0,39231.0,GC
2025-09-14 22:30:00+00:00,3680.1,3680.3,3678.6,3678.8,464,33.0,1.0,39231.0,GC
2025-09-14 22:45:00+00:00,3678.7,3679.7,3677.4,3679.7,281,33.0,1.0,39231.0,GC
2025-09-14 23:00:00+00:00,3679.5,3679.6,3676.5,3677.0,604,33.0,1.0,39231.0,GC
2025-09-14 23:15:00+00:00,3676.8,3677.2,3674.8,3676.5,621,33.0,1.0,39231.0,GC
2025-09-14 23:30:00+00:00,3676.5,3676.6,3673.6,3674.6,573,33.0,1.0,39231.0,GC
2025-09-14 23:45:00+00:00,3674.6,3675.5,3674.1,3675.2,215,33.0,1.0,39231.0,GC
2025-09-15 00:00:00+00:00,3675.0,3678.5,3671.4,3678.3,1931,33.0,1.0,39231.0,GC
2025-09-15 00:15:00+00:00,3678.2,3679.5,3675.9,3676.4,854,33.0,1.0,39231.0,GC
2025-09-15 00:30:00+00:00,3676.0,3676.0,3670.2,3670.9,1697,33.0,1.0,39231.0,GC
2025-09-15 00:45:00+00:00,3670.9,3672.2,3669.1,3670.6,1174,33.0,1.0,39231.0,GC
2025-09-15 01:00:00+00:00,3670.7,3671.3,3662.8,3665.2,4089,33.0,1.0,39231.0,GC
2025-09-15 01:15:00+00:00,3665.1,3669.8,3663.2,3669.2,1828,33.0,1.0,39231.0,GC
2025-09-15 01:30:00+00:00,3669.2,3670.6,3666.3,3668.9,1391,33.0,1.0,39231.0,GC
2025-09-15 01:45:00+00:00,3668.8,3672.2,3667.3,3671.9,1051,33.0,1.0,39231.0,GC
2025-09-15 02:00:00+00:00,3672.0,3677.9,3671.5,3677.8,1851,33.0,1.0,39231.0,GC
2025-09-15 02:15:00+00:00,3677.9,3681.5,3677.5,3679.4,1843,33.0,1.0,39231.0,GC
2025-09-15 02:30:00+00:00,3679.6,3681.8,3678.4,3680.8,1264,33.0,1.0,39231.0,GC
2025-09-15 02:45:00+00:00,3680.8,3681.1,3676.2,3677.6,1518,33.0,1.0,39231.0,GC
2025-09-15 03:00:00+00:00,3677.7,3680.5,3676.9,3680.1,930,33.0,1.0,39231.0,GC
2025-09-15 03:15:00+00:00,3679.8,3681.0,3678.0,3680.7,580,33.0,1.0,39231.0,GC
2025-09-15 03:30:00+00:00,3680.7,3683.0,3680.4,3682.1,934,33.0,1.0,39231.0,GC
2025-09-15 03:45:00+00:00,3682.1,3683.8,3681.9,3683.4,522,33.0,1.0,39231.0,GC
2025-09-15 04:00:00+00:00,3683.7,3684.3,3682.7,3683.2,575,33.0,1.0,39231.0,GC
2025-09-15 04:15:00+00:00,3683.1,3683.8,3682.1,3682.9,517,33.0,1.0,39231.0,GC
2025-09-15 04:30:00+00:00,3682.8,3683.0,3681.5,3681.9,283,33.0,1.0,39231.0,GC
2025-09-15 04:45:00+00:00,3681.9,3682.8,3680.9,3682.8,441,33.0,1.0,39231.0,GC
2025-09-15 05:00:00+00:00,3682.9,3683.0,3679.8,3680.2,529,33.0,1.0,39231.0,GC
2025-09-15 05:15:00+00:00,3680.2,3683.1,3679.7,3682.6,926,33.0,1.0,39231.0,GC
2025-09-15 05:30:00+00:00,3682.6,3683.7,3680.6,3681.2,577,33.0,1.0,39231.0,GC
2025-09-15 05:45:00+00:00,3681.3,3682.2,3680.5,3681.1,327,33.0,1.0,39231.0,GC
2025-09-15 06:00:00+00:00,3681.1,3681.2,3679.2,3680.0,851,33.0,1.0,39231.0,GC
2025-09-15 06:15:00+00:00,3680.1,3680.9,3677.2,3679.3,1445,33.0,1.0,39231.0,GC
2025-09-15 06:30:00+00:00,3679.2,3680.7,3676.0,3676.8,1799,33.0,1.0,39231.0,GC
2025-09-15 06:45:00+00:00,3676.8,3678.1,3674.3,3674.3,1470,33.0,1.0,39231.0,GC
2025-09-15 07:00:00+00:00,3674.3,3675.6,3671.7,3673.9,1783,33.0,1.0,39231.0,GC
2025-09-15 07:15:00+00:00,3673.7,3674.3,3671.5,3674.0,1434,33.0,1.0,39231.0,GC
2025-09-15 07:30:00+00:00,3674.1,3680.0,3673.9,3678.9,1747,33.0,1.0,39231.0,GC
2025-09-15 07:45:00+00:00,3678.8,3681.9,3677.3,3680.7,1545,33.0,1.0,39231.0,GC
2025-09-15 08:00:00+00:00,3680.7,3682.1,3678.2,3678.5,1748,33.0,1.0,39231.0,GC
2025-09-15 08:15:00+00:00,3678.6,3680.1,3678.0,3678.4,738,33.0,1.0,39231.0,GC
2025-09-15 08:30:00+00:00,3678.4,3680.0,3678.1,3678.6,488,33.0,1.0,39231.0,GC
2025-09-15 08:45:00+00:00,3678.6,3682.7,3677.5,3682.4,1000,33.0,1.0,39231.0,GC
2025-09-15 09:00:00+00:00,3682.4,3682.8,3679.6,3681.5,896,33.0,1.0,39231.0,GC
2025-09-15 09:15:00+00:00,3681.3,3682.0,3676.2,3676.9,1276,33.0,1.0,39231.0,GC
2025-09-15 09:30:00+00:00,3677.0,3677.0,3672.9,3675.0,2425,33.0,1.0,39231.0,GC
2025-09-15 09:45:00+00:00,3674.9,3678.8,3673.4,3678.3,1360,33.0,1.0,39231.0,GC
2025-09-15 10:00:00+00:00,3678.5,3681.6,3678.4,3681.4,1427,33.0,1.0,39231.0,GC
2025-09-15 10:15:00+00:00,3681.3,3683.4,3681.2,3683.1,1845,33.0,1.0,39231.0,GC
2025-09-15 10:30:00+00:00,3683.1,3683.4,3678.7,3679.3,1570,33.0,1.0,39231.0,GC
2025-09-15 10:45:00+00:00,3679.1,3679.6,3675.5,3676.5,1571,33.0,1.0,39231.0,GC
2025-09-15 11:00:00+00:00,3676.7,3680.0,3675.8,3680.0,1217,33.0,1.0,39231.0,GC
2025-09-15 11:15:00+00:00,3679.9,3682.4,3679.6,3681.0,1279,33.0,1.0,39231.0,GC
2025-09-15 11:30:00+00:00,3680.9,3683.0,3680.2,3683.0,1449,33.0,1.0,39231.0,GC
2025-09-15 11:45:00+00:00,3682.8,3683.2,3679.3,3679.6,1700,33.0,1.0,39231.0,GC
2025-09-15 12:00:00+00:00,3679.7,3680.8,3677.0,3677.5,1852,33.0,1.0,39231.0,GC
2025-09-15 12:15:00+00:00,3677.6,3677.7,3673.7,3676.1,3353,33.0,1.0,39231.0,GC
2025-09-15 12:30:00+00:00,3676.2,3682.5,3675.2,3682.1,3460,33.0,1.0,39231.0,GC
2025-09-15 12:45:00+00:00,3682.3,3688.4,3681.2,3687.6,5009,33.0,1.0,39231.0,GC
2025-09-15 13:00:00+00:00,3687.6,3688.6,3684.0,3686.8,3147,33.0,1.0,39231.0,GC
2025-09-15 13:15:00+00:00,3687.0,3691.7,3685.3,3691.2,4276,33.0,1.0,39231.0,GC
2025-09-15 13:30:00+00:00,3691.2,3702.2,3689.9,3700.6,8708,33.0,1.0,39231.0,GC
2025-09-15 13:45:00+00:00,3700.7,3701.7,3694.0,3694.8,4979,33.0,1.0,39231.0,GC
2025-09-15 14:00:00+00:00,3694.8,3699.0,3691.2,3697.9,6437,33.0,1.0,39231.0,GC
2025-09-15 14:15:00+00:00,3698.0,3698.2,3693.7,3695.8,2554,33.0,1.0,39231.0,GC
2025-09-15 14:30:00+00:00,3695.8,3700.3,3694.5,3700.0,3187,33.0,1.0,39231.0,GC
2025-09-15 14:45:00+00:00,3700.2,3701.8,3699.1,3701.3,2225,33.0,1.0,39231.0,GC
2025-09-15 15:00:00+00:00,3701.5,3704.1,3700.8,3702.9,3898,33.0,1.0,39231.0,GC
2025-09-15 15:15:00+00:00,3702.8,3706.1,3701.9,3705.8,2921,33.0,1.0,39231.0,GC
2025-09-15 15:30:00+00:00,3705.8,3707.4,3704.3,3706.7,3107,33.0,1.0,39231.0,GC
2025-09-15 15:45:00+00:00,3706.8,3722.2,3706.6,3720.4,12407,33.0,1.0,39231.0,GC
2025-09-15 16:00:00+00:00,3720.5,3721.8,3716.6,3719.9,4977,33.0,1.0,39231.0,GC
2025-09-15 16:15:00+00:00,3720.1,3724.0,3718.9,3723.5,3792,33.0,1.0,39231.0,GC
2025-09-15 16:30:00+00:00,3723.6,3724.9,3715.7,3717.8,6214,33.0,1.0,39231.0,GC
2025-09-15 16:45:00+00:00,3717.7,3719.7,3713.6,3718.1,3462,33.0,1.0,39231.0,GC
2025-09-15 17:00:00+00:00,3718.2,3721.1,3717.8,3719.2,1963,33.0,1.0,39231.0,GC
2025-09-15 17:15:00+00:00,3719.1,3720.6,3717.8,3719.1,2696,33.0,1.0,39231.0,GC
2025-09-15 17:30:00+00:00,3719.2,3722.0,3719.1,3720.1,1949,33.0,1.0,39231.0,GC
2025-09-15 17:45:00+00:00,3720.1,3721.8,3719.6,3721.3,1457,33.0,1.0,39231.0,GC
2025-09-15 18:00:00+00:00,3721.6,3721.8,3717.8,3718.0,998,33.0,1.0,39231.0,GC
2025-09-15 18:15:00+00:00,3717.8,3719.9,3717.0,3719.4,1024,33.0,1.0,39231.0,GC
2025-09-15 18:30:00+00:00,3719.6,3720.2,3715.1,3717.6,1432,33.0,1.0,39231.0,GC
2025-09-15 18:45:00+00:00,3717.6,3717.9,3715.0,3716.3,1253,33.0,1.0,39231.0,GC
2025-09-15 19:00:00+00:00,3716.4,3719.2,3716.1,3719.0,991,33.0,1.0,39231.0,GC
2025-09-15 19:15:00+00:00,3718.8,3719.5,3717.8,3718.3,926,33.0,1.0,39231.0,GC
2025-09-15 19:30:00+00:00,3718.2,3721.4,3718.2,3721.3,1003,33.0,1.0,39231.0,GC
2025-09-15 19:45:00+00:00,3721.5,3721.9,3719.9,3720.2,1288,33.0,1.0,39231.0,GC
2025-09-15 20:00:00+00:00,3720.2,3721.7,3718.5,3721.0,1472,33.0,1.0,39231.0,GC
2025-09-15 20:15:00+00:00,3720.9,3721.5,3720.4,3720.7,376,33.0,1.0,39231.0,GC
2025-09-15 20:30:00+00:00,3720.6,3721.4,3720.2,3721.3,450,33.0,1.0,39231.0,GC
2025-09-15 20:45:00+00:00,3721.2,3721.5,3718.6,3719.5,897,33.0,1.0,39231.0,GC
2025-09-15 22:00:00+00:00,3720.3,3721.1,3715.8,3717.1,1021,33.0,1.0,39231.0,GC
2025-09-15 22:15:00+00:00,3717.3,3717.9,3715.5,3717.8,686,33.0,1.0,39231.0,GC
2025-09-15 22:30:00+00:00,3717.9,3719.1,3716.8,3717.3,675,33.0,1.0,39231.0,GC
2025-09-15 22:45:00+00:00,3717.3,3718.0,3716.7,3717.8,396,33.0,1.0,39231.0,GC
2025-09-15 23:00:00+00:00,3717.7,3719.4,3717.6,3718.5,501,33.0,1.0,39231.0,GC
2025-09-15 23:15:00+00:00,3718.4,3719.4,3716.9,3717.9,485,33.0,1.0,39231.0,GC
2025-09-15 23:30:00+00:00,3717.9,3718.0,3717.0,3717.3,337,33.0,1.0,39231.0,GC
2025-09-15 23:45:00+00:00,3717.3,3717.3,3715.5,3716.1,1143,33.0,1.0,39231.0,GC
2025-09-16 00:00:00+00:00,3716.0,3719.5,3715.7,3719.1,1405,33.0,1.0,39231.0,GC
2025-09-16 00:15:00+00:00,3719.1,3723.4,3718.7,3723.4,1403,33.0,1.0,39231.0,GC
2025-09-16 00:30:00+00:00,3723.4,3724.7,3721.5,3723.6,1613,33.0,1.0,39231.0,GC
2025-09-16 00:45:00+00:00,3723.7,3725.8,3721.7,3725.4,1872,33.0,1.0,39231.0,GC
2025-09-16 01:00:00+00:00,3725.4,3728.4,3717.6,3718.8,4510,33.0,1.0,39231.0,GC
2025-09-16 01:15:00+00:00,3718.9,3719.2,3715.5,3717.4,1513,33.0,1.0,39231.0,GC
2025-09-16 01:30:00+00:00,3717.2,3720.8,3716.0,3716.2,1454,33.0,1.0,39231.0,GC
2025-09-16 01:45:00+00:00,3716.3,3717.8,3715.6,3717.7,816,33.0,1.0,39231.0,GC
2025-09-16 02:00:00+00:00,3717.6,3720.9,3716.9,3719.6,1747,33.0,1.0,39231.0,GC
2025-09-16 02:15:00+00:00,3719.6,3720.0,3717.8,3718.7,683,33.0,1.0,39231.0,GC
2025-09-16 02:30:00+00:00,3718.8,3718.9,3713.6,3715.0,2267,33.0,1.0,39231.0,GC
2025-09-16 02:45:00+00:00,3715.3,3717.7,3711.8,3714.9,1790,33.0,1.0,39231.0,GC
2025-09-16 03:00:00+00:00,3714.9,3717.9,3714.2,3717.8,953,33.0,1.0,39231.0,GC
2025-09-16 03:15:00+00:00,3717.8,3719.2,3717.4,3718.7,1269,33.0,1.0,39231.0,GC
2025-09-16 03:30:00+00:00,3718.8,3720.3,3718.0,3719.0,1021,33.0,1.0,39231.0,GC
2025-09-16 03:45:00+00:00,3718.8,3719.3,3717.8,3718.5,435,33.0,1.0,39231.0,GC
2025-09-16 04:00:00+00:00,3718.5,3719.9,3718.0,3719.7,463,33.0,1.0,39231.0,GC
2025-09-16 04:15:00+00:00,3719.6,3720.6,3718.7,3719.1,508,33.0,1.0,39231.0,GC
2025-09-16 04:30:00+00:00,3719.0,3719.9,3717.1,3719.6,701,33.0,1.0,39231.0,GC
2025-09-16 04:45:00+00:00,3719.4,3722.3,3719.2,3721.0,964,33.0,1.0,39231.0,GC
2025-09-16 05:00:00+00:00,3720.9,3721.4,3719.5,3721.0,779,33.0,1.0,39231.0,GC
2025-09-16 05:15:00+00:00,3721.1,3721.5,3720.2,3721.1,563,33.0,1.0,39231.0,GC
2025-09-16 05:30:00+00:00,3721.1,3721.5,3718.4,3718.8,776,33.0,1.0,39231.0,GC
2025-09-16 05:45:00+00:00,3718.5,3720.5,3717.2,3720.0,729,33.0,1.0,39231.0,GC
2025-09-16 06:00:00+00:00,3720.1,3722.3,3719.4,3720.8,1306,33.0,1.0,39231.0,GC
2025-09-16 06:15:00+00:00,3720.7,3725.0,3720.4,3722.9,1697,33.0,1.0,39231.0,GC
2025-09-16 06:30:00+00:00,3722.8,3727.8,3721.8,3727.8,2307,33.0,1.0,39231.0,GC
2025-09-16 06:45:00+00:00,3727.8,3731.6,3725.8,3730.8,2981,33.0,1.0,39231.0,GC
2025-09-16 07:00:00+00:00,3730.7,3731.9,3727.6,3730.5,2718,33.0,1.0,39231.0,GC
2025-09-16 07:15:00+00:00,3730.5,3731.3,3728.2,3729.5,1290,33.0,1.0,39231.0,GC
2025-09-16 07:30:00+00:00,3729.6,3730.3,3725.0,3726.4,1935,33.0,1.0,39231.0,GC
2025-09-16 07:45:00+00:00,3726.3,3727.7,3724.3,3724.5,1520,33.0,1.0,39231.0,GC
2025-09-16 08:00:00+00:00,3724.5,3733.9,3724.1,3733.4,2564,33.0,1.0,39231.0,GC
2025-09-16 08:15:00+00:00,3733.4,3734.8,3731.2,3732.1,2347,33.0,1.0,39231.0,GC
2025-09-16 08:30:00+00:00,3731.9,3732.8,3729.1,3732.8,1145,33.0,1.0,39231.0,GC
2025-09-16 08:45:00+00:00,3732.7,3733.5,3731.1,3731.7,1333,33.0,1.0,39231.0,GC
2025-09-16 09:00:00+00:00,3731.7,3733.2,3730.1,3732.5,945,33.0,1.0,39231.0,GC
2025-09-16 09:15:00+00:00,3732.3,3735.2,3731.8,3732.5,2350,33.0,1.0,39231.0,GC
2025-09-16 09:30:00+00:00,3732.4,3734.8,3731.9,3734.0,1748,33.0,1.0,39231.0,GC
2025-09-16 09:45:00+00:00,3734.1,3737.1,3733.7,3736.3,1914,33.0,1.0,39231.0,GC
2025-09-16 10:00:00+00:00,3736.2,3736.8,3733.6,3734.4,1160,33.0,1.0,39231.0,GC
2025-09-16 10:15:00+00:00,3734.4,3736.0,3734.0,3735.5,748,33.0,1.0,39231.0,GC
2025-09-16 10:30:00+00:00,3735.4,3735.6,3731.4,3732.2,1847,33.0,1.0,39231.0,GC
2025-09-16 10:45:00+00:00,3732.2,3733.5,3730.6,3731.0,1443,33.0,1.0,39231.0,GC
2025-09-16 11:00:00+00:00,3731.0,3732.5,3729.2,3730.9,1454,33.0,1.0,39231.0,GC
2025-09-16 11:15:00+00:00,3730.8,3731.2,3728.7,3731.0,1329,33.0,1.0,39231.0,GC
2025-09-16 11:30:00+00:00,3731.0,3734.7,3730.3,3734.5,1978,33.0,1.0,39231.0,GC
2025-09-16 11:45:00+00:00,3734.5,3737.6,3733.6,3734.5,2499,33.0,1.0,39231.0,GC
2025-09-16 12:00:00+00:00,3734.6,3734.8,3730.9,3731.5,1929,33.0,1.0,39231.0,GC
2025-09-16 12:15:00+00:00,3731.4,3733.1,3728.1,3728.3,3091,33.0,1.0,39231.0,GC
2025-09-16 12:30:00+00:00,3728.6,3731.0,3724.1,3727.1,5430,33.0,1.0,39231.0,GC
2025-09-16 12:45:00+00:00,3727.3,3728.3,3725.2,3726.6,2696,33.0,1.0,39231.0,GC
2025-09-16 13:00:00+00:00,3726.7,3726.9,3722.5,3725.0,3687,33.0,1.0,39231.0,GC
2025-09-16 13:15:00+00:00,3725.1,3731.7,3722.1,3731.6,4352,33.0,1.0,39231.0,GC
2025-09-16 13:30:00+00:00,3731.7,3735.9,3729.2,3730.2,6577,33.0,1.0,39231.0,GC
2025-09-16 13:45:00+00:00,3730.1,3735.7,3730.1,3733.0,3707,33.0,1.0,39231.0,GC
2025-09-16 14:00:00+00:00,3732.8,3736.6,3730.8,3736.4,4345,33.0,1.0,39231.0,GC
2025-09-16 14:15:00+00:00,3736.4,3739.9,3728.5,3729.5,8482,33.0,1.0,39231.0,GC
2025-09-16 14:30:00+00:00,3729.6,3732.5,3724.9,3726.0,7946,33.0,1.0,39231.0,GC
2025-09-16 14:45:00+00:00,3726.1,3727.8,3722.0,3722.3,4405,33.0,1.0,39231.0,GC
2025-09-16 15:00:00+00:00,3722.7,3724.2,3716.3,3720.7,6866,33.0,1.0,39231.0,GC
2025-09-16 15:15:00+00:00,3720.6,3725.9,3717.9,3718.1,5067,33.0,1.0,39231.0,GC
2025-09-16 15:30:00+00:00,3718.3,3719.0,3715.2,3717.1,4045,33.0,1.0,39231.0,GC
2025-09-16 15:45:00+00:00,3717.2,3724.0,3717.1,3723.0,3028,33.0,1.0,39231.0,GC
2025-09-16 16:00:00+00:00,3723.0,3724.7,3721.3,3724.0,2502,33.0,1.0,39231.0,GC
2025-09-16 16:15:00+00:00,3723.9,3726.9,3723.3,3726.4,1957,33.0,1.0,39231.0,GC
2025-09-16 16:30:00+00:00,3726.3,3728.3,3723.7,3724.2,2712,33.0,1.0,39231.0,GC
2025-09-16 16:45:00+00:00,3724.2,3728.4,3724.2,3726.9,2197,33.0,1.0,39231.0,GC
2025-09-16 17:00:00+00:00,3727.0,3728.1,3724.4,3725.8,2341,33.0,1.0,39231.0,GC
2025-09-16 17:15:00+00:00,3725.9,3726.3,3723.6,3725.2,2312,33.0,1.0,39231.0,GC
2025-09-16 17:30:00+00:00,3725.3,3726.0,3722.4,3723.4,1626,33.0,1.0,39231.0,GC
2025-09-16 17:45:00+00:00,3723.4,3725.5,3723.2,3723.8,802,33.0,1.0,39231.0,GC
2025-09-16 18:00:00+00:00,3723.7,3725.0,3722.5,3724.6,833,33.0,1.0,39231.0,GC
2025-09-16 18:15:00+00:00,3724.7,3724.9,3723.3,3724.6,1316,33.0,1.0,39231.0,GC
2025-09-16 18:30:00+00:00,3724.6,3725.3,3724.4,3724.9,722,33.0,1.0,39231.0,GC
2025-09-16 18:45:00+00:00,3725.1,3727.0,3724.7,3726.7,841,33.0,1.0,39231.0,GC
2025-09-16 19:00:00+00:00,3726.7,3727.0,3725.1,3727.0,954,33.0,1.0,39231.0,GC
2025-09-16 19:15:00+00:00,3726.9,3727.1,3724.9,3724.9,579,33.0,1.0,39231.0,GC
2025-09-16 19:30:00+00:00,3724.8,3725.8,3724.0,3725.7,800,33.0,1.0,39231.0,GC
2025-09-16 19:45:00+00:00,3725.7,3727.6,3725.7,3726.6,1528,33.0,1.0,39231.0,GC
2025-09-16 20:00:00+00:00,3726.8,3729.8,3726.6,3729.7,810,33.0,1.0,39231.0,GC
2025-09-16 20:15:00+00:00,3729.8,3731.1,3729.5,3731.0,752,33.0,1.0,39231.0,GC
2025-09-16 20:30:00+00:00,3731.0,3731.3,3729.9,3730.3,618,33.0,1.0,39231.0,GC
2025-09-16 20:45:00+00:00,3730.3,3730.3,3727.2,3727.5,688,33.0,1.0,39231.0,GC
2025-09-16 22:00:00+00:00,3727.3,3728.7,3726.4,3728.7,430,33.0,1.0,39231.0,GC
2025-09-16 22:15:00+00:00,3728.7,3728.9,3728.1,3728.5,559,33.0,1.0,39231.0,GC
2025-09-16 22:30:00+00:00,3728.5,3730.2,3728.4,3730.2,503,33.0,1.0,39231.0,GC
2025-09-16 22:45:00+00:00,3730.2,3730.3,3728.2,3729.0,678,33.0,1.0,39231.0,GC
2025-09-16 23:00:00+00:00,3729.2,3732.3,3729.1,3731.4,800,33.0,1.0,39231.0,GC
2025-09-16 23:15:00+00:00,3731.6,3732.3,3731.1,3732.1,466,33.0,1.0,39231.0,GC
2025-09-16 23:30:00+00:00,3732.1,3732.4,3730.8,3730.8,309,33.0,1.0,39231.0,GC
2025-09-16 23:45:00+00:00,3730.9,3732.8,3730.0,3731.7,1182,33.0,1.0,39231.0,GC
2025-09-17 00:00:00+00:00,3731.9,3732.8,3729.7,3732.5,887,33.0,1.0,39231.0,GC
2025-09-17 00:15:00+00:00,3732.5,3732.6,3729.9,3730.8,387,33.0,1.0,39231.0,GC
2025-09-17 00:30:00+00:00,3730.9,3731.0,3729.7,3729.7,361,33.0,1.0,39231.0,GC
2025-09-17 00:45:00+00:00,3729.8,3729.8,3727.8,3728.1,664,33.0,1.0,39231.0,GC
2025-09-17 01:00:00+00:00,3728.1,3728.9,3726.8,3728.0,1040,33.0,1.0,39231.0,GC
2025-09-17 01:15:00+00:00,3728.0,3728.1,3722.6,3722.8,1412,33.0,1.0,39231.0,GC
2025-09-17 01:30:00+00:00,3722.7,3723.0,3712.4,3714.6,5768,33.0,1.0,39231.0,GC
2025-09-17 01:45:00+00:00,3714.4,3718.5,3713.3,3716.7,2381,33.0,1.0,39231.0,GC
2025-09-17 02:00:00+00:00,3716.6,3718.7,3713.0,3718.4,2367,33.0,1.0,39231.0,GC
2025-09-17 02:15:00+00:00,3718.5,3718.9,3714.8,3714.8,1378,33.0,1.0,39231.0,GC
2025-09-17 02:30:00+00:00,3714.8,3718.2,3710.7,3717.9,3132,33.0,1.0,39231.0,GC
2025-09-17 02:45:00+00:00,3718.0,3720.9,3717.3,3718.8,1717,33.0,1.0,39231.0,GC
2025-09-17 03:00:00+00:00,3718.9,3719.7,3716.5,3718.3,1144,33.0,1.0,39231.0,GC
2025-09-17 03:15:00+00:00,3718.6,3720.2,3717.6,3718.0,996,33.0,1.0,39231.0,GC
2025-09-17 03:30:00+00:00,3718.0,3719.4,3717.8,3719.0,311,33.0,1.0,39231.0,GC
2025-09-17 03:45:00+00:00,3719.2,3719.4,3717.4,3718.3,453,33.0,1.0,39231.0,GC
2025-09-17 04:00:00+00:00,3718.5,3719.1,3717.9,3718.7,205,33.0,1.0,39231.0,GC
2025-09-17 04:15:00+00:00,3718.7,3719.0,3717.4,3717.8,195,33.0,1.0,39231.0,GC
2025-09-17 04:30:00+00:00,3717.6,3718.7,3717.2,3718.1,271,33.0,1.0,39231.0,GC
2025-09-17 04:45:00+00:00,3718.1,3718.4,3716.8,3717.1,248,33.0,1.0,39231.0,GC
2025-09-17 05:00:00+00:00,3717.2,3722.7,3717.0,3719.9,1494,33.0,1.0,39231.0,GC
2025-09-17 05:15:00+00:00,3720.0,3720.6,3715.5,3717.3,1332,33.0,1.0,39231.0,GC
2025-09-17 05:30:00+00:00,3717.4,3718.4,3713.0,3715.8,1776,33.0,1.0,39231.0,GC
2025-09-17 05:45:00+00:00,3715.8,3717.0,3714.3,3716.4,861,33.0,1.0,39231.0,GC
2025-09-17 06:00:00+00:00,3716.6,3717.4,3712.1,3713.4,1389,33.0,1.0,39231.0,GC
2025-09-17 06:15:00+00:00,3713.2,3716.4,3712.3,3713.0,1229,33.0,1.0,39231.0,GC
2025-09-17 06:30:00+00:00,3712.8,3714.0,3707.7,3708.8,2973,33.0,1.0,39231.0,GC
2025-09-17 06:45:00+00:00,3708.6,3713.5,3708.3,3711.8,2615,33.0,1.0,39231.0,GC
2025-09-17 07:00:00+00:00,3711.7,3714.3,3706.6,3707.7,2285,33.0,1.0,39231.0,GC
2025-09-17 07:15:00+00:00,3707.7,3708.1,3703.0,3703.8,2497,33.0,1.0,39231.0,GC
2025-09-17 07:30:00+00:00,3703.7,3707.5,3702.8,3706.8,2077,33.0,1.0,39231.0,GC
2025-09-17 07:45:00+00:00,3706.8,3707.3,3703.3,3703.7,1110,33.0,1.0,39231.0,GC
2025-09-17 08:00:00+00:00,3703.7,3703.8,3700.8,3701.2,2740,33.0,1.0,39231.0,GC
2025-09-17 08:15:00+00:00,3701.2,3703.3,3699.2,3703.0,2261,33.0,1.0,39231.0,GC
2025-09-17 08:30:00+00:00,3703.1,3704.2,3698.6,3700.1,2682,33.0,1.0,39231.0,GC
2025-09-17 08:45:00+00:00,3700.1,3702.8,3699.6,3701.0,1781,33.0,1.0,39231.0,GC
2025-09-17 09:00:00+00:00,3700.8,3705.0,3699.8,3704.4,2573,33.0,1.0,39231.0,GC
2025-09-17 09:15:00+00:00,3704.3,3707.1,3704.3,3704.7,1818,33.0,1.0,39231.0,GC
2025-09-17 09:30:00+00:00,3704.7,3706.4,3703.3,3704.3,1552,33.0,1.0,39231.0,GC
2025-09-17 09:45:00+00:00,3704.2,3705.6,3703.4,3703.9,814,33.0,1.0,39231.0,GC
2025-09-17 10:00:00+00:00,3703.8,3706.0,3696.7,3700.7,2812,33.0,1.0,39231.0,GC
2025-09-17 10:15:00+00:00,3700.8,3703.7,3700.6,3702.6,1476,33.0,1.0,39231.0,GC
2025-09-17 10:30:00+00:00,3702.6,3702.6,3700.1,3701.9,1133,33.0,1.0,39231.0,GC
2025-09-17 10:45:00+00:00,3702.1,3702.9,3695.6,3697.0,2493,33.0,1.0,39231.0,GC
2025-09-17 11:00:00+00:00,3696.9,3700.8,3695.4,3698.8,1998,33.0,1.0,39231.0,GC
2025-09-17 11:15:00+00:00,3698.7,3704.1,3698.0,3703.7,1792,33.0,1.0,39231.0,GC
2025-09-17 11:30:00+00:00,3703.5,3704.2,3701.0,3703.3,1672,33.0,1.0,39231.0,GC
2025-09-17 11:45:00+00:00,3703.5,3705.5,3699.7,3701.2,2062,33.0,1.0,39231.0,GC
2025-09-17 12:00:00+00:00,3701.4,3707.0,3701.0,3704.6,2062,33.0,1.0,39231.0,GC
2025-09-17 12:15:00+00:00,3704.5,3707.4,3704.2,3706.0,2003,33.0,1.0,39231.0,GC
2025-09-17 12:30:00+00:00,3705.7,3710.6,3705.0,3710.0,3063,33.0,1.0,39231.0,GC
2025-09-17 12:45:00+00:00,3709.8,3714.5,3709.5,3713.9,2696,33.0,1.0,39231.0,GC
2025-09-17 13:00:00+00:00,3714.0,3714.6,3707.6,3713.3,3874,33.0,1.0,39231.0,GC
2025-09-17 13:15:00+00:00,3713.4,3714.1,3709.0,3712.0,2896,33.0,1.0,39231.0,GC
2025-09-17 13:30:00+00:00,3712.2,3718.6,3711.6,3714.8,5193,33.0,1.0,39231.0,GC
2025-09-17 13:45:00+00:00,3714.9,3715.4,3711.9,3714.2,3597,33.0,1.0,39231.0,GC
2025-09-17 14:00:00+00:00,3714.1,3719.3,3712.2,3719.0,4015,33.0,1.0,39231.0,GC
2025-09-17 14:15:00+00:00,3719.1,3720.3,3716.7,3718.2,3834,33.0,1.0,39231.0,GC
2025-09-17 14:30:00+00:00,3718.2,3720.6,3717.9,3720.1,2475,33.0,1.0,39231.0,GC
2025-09-17 14:45:00+00:00,3720.0,3721.2,3717.5,3719.3,2458,33.0,1.0,39231.0,GC
2025-09-17 15:00:00+00:00,3719.2,3721.8,3718.1,3720.4,2294,33.0,1.0,39231.0,GC
2025-09-17 15:15:00+00:00,3720.4,3721.3,3719.1,3720.1,1823,33.0,1.0,39231.0,GC
2025-09-17 15:30:00+00:00,3720.0,3722.0,3719.3,3719.7,1707,33.0,1.0,39231.0,GC
2025-09-17 15:45:00+00:00,3719.6,3720.1,3717.3,3718.6,1580,33.0,1.0,39231.0,GC
2025-09-17 16:00:00+00:00,3718.8,3722.4,3718.7,3721.0,1857,33.0,1.0,39231.0,GC
2025-09-17 16:15:00+00:00,3721.0,3724.4,3720.8,3723.7,1531,33.0,1.0,39231.0,GC
2025-09-17 16:30:00+00:00,3723.8,3723.9,3721.7,3721.9,1070,33.0,1.0,39231.0,GC
2025-09-17 16:45:00+00:00,3722.0,3723.0,3719.6,3720.4,1603,33.0,1.0,39231.0,GC
2025-09-17 17:00:00+00:00,3720.4,3720.6,3717.6,3718.9,1263,33.0,1.0,39231.0,GC
2025-09-17 17:15:00+00:00,3718.8,3719.3,3713.9,3718.0,3668,33.0,1.0,39231.0,GC
2025-09-17 17:30:00+00:00,3718.0,3720.9,3717.7,3719.9,1455,33.0,1.0,39231.0,GC
2025-09-17 17:45:00+00:00,3720.1,3723.0,3720.1,3722.3,1823,33.0,1.0,39231.0,GC
2025-09-17 18:00:00+00:00,3722.4,3744.0,3685.0,3723.7,30956,33.0,1.0,39231.0,GC
2025-09-17 18:15:00+00:00,3723.8,3727.9,3714.4,3717.2,9997,33.0,1.0,39231.0,GC
2025-09-17 18:30:00+00:00,3717.7,3719.6,3693.8,3697.6,15490,33.0,1.0,39231.0,GC
2025-09-17 18:45:00+00:00,3697.6,3699.0,3679.5,3685.9,15717,33.0,1.0,39231.0,GC
2025-09-17 19:00:00+00:00,3685.8,3700.0,3681.0,3685.6,10692,33.0,1.0,39231.0,GC
2025-09-17 19:15:00+00:00,3685.7,3702.8,3683.0,3699.6,6546,33.0,1.0,39231.0,GC
2025-09-17 19:30:00+00:00,3699.5,3700.8,3692.6,3696.0,4631,33.0,1.0,39231.0,GC
2025-09-17 19:45:00+00:00,3696.2,3697.5,3689.5,3696.2,3680,33.0,1.0,39231.0,GC
2025-09-17 20:00:00+00:00,3696.2,3696.3,3692.7,3693.7,1085,33.0,1.0,39231.0,GC
2025-09-17 20:15:00+00:00,3693.7,3695.2,3690.7,3694.3,1045,33.0,1.0,39231.0,GC
2025-09-17 20:30:00+00:00,3693.8,3695.1,3692.1,3692.8,672,33.0,1.0,39231.0,GC
2025-09-17 20:45:00+00:00,3692.9,3694.8,3692.6,3694.6,589,33.0,1.0,39231.0,GC
2025-09-17 22:00:00+00:00,3692.5,3698.2,3688.2,3696.4,1679,33.0,1.0,39231.0,GC
2025-09-17 22:15:00+00:00,3696.3,3698.4,3694.4,3697.2,893,33.0,1.0,39231.0,GC
2025-09-17 22:30:00+00:00,3697.3,3697.6,3694.2,3697.1,639,33.0,1.0,39231.0,GC
2025-09-17 22:45:00+00:00,3697.2,3697.2,3695.5,3695.8,592,33.0,1.0,39231.0,GC
2025-09-17 23:00:00+00:00,3695.6,3700.7,3694.8,3700.6,970,33.0,1.0,39231.0,GC
2025-09-17 23:15:00+00:00,3700.7,3705.6,3700.2,3704.8,1297,33.0,1.0,39231.0,GC
2025-09-17 23:30:00+00:00,3704.8,3704.8,3701.5,3703.4,887,33.0,1.0,39231.0,GC
2025-09-17 23:45:00+00:00,3703.5,3704.8,3702.7,3703.0,398,33.0,1.0,39231.0,GC
2025-09-18 00:00:00+00:00,3703.5,3703.9,3695.0,3697.6,1555,33.0,1.0,39231.0,GC
2025-09-18 00:15:00+00:00,3697.6,3699.5,3695.2,3695.8,818,33.0,1.0,39231.0,GC
2025-09-18 00:30:00+00:00,3695.9,3697.0,3692.1,3694.0,1472,33.0,1.0,39231.0,GC
2025-09-18 00:45:00+00:00,3694.0,3700.0,3693.9,3699.6,1391,33.0,1.0,39231.0,GC
2025-09-18 01:00:00+00:00,3699.5,3703.6,3689.3,3695.3,3673,33.0,1.0,39231.0,GC
2025-09-18 01:15:00+00:00,3695.3,3695.3,3687.7,3690.5,3117,33.0,1.0,39231.0,GC
2025-09-18 01:30:00+00:00,3690.3,3693.6,3686.6,3690.1,3251,33.0,1.0,39231.0,GC
2025-09-18 01:45:00+00:00,3690.0,3692.9,3687.5,3692.6,1484,33.0,1.0,39231.0,GC
2025-09-18 02:00:00+00:00,3692.7,3698.5,3691.1,3698.1,1865,33.0,1.0,39231.0,GC
2025-09-18 02:15:00+00:00,3698.2,3698.7,3696.4,3697.3,907,33.0,1.0,39231.0,GC
2025-09-18 02:30:00+00:00,3697.3,3699.5,3694.9,3697.1,1652,33.0,1.0,39231.0,GC
2025-09-18 02:45:00+00:00,3697.0,3700.3,3696.9,3699.2,1025,33.0,1.0,39231.0,GC
2025-09-18 03:00:00+00:00,3699.1,3700.6,3695.9,3697.7,926,33.0,1.0,39231.0,GC
2025-09-18 03:15:00+00:00,3697.3,3697.7,3695.5,3697.1,569,33.0,1.0,39231.0,GC
2025-09-18 03:30:00+00:00,3697.2,3697.3,3695.0,3695.1,322,33.0,1.0,39231.0,GC
2025-09-18 03:45:00+00:00,3695.1,3695.8,3692.1,3692.9,744,33.0,1.0,39231.0,GC
2025-09-18 04:00:00+00:00,3693.0,3693.4,3691.2,3692.9,589,33.0,1.0,39231.0,GC
2025-09-18 04:15:00+00:00,3693.0,3693.7,3692.3,3692.5,582,33.0,1.0,39231.0,GC
2025-09-18 04:30:00+00:00,3692.6,3693.0,3689.8,3691.3,1280,33.0,1.0,39231.0,GC
2025-09-18 04:45:00+00:00,3691.3,3692.1,3688.0,3688.3,1624,33.0,1.0,39231.0,GC
2025-09-18 05:00:00+00:00,3688.4,3690.5,3687.1,3689.4,2461,33.0,1.0,39231.0,GC
2025-09-18 05:15:00+00:00,3689.4,3693.2,3689.4,3692.7,900,33.0,1.0,39231.0,GC
2025-09-18 05:30:00+00:00,3692.6,3693.8,3686.0,3688.4,2173,33.0,1.0,39231.0,GC
2025-09-18 05:45:00+00:00,3688.1,3688.6,3683.1,3685.3,2745,33.0,1.0,39231.0,GC
2025-09-18 06:00:00+00:00,3685.4,3685.6,3667.3,3670.9,9496,33.0,1.0,39231.0,GC
2025-09-18 06:15:00+00:00,3671.0,3674.0,3668.0,3672.8,3883,33.0,1.0,39231.0,GC
2025-09-18 06:30:00+00:00,3672.8,3674.4,3669.1,3670.9,2110,33.0,1.0,39231.0,GC
2025-09-18 06:45:00+00:00,3671.0,3673.3,3669.9,3670.9,1885,33.0,1.0,39231.0,GC
2025-09-18 07:00:00+00:00,3671.0,3678.4,3668.8,3677.8,3406,33.0,1.0,39231.0,GC
2025-09-18 07:15:00+00:00,3677.9,3683.7,3677.0,3682.9,3510,33.0,1.0,39231.0,GC
2025-09-18 07:30:00+00:00,3682.7,3692.9,3681.6,3692.4,3598,33.0,1.0,39231.0,GC
2025-09-18 07:45:00+00:00,3692.5,3693.7,3690.6,3692.5,2634,33.0,1.0,39231.0,GC
2025-09-18 08:00:00+00:00,3692.4,3692.9,3688.0,3689.3,2068,33.0,1.0,39231.0,GC
2025-09-18 08:15:00+00:00,3689.5,3691.0,3687.7,3690.4,1558,33.0,1.0,39231.0,GC
2025-09-18 08:30:00+00:00,3690.6,3697.3,3689.1,3696.9,2676,33.0,1.0,39231.0,GC
2025-09-18 08:45:00+00:00,3696.9,3700.4,3695.8,3700.2,2055,33.0,1.0,39231.0,GC
2025-09-18 09:00:00+00:00,3700.0,3703.6,3699.0,3702.0,2742,33.0,1.0,39231.0,GC
2025-09-18 09:15:00+00:00,3701.9,3707.3,3700.3,3705.8,2971,33.0,1.0,39231.0,GC
2025-09-18 09:30:00+00:00,3705.6,3707.2,3704.1,3706.0,2586,33.0,1.0,39231.0,GC
2025-09-18 09:45:00+00:00,3706.0,3706.8,3704.4,3706.4,1344,33.0,1.0,39231.0,GC
2025-09-18 10:00:00+00:00,3706.2,3707.1,3701.9,3702.0,1741,33.0,1.0,39231.0,GC
2025-09-18 10:15:00+00:00,3702.1,3704.0,3699.8,3703.8,1543,33.0,1.0,39231.0,GC
2025-09-18 10:30:00+00:00,3703.8,3705.1,3700.0,3700.2,1169,33.0,1.0,39231.0,GC
2025-09-18 10:45:00+00:00,3700.4,3703.8,3700.0,3701.2,899,33.0,1.0,39231.0,GC
2025-09-18 11:00:00+00:00,3701.3,3702.9,3699.3,3701.6,1138,33.0,1.0,39231.0,GC
2025-09-18 11:15:00+00:00,3701.6,3704.9,3699.7,3699.7,1323,33.0,1.0,39231.0,GC
2025-09-18 11:30:00+00:00,3700.0,3703.4,3698.1,3701.0,1229,33.0,1.0,39231.0,GC
2025-09-18 11:45:00+00:00,3700.9,3702.2,3698.7,3700.7,1118,33.0,1.0,39231.0,GC
2025-09-18 12:00:00+00:00,3700.9,3702.0,3699.3,3700.6,1284,33.0,1.0,39231.0,GC
2025-09-18 12:15:00+00:00,3700.6,3706.4,3699.5,3705.4,2360,33.0,1.0,39231.0,GC
2025-09-18 12:30:00+00:00,3705.2,3705.2,3698.2,3702.6,4177,33.0,1.0,39231.0,GC
2025-09-18 12:45:00+00:00,3702.7,3703.7,3696.4,3696.9,3168,33.0,1.0,39231.0,GC
2025-09-18 13:00:00+00:00,3696.9,3697.8,3688.6,3692.5,7388,33.0,1.0,39231.0,GC
2025-09-18 13:15:00+00:00,3692.6,3695.4,3685.6,3687.7,4665,33.0,1.0,39231.0,GC
2025-09-18 13:30:00+00:00,3687.8,3688.8,3662.3,3662.8,15331,33.0,1.0,39231.0,GC
2025-09-18 13:45:00+00:00,3662.8,3675.9,3660.5,3675.4,12516,33.0,1.0,39231.0,GC
2025-09-18 14:00:00+00:00,3675.3,3679.4,3671.5,3674.0,8040,33.0,1.0,39231.0,GC
2025-09-18 14:15:00+00:00,3674.0,3674.1,3667.5,3668.8,5250,33.0,1.0,39231.0,GC
2025-09-18 14:30:00+00:00,3669.0,3677.3,3668.5,3675.6,4553,33.0,1.0,39231.0,GC
2025-09-18 14:45:00+00:00,3675.6,3679.8,3671.7,3671.8,4203,33.0,1.0,39231.0,GC
2025-09-18 15:00:00+00:00,3672.0,3675.8,3669.8,3672.5,3384,33.0,1.0,39231.0,GC
2025-09-18 15:15:00+00:00,3672.4,3675.7,3671.5,3672.4,2041,33.0,1.0,39231.0,GC
2025-09-18 15:30:00+00:00,3672.3,3674.6,3671.8,3673.3,1720,33.0,1.0,39231.0,GC
2025-09-18 15:45:00+00:00,3673.2,3674.9,3672.0,3674.5,1809,33.0,1.0,39231.0,GC
2025-09-18 16:00:00+00:00,3674.6,3677.7,3674.0,3676.8,3518,33.0,1.0,39231.0,GC
2025-09-18 16:15:00+00:00,3676.7,3679.2,3676.3,3677.0,1689,33.0,1.0,39231.0,GC
2025-09-18 16:30:00+00:00,3677.3,3677.9,3676.3,3676.9,1313,33.0,1.0,39231.0,GC
2025-09-18 16:45:00+00:00,3676.7,3680.7,3676.3,3679.2,2800,33.0,1.0,39231.0,GC
2025-09-18 17:00:00+00:00,3679.3,3680.0,3677.6,3678.2,2927,33.0,1.0,39231.0,GC
2025-09-18 17:15:00+00:00,3678.3,3679.5,3676.9,3678.4,2447,33.0,1.0,39231.0,GC
2025-09-18 17:30:00+00:00,3678.4,3679.0,3676.6,3677.1,1243,33.0,1.0,39231.0,GC
2025-09-18 17:45:00+00:00,3677.0,3677.6,3676.3,3676.6,807,33.0,1.0,39231.0,GC
2025-09-18 18:00:00+00:00,3676.7,3676.8,3673.6,3674.6,1506,33.0,1.0,39231.0,GC
2025-09-18 18:15:00+00:00,3674.7,3675.9,3674.1,3675.7,546,33.0,1.0,39231.0,GC
2025-09-18 18:30:00+00:00,3675.6,3676.2,3674.3,3674.6,1512,33.0,1.0,39231.0,GC
2025-09-18 18:45:00+00:00,3674.6,3676.1,3674.2,3674.6,754,33.0,1.0,39231.0,GC
2025-09-18 19:00:00+00:00,3674.5,3676.0,3673.7,3675.3,460,33.0,1.0,39231.0,GC
2025-09-18 19:15:00+00:00,3675.4,3677.9,3675.0,3676.2,1088,33.0,1.0,39231.0,GC
2025-09-18 19:30:00+00:00,3676.3,3677.5,3675.9,3677.2,1062,33.0,1.0,39231.0,GC
2025-09-18 19:45:00+00:00,3677.3,3680.0,3676.8,3679.7,1339,33.0,1.0,39231.0,GC
2025-09-18 20:00:00+00:00,3679.7,3680.4,3678.2,3679.1,679,33.0,1.0,39231.0,GC
2025-09-18 20:15:00+00:00,3679.1,3679.7,3678.7,3679.2,247,33.0,1.0,39231.0,GC
2025-09-18 20:30:00+00:00,3679.3,3679.5,3677.3,3678.1,244,33.0,1.0,39231.0,GC
2025-09-18 20:45:00+00:00,3678.1,3678.3,3677.4,3678.2,307,33.0,1.0,39231.0,GC
2025-09-18 22:00:00+00:00,3677.7,3678.2,3675.0,3675.8,414,33.0,1.0,39231.0,GC
2025-09-18 22:15:00+00:00,3675.9,3676.5,3674.5,3674.8,202,33.0,1.0,39231.0,GC
2025-09-18 22:30:00+00:00,3674.8,3676.2,3674.7,3675.4,221,33.0,1.0,39231.0,GC
2025-09-18 22:45:00+00:00,3675.4,3675.5,3672.6,3673.6,316,33.0,1.0,39231.0,GC
2025-09-18 23:00:00+00:00,3673.4,3674.9,3673.3,3673.6,259,33.0,1.0,39231.0,GC
2025-09-18 23:15:00+00:00,3673.8,3673.8,3671.6,3672.1,335,33.0,1.0,39231.0,GC
2025-09-18 23:30:00+00:00,3671.9,3672.6,3670.4,3670.9,836,33.0,1.0,39231.0,GC
2025-09-18 23:45:00+00:00,3670.8,3673.1,3670.5,3672.8,581,33.0,1.0,39231.0,GC
2025-09-19 00:00:00+00:00,3673.0,3675.4,3670.9,3671.9,1009,33.0,1.0,39231.0,GC
2025-09-19 00:15:00+00:00,3672.0,3672.4,3668.9,3670.5,1239,33.0,1.0,39231.0,GC
2025-09-19 00:30:00+00:00,3670.7,3671.4,3668.5,3671.2,1002,33.0,1.0,39231.0,GC
2025-09-19 00:45:00+00:00,3671.0,3673.8,3670.1,3672.7,1224,33.0,1.0,39231.0,GC
2025-09-19 01:00:00+00:00,3672.6,3684.3,3672.2,3681.5,2841,33.0,1.0,39231.0,GC
2025-09-19 01:15:00+00:00,3681.6,3683.6,3679.5,3680.6,1509,33.0,1.0,39231.0,GC
2025-09-19 01:30:00+00:00,3681.0,3681.5,3678.4,3679.3,1001,33.0,1.0,39231.0,GC
2025-09-19 01:45:00+00:00,3679.4,3679.7,3664.4,3672.2,6614,33.0,1.0,39231.0,GC
2025-09-19 02:00:00+00:00,3672.2,3679.7,3671.2,3679.3,2593,33.0,1.0,39231.0,GC
2025-09-19 02:15:00+00:00,3679.4,3679.6,3676.3,3678.4,901,33.0,1.0,39231.0,GC
2025-09-19 02:30:00+00:00,3678.3,3680.4,3676.5,3679.4,1224,33.0,1.0,39231.0,GC
2025-09-19 02:45:00+00:00,3679.5,3683.3,3677.4,3680.5,1733,33.0,1.0,39231.0,GC
2025-09-19 03:00:00+00:00,3680.6,3681.1,3678.3,3680.2,554,33.0,1.0,39231.0,GC
2025-09-19 03:15:00+00:00,3680.3,3688.4,3679.8,3687.0,2247,33.0,1.0,39231.0,GC
2025-09-19 03:30:00+00:00,3687.0,3688.8,3686.5,3688.6,1605,33.0,1.0,39231.0,GC
2025-09-19 03:45:00+00:00,3688.7,3689.6,3685.8,3686.6,1554,33.0,1.0,39231.0,GC
2025-09-19 04:00:00+00:00,3686.8,3692.4,3686.8,3691.6,1824,33.0,1.0,39231.0,GC
2025-09-19 04:15:00+00:00,3691.8,3692.8,3690.8,3692.0,840,33.0,1.0,39231.0,GC
2025-09-19 04:30:00+00:00,3692.0,3692.2,3689.7,3691.4,850,33.0,1.0,39231.0,GC
2025-09-19 04:45:00+00:00,3691.5,3692.5,3689.9,3691.5,909,33.0,1.0,39231.0,GC
2025-09-19 05:00:00+00:00,3691.5,3694.1,3690.2,3690.8,1178,33.0,1.0,39231.0,GC
2025-09-19 05:15:00+00:00,3690.8,3692.9,3689.3,3691.5,1068,33.0,1.0,39231.0,GC
2025-09-19 05:30:00+00:00,3691.5,3691.8,3685.8,3689.2,1772,33.0,1.0,39231.0,GC
2025-09-19 05:45:00+00:00,3689.1,3690.1,3684.7,3685.6,1251,33.0,1.0,39231.0,GC
2025-09-19 06:00:00+00:00,3685.6,3687.2,3684.0,3684.8,1889,33.0,1.0,39231.0,GC
2025-09-19 06:15:00+00:00,3684.6,3685.1,3679.5,3683.6,2081,33.0,1.0,39231.0,GC
2025-09-19 06:30:00+00:00,3683.4,3684.3,3675.9,3680.4,3395,33.0,1.0,39231.0,GC
2025-09-19 06:45:00+00:00,3680.3,3681.1,3677.3,3679.7,1360,33.0,1.0,39231.0,GC
2025-09-19 07:00:00+00:00,3679.8,3683.3,3676.9,3681.9,2233,33.0,1.0,39231.0,GC
2025-09-19 07:15:00+00:00,3681.8,3686.3,3681.5,3685.2,1770,33.0,1.0,39231.0,GC
2025-09-19 07:30:00+00:00,3685.3,3686.4,3683.3,3684.7,1148,33.0,1.0,39231.0,GC
2025-09-19 07:45:00+00:00,3684.6,3689.3,3684.2,3686.0,1819,33.0,1.0,39231.0,GC
2025-09-19 08:00:00+00:00,3685.7,3687.4,3683.7,3684.1,1764,33.0,1.0,39231.0,GC
2025-09-19 08:15:00+00:00,3684.0,3686.2,3681.8,3684.9,1826,33.0,1.0,39231.0,GC
2025-09-19 08:30:00+00:00,3685.0,3688.4,3684.8,3687.0,1492,33.0,1.0,39231.0,GC
2025-09-19 08:45:00+00:00,3686.9,3689.2,3686.9,3688.2,755,33.0,1.0,39231.0,GC
2025-09-19 09:00:00+00:00,3688.3,3690.0,3687.5,3688.7,998,33.0,1.0,39231.0,GC
2025-09-19 09:15:00+00:00,3688.8,3690.9,3688.8,3689.2,1053,33.0,1.0,39231.0,GC
2025-09-19 09:30:00+00:00,3689.1,3690.7,3688.7,3690.2,1169,33.0,1.0,39231.0,GC
2025-09-19 09:45:00+00:00,3690.2,3691.4,3687.9,3691.2,958,33.0,1.0,39231.0,GC
2025-09-19 10:00:00+00:00,3691.3,3691.5,3689.7,3691.3,719,33.0,1.0,39231.0,GC
2025-09-19 10:15:00+00:00,3691.3,3691.9,3689.4,3689.6,832,33.0,1.0,39231.0,GC
2025-09-19 10:30:00+00:00,3689.7,3690.7,3687.5,3689.6,852,33.0,1.0,39231.0,GC
2025-09-19 10:45:00+00:00,3689.6,3690.0,3687.5,3688.5,433,33.0,1.0,39231.0,GC
2025-09-19 11:00:00+00:00,3688.5,3688.5,3684.7,3685.1,1281,33.0,1.0,39231.0,GC
2025-09-19 11:15:00+00:00,3685.1,3685.9,3682.7,3683.0,2101,33.0,1.0,39231.0,GC
2025-09-19 11:30:00+00:00,3683.0,3683.8,3679.3,3679.6,1753,33.0,1.0,39231.0,GC
2025-09-19 11:45:00+00:00,3679.7,3681.5,3677.5,3680.5,2061,33.0,1.0,39231.0,GC
2025-09-19 12:00:00+00:00,3680.5,3683.7,3678.9,3683.1,2045,33.0,1.0,39231.0,GC
2025-09-19 12:15:00+00:00,3683.1,3684.3,3679.0,3679.8,2170,33.0,1.0,39231.0,GC
2025-09-19 12:30:00+00:00,3679.5,3681.4,3678.4,3679.3,1949,33.0,1.0,39231.0,GC
2025-09-19 12:45:00+00:00,3679.4,3682.3,3676.5,3681.7,2329,33.0,1.0,39231.0,GC
2025-09-19 13:00:00+00:00,3681.5,3686.3,3676.2,3686.1,4069,33.0,1.0,39231.0,GC
2025-09-19 13:15:00+00:00,3686.0,3688.4,3684.7,3688.4,3269,33.0,1.0,39231.0,GC
2025-09-19 13:30:00+00:00,3688.4,3691.4,3686.3,3689.5,4181,33.0,1.0,39231.0,GC
2025-09-19 13:45:00+00:00,3689.6,3697.3,3687.3,3696.1,5050,33.0,1.0,39231.0,GC
2025-09-19 14:00:00+00:00,3696.2,3697.3,3692.0,3693.5,4419,33.0,1.0,39231.0,GC
2025-09-19 14:15:00+00:00,3693.5,3697.7,3688.9,3697.0,4186,33.0,1.0,39231.0,GC
2025-09-19 14:30:00+00:00,3697.2,3699.0,3695.4,3697.6,3622,33.0,1.0,39231.0,GC
2025-09-19 14:45:00+00:00,3697.5,3703.0,3696.1,3700.8,5984,33.0,1.0,39231.0,GC
2025-09-19 15:00:00+00:00,3700.9,3706.8,3699.0,3706.3,6593,33.0,1.0,39231.0,GC
2025-09-19 15:15:00+00:00,3706.4,3709.5,3703.9,3704.9,5644,33.0,1.0,39231.0,GC
2025-09-19 15:30:00+00:00,3705.0,3705.0,3701.4,3704.2,3134,33.0,1.0,39231.0,GC
2025-09-19 15:45:00+00:00,3704.0,3705.1,3702.3,3704.2,1700,33.0,1.0,39231.0,GC
2025-09-19 16:00:00+00:00,3704.1,3706.7,3701.0,3702.0,3352,33.0,1.0,39231.0,GC
2025-09-19 16:15:00+00:00,3702.2,3703.5,3699.8,3701.7,1937,33.0,1.0,39231.0,GC
2025-09-19 16:30:00+00:00,3701.6,3704.2,3700.8,3704.1,1127,33.0,1.0,39231.0,GC
2025-09-19 16:45:00+00:00,3704.1,3704.6,3701.5,3702.4,1080,33.0,1.0,39231.0,GC
2025-09-19 17:00:00+00:00,3702.2,3705.2,3702.2,3704.5,1292,33.0,1.0,39231.0,GC
2025-09-19 17:15:00+00:00,3704.6,3706.8,3704.4,3706.0,2235,33.0,1.0,39231.0,GC
2025-09-19 17:30:00+00:00,3705.9,3707.8,3705.8,3707.8,1539,33.0,1.0,39231.0,GC
2025-09-19 17:45:00+00:00,3707.9,3713.9,3707.8,3713.0,4400,33.0,1.0,39231.0,GC
2025-09-19 18:00:00+00:00,3713.1,3714.8,3712.7,3714.4,2517,33.0,1.0,39231.0,GC
2025-09-19 18:15:00+00:00,3714.3,3717.6,3714.3,3716.6,2538,33.0,1.0,39231.0,GC
2025-09-19 18:30:00+00:00,3716.7,3717.0,3715.0,3716.5,1461,33.0,1.0,39231.0,GC
2025-09-19 18:45:00+00:00,3716.5,3718.4,3715.5,3717.7,1608,33.0,1.0,39231.0,GC
2025-09-19 19:00:00+00:00,3717.9,3718.8,3716.7,3718.0,1370,33.0,1.0,39231.0,GC
2025-09-19 19:15:00+00:00,3718.0,3718.3,3717.2,3717.7,738,33.0,1.0,39231.0,GC
2025-09-19 19:30:00+00:00,3717.7,3717.7,3715.1,3717.0,1667,33.0,1.0,39231.0,GC
2025-09-19 19:45:00+00:00,3717.1,3718.8,3716.7,3717.9,1413,33.0,1.0,39231.0,GC
2025-09-19 20:00:00+00:00,3717.8,3718.1,3715.5,3715.8,646,33.0,1.0,39231.0,GC
2025-09-19 20:15:00+00:00,3715.8,3717.9,3715.1,3717.6,934,33.0,1.0,39231.0,GC
2025-09-19 20:30:00+00:00,3717.6,3719.5,3717.2,3719.1,862,33.0,1.0,39231.0,GC
2025-09-19 20:45:00+00:00,3719.1,3719.6,3718.6,3719.4,1033,33.0,1.0,39231.0,GC
2025-09-21 22:00:00+00:00,3721.3,3723.0,3718.1,3722.9,2050,33.0,1.0,39231.0,GC
2025-09-21 22:15:00+00:00,3722.9,3727.4,3721.1,3726.3,1977,33.0,1.0,39231.0,GC
2025-09-21 22:30:00+00:00,3726.3,3726.3,3724.4,3726.0,822,33.0,1.0,39231.0,GC
2025-09-21 22:45:00+00:00,3726.1,3726.5,3722.9,3723.8,1066,33.0,1.0,39231.0,GC
2025-09-21 23:00:00+00:00,3723.8,3724.8,3721.6,3722.4,928,33.0,1.0,39231.0,GC
2025-09-21 23:15:00+00:00,3722.4,3726.1,3722.2,3725.1,626,33.0,1.0,39231.0,GC
2025-09-21 23:30:00+00:00,3725.0,3725.2,3722.1,3722.3,761,33.0,1.0,39231.0,GC
2025-09-21 23:45:00+00:00,3722.3,3723.4,3721.1,3721.6,1025,33.0,1.0,39231.0,GC
2025-09-22 00:00:00+00:00,3721.4,3725.9,3720.6,3725.7,1493,33.0,1.0,39231.0,GC
2025-09-22 00:15:00+00:00,3725.7,3725.9,3722.6,3724.4,890,33.0,1.0,39231.0,GC
2025-09-22 00:30:00+00:00,3724.9,3725.7,3723.7,3724.7,549,33.0,1.0,39231.0,GC
2025-09-22 00:45:00+00:00,3724.8,3726.1,3722.4,3725.9,920,33.0,1.0,39231.0,GC
2025-09-22 01:00:00+00:00,3725.8,3731.4,3722.4,3730.2,4650,33.0,1.0,39231.0,GC
2025-09-22 01:15:00+00:00,3730.4,3732.5,3724.8,3725.5,1916,33.0,1.0,39231.0,GC
2025-09-22 01:30:00+00:00,3725.2,3728.7,3723.0,3723.4,1597,33.0,1.0,39231.0,GC
2025-09-22 01:45:00+00:00,3723.5,3725.6,3721.5,3724.3,1296,33.0,1.0,39231.0,GC
2025-09-22 02:00:00+00:00,3724.0,3726.3,3722.2,3723.6,1370,33.0,1.0,39231.0,GC
2025-09-22 02:15:00+00:00,3723.4,3726.7,3722.9,3726.5,682,33.0,1.0,39231.0,GC
2025-09-22 02:30:00+00:00,3726.5,3728.4,3721.5,3722.0,1401,33.0,1.0,39231.0,GC
2025-09-22 02:45:00+00:00,3722.0,3723.8,3720.5,3721.4,788,33.0,1.0,39231.0,GC
2025-09-22 03:00:00+00:00,3721.2,3725.5,3721.0,3725.2,886,33.0,1.0,39231.0,GC
2025-09-22 03:15:00+00:00,3725.2,3727.6,3724.2,3726.7,1188,33.0,1.0,39231.0,GC
2025-09-22 03:30:00+00:00,3726.7,3731.0,3726.3,3730.8,1171,33.0,1.0,39231.0,GC
2025-09-22 03:45:00+00:00,3730.7,3733.1,3730.0,3731.1,1801,33.0,1.0,39231.0,GC
2025-09-22 04:00:00+00:00,3730.8,3731.5,3727.2,3728.0,919,33.0,1.0,39231.0,GC
2025-09-22 04:15:00+00:00,3727.9,3728.1,3726.2,3726.8,741,33.0,1.0,39231.0,GC
2025-09-22 04:30:00+00:00,3726.9,3727.9,3725.5,3726.8,720,33.0,1.0,39231.0,GC
2025-09-22 04:45:00+00:00,3726.9,3728.1,3726.5,3727.5,754,33.0,1.0,39231.0,GC
2025-09-22 05:00:00+00:00,3727.4,3729.5,3727.1,3729.2,848,33.0,1.0,39231.0,GC
2025-09-22 05:15:00+00:00,3729.3,3733.2,3729.3,3731.6,1535,33.0,1.0,39231.0,GC
2025-09-22 05:30:00+00:00,3731.5,3735.0,3731.4,3733.9,1862,33.0,1.0,39231.0,GC
2025-09-22 05:45:00+00:00,3733.8,3735.8,3731.8,3732.5,1453,33.0,1.0,39231.0,GC
2025-09-22 06:00:00+00:00,3732.5,3736.1,3730.9,3736.0,2797,33.0,1.0,39231.0,GC
2025-09-22 06:15:00+00:00,3735.8,3740.5,3735.3,3740.4,4300,33.0,1.0,39231.0,GC
2025-09-22 06:30:00+00:00,3740.2,3751.4,3738.8,3750.9,6938,33.0,1.0,39231.0,GC
2025-09-22 06:45:00+00:00,3750.9,3753.4,3747.8,3749.1,4057,33.0,1.0,39231.0,GC
2025-09-22 07:00:00+00:00,3749.1,3749.6,3744.3,3746.1,3194,33.0,1.0,39231.0,GC
2025-09-22 07:15:00+00:00,3746.2,3748.5,3742.9,3747.9,2876,33.0,1.0,39231.0,GC
2025-09-22 07:30:00+00:00,3748.0,3751.0,3746.8,3748.5,2721,33.0,1.0,39231.0,GC
2025-09-22 07:45:00+00:00,3748.5,3749.4,3747.2,3747.5,949,33.0,1.0,39231.0,GC
2025-09-22 08:00:00+00:00,3747.4,3754.1,3746.6,3751.8,2464,33.0,1.0,39231.0,GC
2025-09-22 08:15:00+00:00,3751.9,3754.5,3750.7,3752.4,1666,33.0,1.0,39231.0,GC
2025-09-22 08:30:00+00:00,3752.2,3756.7,3752.2,3756.4,1661,33.0,1.0,39231.0,GC
2025-09-22 08:45:00+00:00,3756.3,3756.8,3754.2,3754.6,1612,33.0,1.0,39231.0,GC
2025-09-22 09:00:00+00:00,3754.6,3756.5,3753.7,3755.1,1412,33.0,1.0,39231.0,GC
2025-09-22 09:15:00+00:00,3754.9,3761.2,3754.9,3759.7,2495,33.0,1.0,39231.0,GC
2025-09-22 09:30:00+00:00,3759.7,3760.0,3755.4,3755.9,2453,33.0,1.0,39231.0,GC
2025-09-22 09:45:00+00:00,3756.0,3759.7,3755.6,3757.9,1517,33.0,1.0,39231.0,GC
2025-09-22 10:00:00+00:00,3757.9,3758.9,3755.4,3757.7,1678,33.0,1.0,39231.0,GC
2025-09-22 10:15:00+00:00,3757.8,3761.9,3757.7,3759.4,1641,33.0,1.0,39231.0,GC
2025-09-22 10:30:00+00:00,3759.6,3761.2,3757.7,3760.5,1284,33.0,1.0,39231.0,GC
2025-09-22 10:45:00+00:00,3760.5,3763.1,3760.4,3762.0,1729,33.0,1.0,39231.0,GC
2025-09-22 11:00:00+00:00,3761.9,3762.5,3760.3,3762.0,1592,33.0,1.0,39231.0,GC
2025-09-22 11:15:00+00:00,3762.0,3762.7,3759.7,3760.8,1494,33.0,1.0,39231.0,GC
2025-09-22 11:30:00+00:00,3760.8,3761.5,3755.5,3755.9,2010,33.0,1.0,39231.0,GC
2025-09-22 11:45:00+00:00,3755.9,3758.9,3755.1,3758.8,2503,33.0,1.0,39231.0,GC
2025-09-22 12:00:00+00:00,3758.9,3759.5,3754.7,3754.9,1935,33.0,1.0,39231.0,GC
2025-09-22 12:15:00+00:00,3754.8,3756.7,3746.0,3749.0,5625,33.0,1.0,39231.0,GC
2025-09-22 12:30:00+00:00,3749.0,3752.9,3747.2,3749.0,3307,33.0,1.0,39231.0,GC
2025-09-22 12:45:00+00:00,3749.0,3757.1,3749.0,3755.5,3631,33.0,1.0,39231.0,GC
2025-09-22 13:00:00+00:00,3755.6,3759.0,3753.1,3756.2,4023,33.0,1.0,39231.0,GC
2025-09-22 13:15:00+00:00,3756.3,3759.2,3754.2,3756.8,2377,33.0,1.0,39231.0,GC
2025-09-22 13:30:00+00:00,3756.9,3758.9,3749.7,3751.3,6679,33.0,1.0,39231.0,GC
2025-09-22 13:45:00+00:00,3751.5,3756.4,3747.1,3756.4,5511,33.0,1.0,39231.0,GC
2025-09-22 14:00:00+00:00,3756.2,3757.7,3751.4,3754.7,4762,33.0,1.0,39231.0,GC
2025-09-22 14:15:00+00:00,3754.7,3756.2,3751.5,3755.7,2937,33.0,1.0,39231.0,GC
2025-09-22 14:30:00+00:00,3755.6,3756.1,3750.7,3753.0,3553,33.0,1.0,39231.0,GC
2025-09-22 14:45:00+00:00,3753.1,3761.0,3753.0,3760.2,4236,33.0,1.0,39231.0,GC
2025-09-22 15:00:00+00:00,3760.0,3761.9,3758.0,3759.0,2931,33.0,1.0,39231.0,GC
2025-09-22 15:15:00+00:00,3759.2,3766.0,3758.4,3765.6,4289,33.0,1.0,39231.0,GC
2025-09-22 15:30:00+00:00,3765.6,3768.0,3764.6,3767.2,3769,33.0,1.0,39231.0,GC
2025-09-22 15:45:00+00:00,3767.0,3770.3,3766.9,3769.9,3150,33.0,1.0,39231.0,GC
2025-09-22 16:00:00+00:00,3769.9,3773.1,3769.2,3769.7,3975,33.0,1.0,39231.0,GC
2025-09-22 16:15:00+00:00,3769.7,3772.6,3769.6,3770.9,2067,33.0,1.0,39231.0,GC
2025-09-22 16:30:00+00:00,3771.0,3773.7,3770.7,3773.5,2580,33.0,1.0,39231.0,GC
2025-09-22 16:45:00+00:00,3773.4,3773.7,3770.2,3771.1,2361,33.0,1.0,39231.0,GC
2025-09-22 17:00:00+00:00,3771.2,3775.5,3771.2,3774.5,2328,33.0,1.0,39231.0,GC
2025-09-22 17:15:00+00:00,3774.6,3776.4,3773.3,3775.1,4018,33.0,1.0,39231.0,GC
2025-09-22 17:30:00+00:00,3775.0,3780.9,3775.0,3780.8,4775,33.0,1.0,39231.0,GC
2025-09-22 17:45:00+00:00,3780.8,3782.0,3779.6,3781.4,2311,33.0,1.0,39231.0,GC
2025-09-22 18:00:00+00:00,3781.4,3782.1,3780.4,3780.8,1607,33.0,1.0,39231.0,GC
2025-09-22 18:15:00+00:00,3780.8,3782.5,3780.0,3780.6,1868,33.0,1.0,39231.0,GC
2025-09-22 18:30:00+00:00,3780.7,3781.4,3779.2,3779.9,1658,33.0,1.0,39231.0,GC
2025-09-22 18:45:00+00:00,3779.9,3782.6,3779.7,3782.1,1914,33.0,1.0,39231.0,GC
2025-09-22 19:00:00+00:00,3782.1,3783.2,3781.6,3781.7,1334,33.0,1.0,39231.0,GC
2025-09-22 19:15:00+00:00,3781.9,3782.6,3778.1,3778.7,2134,33.0,1.0,39231.0,GC
2025-09-22 19:30:00+00:00,3778.6,3781.6,3777.1,3780.1,1726,33.0,1.0,39231.0,GC
2025-09-22 19:45:00+00:00,3780.1,3782.6,3779.8,3781.2,1954,33.0,1.0,39231.0,GC
2025-09-22 20:00:00+00:00,3781.1,3782.0,3780.1,3780.1,1578,33.0,1.0,39231.0,GC
2025-09-22 20:15:00+00:00,3780.1,3782.5,3779.9,3782.5,577,33.0,1.0,39231.0,GC
2025-09-22 20:30:00+00:00,3782.3,3783.3,3781.6,3782.5,777,33.0,1.0,39231.0,GC
2025-09-22 20:45:00+00:00,3782.4,3783.2,3780.3,3781.2,927,33.0,1.0,39231.0,GC
2025-09-22 22:00:00+00:00,3781.2,3782.1,3779.0,3779.1,717,33.0,1.0,39231.0,GC
2025-09-22 22:15:00+00:00,3779.4,3780.5,3777.5,3777.6,389,33.0,1.0,39231.0,GC
2025-09-22 22:30:00+00:00,3777.8,3779.9,3775.8,3776.5,833,33.0,1.0,39231.0,GC
2025-09-22 22:45:00+00:00,3776.6,3777.0,3773.5,3775.5,1468,33.0,1.0,39231.0,GC
2025-09-22 23:00:00+00:00,3775.5,3777.8,3774.3,3777.8,753,33.0,1.0,39231.0,GC
2025-09-22 23:15:00+00:00,3777.9,3784.2,3777.4,3781.3,2440,33.0,1.0,39231.0,GC
2025-09-22 23:30:00+00:00,3781.2,3782.7,3780.5,3782.0,460,33.0,1.0,39231.0,GC
2025-09-22 23:45:00+00:00,3782.0,3783.6,3781.0,3782.2,864,33.0,1.0,39231.0,GC
2025-09-23 00:00:00+00:00,3782.2,3783.6,3780.9,3781.5,740,33.0,1.0,39231.0,GC
2025-09-23 00:15:00+00:00,3781.3,3783.9,3779.6,3783.6,776,33.0,1.0,39231.0,GC
2025-09-23 00:30:00+00:00,3783.6,3784.1,3781.3,3783.8,1423,33.0,1.0,39231.0,GC
2025-09-23 00:45:00+00:00,3783.9,3785.2,3780.6,3781.5,2211,33.0,1.0,39231.0,GC
2025-09-23 01:00:00+00:00,3781.7,3790.9,3779.8,3789.8,4179,33.0,1.0,39231.0,GC
2025-09-23 01:15:00+00:00,3789.9,3793.7,3783.0,3785.2,4250,33.0,1.0,39231.0,GC
2025-09-23 01:30:00+00:00,3785.1,3794.5,3783.0,3792.9,2783,33.0,1.0,39231.0,GC
2025-09-23 01:45:00+00:00,3792.9,3795.1,3789.5,3790.4,1695,33.0,1.0,39231.0,GC
2025-09-23 02:00:00+00:00,3790.3,3791.2,3776.5,3779.1,4323,33.0,1.0,39231.0,GC
2025-09-23 02:15:00+00:00,3779.4,3780.7,3776.8,3778.5,2559,33.0,1.0,39231.0,GC
2025-09-23 02:30:00+00:00,3778.5,3780.6,3775.4,3778.5,2418,33.0,1.0,39231.0,GC
2025-09-23 02:45:00+00:00,3778.4,3780.1,3772.4,3777.8,3213,33.0,1.0,39231.0,GC
2025-09-23 03:00:00+00:00,3777.7,3778.2,3774.5,3774.5,973,33.0,1.0,39231.0,GC
2025-09-23 03:15:00+00:00,3774.6,3779.1,3774.3,3777.3,1708,33.0,1.0,39231.0,GC
2025-09-23 03:30:00+00:00,3777.2,3778.7,3776.0,3778.4,864,33.0,1.0,39231.0,GC
2025-09-23 03:45:00+00:00,3778.5,3781.6,3778.3,3780.9,1224,33.0,1.0,39231.0,GC
2025-09-23 04:00:00+00:00,3780.9,3781.9,3778.3,3779.9,1059,33.0,1.0,39231.0,GC
2025-09-23 04:15:00+00:00,3779.7,3781.0,3777.4,3780.3,1136,33.0,1.0,39231.0,GC
2025-09-23 04:30:00+00:00,3780.5,3781.7,3778.9,3781.1,912,33.0,1.0,39231.0,GC
2025-09-23 04:45:00+00:00,3781.2,3781.3,3777.8,3778.8,822,33.0,1.0,39231.0,GC
2025-09-23 05:00:00+00:00,3778.7,3781.7,3777.4,3780.7,993,33.0,1.0,39231.0,GC
2025-09-23 05:15:00+00:00,3780.4,3784.4,3780.3,3784.4,1139,33.0,1.0,39231.0,GC
2025-09-23 05:30:00+00:00,3784.2,3791.7,3783.9,3791.6,2793,33.0,1.0,39231.0,GC
2025-09-23 05:45:00+00:00,3791.6,3793.0,3787.1,3787.2,2566,33.0,1.0,39231.0,GC
2025-09-23 06:00:00+00:00,3787.3,3790.0,3785.2,3788.7,2185,33.0,1.0,39231.0,GC
2025-09-23 06:15:00+00:00,3788.8,3791.8,3787.4,3790.8,1258,33.0,1.0,39231.0,GC
2025-09-23 06:30:00+00:00,3790.9,3791.1,3786.0,3787.0,2064,33.0,1.0,39231.0,GC
2025-09-23 06:45:00+00:00,3787.0,3790.8,3786.9,3788.1,1189,33.0,1.0,39231.0,GC
2025-09-23 07:00:00+00:00,3787.8,3787.9,3782.8,3786.6,2979,33.0,1.0,39231.0,GC
2025-09-23 07:15:00+00:00,3786.5,3789.2,3784.6,3788.8,1387,33.0,1.0,39231.0,GC
2025-09-23 07:30:00+00:00,3788.9,3791.2,3786.9,3788.4,1925,33.0,1.0,39231.0,GC
2025-09-23 07:45:00+00:00,3788.5,3790.2,3786.2,3787.6,1499,33.0,1.0,39231.0,GC
2025-09-23 08:00:00+00:00,3787.6,3789.9,3786.8,3788.9,1182,33.0,1.0,39231.0,GC
2025-09-23 08:15:00+00:00,3788.8,3793.8,3788.7,3793.4,2862,33.0,1.0,39231.0,GC
2025-09-23 08:30:00+00:00,3793.4,3804.0,3793.3,3804.0,5708,33.0,1.0,39231.0,GC
2025-09-23 08:45:00+00:00,3803.7,3809.6,3803.0,3808.6,5239,33.0,1.0,39231.0,GC
2025-09-23 09:00:00+00:00,3808.5,3818.8,3808.3,3817.8,5638,33.0,1.0,39231.0,GC
2025-09-23 09:15:00+00:00,3817.7,3824.6,3815.9,3820.6,6983,33.0,1.0,39231.0,GC
2025-09-23 09:30:00+00:00,3820.5,3821.4,3812.0,3812.0,5752,33.0,1.0,39231.0,GC
2025-09-23 09:45:00+00:00,3812.0,3820.0,3811.9,3818.4,3715,33.0,1.0,39231.0,GC
2025-09-23 10:00:00+00:00,3818.6,3820.0,3816.2,3819.7,1536,33.0,1.0,39231.0,GC
2025-09-23 10:15:00+00:00,3819.8,3821.7,3815.2,3816.1,2953,33.0,1.0,39231.0,GC
2025-09-23 10:30:00+00:00,3816.3,3818.9,3816.3,3816.6,1499,33.0,1.0,39231.0,GC
2025-09-23 10:45:00+00:00,3816.7,3817.7,3814.4,3816.4,1877,33.0,1.0,39231.0,GC
2025-09-23 11:00:00+00:00,3816.5,3817.8,3812.8,3813.5,2803,33.0,1.0,39231.0,GC
2025-09-23 11:15:00+00:00,3813.5,3822.3,3813.2,3821.5,3953,33.0,1.0,39231.0,GC
2025-09-23 11:30:00+00:00,3821.7,3822.0,3815.2,3816.1,3288,33.0,1.0,39231.0,GC
2025-09-23 11:45:00+00:00,3816.2,3817.8,3813.4,3816.5,2849,33.0,1.0,39231.0,GC
2025-09-23 12:00:00+00:00,3816.6,3816.6,3810.3,3812.0,3455,33.0,1.0,39231.0,GC
2025-09-23 12:15:00+00:00,3812.1,3817.7,3810.1,3814.1,4464,33.0,1.0,39231.0,GC
2025-09-23 12:30:00+00:00,3814.3,3818.0,3812.1,3817.5,2554,33.0,1.0,39231.0,GC
2025-09-23 12:45:00+00:00,3817.5,3818.7,3817.0,3817.6,2065,33.0,1.0,39231.0,GC
2025-09-23 13:00:00+00:00,3817.5,3820.7,3815.8,3820.0,4824,33.0,1.0,39231.0,GC
2025-09-23 13:15:00+00:00,3820.0,3820.8,3813.7,3816.3,3667,33.0,1.0,39231.0,GC
2025-09-23 13:30:00+00:00,3816.6,3821.6,3813.1,3817.6,5143,33.0,1.0,39231.0,GC
2025-09-23 13:45:00+00:00,3817.7,3819.0,3806.6,3816.4,9674,33.0,1.0,39231.0,GC
2025-09-23 14:00:00+00:00,3816.3,3817.3,3806.0,3809.1,8500,33.0,1.0,39231.0,GC
2025-09-23 14:15:00+00:00,3809.3,3810.3,3799.0,3803.4,10016,33.0,1.0,39231.0,GC
2025-09-23 14:30:00+00:00,3803.4,3808.0,3803.0,3806.0,4420,33.0,1.0,39231.0,GC
2025-09-23 14:45:00+00:00,3805.8,3808.4,3803.5,3806.4,3078,33.0,1.0,39231.0,GC
2025-09-23 15:00:00+00:00,3806.5,3811.9,3805.1,3811.5,2783,33.0,1.0,39231.0,GC
2025-09-23 15:15:00+00:00,3811.6,3812.8,3809.5,3812.4,2557,33.0,1.0,39231.0,GC
2025-09-23 15:30:00+00:00,3812.6,3814.2,3811.0,3811.3,2459,33.0,1.0,39231.0,GC
2025-09-23 15:45:00+00:00,3811.4,3811.8,3807.3,3811.5,2967,33.0,1.0,39231.0,GC
2025-09-23 16:00:00+00:00,3811.7,3812.4,3805.5,3806.3,2214,33.0,1.0,39231.0,GC
2025-09-23 16:15:00+00:00,3806.2,3812.1,3805.2,3807.5,2369,33.0,1.0,39231.0,GC
2025-09-23 16:30:00+00:00,3807.4,3809.9,3796.6,3806.0,9231,33.0,1.0,39231.0,GC
2025-09-23 16:45:00+00:00,3806.0,3815.3,3805.8,3812.3,5230,33.0,1.0,39231.0,GC
2025-09-23 17:00:00+00:00,3812.5,3815.1,3812.3,3814.5,2266,33.0,1.0,39231.0,GC
2025-09-23 17:15:00+00:00,3814.6,3819.0,3812.9,3815.4,4588,33.0,1.0,39231.0,GC
2025-09-23 17:30:00+00:00,3815.6,3816.1,3810.3,3811.1,3237,33.0,1.0,39231.0,GC
2025-09-23 17:45:00+00:00,3811.3,3813.5,3808.2,3810.0,1458,33.0,1.0,39231.0,GC
2025-09-23 18:00:00+00:00,3810.1,3813.6,3809.3,3809.7,2128,33.0,1.0,39231.0,GC
2025-09-23 18:15:00+00:00,3809.8,3811.7,3809.7,3810.7,1160,33.0,1.0,39231.0,GC
2025-09-23 18:30:00+00:00,3810.5,3813.2,3809.4,3812.6,1314,33.0,1.0,39231.0,GC
2025-09-23 18:45:00+00:00,3812.6,3812.9,3788.4,3789.0,8897,33.0,1.0,39231.0,GC
2025-09-23 19:00:00+00:00,3789.0,3797.1,3787.0,3789.2,7940,33.0,1.0,39231.0,GC
2025-09-23 19:15:00+00:00,3789.6,3792.8,3783.9,3791.5,5089,33.0,1.0,39231.0,GC
2025-09-23 19:30:00+00:00,3791.3,3799.0,3791.3,3797.8,3020,33.0,1.0,39231.0,GC
2025-09-23 19:45:00+00:00,3797.7,3800.6,3796.2,3796.4,2414,33.0,1.0,39231.0,GC
2025-09-23 20:00:00+00:00,3796.6,3799.8,3795.8,3797.4,1252,33.0,1.0,39231.0,GC
2025-09-23 20:15:00+00:00,3797.3,3797.9,3795.6,3797.2,502,33.0,1.0,39231.0,GC
2025-09-23 20:30:00+00:00,3797.4,3798.8,3795.8,3796.0,336,33.0,1.0,39231.0,GC
2025-09-23 20:45:00+00:00,3796.1,3797.1,3794.6,3796.9,692,33.0,1.0,39231.0,GC
2025-09-23 22:00:00+00:00,3796.9,3799.4,3795.9,3796.0,597,33.0,1.0,39231.0,GC
2025-09-23 22:15:00+00:00,3796.2,3796.9,3793.8,3794.2,455,33.0,1.0,39231.0,GC
2025-09-23 22:30:00+00:00,3794.2,3798.9,3794.2,3797.7,562,33.0,1.0,39231.0,GC
2025-09-23 22:45:00+00:00,3797.6,3798.3,3797.0,3797.7,231,33.0,1.0,39231.0,GC
2025-09-23 23:00:00+00:00,3797.6,3802.6,3797.2,3801.3,1068,33.0,1.0,39231.0,GC
2025-09-23 23:15:00+00:00,3800.9,3802.0,3799.2,3801.8,717,33.0,1.0,39231.0,GC
2025-09-23 23:30:00+00:00,3801.9,3801.9,3793.8,3795.6,1531,33.0,1.0,39231.0,GC
2025-09-23 23:45:00+00:00,3795.5,3796.2,3794.0,3796.1,712,33.0,1.0,39231.0,GC
2025-09-24 00:00:00+00:00,3795.8,3797.2,3791.3,3791.9,1757,33.0,1.0,39231.0,GC
2025-09-24 00:15:00+00:00,3791.7,3797.5,3791.2,3796.1,932,33.0,1.0,39231.0,GC
2025-09-24 00:30:00+00:00,3796.1,3797.0,3794.1,3795.2,782,33.0,1.0,39231.0,GC
2025-09-24 00:45:00+00:00,3794.8,3797.8,3793.7,3797.5,684,33.0,1.0,39231.0,GC
2025-09-24 01:00:00+00:00,3797.5,3803.6,3794.3,3795.8,3037,33.0,1.0,39231.0,GC
2025-09-24 01:15:00+00:00,3795.7,3796.7,3790.6,3791.4,2235,33.0,1.0,39231.0,GC
2025-09-24 01:30:00+00:00,3791.4,3793.5,3789.4,3792.9,1985,33.0,1.0,39231.0,GC
2025-09-24 01:45:00+00:00,3792.6,3793.6,3787.2,3789.0,1774,33.0,1.0,39231.0,GC
2025-09-24 02:00:00+00:00,3788.8,3789.4,3786.1,3786.3,1250,33.0,1.0,39231.0,GC
2025-09-24 02:15:00+00:00,3786.2,3788.3,3784.8,3785.2,1150,33.0,1.0,39231.0,GC
2025-09-24 02:30:00+00:00,3785.2,3788.5,3783.0,3788.1,1988,33.0,1.0,39231.0,GC
2025-09-24 02:45:00+00:00,3787.9,3792.3,3786.6,3790.1,1774,33.0,1.0,39231.0,GC
2025-09-24 03:00:00+00:00,3790.1,3792.1,3785.4,3791.4,2832,33.0,1.0,39231.0,GC
2025-09-24 03:15:00+00:00,3791.2,3795.1,3790.7,3794.3,1896,33.0,1.0,39231.0,GC
2025-09-24 03:30:00+00:00,3794.2,3798.6,3793.5,3797.8,1294,33.0,1.0,39231.0,GC
2025-09-24 03:45:00+00:00,3797.7,3799.5,3796.6,3798.5,1063,33.0,1.0,39231.0,GC
2025-09-24 04:00:00+00:00,3798.4,3799.9,3798.3,3799.8,817,33.0,1.0,39231.0,GC
2025-09-24 04:15:00+00:00,3799.9,3800.6,3795.4,3797.1,2239,33.0,1.0,39231.0,GC
2025-09-24 04:30:00+00:00,3796.9,3800.5,3796.8,3800.3,1154,33.0,1.0,39231.0,GC
2025-09-24 04:45:00+00:00,3800.0,3800.7,3799.0,3800.6,491,33.0,1.0,39231.0,GC
2025-09-24 05:00:00+00:00,3800.6,3804.0,3800.1,3803.4,1466,33.0,1.0,39231.0,GC
2025-09-24 05:15:00+00:00,3803.5,3805.8,3802.3,3804.5,1428,33.0,1.0,39231.0,GC
2025-09-24 05:30:00+00:00,3804.4,3809.5,3803.7,3807.6,2866,33.0,1.0,39231.0,GC
2025-09-24 05:45:00+00:00,3807.6,3809.1,3805.4,3808.0,1301,33.0,1.0,39231.0,GC
2025-09-24 06:00:00+00:00,3808.0,3809.3,3804.7,3806.1,1515,33.0,1.0,39231.0,GC
2025-09-24 06:15:00+00:00,3806.0,3808.1,3801.9,3804.1,1461,33.0,1.0,39231.0,GC
2025-09-24 06:30:00+00:00,3804.2,3806.6,3802.9,3805.0,1417,33.0,1.0,39231.0,GC
2025-09-24 06:45:00+00:00,3805.4,3808.3,3804.1,3804.4,1620,33.0,1.0,39231.0,GC
2025-09-24 07:00:00+00:00,3804.4,3809.2,3803.7,3806.7,2013,33.0,1.0,39231.0,GC
2025-09-24 07:15:00+00:00,3806.4,3810.3,3805.6,3808.4,1322,33.0,1.0,39231.0,GC
2025-09-24 07:30:00+00:00,3808.3,3812.6,3807.0,3810.9,1462,33.0,1.0,39231.0,GC
2025-09-24 07:45:00+00:00,3811.0,3811.4,3809.4,3810.9,1836,33.0,1.0,39231.0,GC
2025-09-24 08:00:00+00:00,3810.9,3811.3,3805.0,3805.5,1464,33.0,1.0,39231.0,GC
2025-09-24 08:15:00+00:00,3805.1,3807.5,3803.2,3803.3,1881,33.0,1.0,39231.0,GC
2025-09-24 08:30:00+00:00,3803.2,3804.4,3801.2,3802.3,1507,33.0,1.0,39231.0,GC
2025-09-24 08:45:00+00:00,3802.2,3804.0,3799.7,3802.7,1792,33.0,1.0,39231.0,GC
2025-09-24 09:00:00+00:00,3802.5,3804.3,3802.0,3802.3,1337,33.0,1.0,39231.0,GC
2025-09-24 09:15:00+00:00,3802.2,3802.9,3799.4,3800.1,1972,33.0,1.0,39231.0,GC
2025-09-24 09:30:00+00:00,3800.2,3802.0,3795.9,3800.4,2578,33.0,1.0,39231.0,GC
2025-09-24 09:45:00+00:00,3800.3,3801.6,3799.7,3801.4,893,33.0,1.0,39231.0,GC
2025-09-24 10:00:00+00:00,3801.4,3801.7,3797.1,3798.1,1151,33.0,1.0,39231.0,GC
2025-09-24 10:15:00+00:00,3798.2,3798.7,3792.4,3797.0,2427,33.0,1.0,39231.0,GC
2025-09-24 10:30:00+00:00,3797.0,3798.4,3794.7,3795.8,1162,33.0,1.0,39231.0,GC
2025-09-24 10:45:00+00:00,3795.8,3797.0,3793.1,3795.0,1290,33.0,1.0,39231.0,GC
2025-09-24 11:00:00+00:00,3795.1,3796.9,3792.5,3796.1,1213,33.0,1.0,39231.0,GC
2025-09-24 11:15:00+00:00,3795.9,3799.2,3795.9,3798.3,1381,33.0,1.0,39231.0,GC
2025-09-24 11:30:00+00:00,3798.2,3802.3,3797.2,3801.5,1864,33.0,1.0,39231.0,GC
2025-09-24 11:45:00+00:00,3801.6,3802.9,3800.8,3802.2,1407,33.0,1.0,39231.0,GC
2025-09-24 12:00:00+00:00,3802.2,3804.4,3798.4,3799.2,2039,33.0,1.0,39231.0,GC
2025-09-24 12:15:00+00:00,3799.4,3804.7,3797.6,3800.7,3298,33.0,1.0,39231.0,GC
2025-09-24 12:30:00+00:00,3800.5,3800.6,3796.8,3798.4,3368,33.0,1.0,39231.0,GC
2025-09-24 12:45:00+00:00,3798.4,3803.4,3797.9,3801.0,3599,33.0,1.0,39231.0,GC
2025-09-24 13:00:00+00:00,3800.9,3805.1,3799.5,3804.9,2420,33.0,1.0,39231.0,GC
2025-09-24 13:15:00+00:00,3805.0,3806.4,3800.3,3800.5,3460,33.0,1.0,39231.0,GC
2025-09-24 13:30:00+00:00,3800.5,3801.5,3793.7,3795.6,6919,33.0,1.0,39231.0,GC
2025-09-24 13:45:00+00:00,3795.7,3798.9,3791.8,3794.5,4700,33.0,1.0,39231.0,GC
2025-09-24 14:00:00+00:00,3794.7,3798.4,3788.1,3792.9,7541,33.0,1.0,39231.0,GC
2025-09-24 14:15:00+00:00,3792.8,3795.8,3785.4,3790.9,7254,33.0,1.0,39231.0,GC
2025-09-24 14:30:00+00:00,3790.9,3792.4,3786.0,3787.9,4383,33.0,1.0,39231.0,GC
2025-09-24 14:45:00+00:00,3788.2,3789.9,3782.0,3784.8,6223,33.0,1.0,39231.0,GC
2025-09-24 15:00:00+00:00,3784.9,3788.7,3784.5,3787.3,3128,33.0,1.0,39231.0,GC
2025-09-24 15:15:00+00:00,3787.3,3790.0,3784.0,3784.2,3751,33.0,1.0,39231.0,GC
2025-09-24 15:30:00+00:00,3784.2,3784.8,3774.6,3777.7,7974,33.0,1.0,39231.0,GC
2025-09-24 15:45:00+00:00,3777.6,3779.2,3772.6,3774.1,5324,33.0,1.0,39231.0,GC
2025-09-24 16:00:00+00:00,3774.2,3778.4,3772.3,3774.6,5622,33.0,1.0,39231.0,GC
2025-09-24 16:15:00+00:00,3774.4,3776.0,3770.1,3775.3,4991,33.0,1.0,39231.0,GC
2025-09-24 16:30:00+00:00,3775.2,3776.2,3768.3,3771.5,4304,33.0,1.0,39231.0,GC
2025-09-24 16:45:00+00:00,3771.5,3772.0,3764.5,3768.3,5038,33.0,1.0,39231.0,GC
2025-09-24 17:00:00+00:00,3768.4,3772.4,3766.8,3771.9,3261,33.0,1.0,39231.0,GC
2025-09-24 17:15:00+00:00,3772.0,3772.2,3767.0,3768.2,4076,33.0,1.0,39231.0,GC
2025-09-24 17:30:00+00:00,3768.2,3768.7,3766.4,3766.7,1740,33.0,1.0,39231.0,GC
2025-09-24 17:45:00+00:00,3766.8,3768.7,3765.7,3766.6,1785,33.0,1.0,39231.0,GC
2025-09-24 18:00:00+00:00,3766.6,3767.5,3761.1,3763.6,3732,33.0,1.0,39231.0,GC
2025-09-24 18:15:00+00:00,3763.7,3764.4,3760.1,3762.6,2213,33.0,1.0,39231.0,GC
2025-09-24 18:30:00+00:00,3762.6,3764.9,3760.8,3761.6,1893,33.0,1.0,39231.0,GC
2025-09-24 18:45:00+00:00,3761.6,3762.0,3755.6,3757.0,3959,33.0,1.0,39231.0,GC
2025-09-24 19:00:00+00:00,3757.1,3757.2,3751.3,3752.8,4090,33.0,1.0,39231.0,GC
2025-09-24 19:15:00+00:00,3752.9,3754.2,3749.7,3750.9,3120,33.0,1.0,39231.0,GC
2025-09-24 19:30:00+00:00,3750.8,3760.2,3750.8,3759.9,3588,33.0,1.0,39231.0,GC
2025-09-24 19:45:00+00:00,3759.8,3764.0,3759.6,3762.5,3075,33.0,1.0,39231.0,GC
2025-09-24 20:00:00+00:00,3762.4,3764.8,3762.3,3764.6,1147,33.0,1.0,39231.0,GC
2025-09-24 20:15:00+00:00,3764.5,3764.5,3762.8,3764.0,501,33.0,1.0,39231.0,GC
2025-09-24 20:30:00+00:00,3763.9,3768.9,3763.7,3768.7,807,33.0,1.0,39231.0,GC
2025-09-24 20:45:00+00:00,3768.6,3770.0,3767.6,3768.5,598,33.0,1.0,39231.0,GC
2025-09-24 22:00:00+00:00,3768.3,3771.8,3767.0,3770.7,862,33.0,1.0,39231.0,GC
2025-09-24 22:15:00+00:00,3770.8,3776.6,3770.8,3776.1,1331,33.0,1.0,39231.0,GC
2025-09-24 22:30:00+00:00,3776.1,3776.1,3771.0,3773.0,1005,33.0,1.0,39231.0,GC
2025-09-24 22:45:00+00:00,3773.1,3774.5,3772.1,3772.7,389,33.0,1.0,39231.0,GC
2025-09-24 23:00:00+00:00,3772.5,3773.7,3770.5,3773.2,650,33.0,1.0,39231.0,GC
2025-09-24 23:15:00+00:00,3773.1,3773.2,3770.9,3770.9,302,33.0,1.0,39231.0,GC
2025-09-24 23:30:00+00:00,3771.1,3773.8,3771.1,3773.5,418,33.0,1.0,39231.0,GC
2025-09-24 23:45:00+00:00,3773.3,3776.7,3773.2,3774.5,1178,33.0,1.0,39231.0,GC
2025-09-25 00:00:00+00:00,3774.3,3780.8,3772.8,3780.7,2459,33.0,1.0,39231.0,GC
2025-09-25 00:15:00+00:00,3780.6,3782.0,3778.8,3781.0,1637,33.0,1.0,39231.0,GC
2025-09-25 00:30:00+00:00,3781.1,3782.2,3777.2,3778.8,1324,33.0,1.0,39231.0,GC
2025-09-25 00:45:00+00:00,3778.8,3780.9,3777.6,3779.8,1027,33.0,1.0,39231.0,GC
2025-09-25 01:00:00+00:00,3779.7,3781.4,3771.7,3772.5,2171,33.0,1.0,39231.0,GC
2025-09-25 01:15:00+00:00,3772.3,3778.4,3771.6,3775.4,1567,33.0,1.0,39231.0,GC
2025-09-25 01:30:00+00:00,3775.3,3775.5,3768.5,3769.8,2220,33.0,1.0,39231.0,GC
2025-09-25 01:45:00+00:00,3769.5,3772.5,3763.9,3766.8,3056,33.0,1.0,39231.0,GC
2025-09-25 02:00:00+00:00,3766.6,3767.2,3760.5,3763.5,2816,33.0,1.0,39231.0,GC
2025-09-25 02:15:00+00:00,3763.4,3766.2,3762.3,3766.0,1254,33.0,1.0,39231.0,GC
2025-09-25 02:30:00+00:00,3766.0,3772.9,3766.0,3772.8,2627,33.0,1.0,39231.0,GC
2025-09-25 02:45:00+00:00,3772.9,3773.1,3766.9,3770.3,1390,33.0,1.0,39231.0,GC
2025-09-25 03:00:00+00:00,3770.3,3770.4,3765.0,3765.6,1384,33.0,1.0,39231.0,GC
2025-09-25 03:15:00+00:00,3765.6,3768.0,3765.0,3766.2,1032,33.0,1.0,39231.0,GC
2025-09-25 03:30:00+00:00,3766.2,3769.7,3765.3,3769.7,791,33.0,1.0,39231.0,GC
2025-09-25 03:45:00+00:00,3769.7,3769.7,3764.7,3767.0,1063,33.0,1.0,39231.0,GC
2025-09-25 04:00:00+00:00,3767.2,3767.2,3762.7,3762.8,1198,33.0,1.0,39231.0,GC
2025-09-25 04:15:00+00:00,3762.9,3765.6,3762.2,3764.3,1003,33.0,1.0,39231.0,GC
2025-09-25 04:30:00+00:00,3764.1,3770.7,3763.7,3769.6,1592,33.0,1.0,39231.0,GC
2025-09-25 04:45:00+00:00,3769.8,3770.0,3767.1,3768.1,524,33.0,1.0,39231.0,GC
2025-09-25 05:00:00+00:00,3768.1,3768.6,3764.8,3765.4,1135,33.0,1.0,39231.0,GC
2025-09-25 05:15:00+00:00,3765.3,3767.0,3764.1,3766.7,962,33.0,1.0,39231.0,GC
2025-09-25 05:30:00+00:00,3766.6,3771.4,3765.6,3768.3,1356,33.0,1.0,39231.0,GC
2025-09-25 05:45:00+00:00,3768.0,3771.0,3766.3,3768.8,1437,33.0,1.0,39231.0,GC
2025-09-25 06:00:00+00:00,3769.2,3777.9,3768.2,3776.5,3019,33.0,1.0,39231.0,GC
2025-09-25 06:15:00+00:00,3776.4,3778.7,3775.1,3775.6,2269,33.0,1.0,39231.0,GC
2025-09-25 06:30:00+00:00,3775.6,3776.8,3771.2,3772.7,1198,33.0,1.0,39231.0,GC
2025-09-25 06:45:00+00:00,3772.5,3774.3,3770.5,3771.7,1287,33.0,1.0,39231.0,GC
2025-09-25 07:00:00+00:00,3771.8,3774.8,3770.5,3773.2,1629,33.0,1.0,39231.0,GC
2025-09-25 07:15:00+00:00,3773.4,3776.5,3772.7,3775.5,1088,33.0,1.0,39231.0,GC
2025-09-25 07:30:00+00:00,3775.2,3782.7,3773.3,3782.0,3541,33.0,1.0,39231.0,GC
2025-09-25 07:45:00+00:00,3781.8,3785.6,3780.2,3782.5,3772,33.0,1.0,39231.0,GC
2025-09-25 08:00:00+00:00,3782.6,3790.1,3781.3,3788.4,4711,33.0,1.0,39231.0,GC
2025-09-25 08:15:00+00:00,3788.5,3792.3,3786.5,3787.5,3704,33.0,1.0,39231.0,GC
2025-09-25 08:30:00+00:00,3787.6,3787.7,3781.6,3784.3,2385,33.0,1.0,39231.0,GC
2025-09-25 08:45:00+00:00,3784.3,3787.8,3782.2,3786.7,1560,33.0,1.0,39231.0,GC
2025-09-25 09:00:00+00:00,3786.7,3787.4,3784.1,3786.6,1959,33.0,1.0,39231.0,GC
2025-09-25 09:15:00+00:00,3786.8,3786.8,3780.1,3780.7,2694,33.0,1.0,39231.0,GC
2025-09-25 09:30:00+00:00,3780.7,3786.5,3780.4,3786.3,1811,33.0,1.0,39231.0,GC
2025-09-25 09:45:00+00:00,3786.5,3791.5,3785.3,3787.1,2919,33.0,1.0,39231.0,GC
2025-09-25 10:00:00+00:00,3787.1,3788.4,3785.8,3786.9,1424,33.0,1.0,39231.0,GC
2025-09-25 10:15:00+00:00,3786.8,3789.6,3786.1,3787.5,1114,33.0,1.0,39231.0,GC
2025-09-25 10:30:00+00:00,3787.6,3788.6,3785.8,3787.5,839,33.0,1.0,39231.0,GC
2025-09-25 10:45:00+00:00,3787.5,3791.7,3786.6,3788.2,2918,33.0,1.0,39231.0,GC
2025-09-25 11:00:00+00:00,3788.2,3788.5,3771.0,3773.6,6329,33.0,1.0,39231.0,GC
2025-09-25 11:15:00+00:00,3773.6,3781.5,3773.2,3780.7,2925,33.0,1.0,39231.0,GC
2025-09-25 11:30:00+00:00,3780.7,3783.1,3779.5,3781.9,1848,33.0,1.0,39231.0,GC
2025-09-25 11:45:00+00:00,3782.0,3784.9,3780.9,3784.0,1618,33.0,1.0,39231.0,GC
2025-09-25 12:00:00+00:00,3783.7,3784.7,3780.2,3783.0,2017,33.0,1.0,39231.0,GC
2025-09-25 12:15:00+00:00,3783.0,3787.0,3782.6,3785.5,3511,33.0,1.0,39231.0,GC
2025-09-25 12:30:00+00:00,3784.7,3784.7,3765.2,3771.9,10887,33.0,1.0,39231.0,GC
2025-09-25 12:45:00+00:00,3771.6,3773.0,3760.8,3769.2,7584,33.0,1.0,39231.0,GC
2025-09-25 13:00:00+00:00,3769.2,3772.5,3763.6,3767.5,6044,33.0,1.0,39231.0,GC
2025-09-25 13:15:00+00:00,3767.4,3776.2,3765.8,3772.3,4386,33.0,1.0,39231.0,GC
2025-09-25 13:30:00+00:00,3772.6,3773.6,3754.5,3756.4,9228,33.0,1.0,39231.0,GC
2025-09-25 13:45:00+00:00,3756.3,3764.4,3751.9,3764.0,8856,33.0,1.0,39231.0,GC
2025-09-25 14:00:00+00:00,3764.1,3765.2,3755.1,3760.5,6693,33.0,1.0,39231.0,GC
2025-09-25 14:15:00+00:00,3760.4,3767.0,3756.5,3763.7,5437,33.0,1.0,39231.0,GC
2025-09-25 14:30:00+00:00,3763.5,3764.1,3754.2,3757.7,4754,33.0,1.0,39231.0,GC
2025-09-25 14:45:00+00:00,3757.5,3764.1,3753.4,3762.2,4767,33.0,1.0,39231.0,GC
2025-09-25 15:00:00+00:00,3762.4,3766.2,3758.6,3765.5,3271,33.0,1.0,39231.0,GC
2025-09-25 15:15:00+00:00,3765.6,3769.4,3761.0,3761.1,3458,33.0,1.0,39231.0,GC
2025-09-25 15:30:00+00:00,3761.0,3767.4,3759.6,3766.5,2908,33.0,1.0,39231.0,GC
2025-09-25 15:45:00+00:00,3766.5,3766.9,3763.8,3766.9,1515,33.0,1.0,39231.0,GC
2025-09-25 16:00:00+00:00,3766.9,3772.8,3765.9,3772.1,2825,33.0,1.0,39231.0,GC
2025-09-25 16:15:00+00:00,3772.2,3772.7,3765.5,3768.0,2632,33.0,1.0,39231.0,GC
2025-09-25 16:30:00+00:00,3767.9,3769.0,3764.3,3765.4,2100,33.0,1.0,39231.0,GC
2025-09-25 16:45:00+00:00,3765.4,3765.9,3762.8,3764.0,1528,33.0,1.0,39231.0,GC
2025-09-25 17:00:00+00:00,3763.9,3771.4,3762.5,3771.0,2300,33.0,1.0,39231.0,GC
2025-09-25 17:15:00+00:00,3771.1,3774.3,3767.8,3770.9,6606,33.0,1.0,39231.0,GC
2025-09-25 17:30:00+00:00,3770.9,3773.6,3769.2,3771.1,2301,33.0,1.0,39231.0,GC
2025-09-25 17:45:00+00:00,3771.4,3775.6,3770.2,3772.9,2329,33.0,1.0,39231.0,GC
2025-09-25 18:00:00+00:00,3773.0,3776.6,3767.5,3770.2,3421,33.0,1.0,39231.0,GC
2025-09-25 18:15:00+00:00,3770.2,3782.1,3768.8,3781.5,3025,33.0,1.0,39231.0,GC
2025-09-25 18:30:00+00:00,3781.5,3789.1,3780.0,3786.7,3808,33.0,1.0,39231.0,GC
2025-09-25 18:45:00+00:00,3786.8,3789.5,3784.4,3786.4,2970,33.0,1.0,39231.0,GC
2025-09-25 19:00:00+00:00,3786.4,3788.2,3782.7,3786.6,2407,33.0,1.0,39231.0,GC
2025-09-25 19:15:00+00:00,3786.8,3787.4,3782.4,3783.4,1299,33.0,1.0,39231.0,GC
2025-09-25 19:30:00+00:00,3783.4,3783.9,3776.0,3778.6,2656,33.0,1.0,39231.0,GC
2025-09-25 19:45:00+00:00,3778.6,3781.7,3776.6,3777.5,2194,33.0,1.0,39231.0,GC
2025-09-25 20:00:00+00:00,3777.5,3780.8,3776.9,3780.7,1009,33.0,1.0,39231.0,GC
2025-09-25 20:15:00+00:00,3780.7,3782.0,3779.3,3780.1,756,33.0,1.0,39231.0,GC
2025-09-25 20:30:00+00:00,3780.2,3782.3,3780.2,3782.0,507,33.0,1.0,39231.0,GC
2025-09-25 20:45:00+00:00,3782.1,3783.9,3780.2,3780.5,732,33.0,1.0,39231.0,GC
2025-09-25 22:00:00+00:00,3781.5,3782.4,3777.2,3777.4,518,33.0,1.0,39231.0,GC
2025-09-25 22:15:00+00:00,3777.5,3780.4,3777.5,3780.3,317,33.0,1.0,39231.0,GC
2025-09-25 22:30:00+00:00,3780.3,3782.0,3779.1,3780.5,701,33.0,1.0,39231.0,GC
2025-09-25 22:45:00+00:00,3780.7,3782.4,3779.5,3779.6,516,33.0,1.0,39231.0,GC
2025-09-25 23:00:00+00:00,3779.9,3780.9,3776.4,3776.5,588,33.0,1.0,39231.0,GC
2025-09-25 23:15:00+00:00,3776.5,3776.8,3768.5,3773.7,1882,33.0,1.0,39231.0,GC
2025-09-25 23:30:00+00:00,3773.5,3773.5,3770.3,3772.1,650,33.0,1.0,39231.0,GC
2025-09-25 23:45:00+00:00,3772.2,3776.0,3772.2,3775.0,809,33.0,1.0,39231.0,GC
2025-09-26 00:00:00+00:00,3775.0,3779.1,3771.9,3776.5,1583,33.0,1.0,39231.0,GC
2025-09-26 00:15:00+00:00,3777.0,3777.9,3770.0,3772.0,1215,33.0,1.0,39231.0,GC
2025-09-26 00:30:00+00:00,3771.8,3775.5,3771.2,3773.8,955,33.0,1.0,39231.0,GC
2025-09-26 00:45:00+00:00,3773.8,3779.3,3773.2,3779.2,1291,33.0,1.0,39231.0,GC
2025-09-26 01:00:00+00:00,3779.3,3783.5,3773.8,3773.9,2419,33.0,1.0,39231.0,GC
2025-09-26 01:15:00+00:00,3773.8,3774.3,3768.2,3771.0,2266,33.0,1.0,39231.0,GC
2025-09-26 01:30:00+00:00,3770.9,3773.4,3769.7,3773.2,1362,33.0,1.0,39231.0,GC
2025-09-26 01:45:00+00:00,3773.3,3774.0,3767.3,3768.6,1247,33.0,1.0,39231.0,GC
2025-09-26 02:00:00+00:00,3768.4,3770.7,3767.6,3768.3,759,33.0,1.0,39231.0,GC
2025-09-26 02:15:00+00:00,3768.4,3770.7,3767.2,3770.7,791,33.0,1.0,39231.0,GC
2025-09-26 02:30:00+00:00,3770.7,3772.5,3767.1,3768.1,971,33.0,1.0,39231.0,GC
2025-09-26 02:45:00+00:00,3768.2,3771.0,3767.5,3767.8,799,33.0,1.0,39231.0,GC
2025-09-26 03:00:00+00:00,3767.8,3768.1,3764.7,3765.0,1223,33.0,1.0,39231.0,GC
2025-09-26 03:15:00+00:00,3765.1,3772.2,3764.0,3771.9,1044,33.0,1.0,39231.0,GC
2025-09-26 03:30:00+00:00,3771.8,3774.9,3771.8,3774.4,889,33.0,1.0,39231.0,GC
2025-09-26 03:45:00+00:00,3774.6,3775.5,3774.0,3774.8,481,33.0,1.0,39231.0,GC
2025-09-26 04:00:00+00:00,3775.1,3776.1,3774.0,3776.0,622,33.0,1.0,39231.0,GC
2025-09-26 04:15:00+00:00,3775.8,3776.7,3774.1,3774.1,564,33.0,1.0,39231.0,GC
2025-09-26 04:30:00+00:00,3774.1,3776.4,3774.0,3774.7,568,33.0,1.0,39231.0,GC
2025-09-26 04:45:00+00:00,3774.5,3777.2,3774.0,3777.1,586,33.0,1.0,39231.0,GC
2025-09-26 05:00:00+00:00,3777.0,3777.5,3774.3,3775.3,614,33.0,1.0,39231.0,GC
2025-09-26 05:15:00+00:00,3775.2,3776.6,3774.1,3776.3,347,33.0,1.0,39231.0,GC
2025-09-26 05:30:00+00:00,3776.1,3779.4,3774.7,3778.2,813,33.0,1.0,39231.0,GC
2025-09-26 05:45:00+00:00,3778.2,3778.6,3771.3,3771.6,855,33.0,1.0,39231.0,GC
2025-09-26 06:00:00+00:00,3771.3,3781.4,3771.0,3781.2,2199,33.0,1.0,39231.0,GC
2025-09-26 06:15:00+00:00,3781.4,3784.4,3780.5,3782.0,1747,33.0,1.0,39231.0,GC
2025-09-26 06:30:00+00:00,3781.9,3783.1,3774.6,3774.8,1588,33.0,1.0,39231.0,GC
2025-09-26 06:45:00+00:00,3774.7,3776.9,3772.1,3773.3,1604,33.0,1.0,39231.0,GC
2025-09-26 07:00:00+00:00,3773.2,3774.5,3768.8,3772.8,2426,33.0,1.0,39231.0,GC
2025-09-26 07:15:00+00:00,3772.7,3775.3,3771.3,3774.6,1408,33.0,1.0,39231.0,GC
2025-09-26 07:30:00+00:00,3774.6,3778.9,3773.8,3777.7,1394,33.0,1.0,39231.0,GC
2025-09-26 07:45:00+00:00,3777.5,3779.2,3776.4,3777.9,864,33.0,1.0,39231.0,GC
2025-09-26 08:00:00+00:00,3777.9,3781.9,3776.8,3778.5,1914,33.0,1.0,39231.0,GC
2025-09-26 08:15:00+00:00,3778.5,3782.4,3778.4,3780.7,1143,33.0,1.0,39231.0,GC
2025-09-26 08:30:00+00:00,3780.7,3784.9,3780.6,3783.1,1272,33.0,1.0,39231.0,GC
2025-09-26 08:45:00+00:00,3783.1,3783.9,3781.3,3782.6,1298,33.0,1.0,39231.0,GC
2025-09-26 09:00:00+00:00,3782.5,3784.1,3780.8,3780.8,1045,33.0,1.0,39231.0,GC
2025-09-26 09:15:00+00:00,3780.8,3781.2,3778.0,3778.4,1325,33.0,1.0,39231.0,GC
2025-09-26 09:30:00+00:00,3778.5,3779.6,3776.9,3778.9,1024,33.0,1.0,39231.0,GC
2025-09-26 09:45:00+00:00,3778.8,3781.5,3777.8,3781.5,699,33.0,1.0,39231.0,GC
2025-09-26 10:00:00+00:00,3781.3,3785.2,3781.1,3782.8,1314,33.0,1.0,39231.0,GC
2025-09-26 10:15:00+00:00,3782.8,3783.3,3779.0,3779.6,871,33.0,1.0,39231.0,GC
2025-09-26 10:30:00+00:00,3779.6,3780.1,3775.5,3776.2,1235,33.0,1.0,39231.0,GC
2025-09-26 10:45:00+00:00,3776.0,3776.3,3772.8,3774.9,1533,33.0,1.0,39231.0,GC
2025-09-26 11:00:00+00:00,3775.0,3777.5,3774.5,3776.3,1154,33.0,1.0,39231.0,GC
2025-09-26 11:15:00+00:00,3776.5,3781.8,3776.0,3781.4,1159,33.0,1.0,39231.0,GC
2025-09-26 11:30:00+00:00,3781.4,3783.1,3780.5,3782.3,1269,33.0,1.0,39231.0,GC
2025-09-26 11:45:00+00:00,3782.3,3782.6,3778.6,3778.7,1334,33.0,1.0,39231.0,GC
2025-09-26 12:00:00+00:00,3778.8,3783.1,3778.3,3781.9,1310,33.0,1.0,39231.0,GC
2025-09-26 12:15:00+00:00,3781.9,3783.7,3779.1,3779.6,2027,33.0,1.0,39231.0,GC
2025-09-26 12:30:00+00:00,3779.6,3788.0,3776.4,3781.3,6795,33.0,1.0,39231.0,GC
2025-09-26 12:45:00+00:00,3781.3,3785.2,3781.0,3782.3,2406,33.0,1.0,39231.0,GC
2025-09-26 13:00:00+00:00,3782.3,3795.5,3781.2,3795.0,7350,33.0,1.0,39231.0,GC
2025-09-26 13:15:00+00:00,3795.2,3797.2,3784.5,3787.7,7437,33.0,1.0,39231.0,GC
2025-09-26 13:30:00+00:00,3787.6,3791.0,3782.0,3788.2,6776,33.0,1.0,39231.0,GC
2025-09-26 13:45:00+00:00,3788.1,3793.1,3787.7,3792.4,3707,33.0,1.0,39231.0,GC
2025-09-26 14:00:00+00:00,3792.2,3805.3,3791.8,3802.4,9595,33.0,1.0,39231.0,GC
2025-09-26 14:15:00+00:00,3802.4,3814.4,3801.9,3808.2,9622,33.0,1.0,39231.0,GC
2025-09-26 14:30:00+00:00,3808.2,3812.2,3804.6,3806.7,5388,33.0,1.0,39231.0,GC
2025-09-26 14:45:00+00:00,3807.0,3809.7,3803.1,3808.6,4735,33.0,1.0,39231.0,GC
2025-09-26 15:00:00+00:00,3808.5,3809.4,3802.4,3804.3,3305,33.0,1.0,39231.0,GC
2025-09-26 15:15:00+00:00,3804.2,3809.3,3803.6,3809.1,2564,33.0,1.0,39231.0,GC
2025-09-26 15:30:00+00:00,3809.2,3810.4,3804.9,3806.2,2639,33.0,1.0,39231.0,GC
2025-09-26 15:45:00+00:00,3806.0,3811.3,3805.6,3810.4,3148,33.0,1.0,39231.0,GC
2025-09-26 16:00:00+00:00,3810.4,3811.2,3804.4,3804.6,3027,33.0,1.0,39231.0,GC
2025-09-26 16:15:00+00:00,3804.5,3806.7,3801.0,3803.6,3189,33.0,1.0,39231.0,GC
2025-09-26 16:30:00+00:00,3803.7,3807.6,3803.4,3807.5,2364,33.0,1.0,39231.0,GC
2025-09-26 16:45:00+00:00,3807.2,3807.9,3802.9,3804.1,1421,33.0,1.0,39231.0,GC
2025-09-26 17:00:00+00:00,3804.5,3809.2,3803.8,3808.4,1764,33.0,1.0,39231.0,GC
2025-09-26 17:15:00+00:00,3808.4,3810.4,3808.0,3809.0,3689,33.0,1.0,39231.0,GC
2025-09-26 17:30:00+00:00,3808.9,3813.1,3807.7,3812.6,2904,33.0,1.0,39231.0,GC
2025-09-26 17:45:00+00:00,3812.7,3813.2,3810.7,3812.8,1697,33.0,1.0,39231.0,GC
2025-09-26 18:00:00+00:00,3813.0,3813.3,3804.4,3806.0,3485,33.0,1.0,39231.0,GC
2025-09-26 18:15:00+00:00,3806.1,3808.9,3805.9,3807.7,1161,33.0,1.0,39231.0,GC
2025-09-26 18:30:00+00:00,3807.7,3810.6,3806.8,3808.7,1314,33.0,1.0,39231.0,GC
2025-09-26 18:45:00+00:00,3808.8,3810.3,3808.0,3808.6,714,33.0,1.0,39231.0,GC
2025-09-26 19:00:00+00:00,3808.6,3808.8,3802.5,3805.6,2443,33.0,1.0,39231.0,GC
2025-09-26 19:15:00+00:00,3805.6,3805.8,3801.4,3802.2,1930,33.0,1.0,39231.0,GC
2025-09-26 19:30:00+00:00,3802.3,3802.8,3796.9,3797.8,3075,33.0,1.0,39231.0,GC
2025-09-26 19:45:00+00:00,3797.5,3799.4,3793.6,3795.8,2973,33.0,1.0,39231.0,GC
2025-09-26 20:00:00+00:00,3796.0,3798.8,3794.1,3794.1,2120,33.0,1.0,39231.0,GC
2025-09-26 20:15:00+00:00,3794.2,3798.0,3793.6,3795.6,1399,33.0,1.0,39231.0,GC
2025-09-26 20:30:00+00:00,3795.5,3796.5,3792.0,3792.5,1411,33.0,1.0,39231.0,GC
2025-09-26 20:45:00+00:00,3792.1,3793.1,3789.0,3789.8,1109,33.0,1.0,39231.0,GC
2025-09-28 22:00:00+00:00,3788.8,3798.0,3785.5,3797.2,2115,33.0,1.0,39231.0,GC
2025-09-28 22:15:00+00:00,3797.6,3800.5,3795.5,3796.8,1388,33.0,1.0,39231.0,GC
2025-09-28 22:30:00+00:00,3796.9,3800.2,3795.1,3797.8,766,33.0,1.0,39231.0,GC
2025-09-28 22:45:00+00:00,3797.9,3800.1,3796.8,3800.1,461,33.0,1.0,39231.0,GC
2025-09-28 23:00:00+00:00,3800.0,3800.2,3796.0,3796.7,594,33.0,1.0,39231.0,GC
2025-09-28 23:15:00+00:00,3797.1,3799.1,3796.9,3797.8,455,33.0,1.0,39231.0,GC
2025-09-28 23:30:00+00:00,3797.9,3799.7,3796.7,3799.5,555,33.0,1.0,39231.0,GC
2025-09-28 23:45:00+00:00,3799.1,3801.6,3795.1,3795.9,1511,33.0,1.0,39231.0,GC
2025-09-29 00:00:00+00:00,3795.8,3803.8,3792.9,3803.2,2296,33.0,1.0,39231.0,GC
2025-09-29 00:15:00+00:00,3803.3,3806.3,3801.6,3806.1,1359,33.0,1.0,39231.0,GC
2025-09-29 00:30:00+00:00,3806.1,3812.3,3805.8,3811.5,2633,33.0,1.0,39231.0,GC
2025-09-29 00:45:00+00:00,3811.5,3816.4,3810.9,3816.1,2942,33.0,1.0,39231.0,GC
2025-09-29 01:00:00+00:00,3816.0,3817.7,3803.5,3805.3,5834,33.0,1.0,39231.0,GC
2025-09-29 01:15:00+00:00,3805.6,3810.1,3796.2,3801.7,5097,33.0,1.0,39231.0,GC
2025-09-29 01:30:00+00:00,3801.7,3804.4,3797.8,3802.1,3227,33.0,1.0,39231.0,GC
2025-09-29 01:45:00+00:00,3801.9,3808.7,3801.2,3808.0,2260,33.0,1.0,39231.0,GC
2025-09-29 02:00:00+00:00,3807.8,3816.0,3806.3,3814.7,2574,33.0,1.0,39231.0,GC
2025-09-29 02:15:00+00:00,3814.1,3827.8,3814.1,3822.2,5794,33.0,1.0,39231.0,GC
2025-09-29 02:30:00+00:00,3822.0,3825.4,3819.1,3821.1,2838,33.0,1.0,39231.0,GC
2025-09-29 02:45:00+00:00,3821.2,3822.5,3817.2,3822.1,2105,33.0,1.0,39231.0,GC
2025-09-29 03:00:00+00:00,3822.3,3828.5,3822.0,3826.6,2395,33.0,1.0,39231.0,GC
2025-09-29 03:15:00+00:00,3826.4,3826.7,3821.5,3822.6,1386,33.0,1.0,39231.0,GC
2025-09-29 03:30:00+00:00,3823.0,3827.2,3823.0,3826.4,1225,33.0,1.0,39231.0,GC
2025-09-29 03:45:00+00:00,3826.6,3827.5,3823.4,3824.1,1137,33.0,1.0,39231.0,GC
2025-09-29 04:00:00+00:00,3824.0,3825.6,3822.1,3825.5,1024,33.0,1.0,39231.0,GC
2025-09-29 04:15:00+00:00,3825.3,3829.2,3822.5,3829.2,1979,33.0,1.0,39231.0,GC
2025-09-29 04:30:00+00:00,3829.2,3836.0,3827.7,3834.0,3459,33.0,1.0,39231.0,GC
2025-09-29 04:45:00+00:00,3834.0,3837.8,3832.3,3833.6,2735,33.0,1.0,39231.0,GC
2025-09-29 05:00:00+00:00,3833.8,3840.4,3832.3,3835.0,3341,33.0,1.0,39231.0,GC
2025-09-29 05:15:00+00:00,3835.0,3835.8,3830.8,3834.4,2041,33.0,1.0,39231.0,GC
2025-09-29 05:30:00+00:00,3834.2,3838.6,3830.4,3832.7,2607,33.0,1.0,39231.0,GC
2025-09-29 05:45:00+00:00,3832.9,3842.8,3832.5,3841.8,2787,33.0,1.0,39231.0,GC
2025-09-29 06:00:00+00:00,3842.0,3845.6,3839.6,3845.2,3267,33.0,1.0,39231.0,GC
2025-09-29 06:15:00+00:00,3845.0,3846.8,3841.1,3841.8,2930,33.0,1.0,39231.0,GC
2025-09-29 06:30:00+00:00,3841.8,3848.8,3841.0,3847.7,2852,33.0,1.0,39231.0,GC
2025-09-29 06:45:00+00:00,3847.8,3847.9,3841.5,3846.5,2374,33.0,1.0,39231.0,GC
2025-09-29 07:00:00+00:00,3846.4,3849.0,3842.2,3846.6,2870,33.0,1.0,39231.0,GC
2025-09-29 07:15:00+00:00,3846.7,3848.1,3841.7,3843.9,2063,33.0,1.0,39231.0,GC
2025-09-29 07:30:00+00:00,3843.9,3845.1,3837.0,3839.9,3032,33.0,1.0,39231.0,GC
2025-09-29 07:45:00+00:00,3840.1,3840.5,3834.4,3836.1,2820,33.0,1.0,39231.0,GC
2025-09-29 08:00:00+00:00,3836.2,3845.9,3836.2,3845.6,3639,33.0,1.0,39231.0,GC
2025-09-29 08:15:00+00:00,3845.5,3845.8,3837.6,3840.7,2627,33.0,1.0,39231.0,GC
2025-09-29 08:30:00+00:00,3840.8,3845.6,3840.5,3845.5,1737,33.0,1.0,39231.0,GC
2025-09-29 08:45:00+00:00,3845.6,3849.3,3844.5,3848.5,1946,33.0,1.0,39231.0,GC
2025-09-29 09:00:00+00:00,3848.5,3849.4,3846.5,3847.2,1199,33.0,1.0,39231.0,GC
2025-09-29 09:15:00+00:00,3847.3,3848.4,3845.5,3845.8,930,33.0,1.0,39231.0,GC
2025-09-29 09:30:00+00:00,3845.8,3846.9,3838.0,3840.0,3265,33.0,1.0,39231.0,GC
2025-09-29 09:45:00+00:00,3839.8,3840.2,3837.0,3837.5,2235,33.0,1.0,39231.0,GC
2025-09-29 10:00:00+00:00,3837.7,3840.7,3836.5,3840.1,1936,33.0,1.0,39231.0,GC
2025-09-29 10:15:00+00:00,3839.9,3847.4,3839.5,3845.8,2249,33.0,1.0,39231.0,GC
2025-09-29 10:30:00+00:00,3845.8,3848.7,3844.6,3847.4,1669,33.0,1.0,39231.0,GC
2025-09-29 10:45:00+00:00,3847.5,3848.3,3844.8,3847.7,1849,33.0,1.0,39231.0,GC
2025-09-29 11:00:00+00:00,3847.5,3849.0,3846.2,3848.7,1507,33.0,1.0,39231.0,GC
2025-09-29 11:15:00+00:00,3848.6,3854.2,3848.2,3853.1,4158,33.0,1.0,39231.0,GC
2025-09-29 11:30:00+00:00,3853.1,3858.5,3852.0,3856.5,3463,33.0,1.0,39231.0,GC
2025-09-29 11:45:00+00:00,3856.5,3860.6,3853.0,3858.2,3566,33.0,1.0,39231.0,GC
2025-09-29 12:00:00+00:00,3858.1,3859.7,3851.8,3853.8,4682,33.0,1.0,39231.0,GC
2025-09-29 12:15:00+00:00,3853.9,3854.6,3846.1,3846.9,4761,33.0,1.0,39231.0,GC
2025-09-29 12:30:00+00:00,3847.0,3848.6,3842.0,3846.4,5042,33.0,1.0,39231.0,GC
2025-09-29 12:45:00+00:00,3846.5,3848.6,3841.3,3843.5,3775,33.0,1.0,39231.0,GC
2025-09-29 13:00:00+00:00,3843.7,3847.0,3838.6,3846.7,4914,33.0,1.0,39231.0,GC
2025-09-29 13:15:00+00:00,3846.6,3852.8,3845.7,3851.5,3779,33.0,1.0,39231.0,GC
2025-09-29 13:30:00+00:00,3851.7,3857.7,3847.9,3856.0,5314,33.0,1.0,39231.0,GC
2025-09-29 13:45:00+00:00,3856.1,3857.1,3848.6,3850.7,5578,33.0,1.0,39231.0,GC
2025-09-29 14:00:00+00:00,3850.6,3859.9,3848.8,3855.4,7306,33.0,1.0,39231.0,GC
2025-09-29 14:15:00+00:00,3855.5,3857.2,3845.7,3855.9,5299,33.0,1.0,39231.0,GC
2025-09-29 14:30:00+00:00,3856.0,3858.0,3853.4,3855.6,2916,33.0,1.0,39231.0,GC
2025-09-29 14:45:00+00:00,3855.7,3857.6,3852.4,3857.1,2864,33.0,1.0,39231.0,GC
2025-09-29 15:00:00+00:00,3857.2,3862.2,3850.8,3853.2,5453,33.0,1.0,39231.0,GC
2025-09-29 15:15:00+00:00,3852.9,3858.7,3851.3,3858.4,3061,33.0,1.0,39231.0,GC
2025-09-29 15:30:00+00:00,3858.3,3860.0,3849.5,3859.6,4703,33.0,1.0,39231.0,GC
2025-09-29 15:45:00+00:00,3859.4,3862.2,3858.6,3859.3,2915,33.0,1.0,39231.0,GC
2025-09-29 16:00:00+00:00,3859.2,3860.0,3857.0,3860.0,2676,33.0,1.0,39231.0,GC
2025-09-29 16:15:00+00:00,3859.8,3862.2,3858.3,3860.0,2224,33.0,1.0,39231.0,GC
2025-09-29 16:30:00+00:00,3860.0,3861.0,3857.1,3857.1,1795,33.0,1.0,39231.0,GC
2025-09-29 16:45:00+00:00,3857.1,3859.2,3856.9,3858.9,1368,33.0,1.0,39231.0,GC
2025-09-29 17:00:00+00:00,3859.0,3861.6,3857.7,3858.0,1924,33.0,1.0,39231.0,GC
2025-09-29 17:15:00+00:00,3858.0,3858.0,3852.7,3855.3,4373,33.0,1.0,39231.0,GC
2025-09-29 17:30:00+00:00,3855.3,3857.5,3853.7,3857.5,2048,33.0,1.0,39231.0,GC
2025-09-29 17:45:00+00:00,3857.5,3859.5,3855.4,3857.6,1577,33.0,1.0,39231.0,GC
2025-09-29 18:00:00+00:00,3857.8,3859.0,3852.0,3856.7,1953,33.0,1.0,39231.0,GC
2025-09-29 18:15:00+00:00,3856.5,3859.8,3856.2,3858.7,1296,33.0,1.0,39231.0,GC
2025-09-29 18:30:00+00:00,3859.0,3859.2,3853.2,3854.9,2248,33.0,1.0,39231.0,GC
2025-09-29 18:45:00+00:00,3854.8,3855.9,3852.6,3853.2,1103,33.0,1.0,39231.0,GC
2025-09-29 19:00:00+00:00,3853.3,3855.3,3850.9,3855.2,1921,33.0,1.0,39231.0,GC
2025-09-29 19:15:00+00:00,3855.1,3857.6,3853.3,3854.4,1233,33.0,1.0,39231.0,GC
2025-09-29 19:30:00+00:00,3854.3,3858.0,3854.0,3857.9,835,33.0,1.0,39231.0,GC
2025-09-29 19:45:00+00:00,3857.9,3858.4,3856.2,3857.1,1603,33.0,1.0,39231.0,GC
2025-09-29 20:00:00+00:00,3857.0,3858.7,3856.0,3858.5,770,33.0,1.0,39231.0,GC
2025-09-29 20:15:00+00:00,3858.3,3858.8,3856.5,3857.5,727,33.0,1.0,39231.0,GC
2025-09-29 20:30:00+00:00,3857.7,3860.0,3856.8,3859.7,792,33.0,1.0,39231.0,GC
2025-09-29 20:45:00+00:00,3859.5,3863.7,3859.2,3862.9,1752,33.0,1.0,39231.0,GC
2025-09-29 22:00:00+00:00,3863.1,3863.2,3858.0,3858.5,866,33.0,1.0,39231.0,GC
2025-09-29 22:15:00+00:00,3858.7,3859.5,3854.4,3855.7,997,33.0,1.0,39231.0,GC
2025-09-29 22:30:00+00:00,3855.8,3858.4,3855.6,3856.7,352,33.0,1.0,39231.0,GC
2025-09-29 22:45:00+00:00,3856.7,3859.8,3856.3,3859.1,381,33.0,1.0,39231.0,GC
2025-09-29 23:00:00+00:00,3859.1,3859.5,3857.8,3858.5,348,33.0,1.0,39231.0,GC
2025-09-29 23:15:00+00:00,3858.5,3859.3,3857.0,3858.1,390,33.0,1.0,39231.0,GC
2025-09-29 23:30:00+00:00,3858.1,3858.5,3856.5,3857.8,315,33.0,1.0,39231.0,GC
2025-09-29 23:45:00+00:00,3857.7,3861.9,3857.7,3861.1,1144,33.0,1.0,39231.0,GC
2025-09-30 00:00:00+00:00,3861.2,3868.3,3859.5,3866.8,4094,33.0,1.0,39231.0,GC
2025-09-30 00:15:00+00:00,3866.7,3869.0,3863.8,3866.9,1390,33.0,1.0,39231.0,GC
2025-09-30 00:30:00+00:00,3866.8,3868.7,3864.2,3868.3,1009,33.0,1.0,39231.0,GC
2025-09-30 00:45:00+00:00,3868.5,3868.7,3862.9,3867.4,1864,33.0,1.0,39231.0,GC
2025-09-30 01:00:00+00:00,3867.5,3872.4,3866.2,3870.9,2457,33.0,1.0,39231.0,GC
2025-09-30 01:15:00+00:00,3870.9,3876.7,3870.0,3873.2,2995,33.0,1.0,39231.0,GC
2025-09-30 01:30:00+00:00,3873.1,3880.0,3871.6,3877.3,4094,33.0,1.0,39231.0,GC
2025-09-30 01:45:00+00:00,3877.3,3878.5,3874.7,3877.2,1602,33.0,1.0,39231.0,GC
2025-09-30 02:00:00+00:00,3877.2,3880.9,3873.5,3874.8,2745,33.0,1.0,39231.0,GC
2025-09-30 02:15:00+00:00,3874.9,3876.9,3871.0,3874.2,2178,33.0,1.0,39231.0,GC
2025-09-30 02:30:00+00:00,3874.2,3877.4,3871.9,3877.3,1689,33.0,1.0,39231.0,GC
2025-09-30 02:45:00+00:00,3877.5,3878.7,3876.1,3876.5,1164,33.0,1.0,39231.0,GC
2025-09-30 03:00:00+00:00,3876.6,3882.7,3874.3,3881.3,2174,33.0,1.0,39231.0,GC
2025-09-30 03:15:00+00:00,3881.5,3887.5,3880.3,3886.3,3086,33.0,1.0,39231.0,GC
2025-09-30 03:30:00+00:00,3886.1,3892.1,3885.9,3891.9,3075,33.0,1.0,39231.0,GC
2025-09-30 03:45:00+00:00,3892.0,3895.5,3890.7,3892.7,2678,33.0,1.0,39231.0,GC
2025-09-30 04:00:00+00:00,3892.8,3894.2,3890.9,3891.1,1316,33.0,1.0,39231.0,GC
2025-09-30 04:15:00+00:00,3890.9,3893.8,3890.1,3891.8,1295,33.0,1.0,39231.0,GC
2025-09-30 04:30:00+00:00,3891.6,3894.2,3891.3,3892.1,927,33.0,1.0,39231.0,GC
2025-09-30 04:45:00+00:00,3892.1,3894.9,3891.4,3894.9,848,33.0,1.0,39231.0,GC
2025-09-30 05:00:00+00:00,3894.9,3897.7,3890.2,3894.0,2727,33.0,1.0,39231.0,GC
2025-09-30 05:15:00+00:00,3894.0,3898.0,3893.5,3895.2,1753,33.0,1.0,39231.0,GC
2025-09-30 05:30:00+00:00,3895.2,3897.3,3891.7,3896.5,2501,33.0,1.0,39231.0,GC
2025-09-30 05:45:00+00:00,3896.5,3898.1,3892.8,3897.5,1842,33.0,1.0,39231.0,GC
2025-09-30 06:00:00+00:00,3897.4,3899.2,3893.8,3893.8,2821,33.0,1.0,39231.0,GC
2025-09-30 06:15:00+00:00,3894.0,3894.6,3889.2,3894.3,3413,33.0,1.0,39231.0,GC
2025-09-30 06:30:00+00:00,3894.3,3899.2,3893.9,3897.9,2752,33.0,1.0,39231.0,GC
2025-09-30 06:45:00+00:00,3897.7,3897.8,3882.7,3883.9,4347,33.0,1.0,39231.0,GC
2025-09-30 07:00:00+00:00,3883.8,3887.9,3879.4,3883.0,4796,33.0,1.0,39231.0,GC
2025-09-30 07:15:00+00:00,3882.9,3884.4,3877.1,3881.6,2788,33.0,1.0,39231.0,GC
2025-09-30 07:30:00+00:00,3881.6,3883.0,3874.4,3876.0,2647,33.0,1.0,39231.0,GC
2025-09-30 07:45:00+00:00,3876.0,3878.8,3867.9,3872.2,5980,33.0,1.0,39231.0,GC
2025-09-30 08:00:00+00:00,3872.0,3875.6,3860.2,3865.7,6015,33.0,1.0,39231.0,GC
2025-09-30 08:15:00+00:00,3865.7,3866.4,3847.1,3851.0,8807,33.0,1.0,39231.0,GC
2025-09-30 08:30:00+00:00,3850.9,3851.3,3835.4,3843.3,9945,33.0,1.0,39231.0,GC
2025-09-30 08:45:00+00:00,3843.1,3849.6,3842.2,3843.8,4612,33.0,1.0,39231.0,GC
2025-09-30 09:00:00+00:00,3843.7,3848.8,3825.6,3828.0,7232,33.0,1.0,39231.0,GC
2025-09-30 09:15:00+00:00,3827.7,3834.6,3825.7,3829.5,4327,33.0,1.0,39231.0,GC
2025-09-30 09:30:00+00:00,3829.4,3834.5,3827.2,3829.4,3658,33.0,1.0,39231.0,GC
2025-09-30 09:45:00+00:00,3829.2,3829.5,3820.6,3826.3,5337,33.0,1.0,39231.0,GC
2025-09-30 10:00:00+00:00,3825.8,3834.3,3825.8,3830.7,2805,33.0,1.0,39231.0,GC
2025-09-30 10:15:00+00:00,3830.7,3837.6,3830.5,3831.7,2829,33.0,1.0,39231.0,GC
2025-09-30 10:30:00+00:00,3831.5,3837.9,3830.6,3837.2,1881,33.0,1.0,39231.0,GC
2025-09-30 10:45:00+00:00,3837.2,3842.2,3836.8,3839.4,3195,33.0,1.0,39231.0,GC
2025-09-30 11:00:00+00:00,3839.4,3841.1,3833.9,3834.2,2789,33.0,1.0,39231.0,GC
2025-09-30 11:15:00+00:00,3834.2,3837.8,3831.7,3837.3,2723,33.0,1.0,39231.0,GC
2025-09-30 11:30:00+00:00,3837.3,3845.2,3835.6,3842.4,2930,33.0,1.0,39231.0,GC
2025-09-30 11:45:00+00:00,3842.2,3845.3,3840.2,3842.6,2170,33.0,1.0,39231.0,GC
2025-09-30 12:00:00+00:00,3842.4,3843.9,3838.1,3843.4,3967,33.0,1.0,39231.0,GC
2025-09-30 12:15:00+00:00,3843.5,3844.2,3838.8,3841.4,3148,33.0,1.0,39231.0,GC
2025-09-30 12:30:00+00:00,3841.1,3844.8,3836.5,3838.3,3829,33.0,1.0,39231.0,GC
2025-09-30 12:45:00+00:00,3838.3,3850.0,3837.9,3847.5,5383,33.0,1.0,39231.0,GC
2025-09-30 13:00:00+00:00,3847.8,3848.4,3842.1,3845.3,4223,33.0,1.0,39231.0,GC
2025-09-30 13:15:00+00:00,3845.5,3847.7,3839.7,3843.7,4582,33.0,1.0,39231.0,GC
2025-09-30 13:30:00+00:00,3843.6,3853.4,3840.5,3853.0,7159,33.0,1.0,39231.0,GC
2025-09-30 13:45:00+00:00,3853.1,3858.6,3850.8,3852.4,8222,33.0,1.0,39231.0,GC
2025-09-30 14:00:00+00:00,3852.0,3875.4,3848.7,3872.4,12956,33.0,1.0,39231.0,GC
2025-09-30 14:15:00+00:00,3872.5,3880.9,3871.2,3872.3,9201,33.0,1.0,39231.0,GC
2025-09-30 14:30:00+00:00,3872.5,3878.3,3871.3,3878.0,6128,33.0,1.0,39231.0,GC
2025-09-30 14:45:00+00:00,3878.0,3882.3,3873.5,3881.7,5060,33.0,1.0,39231.0,GC
2025-09-30 15:00:00+00:00,3881.7,3881.9,3860.0,3862.8,9629,33.0,1.0,39231.0,GC
2025-09-30 15:15:00+00:00,3862.6,3867.7,3858.7,3862.7,6155,33.0,1.0,39231.0,GC
2025-09-30 15:30:00+00:00,3862.7,3869.5,3862.1,3866.7,3775,33.0,1.0,39231.0,GC
2025-09-30 15:45:00+00:00,3866.8,3868.4,3863.1,3866.3,2851,33.0,1.0,39231.0,GC
2025-09-30 16:00:00+00:00,3866.8,3872.8,3865.7,3871.3,3382,33.0,1.0,39231.0,GC
2025-09-30 16:15:00+00:00,3871.3,3872.3,3868.4,3871.6,1955,33.0,1.0,39231.0,GC
2025-09-30 16:30:00+00:00,3871.7,3873.8,3870.4,3873.3,1761,33.0,1.0,39231.0,GC
2025-09-30 16:45:00+00:00,3873.2,3875.6,3872.5,3873.8,2077,33.0,1.0,39231.0,GC
2025-09-30 17:00:00+00:00,3873.8,3875.3,3871.3,3873.0,2043,33.0,1.0,39231.0,GC
2025-09-30 17:15:00+00:00,3873.0,3876.4,3872.7,3873.5,3460,33.0,1.0,39231.0,GC
2025-09-30 17:30:00+00:00,3873.3,3877.2,3872.7,3873.8,1912,33.0,1.0,39231.0,GC
2025-09-30 17:45:00+00:00,3874.1,3874.3,3870.7,3872.2,1655,33.0,1.0,39231.0,GC
2025-09-30 18:00:00+00:00,3872.5,3873.2,3867.2,3869.0,1911,33.0,1.0,39231.0,GC
2025-09-30 18:15:00+00:00,3868.6,3874.5,3868.4,3873.9,2444,33.0,1.0,39231.0,GC
2025-09-30 18:30:00+00:00,3873.9,3874.3,3871.5,3873.5,1066,33.0,1.0,39231.0,GC
2025-09-30 18:45:00+00:00,3873.6,3877.1,3873.1,3876.0,1429,33.0,1.0,39231.0,GC
2025-09-30 19:00:00+00:00,3876.0,3879.4,3875.2,3878.6,1928,33.0,1.0,39231.0,GC
2025-09-30 19:15:00+00:00,3878.8,3883.1,3878.7,3881.4,2394,33.0,1.0,39231.0,GC
2025-09-30 19:30:00+00:00,3881.5,3884.0,3881.4,3883.3,1224,33.0,1.0,39231.0,GC
2025-09-30 19:45:00+00:00,3883.5,3888.7,3882.5,3886.7,4122,33.0,1.0,39231.0,GC
2025-09-30 20:00:00+00:00,3886.8,3887.0,3878.7,3881.4,2442,33.0,1.0,39231.0,GC
2025-09-30 20:15:00+00:00,3881.3,3883.9,3880.4,3883.7,999,33.0,1.0,39231.0,GC
2025-09-30 20:30:00+00:00,3883.8,3887.5,3883.2,3885.0,1440,33.0,1.0,39231.0,GC
2025-09-30 20:45:00+00:00,3885.1,3888.8,3884.2,3887.6,1252,33.0,1.0,39231.0,GC
2025-09-30 22:00:00+00:00,3887.7,3889.7,3885.1,3887.7,1181,33.0,1.0,39231.0,GC
2025-09-30 22:15:00+00:00,3887.8,3888.8,3882.4,3882.4,1268,33.0,1.0,39231.0,GC
2025-09-30 22:30:00+00:00,3882.7,3887.4,3882.6,3887.2,905,33.0,1.0,39231.0,GC
2025-09-30 22:45:00+00:00,3887.2,3889.2,3886.9,3888.2,562,33.0,1.0,39231.0,GC
2025-09-30 23:00:00+00:00,3888.3,3890.4,3888.1,3889.9,1065,33.0,1.0,39231.0,GC
2025-09-30 23:15:00+00:00,3890.0,3890.5,3888.3,3889.8,347,33.0,1.0,39231.0,GC
2025-09-30 23:30:00+00:00,3889.7,3890.0,3888.2,3889.8,436,33.0,1.0,39231.0,GC
2025-09-30 23:45:00+00:00,3889.7,3890.8,3888.9,3890.6,894,33.0,1.0,39231.0,GC
2025-10-01 00:00:00+00:00,3890.6,3892.4,3890.0,3892.2,2036,33.0,1.0,39231.0,GC
2025-10-01 00:15:00+00:00,3892.4,3892.5,3888.6,3888.6,1074,33.0,1.0,39231.0,GC
2025-10-01 00:30:00+00:00,3888.3,3892.5,3885.9,3891.3,1901,33.0,1.0,39231.0,GC
2025-10-01 00:45:00+00:00,3891.2,3891.8,3888.2,3888.3,648,33.0,1.0,39231.0,GC
2025-10-01 01:00:00+00:00,3888.1,3891.3,3887.0,3890.2,1053,33.0,1.0,39231.0,GC
2025-10-01 01:15:00+00:00,3890.5,3893.2,3889.6,3892.9,1570,33.0,1.0,39231.0,GC
2025-10-01 01:30:00+00:00,3893.1,3894.2,3891.8,3893.8,1345,33.0,1.0,39231.0,GC
2025-10-01 01:45:00+00:00,3893.9,3896.5,3892.7,3896.5,2425,33.0,1.0,39231.0,GC
2025-10-01 02:00:00+00:00,3896.4,3904.1,3894.6,3895.0,6119,33.0,1.0,39231.0,GC
2025-10-01 02:15:00+00:00,3895.3,3898.3,3891.8,3893.5,2450,33.0,1.0,39231.0,GC
2025-10-01 02:30:00+00:00,3893.3,3894.6,3891.5,3893.6,1405,33.0,1.0,39231.0,GC
2025-10-01 02:45:00+00:00,3893.6,3894.6,3885.5,3891.3,3438,33.0,1.0,39231.0,GC
2025-10-01 03:00:00+00:00,3891.0,3894.3,3887.0,3890.0,2666,33.0,1.0,39231.0,GC
2025-10-01 03:15:00+00:00,3890.0,3892.2,3889.2,3891.6,765,33.0,1.0,39231.0,GC
2025-10-01 03:30:00+00:00,3891.7,3892.4,3883.5,3891.5,2571,33.0,1.0,39231.0,GC
2025-10-01 03:45:00+00:00,3891.5,3892.6,3888.3,3889.7,980,33.0,1.0,39231.0,GC
2025-10-01 04:00:00+00:00,3889.5,3892.2,3885.8,3888.6,1282,33.0,1.0,39231.0,GC
2025-10-01 04:15:00+00:00,3888.4,3890.2,3887.7,3888.6,462,33.0,1.0,39231.0,GC
2025-10-01 04:30:00+00:00,3888.6,3889.0,3885.3,3886.8,1353,33.0,1.0,39231.0,GC
2025-10-01 04:45:00+00:00,3886.8,3892.8,3886.8,3892.6,1056,33.0,1.0,39231.0,GC
2025-10-01 05:00:00+00:00,3892.4,3897.0,3890.4,3891.4,2915,33.0,1.0,39231.0,GC
2025-10-01 05:15:00+00:00,3891.4,3896.0,3891.4,3893.3,1225,33.0,1.0,39231.0,GC
2025-10-01 05:30:00+00:00,3893.3,3894.1,3890.0,3890.2,879,33.0,1.0,39231.0,GC
2025-10-01 05:45:00+00:00,3890.3,3891.8,3889.4,3890.8,959,33.0,1.0,39231.0,GC
2025-10-01 06:00:00+00:00,3890.7,3891.8,3885.5,3885.8,2219,33.0,1.0,39231.0,GC
2025-10-01 06:15:00+00:00,3885.7,3889.4,3880.3,3889.4,3744,33.0,1.0,39231.0,GC
2025-10-01 06:30:00+00:00,3889.5,3892.7,3886.7,3891.5,1807,33.0,1.0,39231.0,GC
2025-10-01 06:45:00+00:00,3891.8,3892.6,3885.4,3887.1,1617,33.0,1.0,39231.0,GC
2025-10-01 07:00:00+00:00,3886.9,3895.3,3886.6,3894.7,2173,33.0,1.0,39231.0,GC
2025-10-01 07:15:00+00:00,3894.5,3898.7,3893.9,3898.0,3176,33.0,1.0,39231.0,GC
2025-10-01 07:30:00+00:00,3898.1,3901.8,3895.7,3896.6,4387,33.0,1.0,39231.0,GC
2025-10-01 07:45:00+00:00,3896.3,3908.3,3896.3,3907.2,4934,33.0,1.0,39231.0,GC
2025-10-01 08:00:00+00:00,3907.4,3916.6,3907.0,3915.5,5935,33.0,1.0,39231.0,GC
2025-10-01 08:15:00+00:00,3915.3,3922.7,3915.3,3919.1,5400,33.0,1.0,39231.0,GC
2025-10-01 08:30:00+00:00,3919.1,3921.1,3915.1,3918.8,5397,33.0,1.0,39231.0,GC
2025-10-01 08:45:00+00:00,3918.9,3921.0,3917.4,3920.1,2557,33.0,1.0,39231.0,GC
2025-10-01 09:00:00+00:00,3920.2,3922.4,3919.1,3921.1,2893,33.0,1.0,39231.0,GC
2025-10-01 09:15:00+00:00,3921.1,3921.2,3911.6,3913.5,3237,33.0,1.0,39231.0,GC
2025-10-01 09:30:00+00:00,3913.9,3919.1,3911.3,3916.6,3173,33.0,1.0,39231.0,GC
2025-10-01 09:45:00+00:00,3916.2,3919.5,3913.2,3916.8,1796,33.0,1.0,39231.0,GC
2025-10-01 10:00:00+00:00,3917.0,3917.3,3913.1,3916.4,1747,33.0,1.0,39231.0,GC
2025-10-01 10:15:00+00:00,3916.3,3917.0,3913.8,3914.0,1525,33.0,1.0,39231.0,GC
2025-10-01 10:30:00+00:00,3913.9,3915.5,3912.7,3914.9,1284,33.0,1.0,39231.0,GC
2025-10-01 10:45:00+00:00,3914.8,3917.4,3913.2,3914.7,1277,33.0,1.0,39231.0,GC
2025-10-01 11:00:00+00:00,3915.1,3915.9,3908.3,3910.6,3626,33.0,1.0,39231.0,GC
2025-10-01 11:15:00+00:00,3910.5,3912.7,3909.0,3909.0,2023,33.0,1.0,39231.0,GC
2025-10-01 11:30:00+00:00,3909.0,3910.0,3905.4,3909.3,2595,33.0,1.0,39231.0,GC
2025-10-01 11:45:00+00:00,3909.2,3912.0,3908.5,3911.1,1648,33.0,1.0,39231.0,GC
2025-10-01 12:00:00+00:00,3911.2,3913.1,3908.7,3912.0,1939,33.0,1.0,39231.0,GC
2025-10-01 12:15:00+00:00,3912.1,3918.8,3902.5,3904.9,12186,33.0,1.0,39231.0,GC
2025-10-01 12:30:00+00:00,3905.1,3908.1,3899.2,3902.1,7153,33.0,1.0,39231.0,GC
2025-10-01 12:45:00+00:00,3902.2,3904.3,3891.3,3897.5,7795,33.0,1.0,39231.0,GC
2025-10-01 13:00:00+00:00,3897.3,3901.5,3892.2,3892.6,6374,33.0,1.0,39231.0,GC
2025-10-01 13:15:00+00:00,3892.5,3897.5,3890.7,3896.8,5778,33.0,1.0,39231.0,GC
2025-10-01 13:30:00+00:00,3896.9,3904.1,3895.3,3899.2,9710,33.0,1.0,39231.0,GC
2025-10-01 13:45:00+00:00,3899.4,3901.5,3894.0,3899.8,4931,33.0,1.0,39231.0,GC
2025-10-01 14:00:00+00:00,3899.3,3902.8,3894.2,3897.0,7064,33.0,1.0,39231.0,GC
2025-10-01 14:15:00+00:00,3896.9,3902.8,3895.8,3902.2,4954,33.0,1.0,39231.0,GC
2025-10-01 14:30:00+00:00,3902.3,3906.2,3901.5,3904.3,5011,33.0,1.0,39231.0,GC
2025-10-01 14:45:00+00:00,3904.2,3905.4,3882.8,3899.9,18630,33.0,1.0,39231.0,GC
2025-10-01 15:00:00+00:00,3899.8,3903.8,3893.0,3895.8,8132,33.0,1.0,39231.0,GC
2025-10-01 15:15:00+00:00,3895.8,3896.5,3886.0,3886.4,5599,33.0,1.0,39231.0,GC
2025-10-01 15:30:00+00:00,3886.3,3893.0,3884.6,3891.4,4821,33.0,1.0,39231.0,GC
2025-10-01 15:45:00+00:00,3891.3,3896.5,3890.1,3895.1,3235,33.0,1.0,39231.0,GC
2025-10-01 16:00:00+00:00,3895.0,3896.0,3887.3,3894.0,3164,33.0,1.0,39231.0,GC
2025-10-01 16:15:00+00:00,3893.8,3897.5,3893.4,3897.0,2953,33.0,1.0,39231.0,GC
2025-10-01 16:30:00+00:00,3897.1,3898.2,3896.0,3897.4,2295,33.0,1.0,39231.0,GC
2025-10-01 16:45:00+00:00,3897.2,3898.2,3896.0,3897.6,1746,33.0,1.0,39231.0,GC
2025-10-01 17:00:00+00:00,3897.7,3898.0,3895.1,3896.5,1453,33.0,1.0,39231.0,GC
2025-10-01 17:15:00+00:00,3896.6,3898.5,3895.7,3897.8,3343,33.0,1.0,39231.0,GC
2025-10-01 17:30:00+00:00,3897.8,3898.2,3890.4,3890.8,2261,33.0,1.0,39231.0,GC
2025-10-01 17:45:00+00:00,3890.6,3891.7,3887.3,3887.4,2313,33.0,1.0,39231.0,GC
2025-10-01 18:00:00+00:00,3887.6,3887.7,3881.4,3886.5,4745,33.0,1.0,39231.0,GC
2025-10-01 18:15:00+00:00,3886.4,3891.9,3886.1,3889.6,1991,33.0,1.0,39231.0,GC
2025-10-01 18:30:00+00:00,3889.8,3893.1,3884.7,3886.1,2936,33.0,1.0,39231.0,GC
2025-10-01 18:45:00+00:00,3886.2,3890.6,3885.8,3888.7,1735,33.0,1.0,39231.0,GC
2025-10-01 19:00:00+00:00,3888.8,3892.7,3887.8,3892.4,1458,33.0,1.0,39231.0,GC
2025-10-01 19:15:00+00:00,3892.5,3893.2,3890.1,3891.3,1232,33.0,1.0,39231.0,GC
2025-10-01 19:30:00+00:00,3891.5,3895.7,3890.6,3895.7,1710,33.0,1.0,39231.0,GC
2025-10-01 19:45:00+00:00,3895.8,3897.6,3892.7,3894.3,2647,33.0,1.0,39231.0,GC
2025-10-01 20:00:00+00:00,3894.3,3894.4,3886.5,3889.0,1745,33.0,1.0,39231.0,GC
2025-10-01 20:15:00+00:00,3889.0,3890.3,3887.3,3890.1,724,33.0,1.0,39231.0,GC
2025-10-01 20:30:00+00:00,3890.1,3891.9,3889.5,3890.3,709,33.0,1.0,39231.0,GC
2025-10-01 20:45:00+00:00,3890.4,3892.8,3889.9,3892.6,996,33.0,1.0,39231.0,GC
2025-10-01 22:00:00+00:00,3892.7,3895.7,3886.5,3888.4,1286,33.0,1.0,39231.0,GC
2025-10-01 22:15:00+00:00,3888.5,3889.0,3884.1,3885.6,681,33.0,1.0,39231.0,GC
2025-10-01 22:30:00+00:00,3885.6,3888.2,3884.6,3887.9,612,33.0,1.0,39231.0,GC
2025-10-01 22:45:00+00:00,3887.9,3889.5,3887.0,3887.5,321,33.0,1.0,39231.0,GC
2025-10-01 23:00:00+00:00,3887.4,3890.0,3886.8,3888.0,658,33.0,1.0,39231.0,GC
2025-10-01 23:15:00+00:00,3887.9,3892.3,3887.1,3891.1,663,33.0,1.0,39231.0,GC
2025-10-01 23:30:00+00:00,3891.1,3891.7,3882.9,3886.3,1612,33.0,1.0,39231.0,GC
2025-10-01 23:45:00+00:00,3886.1,3890.7,3886.0,3888.9,993,33.0,1.0,39231.0,GC
2025-10-02 00:00:00+00:00,3888.7,3889.2,3883.0,3883.8,1170,33.0,1.0,39231.0,GC
2025-10-02 00:15:00+00:00,3883.8,3886.5,3882.0,3883.6,1218,33.0,1.0,39231.0,GC
2025-10-02 00:30:00+00:00,3883.6,3885.3,3882.5,3883.7,569,33.0,1.0,39231.0,GC
2025-10-02 00:45:00+00:00,3883.8,3886.5,3881.5,3881.7,1091,33.0,1.0,39231.0,GC
2025-10-02 01:00:00+00:00,3881.5,3885.4,3877.0,3884.9,3669,33.0,1.0,39231.0,GC
2025-10-02 01:15:00+00:00,3884.8,3890.0,3883.0,3888.9,1655,33.0,1.0,39231.0,GC
2025-10-02 01:30:00+00:00,3889.1,3890.0,3887.8,3888.3,1307,33.0,1.0,39231.0,GC
2025-10-02 01:45:00+00:00,3888.2,3890.0,3887.3,3889.9,685,33.0,1.0,39231.0,GC
2025-10-02 02:00:00+00:00,3889.9,3895.0,3886.5,3894.8,1963,33.0,1.0,39231.0,GC
2025-10-02 02:15:00+00:00,3894.8,3895.2,3887.4,3888.9,1484,33.0,1.0,39231.0,GC
2025-10-02 02:30:00+00:00,3888.8,3890.4,3887.9,3889.8,583,33.0,1.0,39231.0,GC
2025-10-02 02:45:00+00:00,3889.7,3892.4,3889.0,3891.1,581,33.0,1.0,39231.0,GC
2025-10-02 03:00:00+00:00,3890.8,3893.7,3889.6,3893.6,599,33.0,1.0,39231.0,GC
2025-10-02 03:15:00+00:00,3893.7,3894.4,3891.6,3892.1,735,33.0,1.0,39231.0,GC
2025-10-02 03:30:00+00:00,3892.0,3892.1,3888.8,3889.8,824,33.0,1.0,39231.0,GC
2025-10-02 03:45:00+00:00,3889.4,3892.2,3889.2,3891.6,585,33.0,1.0,39231.0,GC
2025-10-02 04:00:00+00:00,3891.6,3892.7,3890.3,3890.7,548,33.0,1.0,39231.0,GC
2025-10-02 04:15:00+00:00,3890.9,3891.8,3890.3,3891.4,223,33.0,1.0,39231.0,GC
2025-10-02 04:30:00+00:00,3891.2,3891.8,3888.8,3889.8,377,33.0,1.0,39231.0,GC
2025-10-02 04:45:00+00:00,3889.8,3889.8,3886.6,3889.2,706,33.0,1.0,39231.0,GC
2025-10-02 05:00:00+00:00,3889.3,3893.9,3889.3,3893.4,1026,33.0,1.0,39231.0,GC
2025-10-02 05:15:00+00:00,3893.1,3896.5,3892.8,3894.7,898,33.0,1.0,39231.0,GC
2025-10-02 05:30:00+00:00,3894.5,3894.9,3891.2,3893.0,742,33.0,1.0,39231.0,GC
2025-10-02 05:45:00+00:00,3893.3,3894.1,3891.7,3892.9,504,33.0,1.0,39231.0,GC
2025-10-02 06:00:00+00:00,3893.0,3897.0,3891.6,3896.8,1393,33.0,1.0,39231.0,GC
2025-10-02 06:15:00+00:00,3896.7,3899.3,3896.1,3896.4,1698,33.0,1.0,39231.0,GC
2025-10-02 06:30:00+00:00,3896.6,3899.0,3895.0,3895.3,1115,33.0,1.0,39231.0,GC
2025-10-02 06:45:00+00:00,3894.8,3894.8,3886.8,3889.0,1931,33.0,1.0,39231.0,GC
2025-10-02 07:00:00+00:00,3888.9,3898.2,3888.5,3898.0,2031,33.0,1.0,39231.0,GC
2025-10-02 07:15:00+00:00,3898.3,3899.6,3888.0,3889.3,4002,33.0,1.0,39231.0,GC
2025-10-02 07:30:00+00:00,3889.5,3891.9,3886.9,3891.1,2275,33.0,1.0,39231.0,GC
2025-10-02 07:45:00+00:00,3891.0,3895.0,3889.5,3894.0,1998,33.0,1.0,39231.0,GC
2025-10-02 08:00:00+00:00,3893.6,3894.2,3889.7,3892.0,1928,33.0,1.0,39231.0,GC
2025-10-02 08:15:00+00:00,3892.1,3895.7,3891.3,3894.6,727,33.0,1.0,39231.0,GC
2025-10-02 08:30:00+00:00,3894.6,3900.7,3894.1,3900.3,1844,33.0,1.0,39231.0,GC
2025-10-02 08:45:00+00:00,3900.5,3903.6,3898.6,3899.3,1995,33.0,1.0,39231.0,GC
2025-10-02 09:00:00+00:00,3899.4,3903.4,3898.1,3900.6,1611,33.0,1.0,39231.0,GC
2025-10-02 09:15:00+00:00,3900.8,3903.3,3899.4,3900.5,1305,33.0,1.0,39231.0,GC
2025-10-02 09:30:00+00:00,3900.6,3904.3,3900.4,3902.8,1779,33.0,1.0,39231.0,GC
2025-10-02 09:45:00+00:00,3902.9,3905.1,3900.6,3904.3,1576,33.0,1.0,39231.0,GC
2025-10-02 10:00:00+00:00,3904.4,3905.9,3901.2,3901.4,1241,33.0,1.0,39231.0,GC
2025-10-02 10:15:00+00:00,3901.5,3908.6,3901.3,3907.3,1715,33.0,1.0,39231.0,GC
2025-10-02 10:30:00+00:00,3907.3,3907.8,3903.6,3905.8,1332,33.0,1.0,39231.0,GC
2025-10-02 10:45:00+00:00,3905.6,3907.0,3903.8,3906.6,837,33.0,1.0,39231.0,GC
2025-10-02 11:00:00+00:00,3906.7,3908.6,3904.5,3908.2,1134,33.0,1.0,39231.0,GC
2025-10-02 11:15:00+00:00,3908.1,3910.4,3907.8,3908.3,1970,33.0,1.0,39231.0,GC
2025-10-02 11:30:00+00:00,3908.4,3910.8,3906.7,3909.5,1909,33.0,1.0,39231.0,GC
2025-10-02 11:45:00+00:00,3909.4,3911.7,3907.1,3911.2,2422,33.0,1.0,39231.0,GC
2025-10-02 12:00:00+00:00,3911.3,3917.5,3910.2,3911.6,4599,33.0,1.0,39231.0,GC
2025-10-02 12:15:00+00:00,3911.7,3911.8,3905.1,3908.1,4049,33.0,1.0,39231.0,GC
2025-10-02 12:30:00+00:00,3908.0,3914.0,3906.6,3907.8,3904,33.0,1.0,39231.0,GC
2025-10-02 12:45:00+00:00,3907.9,3910.4,3906.2,3910.1,2694,33.0,1.0,39231.0,GC
2025-10-02 13:00:00+00:00,3909.9,3918.4,3909.9,3916.9,4825,33.0,1.0,39231.0,GC
2025-10-02 13:15:00+00:00,3916.8,3919.5,3913.1,3919.3,4239,33.0,1.0,39231.0,GC
2025-10-02 13:30:00+00:00,3919.3,3923.3,3905.8,3908.1,10485,33.0,1.0,39231.0,GC
2025-10-02 13:45:00+00:00,3908.2,3912.5,3898.1,3899.7,9922,33.0,1.0,39231.0,GC
2025-10-02 14:00:00+00:00,3900.0,3901.5,3893.7,3895.9,9551,33.0,1.0,39231.0,GC
2025-10-02 14:15:00+00:00,3896.0,3896.9,3882.0,3888.2,14796,33.0,1.0,39231.0,GC
2025-10-02 14:30:00+00:00,3888.3,3890.0,3860.1,3862.0,21395,33.0,1.0,39231.0,GC
2025-10-02 14:45:00+00:00,3862.2,3865.2,3849.1,3863.8,19229,33.0,1.0,39231.0,GC
2025-10-02 15:00:00+00:00,3863.7,3869.0,3854.3,3860.3,11756,33.0,1.0,39231.0,GC
2025-10-02 15:15:00+00:00,3860.4,3863.4,3853.1,3859.8,7068,33.0,1.0,39231.0,GC
2025-10-02 15:30:00+00:00,3859.6,3859.6,3842.8,3858.5,11387,33.0,1.0,39231.0,GC
2025-10-02 15:45:00+00:00,3858.4,3860.0,3850.2,3851.8,5203,33.0,1.0,39231.0,GC
2025-10-02 16:00:00+00:00,3851.7,3863.8,3850.7,3861.7,4700,33.0,1.0,39231.0,GC
2025-10-02 16:15:00+00:00,3861.6,3868.6,3859.0,3861.8,5574,33.0,1.0,39231.0,GC
2025-10-02 16:30:00+00:00,3861.5,3867.3,3858.8,3866.8,3594,33.0,1.0,39231.0,GC
2025-10-02 16:45:00+00:00,3866.9,3869.2,3864.4,3868.6,3431,33.0,1.0,39231.0,GC
2025-10-02 17:00:00+00:00,3868.6,3871.4,3866.8,3869.4,3444,33.0,1.0,39231.0,GC
2025-10-02 17:15:00+00:00,3869.5,3871.8,3866.2,3868.5,4314,33.0,1.0,39231.0,GC
2025-10-02 17:30:00+00:00,3868.4,3870.9,3865.2,3866.7,2599,33.0,1.0,39231.0,GC
2025-10-02 17:45:00+00:00,3866.6,3870.5,3864.7,3868.6,1841,33.0,1.0,39231.0,GC
2025-10-02 18:00:00+00:00,3868.5,3871.4,3867.8,3870.2,1664,33.0,1.0,39231.0,GC
2025-10-02 18:15:00+00:00,3870.3,3872.2,3869.7,3871.7,1326,33.0,1.0,39231.0,GC
2025-10-02 18:30:00+00:00,3871.5,3872.8,3870.4,3872.4,1380,33.0,1.0,39231.0,GC
2025-10-02 18:45:00+00:00,3872.5,3876.5,3872.1,3875.2,2228,33.0,1.0,39231.0,GC
2025-10-02 19:00:00+00:00,3875.2,3883.3,3874.8,3879.1,4212,33.0,1.0,39231.0,GC
2025-10-02 19:15:00+00:00,3879.0,3883.4,3878.9,3881.8,1582,33.0,1.0,39231.0,GC
2025-10-02 19:30:00+00:00,3881.8,3882.6,3880.0,3880.8,1066,33.0,1.0,39231.0,GC
2025-10-02 19:45:00+00:00,3881.0,3881.6,3877.4,3880.1,1612,33.0,1.0,39231.0,GC
2025-10-02 20:00:00+00:00,3880.3,3884.5,3879.2,3882.0,1377,33.0,1.0,39231.0,GC
2025-10-02 20:15:00+00:00,3882.0,3882.6,3880.7,3881.2,501,33.0,1.0,39231.0,GC
2025-10-02 20:30:00+00:00,3881.1,3881.7,3879.4,3879.9,547,33.0,1.0,39231.0,GC
2025-10-02 20:45:00+00:00,3879.8,3881.3,3878.0,3880.8,630,33.0,1.0,39231.0,GC
2025-10-02 22:00:00+00:00,3880.4,3882.9,3876.8,3877.3,827,33.0,1.0,39231.0,GC
2025-10-02 22:15:00+00:00,3877.3,3879.5,3876.0,3878.5,423,33.0,1.0,39231.0,GC
2025-10-02 22:30:00+00:00,3878.5,3881.9,3878.2,3881.6,453,33.0,1.0,39231.0,GC
2025-10-02 22:45:00+00:00,3881.7,3882.6,3880.5,3881.2,229,33.0,1.0,39231.0,GC
2025-10-02 23:00:00+00:00,3881.2,3882.7,3881.0,3881.6,237,33.0,1.0,39231.0,GC
2025-10-02 23:15:00+00:00,3881.7,3883.0,3880.6,3882.4,218,33.0,1.0,39231.0,GC
2025-10-02 23:30:00+00:00,3882.5,3887.0,3882.3,3886.2,1140,33.0,1.0,39231.0,GC
2025-10-02 23:45:00+00:00,3886.0,3888.1,3885.6,3886.8,846,33.0,1.0,39231.0,GC
2025-10-03 00:00:00+00:00,3886.6,3887.2,3881.6,3885.3,1353,33.0,1.0,39231.0,GC
2025-10-03 00:15:00+00:00,3885.3,3886.2,3881.4,3882.5,1199,33.0,1.0,39231.0,GC
2025-10-03 00:30:00+00:00,3882.2,3883.1,3880.2,3882.1,1085,33.0,1.0,39231.0,GC
2025-10-03 00:45:00+00:00,3882.2,3883.0,3880.2,3880.7,739,33.0,1.0,39231.0,GC
2025-10-03 01:00:00+00:00,3880.9,3886.5,3877.3,3880.4,2500,33.0,1.0,39231.0,GC
2025-10-03 01:15:00+00:00,3880.6,3881.2,3874.0,3875.3,2051,33.0,1.0,39231.0,GC
2025-10-03 01:30:00+00:00,3875.5,3880.1,3870.9,3879.9,2483,33.0,1.0,39231.0,GC
2025-10-03 01:45:00+00:00,3880.0,3883.5,3878.3,3882.2,2114,33.0,1.0,39231.0,GC
2025-10-03 02:00:00+00:00,3882.3,3882.9,3879.3,3880.0,851,33.0,1.0,39231.0,GC
2025-10-03 02:15:00+00:00,3879.8,3882.0,3878.0,3878.6,1148,33.0,1.0,39231.0,GC
2025-10-03 02:30:00+00:00,3878.6,3879.0,3872.6,3872.8,1609,33.0,1.0,39231.0,GC
2025-10-03 02:45:00+00:00,3872.8,3875.8,3871.0,3871.9,1072,33.0,1.0,39231.0,GC
2025-10-03 03:00:00+00:00,3871.5,3874.6,3868.0,3871.0,1790,33.0,1.0,39231.0,GC
2025-10-03 03:15:00+00:00,3871.0,3872.2,3863.0,3863.2,2496,33.0,1.0,39231.0,GC
2025-10-03 03:30:00+00:00,3863.3,3865.8,3861.1,3864.1,2168,33.0,1.0,39231.0,GC
2025-10-03 03:45:00+00:00,3863.8,3867.1,3862.3,3865.9,1259,33.0,1.0,39231.0,GC
2025-10-03 04:00:00+00:00,3865.7,3868.7,3864.6,3868.2,986,33.0,1.0,39231.0,GC
2025-10-03 04:15:00+00:00,3868.1,3871.3,3865.8,3868.0,1217,33.0,1.0,39231.0,GC
2025-10-03 04:30:00+00:00,3868.0,3869.0,3866.1,3868.0,861,33.0,1.0,39231.0,GC
2025-10-03 04:45:00+00:00,3867.9,3868.3,3866.1,3867.2,437,33.0,1.0,39231.0,GC
2025-10-03 05:00:00+00:00,3867.1,3874.2,3867.0,3874.0,1466,33.0,1.0,39231.0,GC
2025-10-03 05:15:00+00:00,3874.1,3879.1,3873.7,3877.4,2014,33.0,1.0,39231.0,GC
2025-10-03 05:30:00+00:00,3877.7,3881.0,3877.7,3879.0,1481,33.0,1.0,39231.0,GC
2025-10-03 05:45:00+00:00,3879.0,3882.4,3876.5,3878.3,1631,33.0,1.0,39231.0,GC
2025-10-03 06:00:00+00:00,3878.2,3882.5,3874.2,3882.4,1940,33.0,1.0,39231.0,GC
2025-10-03 06:15:00+00:00,3882.3,3883.9,3881.4,3883.9,1289,33.0,1.0,39231.0,GC
2025-10-03 06:30:00+00:00,3883.8,3884.2,3880.8,3881.0,1476,33.0,1.0,39231.0,GC
2025-10-03 06:45:00+00:00,3880.9,3882.2,3878.1,3882.0,1540,33.0,1.0,39231.0,GC
2025-10-03 07:00:00+00:00,3882.2,3883.9,3880.0,3881.7,1216,33.0,1.0,39231.0,GC
2025-10-03 07:15:00+00:00,3881.6,3886.3,3880.8,3885.8,2462,33.0,1.0,39231.0,GC
2025-10-03 07:30:00+00:00,3886.1,3888.7,3884.4,3887.8,2305,33.0,1.0,39231.0,GC
2025-10-03 07:45:00+00:00,3887.7,3888.4,3885.8,3887.3,911,33.0,1.0,39231.0,GC
2025-10-03 08:00:00+00:00,3887.5,3889.0,3884.4,3885.1,1191,33.0,1.0,39231.0,GC
2025-10-03 08:15:00+00:00,3885.1,3886.8,3883.4,3886.4,1246,33.0,1.0,39231.0,GC
2025-10-03 08:30:00+00:00,3886.1,3887.2,3884.8,3886.3,823,33.0,1.0,39231.0,GC
2025-10-03 08:45:00+00:00,3886.4,3888.8,3884.0,3888.3,1020,33.0,1.0,39231.0,GC
2025-10-03 09:00:00+00:00,3888.2,3888.4,3882.9,3884.1,1192,33.0,1.0,39231.0,GC
2025-10-03 09:15:00+00:00,3884.1,3884.3,3880.2,3882.5,1136,33.0,1.0,39231.0,GC
2025-10-03 09:30:00+00:00,3882.7,3884.3,3881.3,3883.2,780,33.0,1.0,39231.0,GC
2025-10-03 09:45:00+00:00,3883.4,3888.3,3882.1,3887.7,1000,33.0,1.0,39231.0,GC
2025-10-03 10:00:00+00:00,3887.8,3888.9,3886.7,3888.7,1102,33.0,1.0,39231.0,GC
2025-10-03 10:15:00+00:00,3888.7,3889.6,3885.6,3886.4,1309,33.0,1.0,39231.0,GC
2025-10-03 10:30:00+00:00,3886.6,3891.3,3885.3,3889.2,2891,33.0,1.0,39231.0,GC
2025-10-03 10:45:00+00:00,3889.3,3891.5,3887.2,3888.9,2579,33.0,1.0,39231.0,GC
2025-10-03 11:00:00+00:00,3888.9,3890.3,3885.3,3885.7,1547,33.0,1.0,39231.0,GC
2025-10-03 11:15:00+00:00,3885.6,3885.7,3880.6,3882.0,2100,33.0,1.0,39231.0,GC
2025-10-03 11:30:00+00:00,3882.0,3884.3,3877.6,3883.4,2273,33.0,1.0,39231.0,GC
2025-10-03 11:45:00+00:00,3883.3,3887.9,3882.3,3885.3,2011,33.0,1.0,39231.0,GC
2025-10-03 12:00:00+00:00,3885.4,3887.5,3883.7,3887.5,1957,33.0,1.0,39231.0,GC
2025-10-03 12:15:00+00:00,3887.6,3888.5,3884.0,3887.4,2239,33.0,1.0,39231.0,GC
2025-10-03 12:30:00+00:00,3887.8,3895.7,3886.7,3895.4,5897,33.0,1.0,39231.0,GC
2025-10-03 12:45:00+00:00,3895.2,3899.5,3893.4,3898.4,4899,33.0,1.0,39231.0,GC
2025-10-03 13:00:00+00:00,3898.4,3902.4,3894.5,3901.8,4692,33.0,1.0,39231.0,GC
2025-10-03 13:15:00+00:00,3901.7,3909.2,3900.5,3905.8,7572,33.0,1.0,39231.0,GC
2025-10-03 13:30:00+00:00,3905.9,3912.5,3897.3,3911.7,11002,33.0,1.0,39231.0,GC
2025-10-03 13:45:00+00:00,3911.7,3915.6,3905.0,3907.3,10139,33.0,1.0,39231.0,GC
2025-10-03 14:00:00+00:00,3907.4,3912.5,3890.7,3891.7,13520,33.0,1.0,39231.0,GC
2025-10-03 14:15:00+00:00,3891.5,3904.5,3891.2,3903.4,5684,33.0,1.0,39231.0,GC
2025-10-03 14:30:00+00:00,3903.3,3904.7,3896.6,3899.0,4474,33.0,1.0,39231.0,GC
2025-10-03 14:45:00+00:00,3899.1,3905.9,3898.1,3904.3,3652,33.0,1.0,39231.0,GC
2025-10-03 15:00:00+00:00,3904.4,3906.9,3898.5,3905.0,4250,33.0,1.0,39231.0,GC
2025-10-03 15:15:00+00:00,3905.1,3914.2,3902.6,3912.5,4826,33.0,1.0,39231.0,GC
2025-10-03 15:30:00+00:00,3912.7,3913.8,3909.1,3911.8,3968,33.0,1.0,39231.0,GC
2025-10-03 15:45:00+00:00,3911.8,3916.8,3910.5,3914.4,4534,33.0,1.0,39231.0,GC
2025-10-03 16:00:00+00:00,3914.5,3914.8,3909.2,3911.3,3935,33.0,1.0,39231.0,GC
2025-10-03 16:15:00+00:00,3911.4,3911.4,3905.4,3907.9,2712,33.0,1.0,39231.0,GC
2025-10-03 16:30:00+00:00,3907.7,3909.6,3905.9,3907.5,1800,33.0,1.0,39231.0,GC
2025-10-03 16:45:00+00:00,3907.5,3909.9,3905.9,3908.9,1342,33.0,1.0,39231.0,GC
2025-10-03 17:00:00+00:00,3908.8,3910.2,3906.1,3909.2,1659,33.0,1.0,39231.0,GC
2025-10-03 17:15:00+00:00,3909.2,3911.4,3908.4,3909.2,2916,33.0,1.0,39231.0,GC
2025-10-03 17:30:00+00:00,3909.0,3911.1,3906.7,3909.9,1733,33.0,1.0,39231.0,GC
2025-10-03 17:45:00+00:00,3909.7,3910.6,3901.7,3906.6,3271,33.0,1.0,39231.0,GC
2025-10-03 18:00:00+00:00,3906.9,3910.5,3905.2,3907.9,2065,33.0,1.0,39231.0,GC
2025-10-03 18:15:00+00:00,3907.9,3910.8,3906.8,3909.8,1247,33.0,1.0,39231.0,GC
2025-10-03 18:30:00+00:00,3909.9,3914.8,3909.7,3913.9,1741,33.0,1.0,39231.0,GC
2025-10-03 18:45:00+00:00,3914.0,3914.6,3910.2,3911.8,1976,33.0,1.0,39231.0,GC
2025-10-03 19:00:00+00:00,3911.9,3914.1,3909.3,3913.5,1668,33.0,1.0,39231.0,GC
2025-10-03 19:15:00+00:00,3913.5,3914.6,3911.6,3912.4,966,33.0,1.0,39231.0,GC
2025-10-03 19:30:00+00:00,3912.6,3914.6,3911.6,3912.1,1278,33.0,1.0,39231.0,GC
2025-10-03 19:45:00+00:00,3912.3,3914.4,3910.0,3910.9,1740,33.0,1.0,39231.0,GC
2025-10-03 20:00:00+00:00,3910.9,3912.7,3909.9,3910.4,737,33.0,1.0,39231.0,GC
2025-10-03 20:15:00+00:00,3910.4,3910.6,3909.0,3909.9,557,33.0,1.0,39231.0,GC
2025-10-03 20:30:00+00:00,3909.8,3910.7,3908.5,3910.5,779,33.0,1.0,39231.0,GC
2025-10-03 20:45:00+00:00,3910.5,3912.5,3910.1,3912.1,902,33.0,1.0,39231.0,GC
2025-10-05 22:00:00+00:00,3913.5,3917.4,3909.2,3915.5,2816,33.0,1.0,39231.0,GC
2025-10-05 22:15:00+00:00,3915.7,3919.0,3913.2,3918.7,1710,33.0,1.0,39231.0,GC
2025-10-05 22:30:00+00:00,3918.5,3919.2,3915.0,3918.5,1286,33.0,1.0,39231.0,GC
2025-10-05 22:45:00+00:00,3918.1,3930.3,3917.3,3927.3,2994,33.0,1.0,39231.0,GC
2025-10-05 23:00:00+00:00,3927.6,3945.2,3925.0,3934.2,10124,33.0,1.0,39231.0,GC
2025-10-05 23:15:00+00:00,3934.3,3937.7,3932.0,3935.5,2034,33.0,1.0,39231.0,GC
2025-10-05 23:30:00+00:00,3935.4,3936.7,3932.6,3936.0,1290,33.0,1.0,39231.0,GC
2025-10-05 23:45:00+00:00,3936.0,3937.2,3933.5,3935.3,1691,33.0,1.0,39231.0,GC
2025-10-06 00:00:00+00:00,3935.4,3935.9,3926.1,3930.0,3701,33.0,1.0,39231.0,GC
2025-10-06 00:15:00+00:00,3929.7,3931.9,3924.3,3927.7,2166,33.0,1.0,39231.0,GC
2025-10-06 00:30:00+00:00,3927.7,3931.5,3925.8,3930.4,1611,33.0,1.0,39231.0,GC
2025-10-06 00:45:00+00:00,3930.1,3932.2,3925.5,3926.1,1605,33.0,1.0,39231.0,GC
2025-10-06 01:00:00+00:00,3926.5,3934.5,3925.5,3931.7,1852,33.0,1.0,39231.0,GC
2025-10-06 01:15:00+00:00,3931.9,3933.3,3926.8,3928.5,1432,33.0,1.0,39231.0,GC
2025-10-06 01:30:00+00:00,3928.4,3936.1,3927.7,3935.5,1642,33.0,1.0,39231.0,GC
2025-10-06 01:45:00+00:00,3935.4,3943.4,3934.3,3943.3,2763,33.0,1.0,39231.0,GC
2025-10-06 02:00:00+00:00,3943.3,3950.0,3942.7,3948.5,5921,33.0,1.0,39231.0,GC
2025-10-06 02:15:00+00:00,3948.7,3948.7,3945.3,3946.9,1291,33.0,1.0,39231.0,GC
2025-10-06 02:30:00+00:00,3946.7,3948.3,3944.0,3947.9,1285,33.0,1.0,39231.0,GC
2025-10-06 02:45:00+00:00,3948.1,3948.3,3944.4,3946.1,1092,33.0,1.0,39231.0,GC
2025-10-06 03:00:00+00:00,3945.8,3951.4,3944.9,3946.6,2220,33.0,1.0,39231.0,GC
2025-10-06 03:15:00+00:00,3946.6,3950.0,3945.4,3946.9,1241,33.0,1.0,39231.0,GC
2025-10-06 03:30:00+00:00,3946.8,3954.5,3946.4,3953.8,2454,33.0,1.0,39231.0,GC
2025-10-06 03:45:00+00:00,3954.0,3956.8,3952.9,3954.7,2020,33.0,1.0,39231.0,GC
2025-10-06 04:00:00+00:00,3954.6,3958.2,3953.3,3954.1,2102,33.0,1.0,39231.0,GC
2025-10-06 04:15:00+00:00,3954.0,3959.4,3953.3,3958.5,1448,33.0,1.0,39231.0,GC
2025-10-06 04:30:00+00:00,3958.3,3964.2,3957.0,3964.2,2602,33.0,1.0,39231.0,GC
2025-10-06 04:45:00+00:00,3963.8,3964.5,3959.4,3963.2,2184,33.0,1.0,39231.0,GC
2025-10-06 05:00:00+00:00,3962.9,3969.0,3959.8,3964.0,3306,33.0,1.0,39231.0,GC
2025-10-06 05:15:00+00:00,3964.1,3964.4,3957.0,3961.6,3012,33.0,1.0,39231.0,GC
2025-10-06 05:30:00+00:00,3961.7,3961.7,3951.7,3955.2,3805,33.0,1.0,39231.0,GC
2025-10-06 05:45:00+00:00,3955.1,3958.1,3952.9,3957.4,1733,33.0,1.0,39231.0,GC
2025-10-06 06:00:00+00:00,3957.5,3957.6,3947.4,3950.5,3063,33.0,1.0,39231.0,GC
2025-10-06 06:15:00+00:00,3951.0,3954.9,3949.2,3953.3,2347,33.0,1.0,39231.0,GC
2025-10-06 06:30:00+00:00,3953.1,3953.3,3950.0,3952.0,1438,33.0,1.0,39231.0,GC
2025-10-06 06:45:00+00:00,3952.0,3959.0,3952.0,3958.5,2750,33.0,1.0,39231.0,GC
2025-10-06 07:00:00+00:00,3958.3,3960.4,3956.7,3959.1,2199,33.0,1.0,39231.0,GC
2025-10-06 07:15:00+00:00,3958.8,3960.7,3953.4,3956.8,2080,33.0,1.0,39231.0,GC
2025-10-06 07:30:00+00:00,3956.9,3960.6,3955.4,3957.1,2163,33.0,1.0,39231.0,GC
2025-10-06 07:45:00+00:00,3957.2,3968.0,3956.5,3965.7,4188,33.0,1.0,39231.0,GC
2025-10-06 08:00:00+00:00,3965.8,3973.7,3965.8,3971.4,4316,33.0,1.0,39231.0,GC
2025-10-06 08:15:00+00:00,3971.3,3973.3,3964.1,3967.7,3394,33.0,1.0,39231.0,GC
2025-10-06 08:30:00+00:00,3967.5,3968.1,3959.3,3962.1,2931,33.0,1.0,39231.0,GC
2025-10-06 08:45:00+00:00,3962.3,3971.6,3961.9,3966.7,2678,33.0,1.0,39231.0,GC
2025-10-06 09:00:00+00:00,3966.9,3969.3,3965.7,3966.9,1028,33.0,1.0,39231.0,GC
2025-10-06 09:15:00+00:00,3967.0,3968.0,3963.2,3967.6,1508,33.0,1.0,39231.0,GC
2025-10-06 09:30:00+00:00,3967.5,3968.4,3961.7,3962.7,1662,33.0,1.0,39231.0,GC
2025-10-06 09:45:00+00:00,3962.8,3966.9,3960.6,3966.5,1350,33.0,1.0,39231.0,GC
2025-10-06 10:00:00+00:00,3966.7,3967.2,3956.0,3962.5,3902,33.0,1.0,39231.0,GC
2025-10-06 10:15:00+00:00,3962.8,3966.1,3961.1,3963.7,1384,33.0,1.0,39231.0,GC
2025-10-06 10:30:00+00:00,3963.8,3971.1,3963.0,3970.9,1808,33.0,1.0,39231.0,GC
2025-10-06 10:45:00+00:00,3970.7,3970.7,3966.1,3966.6,1091,33.0,1.0,39231.0,GC
2025-10-06 11:00:00+00:00,3966.4,3967.3,3959.4,3961.3,2290,33.0,1.0,39231.0,GC
2025-10-06 11:15:00+00:00,3961.3,3963.1,3957.6,3963.1,2698,33.0,1.0,39231.0,GC
2025-10-06 11:30:00+00:00,3963.0,3964.5,3958.4,3960.0,1937,33.0,1.0,39231.0,GC
2025-10-06 11:45:00+00:00,3959.8,3963.7,3954.7,3962.4,2661,33.0,1.0,39231.0,GC
2025-10-06 12:00:00+00:00,3962.2,3966.1,3957.8,3964.8,3144,33.0,1.0,39231.0,GC
2025-10-06 12:15:00+00:00,3964.3,3965.6,3951.2,3954.5,7732,33.0,1.0,39231.0,GC
2025-10-06 12:30:00+00:00,3954.6,3956.1,3950.0,3955.1,5844,33.0,1.0,39231.0,GC
2025-10-06 12:45:00+00:00,3954.8,3962.7,3954.5,3957.6,4131,33.0,1.0,39231.0,GC
2025-10-06 13:00:00+00:00,3957.8,3960.3,3954.1,3957.6,3289,33.0,1.0,39231.0,GC
2025-10-06 13:15:00+00:00,3957.6,3960.5,3955.2,3956.7,3945,33.0,1.0,39231.0,GC
2025-10-06 13:30:00+00:00,3956.9,3968.8,3950.6,3968.5,7321,33.0,1.0,39231.0,GC
2025-10-06 13:45:00+00:00,3968.6,3971.1,3964.8,3968.6,5481,33.0,1.0,39231.0,GC
2025-10-06 14:00:00+00:00,3968.5,3974.6,3963.8,3972.6,7882,33.0,1.0,39231.0,GC
2025-10-06 14:15:00+00:00,3972.5,3974.2,3968.0,3971.2,5084,33.0,1.0,39231.0,GC
2025-10-06 14:30:00+00:00,3971.1,3981.8,3970.2,3980.7,6595,33.0,1.0,39231.0,GC
2025-10-06 14:45:00+00:00,3980.9,3983.0,3976.8,3978.3,4488,33.0,1.0,39231.0,GC
2025-10-06 15:00:00+00:00,3978.0,3981.4,3972.7,3978.6,5339,33.0,1.0,39231.0,GC
2025-10-06 15:15:00+00:00,3978.7,3981.5,3972.2,3974.2,3644,33.0,1.0,39231.0,GC
2025-10-06 15:30:00+00:00,3973.9,3982.0,3972.0,3980.9,3228,33.0,1.0,39231.0,GC
2025-10-06 15:45:00+00:00,3980.8,3988.2,3978.5,3986.4,5092,33.0,1.0,39231.0,GC
2025-10-06 16:00:00+00:00,3986.4,3994.5,3970.6,3971.5,12006,33.0,1.0,39231.0,GC
2025-10-06 16:15:00+00:00,3971.4,3979.0,3969.5,3976.9,6388,33.0,1.0,39231.0,GC
2025-10-06 16:30:00+00:00,3976.9,3979.5,3974.4,3976.3,2627,33.0,1.0,39231.0,GC
2025-10-06 16:45:00+00:00,3976.3,3979.3,3974.9,3978.1,1619,33.0,1.0,39231.0,GC
2025-10-06 17:00:00+00:00,3978.3,3983.3,3978.3,3981.2,3149,33.0,1.0,39231.0,GC
2025-10-06 17:15:00+00:00,3981.1,3982.2,3975.7,3975.9,3210,33.0,1.0,39231.0,GC
2025-10-06 17:30:00+00:00,3975.9,3980.8,3975.2,3979.6,2318,33.0,1.0,39231.0,GC
2025-10-06 17:45:00+00:00,3979.6,3982.9,3977.6,3982.5,1523,33.0,1.0,39231.0,GC
2025-10-06 18:00:00+00:00,3982.6,3984.4,3980.6,3982.1,2196,33.0,1.0,39231.0,GC
2025-10-06 18:15:00+00:00,3982.3,3983.9,3982.0,3982.8,700,33.0,1.0,39231.0,GC
2025-10-06 18:30:00+00:00,3982.8,3983.0,3980.9,3982.7,747,33.0,1.0,39231.0,GC
2025-10-06 18:45:00+00:00,3982.7,3985.5,3981.8,3983.0,1163,33.0,1.0,39231.0,GC
2025-10-06 19:00:00+00:00,3982.9,3989.7,3982.8,3986.7,2776,33.0,1.0,39231.0,GC
2025-10-06 19:15:00+00:00,3986.8,3988.0,3984.8,3987.9,1193,33.0,1.0,39231.0,GC
2025-10-06 19:30:00+00:00,3987.9,3988.6,3985.8,3986.7,1275,33.0,1.0,39231.0,GC
2025-10-06 19:45:00+00:00,3986.8,3988.2,3981.9,3983.2,2096,33.0,1.0,39231.0,GC
2025-10-06 20:00:00+00:00,3983.2,3985.5,3982.3,3984.2,1094,33.0,1.0,39231.0,GC
2025-10-06 20:15:00+00:00,3983.8,3985.7,3983.1,3983.6,670,33.0,1.0,39231.0,GC
2025-10-06 20:30:00+00:00,3983.7,3983.8,3981.0,3982.5,960,33.0,1.0,39231.0,GC
2025-10-06 20:45:00+00:00,3982.7,3986.2,3982.0,3984.4,810,33.0,1.0,39231.0,GC
2025-10-06 22:00:00+00:00,3983.0,3997.0,3982.2,3994.4,2276,33.0,1.0,39231.0,GC
2025-10-06 22:15:00+00:00,3994.3,3999.0,3992.2,3995.9,2369,33.0,1.0,39231.0,GC
2025-10-06 22:30:00+00:00,3995.8,3995.9,3982.0,3986.7,3166,33.0,1.0,39231.0,GC
2025-10-06 22:45:00+00:00,3986.9,3992.5,3982.0,3986.7,1901,33.0,1.0,39231.0,GC
2025-10-06 23:00:00+00:00,3986.6,3988.9,3984.6,3987.4,997,33.0,1.0,39231.0,GC
2025-10-06 23:15:00+00:00,3987.4,3992.9,3987.4,3992.3,1283,33.0,1.0,39231.0,GC
2025-10-06 23:30:00+00:00,3992.4,3995.2,3991.1,3994.6,1100,33.0,1.0,39231.0,GC
2025-10-06 23:45:00+00:00,3994.4,3995.3,3990.2,3992.4,1139,33.0,1.0,39231.0,GC
2025-10-07 00:00:00+00:00,3992.3,3995.2,3989.4,3993.7,2099,33.0,1.0,39231.0,GC
2025-10-07 00:15:00+00:00,3994.2,4000.1,3992.3,3996.6,3825,33.0,1.0,39231.0,GC
2025-10-07 00:30:00+00:00,3996.5,3999.9,3987.6,3988.4,2613,33.0,1.0,39231.0,GC
2025-10-07 00:45:00+00:00,3988.3,3989.8,3984.4,3986.0,2508,33.0,1.0,39231.0,GC
2025-10-07 01:00:00+00:00,3986.2,3986.8,3978.9,3984.8,3552,33.0,1.0,39231.0,GC
2025-10-07 01:15:00+00:00,3984.7,3987.0,3981.4,3982.1,2033,33.0,1.0,39231.0,GC
2025-10-07 01:30:00+00:00,3982.2,3983.8,3978.7,3982.7,1960,33.0,1.0,39231.0,GC
2025-10-07 01:45:00+00:00,3982.4,3982.4,3980.0,3980.7,1116,33.0,1.0,39231.0,GC
2025-10-07 02:00:00+00:00,3980.6,3984.8,3980.0,3984.3,1455,33.0,1.0,39231.0,GC
2025-10-07 02:15:00+00:00,3984.3,3988.5,3983.7,3987.6,1600,33.0,1.0,39231.0,GC
2025-10-07 02:30:00+00:00,3987.9,3990.0,3986.7,3989.1,1033,33.0,1.0,39231.0,GC
2025-10-07 02:45:00+00:00,3989.3,3989.8,3987.4,3987.7,715,33.0,1.0,39231.0,GC
2025-10-07 03:00:00+00:00,3987.6,3990.5,3985.2,3990.3,1163,33.0,1.0,39231.0,GC
2025-10-07 03:15:00+00:00,3990.4,3992.6,3983.3,3985.8,1785,33.0,1.0,39231.0,GC
2025-10-07 03:30:00+00:00,3986.0,3995.3,3985.3,3995.0,1860,33.0,1.0,39231.0,GC
2025-10-07 03:45:00+00:00,3994.8,3997.0,3993.5,3995.3,1550,33.0,1.0,39231.0,GC
2025-10-07 04:00:00+00:00,3995.3,3998.0,3993.4,3996.3,1852,33.0,1.0,39231.0,GC
2025-10-07 04:15:00+00:00,3996.1,3997.8,3994.8,3995.8,833,33.0,1.0,39231.0,GC
2025-10-07 04:30:00+00:00,3995.7,3998.3,3995.2,3995.8,1128,33.0,1.0,39231.0,GC
2025-10-07 04:45:00+00:00,3995.7,3999.2,3995.7,3998.0,1456,33.0,1.0,39231.0,GC
2025-10-07 05:00:00+00:00,3997.8,3999.0,3982.5,3988.0,3884,33.0,1.0,39231.0,GC
2025-10-07 05:15:00+00:00,3987.7,3989.7,3983.0,3986.0,2273,33.0,1.0,39231.0,GC
2025-10-07 05:30:00+00:00,3986.0,3989.2,3983.3,3983.8,2389,33.0,1.0,39231.0,GC
2025-10-07 05:45:00+00:00,3983.9,3988.4,3983.0,3987.3,1445,33.0,1.0,39231.0,GC
2025-10-07 06:00:00+00:00,3987.3,3987.5,3982.0,3986.9,1926,33.0,1.0,39231.0,GC
2025-10-07 06:15:00+00:00,3986.8,3988.5,3983.1,3986.4,1692,33.0,1.0,39231.0,GC
2025-10-07 06:30:00+00:00,3986.3,3986.7,3978.3,3981.3,2636,33.0,1.0,39231.0,GC
2025-10-07 06:45:00+00:00,3981.2,3983.7,3976.5,3977.9,2452,33.0,1.0,39231.0,GC
2025-10-07 07:00:00+00:00,3978.0,3978.7,3971.9,3972.7,4339,33.0,1.0,39231.0,GC
2025-10-07 07:15:00+00:00,3972.9,3974.4,3965.6,3973.9,6634,33.0,1.0,39231.0,GC
2025-10-07 07:30:00+00:00,3973.9,3979.4,3971.4,3972.8,4779,33.0,1.0,39231.0,GC
2025-10-07 07:45:00+00:00,3972.6,3974.8,3965.8,3968.6,3446,33.0,1.0,39231.0,GC
2025-10-07 08:00:00+00:00,3968.6,3971.0,3963.4,3969.5,4215,33.0,1.0,39231.0,GC
2025-10-07 08:15:00+00:00,3969.3,3976.5,3968.0,3973.6,3489,33.0,1.0,39231.0,GC
2025-10-07 08:30:00+00:00,3973.5,3976.3,3973.3,3975.4,2098,33.0,1.0,39231.0,GC
2025-10-07 08:45:00+00:00,3975.5,3976.7,3973.0,3974.1,1674,33.0,1.0,39231.0,GC
2025-10-07 09:00:00+00:00,3974.0,3982.5,3973.9,3981.9,2348,33.0,1.0,39231.0,GC
2025-10-07 09:15:00+00:00,3981.9,3986.6,3980.2,3980.9,3089,33.0,1.0,39231.0,GC
2025-10-07 09:30:00+00:00,3980.8,3985.6,3980.5,3983.2,2485,33.0,1.0,39231.0,GC
2025-10-07 09:45:00+00:00,3983.1,3984.2,3977.6,3977.7,2604,33.0,1.0,39231.0,GC
2025-10-07 10:00:00+00:00,3977.5,3981.4,3976.4,3979.6,1706,33.0,1.0,39231.0,GC
2025-10-07 10:15:00+00:00,3979.5,3982.5,3979.0,3979.5,1133,33.0,1.0,39231.0,GC
2025-10-07 10:30:00+00:00,3979.3,3984.7,3979.0,3981.8,1363,33.0,1.0,39231.0,GC
2025-10-07 10:45:00+00:00,3981.6,3985.9,3980.7,3983.1,1368,33.0,1.0,39231.0,GC
2025-10-07 11:00:00+00:00,3983.2,3984.9,3982.2,3984.8,798,33.0,1.0,39231.0,GC
2025-10-07 11:15:00+00:00,3984.8,3985.3,3979.3,3980.5,1467,33.0,1.0,39231.0,GC
2025-10-07 11:30:00+00:00,3980.5,3989.7,3979.2,3989.0,2043,33.0,1.0,39231.0,GC
2025-10-07 11:45:00+00:00,3989.0,3992.1,3985.6,3989.8,2663,33.0,1.0,39231.0,GC
2025-10-07 12:00:00+00:00,3989.7,3994.5,3989.6,3993.3,2951,33.0,1.0,39231.0,GC
2025-10-07 12:15:00+00:00,3993.3,3995.1,3986.6,3988.1,5367,33.0,1.0,39231.0,GC
2025-10-07 12:30:00+00:00,3988.0,3996.9,3987.4,3996.4,4001,33.0,1.0,39231.0,GC
2025-10-07 12:45:00+00:00,3996.2,4003.7,3994.2,4002.9,7171,33.0,1.0,39231.0,GC
2025-10-07 13:00:00+00:00,4002.6,4008.4,4001.8,4006.4,6390,33.0,1.0,39231.0,GC
2025-10-07 13:15:00+00:00,4006.5,4009.0,4000.2,4006.2,6370,33.0,1.0,39231.0,GC
2025-10-07 13:30:00+00:00,4006.2,4006.3,3993.3,3995.6,8200,33.0,1.0,39231.0,GC
2025-10-07 13:45:00+00:00,3995.6,4004.1,3995.2,4002.4,4574,33.0,1.0,39231.0,GC
2025-10-07 14:00:00+00:00,4002.3,4003.8,3992.3,3994.7,6877,33.0,1.0,39231.0,GC
2025-10-07 14:15:00+00:00,3994.5,4001.7,3991.2,4001.3,4408,33.0,1.0,39231.0,GC
2025-10-07 14:30:00+00:00,4001.4,4010.1,4000.7,4002.4,7163,33.0,1.0,39231.0,GC
2025-10-07 14:45:00+00:00,4002.2,4010.0,4002.2,4009.0,4496,33.0,1.0,39231.0,GC
2025-10-07 15:00:00+00:00,4009.2,4011.3,4002.4,4010.1,7188,33.0,1.0,39231.0,GC
2025-10-07 15:15:00+00:00,4010.1,4014.6,4007.8,4008.1,7010,33.0,1.0,39231.0,GC
2025-10-07 15:30:00+00:00,4008.3,4008.5,3993.6,3994.7,6935,33.0,1.0,39231.0,GC
2025-10-07 15:45:00+00:00,3994.8,3995.8,3983.4,3988.7,12621,33.0,1.0,39231.0,GC
2025-10-07 16:00:00+00:00,3989.0,3999.1,3985.3,3987.3,7310,33.0,1.0,39231.0,GC
2025-10-07 16:15:00+00:00,3987.4,3996.7,3986.3,3992.2,5783,33.0,1.0,39231.0,GC
2025-10-07 16:30:00+00:00,3992.1,4002.5,3991.1,4000.0,4257,33.0,1.0,39231.0,GC
2025-10-07 16:45:00+00:00,3999.9,4000.9,3994.2,3999.9,2917,33.0,1.0,39231.0,GC
2025-10-07 17:00:00+00:00,3999.9,4008.8,3999.4,4005.1,4533,33.0,1.0,39231.0,GC
2025-10-07 17:15:00+00:00,4004.9,4007.7,4003.0,4004.0,4137,33.0,1.0,39231.0,GC
2025-10-07 17:30:00+00:00,4004.0,4010.5,4003.8,4009.7,3256,33.0,1.0,39231.0,GC
2025-10-07 17:45:00+00:00,4009.8,4011.1,4003.4,4003.9,3191,33.0,1.0,39231.0,GC
2025-10-07 18:00:00+00:00,4003.9,4005.4,3996.7,4005.1,4302,33.0,1.0,39231.0,GC
2025-10-07 18:15:00+00:00,4005.1,4006.7,4002.1,4002.5,1768,33.0,1.0,39231.0,GC
2025-10-07 18:30:00+00:00,4002.4,4005.7,4001.1,4005.0,1619,33.0,1.0,39231.0,GC
2025-10-07 18:45:00+00:00,4004.9,4006.0,4002.5,4003.8,982,33.0,1.0,39231.0,GC
2025-10-07 19:00:00+00:00,4003.8,4006.1,4001.2,4002.0,1444,33.0,1.0,39231.0,GC
2025-10-07 19:15:00+00:00,4001.9,4004.7,4001.5,4002.4,954,33.0,1.0,39231.0,GC
2025-10-07 19:30:00+00:00,4002.5,4005.5,4001.6,4003.1,1199,33.0,1.0,39231.0,GC
2025-10-07 19:45:00+00:00,4003.0,4004.7,4001.3,4002.5,2041,33.0,1.0,39231.0,GC
2025-10-07 20:00:00+00:00,4002.7,4004.7,4002.7,4004.5,720,33.0,1.0,39231.0,GC
2025-10-07 20:15:00+00:00,4004.5,4006.2,4002.8,4005.3,788,33.0,1.0,39231.0,GC
2025-10-07 20:30:00+00:00,4005.5,4007.0,4004.6,4006.8,550,33.0,1.0,39231.0,GC
2025-10-07 20:45:00+00:00,4006.8,4009.4,4006.7,4007.9,1003,33.0,1.0,39231.0,GC
2025-10-07 22:00:00+00:00,4007.1,4011.7,4005.6,4010.8,706,33.0,1.0,39231.0,GC
2025-10-07 22:15:00+00:00,4011.1,4013.2,4010.7,4013.0,889,33.0,1.0,39231.0,GC
2025-10-07 22:30:00+00:00,4012.7,4013.0,4011.0,4012.7,526,33.0,1.0,39231.0,GC
2025-10-07 22:45:00+00:00,4012.5,4012.9,4009.9,4012.3,906,33.0,1.0,39231.0,GC
2025-10-07 23:00:00+00:00,4012.4,4015.0,4012.0,4012.5,1691,33.0,1.0,39231.0,GC
2025-10-07 23:15:00+00:00,4012.4,4014.6,4011.0,4011.7,996,33.0,1.0,39231.0,GC
2025-10-07 23:30:00+00:00,4011.6,4013.4,4011.0,4012.9,472,33.0,1.0,39231.0,GC
2025-10-07 23:45:00+00:00,4013.0,4018.0,4013.0,4016.2,3251,33.0,1.0,39231.0,GC
2025-10-08 00:00:00+00:00,4016.3,4019.5,4015.9,4018.9,2386,33.0,1.0,39231.0,GC
2025-10-08 00:15:00+00:00,4018.7,4020.9,4018.3,4020.2,2640,33.0,1.0,39231.0,GC
2025-10-08 00:30:00+00:00,4020.1,4020.2,4011.0,4016.3,4555,33.0,1.0,39231.0,GC
2025-10-08 00:45:00+00:00,4016.2,4019.4,4013.6,4014.0,1816,33.0,1.0,39231.0,GC
2025-10-08 01:00:00+00:00,4014.0,4014.7,4006.7,4010.9,3820,33.0,1.0,39231.0,GC
2025-10-08 01:15:00+00:00,4011.0,4018.4,4007.4,4017.0,3343,33.0,1.0,39231.0,GC
2025-10-08 01:30:00+00:00,4017.1,4018.9,4013.0,4016.1,2071,33.0,1.0,39231.0,GC
2025-10-08 01:45:00+00:00,4016.2,4023.6,4015.9,4023.4,3977,33.0,1.0,39231.0,GC
2025-10-08 02:00:00+00:00,4023.2,4027.0,4018.1,4026.8,4083,33.0,1.0,39231.0,GC
2025-10-08 02:15:00+00:00,4026.9,4028.7,4024.7,4026.2,3484,33.0,1.0,39231.0,GC
2025-10-08 02:30:00+00:00,4026.0,4030.3,4026.0,4029.1,2140,33.0,1.0,39231.0,GC
2025-10-08 02:45:00+00:00,4029.1,4034.0,4028.7,4033.9,2445,33.0,1.0,39231.0,GC
2025-10-08 03:00:00+00:00,4033.9,4036.8,4032.3,4035.4,3076,33.0,1.0,39231.0,GC
2025-10-08 03:15:00+00:00,4035.4,4035.7,4031.4,4033.8,1630,33.0,1.0,39231.0,GC
2025-10-08 03:30:00+00:00,4033.7,4035.5,4032.7,4035.5,1279,33.0,1.0,39231.0,GC
2025-10-08 03:45:00+00:00,4035.2,4038.7,4033.5,4037.2,2892,33.0,1.0,39231.0,GC
2025-10-08 04:00:00+00:00,4037.1,4043.5,4037.1,4041.6,4128,33.0,1.0,39231.0,GC
2025-10-08 04:15:00+00:00,4041.7,4042.2,4039.7,4040.6,1559,33.0,1.0,39231.0,GC
2025-10-08 04:30:00+00:00,4040.5,4043.0,4039.5,4042.1,1636,33.0,1.0,39231.0,GC
2025-10-08 04:45:00+00:00,4042.1,4049.9,4040.9,4049.0,5378,33.0,1.0,39231.0,GC
2025-10-08 05:00:00+00:00,4049.0,4052.2,4046.7,4052.0,3160,33.0,1.0,39231.0,GC
2025-10-08 05:15:00+00:00,4052.0,4056.8,4051.2,4055.7,3515,33.0,1.0,39231.0,GC
2025-10-08 05:30:00+00:00,4055.8,4059.3,4052.0,4052.5,3936,33.0,1.0,39231.0,GC
2025-10-08 05:45:00+00:00,4052.7,4055.5,4050.7,4051.9,2961,33.0,1.0,39231.0,GC
2025-10-08 06:00:00+00:00,4052.0,4055.2,4049.1,4049.6,3403,33.0,1.0,39231.0,GC
2025-10-08 06:15:00+00:00,4049.7,4050.5,4043.5,4048.6,4930,33.0,1.0,39231.0,GC
2025-10-08 06:30:00+00:00,4048.8,4053.9,4047.6,4052.9,2634,33.0,1.0,39231.0,GC
2025-10-08 06:45:00+00:00,4052.7,4055.2,4051.7,4053.7,2845,33.0,1.0,39231.0,GC
2025-10-08 07:00:00+00:00,4053.7,4061.2,4052.3,4058.8,4313,33.0,1.0,39231.0,GC
2025-10-08 07:15:00+00:00,4058.5,4060.2,4053.9,4058.3,2607,33.0,1.0,39231.0,GC
2025-10-08 07:30:00+00:00,4058.3,4060.9,4056.9,4058.8,2290,33.0,1.0,39231.0,GC
2025-10-08 07:45:00+00:00,4058.6,4060.4,4052.5,4056.5,2463,33.0,1.0,39231.0,GC
2025-10-08 08:00:00+00:00,4056.4,4062.6,4055.4,4059.1,3419,33.0,1.0,39231.0,GC
2025-10-08 08:15:00+00:00,4059.1,4063.4,4057.4,4060.4,2918,33.0,1.0,39231.0,GC
2025-10-08 08:30:00+00:00,4060.5,4062.6,4058.6,4060.9,1899,33.0,1.0,39231.0,GC
2025-10-08 08:45:00+00:00,4060.9,4062.8,4058.2,4058.4,2745,33.0,1.0,39231.0,GC
2025-10-08 09:00:00+00:00,4058.2,4062.0,4055.0,4058.9,2651,33.0,1.0,39231.0,GC
2025-10-08 09:15:00+00:00,4059.0,4059.2,4056.7,4057.1,1484,33.0,1.0,39231.0,GC
2025-10-08 09:30:00+00:00,4057.0,4062.3,4052.5,4062.0,3345,33.0,1.0,39231.0,GC
2025-10-08 09:45:00+00:00,4061.9,4071.5,4061.7,4070.9,5904,33.0,1.0,39231.0,GC
2025-10-08 10:00:00+00:00,4070.9,4071.5,4067.0,4068.2,3137,33.0,1.0,39231.0,GC
2025-10-08 10:15:00+00:00,4068.4,4068.6,4059.5,4062.1,3761,33.0,1.0,39231.0,GC
2025-10-08 10:30:00+00:00,4062.0,4063.2,4055.7,4059.2,4477,33.0,1.0,39231.0,GC
2025-10-08 10:45:00+00:00,4059.3,4060.3,4057.2,4059.1,2007,33.0,1.0,39231.0,GC
2025-10-08 11:00:00+00:00,4059.2,4060.2,4054.7,4058.1,2654,33.0,1.0,39231.0,GC
2025-10-08 11:15:00+00:00,4057.8,4058.9,4055.1,4056.5,1704,33.0,1.0,39231.0,GC
2025-10-08 11:30:00+00:00,4056.5,4060.2,4053.6,4056.9,3380,33.0,1.0,39231.0,GC
2025-10-08 11:45:00+00:00,4057.0,4060.2,4055.5,4060.0,1877,33.0,1.0,39231.0,GC
2025-10-08 12:00:00+00:00,4060.1,4068.8,4058.6,4067.0,4843,33.0,1.0,39231.0,GC
2025-10-08 12:15:00+00:00,4067.0,4068.3,4057.2,4062.0,5082,33.0,1.0,39231.0,GC
2025-10-08 12:30:00+00:00,4061.8,4062.8,4052.5,4055.8,5698,33.0,1.0,39231.0,GC
2025-10-08 12:45:00+00:00,4055.5,4062.8,4055.3,4062.1,3736,33.0,1.0,39231.0,GC
2025-10-08 13:00:00+00:00,4062.1,4072.0,4061.3,4067.9,6486,33.0,1.0,39231.0,GC
2025-10-08 13:15:00+00:00,4068.1,4069.2,4059.7,4060.0,4689,33.0,1.0,39231.0,GC
2025-10-08 13:30:00+00:00,4060.1,4061.2,4047.5,4051.3,13856,33.0,1.0,39231.0,GC
2025-10-08 13:45:00+00:00,4051.3,4062.5,4049.1,4059.8,9119,33.0,1.0,39231.0,GC
2025-10-08 14:00:00+00:00,4059.7,4067.1,4057.3,4064.6,8392,33.0,1.0,39231.0,GC
2025-10-08 14:15:00+00:00,4064.6,4067.9,4059.0,4066.2,4641,33.0,1.0,39231.0,GC
2025-10-08 14:30:00+00:00,4066.3,4067.3,4061.0,4064.1,4039,33.0,1.0,39231.0,GC
2025-10-08 14:45:00+00:00,4063.9,4070.8,4062.7,4069.7,4498,33.0,1.0,39231.0,GC
2025-10-08 15:00:00+00:00,4069.7,4072.4,4059.2,4060.7,9333,33.0,1.0,39231.0,GC
2025-10-08 15:15:00+00:00,4060.6,4067.1,4058.1,4065.8,5327,33.0,1.0,39231.0,GC
2025-10-08 15:30:00+00:00,4066.1,4069.9,4064.1,4067.6,3743,33.0,1.0,39231.0,GC
2025-10-08 15:45:00+00:00,4067.4,4070.0,4066.2,4067.2,2341,33.0,1.0,39231.0,GC
2025-10-08 16:00:00+00:00,4067.3,4078.0,4065.4,4077.3,6186,33.0,1.0,39231.0,GC
2025-10-08 16:15:00+00:00,4077.3,4078.0,4073.5,4077.0,4192,33.0,1.0,39231.0,GC
2025-10-08 16:30:00+00:00,4077.0,4081.0,4076.3,4079.9,5663,33.0,1.0,39231.0,GC
2025-10-08 16:45:00+00:00,4079.9,4080.6,4074.3,4078.4,4339,33.0,1.0,39231.0,GC
2025-10-08 17:00:00+00:00,4078.6,4080.0,4076.1,4076.5,2280,33.0,1.0,39231.0,GC
2025-10-08 17:15:00+00:00,4076.5,4077.9,4069.4,4070.4,5667,33.0,1.0,39231.0,GC
2025-10-08 17:30:00+00:00,4070.4,4072.0,4063.7,4070.8,5906,33.0,1.0,39231.0,GC
2025-10-08 17:45:00+00:00,4070.9,4074.5,4070.8,4072.5,2627,33.0,1.0,39231.0,GC
2025-10-08 18:00:00+00:00,4072.0,4074.5,4062.2,4063.6,4682,33.0,1.0,39231.0,GC
2025-10-08 18:15:00+00:00,4063.8,4070.7,4059.5,4069.4,5063,33.0,1.0,39231.0,GC
2025-10-08 18:30:00+00:00,4069.8,4071.2,4067.1,4068.6,1690,33.0,1.0,39231.0,GC
2025-10-08 18:45:00+00:00,4068.5,4071.5,4068.4,4070.5,965,33.0,1.0,39231.0,GC
2025-10-08 19:00:00+00:00,4070.6,4075.6,4052.5,4062.6,9154,33.0,1.0,39231.0,GC
2025-10-08 19:15:00+00:00,4062.6,4069.9,4056.5,4066.2,3964,33.0,1.0,39231.0,GC
2025-10-08 19:30:00+00:00,4066.0,4066.0,4055.5,4058.2,4111,33.0,1.0,39231.0,GC
2025-10-08 19:45:00+00:00,4058.3,4066.7,4058.3,4064.2,4186,33.0,1.0,39231.0,GC
2025-10-08 20:00:00+00:00,4064.3,4067.0,4059.7,4062.3,1766,33.0,1.0,39231.0,GC
2025-10-08 20:15:00+00:00,4062.1,4065.5,4061.2,4064.3,704,33.0,1.0,39231.0,GC
2025-10-08 20:30:00+00:00,4064.3,4064.3,4058.7,4062.0,701,33.0,1.0,39231.0,GC
2025-10-08 20:45:00+00:00,4062.3,4065.2,4060.0,4060.6,1359,33.0,1.0,39231.0,GC
2025-10-08 22:00:00+00:00,4061.8,4064.6,4033.2,4044.0,4917,33.0,1.0,39231.0,GC
2025-10-08 22:15:00+00:00,4044.0,4046.2,4041.4,4044.4,1858,33.0,1.0,39231.0,GC
2025-10-08 22:30:00+00:00,4044.6,4046.5,4038.5,4041.1,1573,33.0,1.0,39231.0,GC
2025-10-08 22:45:00+00:00,4041.0,4042.0,4039.4,4039.9,697,33.0,1.0,39231.0,GC
2025-10-08 23:00:00+00:00,4040.0,4041.3,4031.1,4039.7,3776,33.0,1.0,39231.0,GC
2025-10-08 23:15:00+00:00,4039.8,4040.5,4031.2,4032.5,2006,33.0,1.0,39231.0,GC
2025-10-08 23:30:00+00:00,4032.7,4038.1,4028.3,4029.0,2662,33.0,1.0,39231.0,GC
2025-10-08 23:45:00+00:00,4029.0,4033.5,4019.2,4030.1,6212,33.0,1.0,39231.0,GC
2025-10-09 00:00:00+00:00,4030.0,4038.0,4027.3,4037.7,2968,33.0,1.0,39231.0,GC
2025-10-09 00:15:00+00:00,4037.8,4047.6,4036.4,4046.9,4169,33.0,1.0,39231.0,GC
2025-10-09 00:30:00+00:00,4047.0,4047.5,4042.4,4044.9,2134,33.0,1.0,39231.0,GC
2025-10-09 00:45:00+00:00,4044.6,4045.9,4039.1,4042.2,2601,33.0,1.0,39231.0,GC
2025-10-09 01:00:00+00:00,4042.4,4044.2,4027.7,4040.0,8041,33.0,1.0,39231.0,GC
2025-10-09 01:15:00+00:00,4040.1,4053.7,4040.1,4051.9,6673,33.0,1.0,39231.0,GC
2025-10-09 01:30:00+00:00,4051.9,4057.0,4048.9,4053.5,4815,33.0,1.0,39231.0,GC
2025-10-09 01:45:00+00:00,4053.4,4053.7,4037.4,4040.4,4635,33.0,1.0,39231.0,GC
2025-10-09 02:00:00+00:00,4040.5,4041.6,4030.8,4034.2,3598,33.0,1.0,39231.0,GC
2025-10-09 02:15:00+00:00,4034.3,4035.0,4022.4,4033.2,4301,33.0,1.0,39231.0,GC
2025-10-09 02:30:00+00:00,4033.1,4038.0,4025.6,4038.0,3563,33.0,1.0,39231.0,GC
2025-10-09 02:45:00+00:00,4038.0,4041.3,4035.8,4038.4,1507,33.0,1.0,39231.0,GC
2025-10-09 03:00:00+00:00,4038.5,4044.3,4036.5,4039.7,2406,33.0,1.0,39231.0,GC
2025-10-09 03:15:00+00:00,4039.8,4044.6,4039.4,4043.8,1321,33.0,1.0,39231.0,GC
2025-10-09 03:30:00+00:00,4043.8,4049.0,4043.1,4047.4,1838,33.0,1.0,39231.0,GC
2025-10-09 03:45:00+00:00,4047.6,4048.1,4044.2,4046.0,1224,33.0,1.0,39231.0,GC
2025-10-09 04:00:00+00:00,4046.1,4052.4,4046.1,4051.9,1570,33.0,1.0,39231.0,GC
2025-10-09 04:15:00+00:00,4052.1,4057.5,4050.9,4057.2,1998,33.0,1.0,39231.0,GC
2025-10-09 04:30:00+00:00,4057.3,4059.6,4053.0,4057.5,3096,33.0,1.0,39231.0,GC
2025-10-09 04:45:00+00:00,4057.4,4059.8,4056.9,4057.5,966,33.0,1.0,39231.0,GC
2025-10-09 05:00:00+00:00,4057.5,4057.8,4053.2,4056.8,1654,33.0,1.0,39231.0,GC
2025-10-09 05:15:00+00:00,4057.0,4058.7,4055.0,4057.5,1197,33.0,1.0,39231.0,GC
2025-10-09 05:30:00+00:00,4057.3,4062.1,4053.3,4057.1,2991,33.0,1.0,39231.0,GC
2025-10-09 05:45:00+00:00,4057.1,4060.3,4054.3,4058.2,1249,33.0,1.0,39231.0,GC
2025-10-09 06:00:00+00:00,4058.5,4059.6,4054.5,4056.2,1494,33.0,1.0,39231.0,GC
2025-10-09 06:15:00+00:00,4056.1,4057.6,4049.6,4050.5,1844,33.0,1.0,39231.0,GC
2025-10-09 06:30:00+00:00,4050.3,4054.9,4046.7,4049.1,2485,33.0,1.0,39231.0,GC
2025-10-09 06:45:00+00:00,4048.8,4048.8,4041.1,4044.8,2937,33.0,1.0,39231.0,GC
2025-10-09 07:00:00+00:00,4044.8,4052.2,4044.3,4046.5,2933,33.0,1.0,39231.0,GC
2025-10-09 07:15:00+00:00,4046.4,4050.9,4044.0,4048.2,1784,33.0,1.0,39231.0,GC
2025-10-09 07:30:00+00:00,4048.2,4049.9,4045.9,4048.3,1100,33.0,1.0,39231.0,GC
2025-10-09 07:45:00+00:00,4048.2,4052.1,4048.1,4051.2,1409,33.0,1.0,39231.0,GC
2025-10-09 08:00:00+00:00,4051.0,4054.9,4049.8,4054.2,1974,33.0,1.0,39231.0,GC
2025-10-09 08:15:00+00:00,4054.3,4057.5,4053.1,4056.3,2113,33.0,1.0,39231.0,GC
2025-10-09 08:30:00+00:00,4056.3,4059.5,4054.6,4058.3,1724,33.0,1.0,39231.0,GC
2025-10-09 08:45:00+00:00,4058.3,4060.0,4057.4,4057.8,1132,33.0,1.0,39231.0,GC
2025-10-09 09:00:00+00:00,4058.0,4062.1,4055.6,4059.8,1961,33.0,1.0,39231.0,GC
2025-10-09 09:15:00+00:00,4059.9,4060.4,4057.1,4058.1,1170,33.0,1.0,39231.0,GC
2025-10-09 09:30:00+00:00,4057.8,4059.7,4053.5,4055.7,2285,33.0,1.0,39231.0,GC
2025-10-09 09:45:00+00:00,4055.9,4057.5,4054.5,4057.2,812,33.0,1.0,39231.0,GC
2025-10-09 10:00:00+00:00,4057.4,4059.1,4055.7,4057.3,760,33.0,1.0,39231.0,GC
2025-10-09 10:15:00+00:00,4057.3,4059.2,4056.1,4058.4,750,33.0,1.0,39231.0,GC
2025-10-09 10:30:00+00:00,4058.6,4059.9,4057.5,4058.5,740,33.0,1.0,39231.0,GC
2025-10-09 10:45:00+00:00,4058.6,4064.1,4058.6,4064.1,1646,33.0,1.0,39231.0,GC
2025-10-09 11:00:00+00:00,4064.0,4066.9,4057.0,4058.0,2732,33.0,1.0,39231.0,GC
2025-10-09 11:15:00+00:00,4058.1,4059.0,4052.8,4055.6,1822,33.0,1.0,39231.0,GC
2025-10-09 11:30:00+00:00,4055.7,4064.1,4055.7,4063.7,1967,33.0,1.0,39231.0,GC
2025-10-09 11:45:00+00:00,4063.7,4066.2,4062.3,4063.7,2738,33.0,1.0,39231.0,GC
2025-10-09 12:00:00+00:00,4063.7,4064.2,4059.2,4060.0,1871,33.0,1.0,39231.0,GC
2025-10-09 12:15:00+00:00,4060.1,4062.3,4056.3,4060.7,2840,33.0,1.0,39231.0,GC
2025-10-09 12:30:00+00:00,4060.8,4065.2,4059.0,4065.1,2608,33.0,1.0,39231.0,GC
2025-10-09 12:45:00+00:00,4065.1,4073.5,4061.2,4072.9,7241,33.0,1.0,39231.0,GC
2025-10-09 13:00:00+00:00,4072.8,4077.9,4070.2,4074.8,8939,33.0,1.0,39231.0,GC
2025-10-09 13:15:00+00:00,4074.7,4077.0,4067.3,4074.6,5894,33.0,1.0,39231.0,GC
2025-10-09 13:30:00+00:00,4074.6,4075.9,4048.6,4049.1,15287,33.0,1.0,39231.0,GC
2025-10-09 13:45:00+00:00,4049.3,4052.9,4033.8,4034.6,21147,33.0,1.0,39231.0,GC
2025-10-09 14:00:00+00:00,4034.4,4046.2,4028.2,4040.0,18476,33.0,1.0,39231.0,GC
2025-10-09 14:15:00+00:00,4039.5,4045.0,4021.3,4021.6,16269,33.0,1.0,39231.0,GC
2025-10-09 14:30:00+00:00,4021.8,4032.0,4018.1,4028.1,14218,33.0,1.0,39231.0,GC
2025-10-09 14:45:00+00:00,4028.1,4045.0,4022.6,4039.5,9237,33.0,1.0,39231.0,GC
2025-10-09 15:00:00+00:00,4038.9,4042.0,4032.8,4040.0,7150,33.0,1.0,39231.0,GC
2025-10-09 15:15:00+00:00,4040.0,4044.2,4030.8,4031.0,6324,33.0,1.0,39231.0,GC
2025-10-09 15:30:00+00:00,4031.1,4033.8,4021.3,4024.1,9526,33.0,1.0,39231.0,GC
2025-10-09 15:45:00+00:00,4024.0,4033.0,4023.7,4029.6,5224,33.0,1.0,39231.0,GC
2025-10-09 16:00:00+00:00,4029.5,4037.9,4028.9,4032.2,3167,33.0,1.0,39231.0,GC
2025-10-09 16:15:00+00:00,4032.3,4033.5,4025.9,4028.4,4300,33.0,1.0,39231.0,GC
2025-10-09 16:30:00+00:00,4027.9,4028.0,3990.9,4001.4,22279,33.0,1.0,39231.0,GC
2025-10-09 16:45:00+00:00,4001.4,4001.7,3976.9,3982.4,17300,33.0,1.0,39231.0,GC
2025-10-09 17:00:00+00:00,3982.2,3987.7,3963.7,3964.9,16474,33.0,1.0,39231.0,GC
2025-10-09 17:15:00+00:00,3964.8,3980.5,3957.9,3973.0,17986,33.0,1.0,39231.0,GC
2025-10-09 17:30:00+00:00,3973.1,3976.8,3968.7,3970.1,8936,33.0,1.0,39231.0,GC
2025-10-09 17:45:00+00:00,3969.9,3973.4,3957.9,3963.4,8990,33.0,1.0,39231.0,GC
2025-10-09 18:00:00+00:00,3963.1,3978.2,3962.5,3974.5,6860,33.0,1.0,39231.0,GC
2025-10-09 18:15:00+00:00,3974.2,3981.7,3973.8,3976.2,4076,33.0,1.0,39231.0,GC
2025-10-09 18:30:00+00:00,3976.1,3976.5,3969.4,3972.2,2741,33.0,1.0,39231.0,GC
2025-10-09 18:45:00+00:00,3972.4,3975.8,3969.9,3971.3,1858,33.0,1.0,39231.0,GC
2025-10-09 19:00:00+00:00,3971.4,3988.5,3969.0,3986.0,4151,33.0,1.0,39231.0,GC
2025-10-09 19:15:00+00:00,3986.3,3992.3,3983.4,3992.0,3186,33.0,1.0,39231.0,GC
2025-10-09 19:30:00+00:00,3992.1,3996.5,3990.1,3993.1,5084,33.0,1.0,39231.0,GC
2025-10-09 19:45:00+00:00,3993.2,3995.8,3987.0,3988.3,4969,33.0,1.0,39231.0,GC
2025-10-09 20:00:00+00:00,3988.3,3994.2,3988.2,3993.8,1342,33.0,1.0,39231.0,GC
2025-10-09 20:15:00+00:00,3993.8,3994.1,3988.4,3991.3,1723,33.0,1.0,39231.0,GC
2025-10-09 20:30:00+00:00,3991.2,3992.4,3987.6,3989.5,1448,33.0,1.0,39231.0,GC
2025-10-09 20:45:00+00:00,3989.7,3992.1,3987.6,3991.1,805,33.0,1.0,39231.0,GC
2025-10-09 22:00:00+00:00,3990.1,3996.4,3973.0,3982.8,3193,33.0,1.0,39231.0,GC
2025-10-09 22:15:00+00:00,3983.1,3995.8,3983.0,3987.8,1656,33.0,1.0,39231.0,GC
2025-10-09 22:30:00+00:00,3987.8,3993.4,3986.7,3990.3,1108,33.0,1.0,39231.0,GC
2025-10-09 22:45:00+00:00,3990.6,3993.0,3988.8,3990.7,561,33.0,1.0,39231.0,GC
2025-10-09 23:00:00+00:00,3991.1,3993.9,3989.4,3990.1,748,33.0,1.0,39231.0,GC
2025-10-09 23:15:00+00:00,3990.0,4002.0,3989.7,3998.2,1819,33.0,1.0,39231.0,GC
2025-10-09 23:30:00+00:00,3998.2,4004.6,3990.3,4003.7,2804,33.0,1.0,39231.0,GC
2025-10-09 23:45:00+00:00,4003.9,4007.6,4001.4,4006.6,2062,33.0,1.0,39231.0,GC
2025-10-10 00:00:00+00:00,4006.6,4009.1,4002.5,4006.9,2606,33.0,1.0,39231.0,GC
2025-10-10 00:15:00+00:00,4007.0,4009.7,4005.2,4008.1,1577,33.0,1.0,39231.0,GC
2025-10-10 00:30:00+00:00,4008.0,4008.7,4003.8,4007.8,2313,33.0,1.0,39231.0,GC
2025-10-10 00:45:00+00:00,4008.1,4009.4,4004.2,4005.1,1305,33.0,1.0,39231.0,GC
2025-10-10 01:00:00+00:00,4005.4,4007.0,3996.0,3999.8,3978,33.0,1.0,39231.0,GC
2025-10-10 01:15:00+00:00,3999.7,3999.8,3990.0,3996.4,3950,33.0,1.0,39231.0,GC
2025-10-10 01:30:00+00:00,3996.3,3996.3,3984.0,3988.5,3911,33.0,1.0,39231.0,GC
2025-10-10 01:45:00+00:00,3988.5,3996.5,3987.2,3987.9,2844,33.0,1.0,39231.0,GC
2025-10-10 02:00:00+00:00,3988.0,3997.2,3987.9,3997.2,1782,33.0,1.0,39231.0,GC
2025-10-10 02:15:00+00:00,3997.2,4001.0,3996.5,3999.6,1333,33.0,1.0,39231.0,GC
2025-10-10 02:30:00+00:00,3999.7,4002.4,3997.4,3998.3,1631,33.0,1.0,39231.0,GC
2025-10-10 02:45:00+00:00,3998.4,4000.2,3990.8,3992.6,1823,33.0,1.0,39231.0,GC
2025-10-10 03:00:00+00:00,3992.6,3993.1,3985.4,3985.7,2294,33.0,1.0,39231.0,GC
2025-10-10 03:15:00+00:00,3985.9,3988.4,3976.3,3984.5,2800,33.0,1.0,39231.0,GC
2025-10-10 03:30:00+00:00,3984.4,3988.4,3978.0,3979.2,2134,33.0,1.0,39231.0,GC
2025-10-10 03:45:00+00:00,3979.0,3981.6,3975.0,3976.8,1731,33.0,1.0,39231.0,GC
2025-10-10 04:00:00+00:00,3976.8,3979.7,3961.2,3963.1,6091,33.0,1.0,39231.0,GC
2025-10-10 04:15:00+00:00,3963.0,3973.8,3963.0,3973.6,2372,33.0,1.0,39231.0,GC
2025-10-10 04:30:00+00:00,3973.6,3978.5,3972.4,3977.4,1903,33.0,1.0,39231.0,GC
2025-10-10 04:45:00+00:00,3977.3,3980.7,3976.4,3979.8,1472,33.0,1.0,39231.0,GC
2025-10-10 05:00:00+00:00,3979.8,3986.5,3979.7,3985.8,1688,33.0,1.0,39231.0,GC
2025-10-10 05:15:00+00:00,3986.0,3991.6,3985.7,3986.1,3132,33.0,1.0,39231.0,GC
2025-10-10 05:30:00+00:00,3986.2,3989.1,3979.0,3988.7,3837,33.0,1.0,39231.0,GC
2025-10-10 05:45:00+00:00,3988.6,3991.0,3986.4,3990.2,2552,33.0,1.0,39231.0,GC
2025-10-10 06:00:00+00:00,3990.1,3991.7,3982.2,3985.5,2334,33.0,1.0,39231.0,GC
2025-10-10 06:15:00+00:00,3985.5,3988.4,3982.5,3986.6,1275,33.0,1.0,39231.0,GC
2025-10-10 06:30:00+00:00,3986.8,3991.4,3982.8,3987.0,1963,33.0,1.0,39231.0,GC
2025-10-10 06:45:00+00:00,3987.0,3987.9,3977.7,3983.0,2105,33.0,1.0,39231.0,GC
2025-10-10 07:00:00+00:00,3983.2,3983.4,3966.3,3972.4,5236,33.0,1.0,39231.0,GC
2025-10-10 07:15:00+00:00,3972.0,3980.2,3970.8,3977.5,3985,33.0,1.0,39231.0,GC
2025-10-10 07:30:00+00:00,3977.7,3979.6,3974.8,3977.4,1564,33.0,1.0,39231.0,GC
2025-10-10 07:45:00+00:00,3976.9,3989.0,3976.8,3985.1,2312,33.0,1.0,39231.0,GC
2025-10-10 08:00:00+00:00,3985.0,4000.8,3982.8,4000.5,4111,33.0,1.0,39231.0,GC
2025-10-10 08:15:00+00:00,4000.7,4001.2,3997.1,3998.2,2073,33.0,1.0,39231.0,GC
2025-10-10 08:30:00+00:00,3998.0,4001.4,3996.2,4001.3,1614,33.0,1.0,39231.0,GC
2025-10-10 08:45:00+00:00,4001.3,4006.0,4001.3,4005.1,3116,33.0,1.0,39231.0,GC
2025-10-10 09:00:00+00:00,4005.0,4014.3,4003.1,4013.1,4535,33.0,1.0,39231.0,GC
2025-10-10 09:15:00+00:00,4013.0,4013.5,4002.8,4010.5,4043,33.0,1.0,39231.0,GC
2025-10-10 09:30:00+00:00,4010.6,4018.4,4009.0,4017.0,3077,33.0,1.0,39231.0,GC
2025-10-10 09:45:00+00:00,4017.1,4020.5,4009.7,4010.0,5156,33.0,1.0,39231.0,GC
2025-10-10 10:00:00+00:00,4009.8,4011.7,4006.1,4008.0,2789,33.0,1.0,39231.0,GC
2025-10-10 10:15:00+00:00,4007.6,4013.5,4006.0,4013.1,1711,33.0,1.0,39231.0,GC
2025-10-10 10:30:00+00:00,4013.0,4015.1,4011.8,4012.8,1441,33.0,1.0,39231.0,GC
2025-10-10 10:45:00+00:00,4012.8,4014.5,4007.7,4008.1,1430,33.0,1.0,39231.0,GC
2025-10-10 11:00:00+00:00,4008.1,4013.9,4007.5,4012.9,1230,33.0,1.0,39231.0,GC
2025-10-10 11:15:00+00:00,4012.8,4014.8,4009.0,4011.8,1618,33.0,1.0,39231.0,GC
2025-10-10 11:30:00+00:00,4011.9,4013.8,4005.9,4007.5,1951,33.0,1.0,39231.0,GC
2025-10-10 11:45:00+00:00,4007.5,4010.8,3998.8,4002.3,4187,33.0,1.0,39231.0,GC
2025-10-10 12:00:00+00:00,4002.4,4008.6,4001.2,4005.4,3500,33.0,1.0,39231.0,GC
2025-10-10 12:15:00+00:00,4005.3,4010.5,4002.8,4007.8,4116,33.0,1.0,39231.0,GC
2025-10-10 12:30:00+00:00,4008.2,4008.3,3999.9,4001.3,3335,33.0,1.0,39231.0,GC
2025-10-10 12:45:00+00:00,4001.4,4005.5,3995.6,4002.0,4989,33.0,1.0,39231.0,GC
2025-10-10 13:00:00+00:00,4001.9,4005.5,3995.1,4004.1,6920,33.0,1.0,39231.0,GC
2025-10-10 13:15:00+00:00,4004.0,4011.9,4002.8,4009.3,4633,33.0,1.0,39231.0,GC
2025-10-10 13:30:00+00:00,4009.2,4015.0,4004.5,4009.8,9117,33.0,1.0,39231.0,GC
2025-10-10 13:45:00+00:00,4009.7,4009.8,3990.3,3996.1,12566,33.0,1.0,39231.0,GC
2025-10-10 14:00:00+00:00,3995.5,3999.5,3986.7,3997.1,8878,33.0,1.0,39231.0,GC
2025-10-10 14:15:00+00:00,3997.0,4004.3,3993.0,4000.2,5440,33.0,1.0,39231.0,GC
2025-10-10 14:30:00+00:00,4000.0,4004.8,3995.8,3998.2,3999,33.0,1.0,39231.0,GC
2025-10-10 14:45:00+00:00,3998.0,4010.0,3996.4,4005.7,5910,33.0,1.0,39231.0,GC
2025-10-10 15:00:00+00:00,4005.7,4029.0,4003.3,4025.1,17838,33.0,1.0,39231.0,GC
2025-10-10 15:15:00+00:00,4025.2,4035.6,4019.0,4031.8,10871,33.0,1.0,39231.0,GC
2025-10-10 15:30:00+00:00,4031.9,4038.6,4021.4,4024.0,12518,33.0,1.0,39231.0,GC
2025-10-10 15:45:00+00:00,4024.0,4024.4,4009.6,4013.4,10283,33.0,1.0,39231.0,GC
2025-10-10 16:00:00+00:00,4013.5,4014.4,3995.2,4003.9,10906,33.0,1.0,39231.0,GC
2025-10-10 16:15:00+00:00,4003.9,4006.6,3990.9,4002.2,7607,33.0,1.0,39231.0,GC
2025-10-10 16:30:00+00:00,4002.3,4010.1,4000.7,4001.5,5075,33.0,1.0,39231.0,GC
2025-10-10 16:45:00+00:00,4001.4,4002.8,3992.7,3997.5,5008,33.0,1.0,39231.0,GC
2025-10-10 17:00:00+00:00,3997.7,3997.7,3988.4,3996.7,5552,33.0,1.0,39231.0,GC
2025-10-10 17:15:00+00:00,3996.9,4002.1,3995.8,3999.9,5316,33.0,1.0,39231.0,GC
2025-10-10 17:30:00+00:00,4000.0,4009.5,3993.8,4005.9,4986,33.0,1.0,39231.0,GC
2025-10-10 17:45:00+00:00,4006.0,4006.3,3999.8,4004.9,2475,33.0,1.0,39231.0,GC
2025-10-10 18:00:00+00:00,4005.0,4012.4,3998.7,4011.3,2859,33.0,1.0,39231.0,GC
2025-10-10 18:15:00+00:00,4011.3,4024.2,4011.1,4019.3,3833,33.0,1.0,39231.0,GC
2025-10-10 18:30:00+00:00,4018.8,4020.1,4007.7,4010.8,2501,33.0,1.0,39231.0,GC
2025-10-10 18:45:00+00:00,4010.9,4019.8,4010.0,4014.9,1872,33.0,1.0,39231.0,GC
2025-10-10 19:00:00+00:00,4014.9,4020.5,4010.5,4020.3,2157,33.0,1.0,39231.0,GC
2025-10-10 19:15:00+00:00,4020.5,4024.5,4018.0,4020.2,2330,33.0,1.0,39231.0,GC
2025-10-10 19:30:00+00:00,4020.4,4033.6,4020.4,4033.4,3188,33.0,1.0,39231.0,GC
2025-10-10 19:45:00+00:00,4033.5,4038.0,4026.8,4028.1,4525,33.0,1.0,39231.0,GC
2025-10-10 20:00:00+00:00,4028.0,4033.1,4022.8,4022.8,1621,33.0,1.0,39231.0,GC
2025-10-10 20:15:00+00:00,4022.9,4030.6,4022.9,4029.8,1125,33.0,1.0,39231.0,GC
2025-10-10 20:30:00+00:00,4030.0,4030.5,4025.1,4029.9,1335,33.0,1.0,39231.0,GC
2025-10-10 20:45:00+00:00,4029.8,4038.5,4025.5,4035.5,2715,33.0,1.0,39231.0,GC
2025-10-12 22:00:00+00:00,4018.3,4048.0,4011.3,4036.9,5415,33.0,1.0,39231.0,GC
2025-10-12 22:15:00+00:00,4037.8,4061.8,4034.7,4057.0,4834,33.0,1.0,39231.0,GC
2025-10-12 22:30:00+00:00,4057.5,4057.9,4049.1,4053.4,2145,33.0,1.0,39231.0,GC
2025-10-12 22:45:00+00:00,4053.0,4059.7,4049.1,4059.0,1530,33.0,1.0,39231.0,GC
2025-10-12 23:00:00+00:00,4058.8,4078.1,4055.7,4065.0,7142,33.0,1.0,39231.0,GC
2025-10-12 23:15:00+00:00,4064.8,4071.5,4063.2,4066.6,2570,33.0,1.0,39231.0,GC
2025-10-12 23:30:00+00:00,4066.7,4067.3,4054.3,4056.9,2705,33.0,1.0,39231.0,GC
2025-10-12 23:45:00+00:00,4057.3,4064.7,4050.4,4053.1,2576,33.0,1.0,39231.0,GC
2025-10-13 00:00:00+00:00,4053.0,4054.6,4043.0,4050.1,3679,33.0,1.0,39231.0,GC
2025-10-13 00:15:00+00:00,4050.2,4060.0,4042.1,4058.5,4323,33.0,1.0,39231.0,GC
2025-10-13 00:30:00+00:00,4058.8,4076.5,4055.3,4075.7,5827,33.0,1.0,39231.0,GC
2025-10-13 00:45:00+00:00,4075.7,4079.3,4060.5,4061.5,4116,33.0,1.0,39231.0,GC
2025-10-13 01:00:00+00:00,4062.0,4072.2,4053.4,4062.5,5445,33.0,1.0,39231.0,GC
2025-10-13 01:15:00+00:00,4062.7,4065.3,4056.2,4060.8,2352,33.0,1.0,39231.0,GC
2025-10-13 01:30:00+00:00,4060.6,4071.8,4059.6,4068.5,3172,33.0,1.0,39231.0,GC
2025-10-13 01:45:00+00:00,4069.0,4074.0,4064.4,4072.0,2373,33.0,1.0,39231.0,GC
2025-10-13 02:00:00+00:00,4071.9,4074.8,4061.4,4068.7,2934,33.0,1.0,39231.0,GC
2025-10-13 02:15:00+00:00,4068.4,4070.1,4064.7,4065.1,931,33.0,1.0,39231.0,GC
2025-10-13 02:30:00+00:00,4064.5,4069.6,4061.5,4065.9,2230,33.0,1.0,39231.0,GC
2025-10-13 02:45:00+00:00,4066.2,4067.2,4059.7,4066.1,1103,33.0,1.0,39231.0,GC
2025-10-13 03:00:00+00:00,4066.4,4068.3,4064.3,4067.8,891,33.0,1.0,39231.0,GC
2025-10-13 03:15:00+00:00,4067.9,4071.1,4064.8,4070.4,1099,33.0,1.0,39231.0,GC
2025-10-13 03:30:00+00:00,4070.5,4074.0,4068.1,4073.3,1467,33.0,1.0,39231.0,GC
2025-10-13 03:45:00+00:00,4073.3,4074.8,4066.5,4069.9,1607,33.0,1.0,39231.0,GC
2025-10-13 04:00:00+00:00,4069.8,4072.5,4068.9,4070.5,692,33.0,1.0,39231.0,GC
2025-10-13 04:15:00+00:00,4070.6,4075.0,4070.6,4073.5,1145,33.0,1.0,39231.0,GC
2025-10-13 04:30:00+00:00,4073.5,4076.4,4072.7,4074.6,1207,33.0,1.0,39231.0,GC
2025-10-13 04:45:00+00:00,4074.5,4074.9,4072.8,4073.6,670,33.0,1.0,39231.0,GC
2025-10-13 05:00:00+00:00,4073.5,4083.3,4071.8,4080.5,3956,33.0,1.0,39231.0,GC
2025-10-13 05:15:00+00:00,4080.5,4092.6,4079.7,4089.7,4436,33.0,1.0,39231.0,GC
2025-10-13 05:30:00+00:00,4089.6,4096.5,4087.2,4093.1,3632,33.0,1.0,39231.0,GC
2025-10-13 05:45:00+00:00,4093.0,4094.4,4080.5,4082.6,5126,33.0,1.0,39231.0,GC
2025-10-13 06:00:00+00:00,4082.6,4086.4,4078.9,4084.6,3525,33.0,1.0,39231.0,GC
2025-10-13 06:15:00+00:00,4084.5,4090.8,4083.5,4087.8,2502,33.0,1.0,39231.0,GC
2025-10-13 06:30:00+00:00,4087.7,4092.6,4086.3,4089.2,2180,33.0,1.0,39231.0,GC
2025-10-13 06:45:00+00:00,4089.1,4090.0,4085.9,4088.7,1426,33.0,1.0,39231.0,GC
2025-10-13 07:00:00+00:00,4088.6,4093.3,4085.8,4091.6,2746,33.0,1.0,39231.0,GC
2025-10-13 07:15:00+00:00,4091.3,4095.9,4088.0,4094.3,2285,33.0,1.0,39231.0,GC
2025-10-13 07:30:00+00:00,4094.2,4094.7,4087.4,4094.1,2063,33.0,1.0,39231.0,GC
2025-10-13 07:45:00+00:00,4094.2,4096.7,4087.9,4089.7,2369,33.0,1.0,39231.0,GC
2025-10-13 08:00:00+00:00,4089.6,4094.9,4088.5,4093.9,2156,33.0,1.0,39231.0,GC
2025-10-13 08:15:00+00:00,4094.1,4094.5,4088.8,4092.1,2428,33.0,1.0,39231.0,GC
2025-10-13 08:30:00+00:00,4091.9,4093.1,4087.4,4093.0,2148,33.0,1.0,39231.0,GC
2025-10-13 08:45:00+00:00,4093.0,4098.5,4091.7,4097.0,2692,33.0,1.0,39231.0,GC
2025-10-13 09:00:00+00:00,4097.0,4099.4,4094.2,4095.6,2097,33.0,1.0,39231.0,GC
2025-10-13 09:15:00+00:00,4095.5,4096.4,4090.5,4091.1,1589,33.0,1.0,39231.0,GC
2025-10-13 09:30:00+00:00,4090.9,4094.1,4089.7,4093.1,2894,33.0,1.0,39231.0,GC
2025-10-13 09:45:00+00:00,4092.9,4099.6,4092.6,4097.0,2433,33.0,1.0,39231.0,GC
2025-10-13 10:00:00+00:00,4097.1,4097.3,4090.6,4090.9,2969,33.0,1.0,39231.0,GC
2025-10-13 10:15:00+00:00,4091.0,4096.2,4090.9,4096.1,1545,33.0,1.0,39231.0,GC
2025-10-13 10:30:00+00:00,4096.2,4099.2,4093.2,4097.0,1810,33.0,1.0,39231.0,GC
2025-10-13 10:45:00+00:00,4096.9,4104.3,4096.8,4099.6,2822,33.0,1.0,39231.0,GC
2025-10-13 11:00:00+00:00,4099.5,4103.1,4095.7,4100.8,2717,33.0,1.0,39231.0,GC
2025-10-13 11:15:00+00:00,4100.9,4103.1,4098.4,4099.6,1789,33.0,1.0,39231.0,GC
2025-10-13 11:30:00+00:00,4099.5,4099.7,4095.0,4096.1,2669,33.0,1.0,39231.0,GC
2025-10-13 11:45:00+00:00,4096.1,4097.2,4092.7,4093.2,4042,33.0,1.0,39231.0,GC
2025-10-13 12:00:00+00:00,4093.2,4096.8,4092.3,4094.1,3011,33.0,1.0,39231.0,GC
2025-10-13 12:15:00+00:00,4094.3,4103.9,4093.1,4103.1,5638,33.0,1.0,39231.0,GC
2025-10-13 12:30:00+00:00,4103.2,4105.6,4096.0,4097.5,6511,33.0,1.0,39231.0,GC
2025-10-13 12:45:00+00:00,4097.4,4100.7,4094.7,4099.3,3691,33.0,1.0,39231.0,GC
2025-10-13 13:00:00+00:00,4099.5,4108.0,4097.4,4107.3,5471,33.0,1.0,39231.0,GC
2025-10-13 13:15:00+00:00,4107.4,4112.3,4103.2,4110.5,4923,33.0,1.0,39231.0,GC
2025-10-13 13:30:00+00:00,4110.6,4112.7,4101.4,4105.6,8457,33.0,1.0,39231.0,GC
2025-10-13 13:45:00+00:00,4105.4,4115.8,4105.3,4113.8,6516,33.0,1.0,39231.0,GC
2025-10-13 14:00:00+00:00,4113.6,4116.3,4110.5,4111.8,5249,33.0,1.0,39231.0,GC
2025-10-13 14:15:00+00:00,4111.8,4117.3,4110.1,4114.7,5325,33.0,1.0,39231.0,GC
2025-10-13 14:30:00+00:00,4114.7,4119.7,4114.7,4117.0,5641,33.0,1.0,39231.0,GC
2025-10-13 14:45:00+00:00,4117.2,4124.3,4117.2,4117.6,5997,33.0,1.0,39231.0,GC
2025-10-13 15:00:00+00:00,4117.6,4120.0,4111.5,4116.8,5375,33.0,1.0,39231.0,GC
2025-10-13 15:15:00+00:00,4116.9,4120.0,4112.7,4113.4,3612,33.0,1.0,39231.0,GC
2025-10-13 15:30:00+00:00,4113.2,4120.0,4112.6,4119.6,3487,33.0,1.0,39231.0,GC
2025-10-13 15:45:00+00:00,4119.7,4127.5,4117.3,4124.8,4650,33.0,1.0,39231.0,GC
2025-10-13 16:00:00+00:00,4124.8,4136.7,4124.6,4135.3,5530,33.0,1.0,39231.0,GC
2025-10-13 16:15:00+00:00,4135.5,4137.2,4128.6,4129.3,4758,33.0,1.0,39231.0,GC
2025-10-13 16:30:00+00:00,4129.2,4131.8,4125.0,4125.5,4948,33.0,1.0,39231.0,GC
2025-10-13 16:45:00+00:00,4125.6,4132.5,4123.5,4125.3,3779,33.0,1.0,39231.0,GC
2025-10-13 17:00:00+00:00,4125.4,4127.7,4121.4,4126.5,2800,33.0,1.0,39231.0,GC
2025-10-13 17:15:00+00:00,4126.4,4135.9,4123.8,4132.9,5987,33.0,1.0,39231.0,GC
2025-10-13 17:30:00+00:00,4132.8,4133.8,4126.8,4126.9,2486,33.0,1.0,39231.0,GC
2025-10-13 17:45:00+00:00,4127.0,4128.1,4119.8,4123.4,3360,33.0,1.0,39231.0,GC
2025-10-13 18:00:00+00:00,4123.3,4124.3,4119.3,4121.8,2009,33.0,1.0,39231.0,GC
2025-10-13 18:15:00+00:00,4121.8,4127.5,4121.8,4124.8,1401,33.0,1.0,39231.0,GC
2025-10-13 18:30:00+00:00,4124.5,4126.9,4121.5,4122.0,1216,33.0,1.0,39231.0,GC
2025-10-13 18:45:00+00:00,4122.1,4124.8,4120.0,4121.8,1149,33.0,1.0,39231.0,GC
2025-10-13 19:00:00+00:00,4121.7,4123.1,4110.3,4117.8,4027,33.0,1.0,39231.0,GC
2025-10-13 19:15:00+00:00,4117.9,4126.5,4117.4,4124.7,1901,33.0,1.0,39231.0,GC
2025-10-13 19:30:00+00:00,4124.6,4127.0,4122.4,4125.0,1688,33.0,1.0,39231.0,GC
2025-10-13 19:45:00+00:00,4125.2,4130.0,4123.8,4127.3,2625,33.0,1.0,39231.0,GC
2025-10-13 20:00:00+00:00,4127.3,4129.0,4124.8,4127.9,1013,33.0,1.0,39231.0,GC
2025-10-13 20:15:00+00:00,4127.9,4130.6,4127.2,4130.2,589,33.0,1.0,39231.0,GC
2025-10-13 20:30:00+00:00,4130.0,4130.2,4127.0,4129.7,591,33.0,1.0,39231.0,GC
2025-10-13 20:45:00+00:00,4129.5,4132.5,4129.2,4130.0,1068,33.0,1.0,39231.0,GC
2025-10-13 22:00:00+00:00,4130.9,4133.2,4128.1,4132.4,758,33.0,1.0,39231.0,GC
2025-10-13 22:15:00+00:00,4132.0,4133.5,4128.1,4128.4,1008,33.0,1.0,39231.0,GC
2025-10-13 22:30:00+00:00,4128.6,4129.4,4125.9,4127.4,824,33.0,1.0,39231.0,GC
2025-10-13 22:45:00+00:00,4127.6,4135.1,4127.5,4134.2,982,33.0,1.0,39231.0,GC
2025-10-13 23:00:00+00:00,4134.2,4136.9,4132.5,4134.7,1624,33.0,1.0,39231.0,GC
2025-10-13 23:15:00+00:00,4134.4,4136.7,4132.4,4134.7,958,33.0,1.0,39231.0,GC
2025-10-13 23:30:00+00:00,4135.0,4150.0,4134.9,4146.7,5159,33.0,1.0,39231.0,GC
2025-10-13 23:45:00+00:00,4146.8,4150.0,4143.5,4145.9,3623,33.0,1.0,39231.0,GC
2025-10-14 00:00:00+00:00,4145.7,4147.4,4137.0,4141.3,3386,33.0,1.0,39231.0,GC
2025-10-14 00:15:00+00:00,4141.1,4144.7,4137.1,4144.2,2148,33.0,1.0,39231.0,GC
2025-10-14 00:30:00+00:00,4144.3,4147.6,4142.7,4146.2,1884,33.0,1.0,39231.0,GC
2025-10-14 00:45:00+00:00,4146.1,4148.4,4142.0,4142.2,1663,33.0,1.0,39231.0,GC
2025-10-14 01:00:00+00:00,4142.1,4158.7,4140.7,4158.3,6694,33.0,1.0,39231.0,GC
2025-10-14 01:15:00+00:00,4158.4,4168.4,4157.0,4163.9,6951,33.0,1.0,39231.0,GC
2025-10-14 01:30:00+00:00,4164.4,4166.2,4151.4,4156.5,7252,33.0,1.0,39231.0,GC
2025-10-14 01:45:00+00:00,4156.8,4156.9,4148.6,4154.1,4237,33.0,1.0,39231.0,GC
2025-10-14 02:00:00+00:00,4154.1,4161.3,4153.7,4158.5,3154,33.0,1.0,39231.0,GC
2025-10-14 02:15:00+00:00,4158.8,4161.0,4155.3,4159.6,1817,33.0,1.0,39231.0,GC
2025-10-14 02:30:00+00:00,4159.7,4167.4,4159.1,4164.4,4557,33.0,1.0,39231.0,GC
2025-10-14 02:45:00+00:00,4164.4,4165.4,4159.3,4162.6,3157,33.0,1.0,39231.0,GC
2025-10-14 03:00:00+00:00,4162.0,4171.3,4161.7,4170.7,3558,33.0,1.0,39231.0,GC
2025-10-14 03:15:00+00:00,4170.7,4173.8,4170.6,4173.3,3083,33.0,1.0,39231.0,GC
2025-10-14 03:30:00+00:00,4173.2,4176.5,4172.6,4175.5,3259,33.0,1.0,39231.0,GC
2025-10-14 03:45:00+00:00,4175.8,4178.6,4173.0,4175.7,3296,33.0,1.0,39231.0,GC
2025-10-14 04:00:00+00:00,4175.6,4182.4,4173.0,4180.7,3117,33.0,1.0,39231.0,GC
2025-10-14 04:15:00+00:00,4180.6,4180.7,4171.0,4176.8,3152,33.0,1.0,39231.0,GC
2025-10-14 04:30:00+00:00,4176.6,4177.6,4168.5,4176.4,2435,33.0,1.0,39231.0,GC
2025-10-14 04:45:00+00:00,4176.2,4182.7,4175.7,4181.0,1834,33.0,1.0,39231.0,GC
2025-10-14 05:00:00+00:00,4180.8,4188.7,4178.4,4187.8,3359,33.0,1.0,39231.0,GC
2025-10-14 05:15:00+00:00,4187.9,4190.9,4184.3,4188.9,3279,33.0,1.0,39231.0,GC
2025-10-14 05:30:00+00:00,4188.9,4189.8,4132.2,4132.6,17529,33.0,1.0,39231.0,GC
2025-10-14 05:45:00+00:00,4132.5,4152.0,4124.3,4135.3,17955,33.0,1.0,39231.0,GC
2025-10-14 06:00:00+00:00,4135.3,4147.2,4120.2,4125.2,11576,33.0,1.0,39231.0,GC
2025-10-14 06:15:00+00:00,4125.4,4132.7,4106.0,4129.8,15444,33.0,1.0,39231.0,GC
2025-10-14 06:30:00+00:00,4129.9,4130.6,4113.9,4113.9,6417,33.0,1.0,39231.0,GC
2025-10-14 06:45:00+00:00,4114.0,4127.8,4105.0,4127.3,8362,33.0,1.0,39231.0,GC
2025-10-14 07:00:00+00:00,4127.1,4128.2,4116.5,4127.1,4721,33.0,1.0,39231.0,GC
2025-10-14 07:15:00+00:00,4126.8,4142.3,4124.9,4137.5,5819,33.0,1.0,39231.0,GC
2025-10-14 07:30:00+00:00,4138.0,4141.5,4130.7,4135.4,4964,33.0,1.0,39231.0,GC
2025-10-14 07:45:00+00:00,4135.0,4143.0,4134.2,4141.8,3600,33.0,1.0,39231.0,GC
2025-10-14 08:00:00+00:00,4141.6,4155.8,4139.7,4155.5,5337,33.0,1.0,39231.0,GC
2025-10-14 08:15:00+00:00,4155.6,4160.1,4152.4,4159.6,3187,33.0,1.0,39231.0,GC
2025-10-14 08:30:00+00:00,4159.7,4160.5,4144.4,4146.5,4677,33.0,1.0,39231.0,GC
2025-10-14 08:45:00+00:00,4146.5,4158.0,4146.3,4158.0,3588,33.0,1.0,39231.0,GC
2025-10-14 09:00:00+00:00,4157.9,4158.0,4147.7,4156.0,3556,33.0,1.0,39231.0,GC
2025-10-14 09:15:00+00:00,4155.6,4157.5,4153.0,4155.5,1353,33.0,1.0,39231.0,GC
2025-10-14 09:30:00+00:00,4155.4,4159.5,4150.8,4152.7,2860,33.0,1.0,39231.0,GC
2025-10-14 09:45:00+00:00,4152.9,4153.0,4136.7,4143.7,5111,33.0,1.0,39231.0,GC
2025-10-14 10:00:00+00:00,4143.9,4148.1,4142.4,4147.2,2404,33.0,1.0,39231.0,GC
2025-10-14 10:15:00+00:00,4147.1,4157.0,4144.8,4156.6,2126,33.0,1.0,39231.0,GC
2025-10-14 10:30:00+00:00,4156.9,4161.8,4154.5,4157.6,3273,33.0,1.0,39231.0,GC
2025-10-14 10:45:00+00:00,4157.5,4157.5,4146.0,4149.7,3155,33.0,1.0,39231.0,GC
2025-10-14 11:00:00+00:00,4149.6,4152.6,4147.0,4147.8,2145,33.0,1.0,39231.0,GC
2025-10-14 11:15:00+00:00,4148.2,4156.1,4146.0,4150.3,2110,33.0,1.0,39231.0,GC
2025-10-14 11:30:00+00:00,4150.2,4150.7,4144.0,4148.2,2091,33.0,1.0,39231.0,GC
2025-10-14 11:45:00+00:00,4148.1,4149.1,4142.8,4148.6,2408,33.0,1.0,39231.0,GC
2025-10-14 12:00:00+00:00,4148.8,4152.8,4143.7,4147.3,2933,33.0,1.0,39231.0,GC
2025-10-14 12:15:00+00:00,4147.1,4150.8,4131.7,4133.8,6320,33.0,1.0,39231.0,GC
2025-10-14 12:30:00+00:00,4134.0,4135.1,4121.6,4124.7,9629,33.0,1.0,39231.0,GC
2025-10-14 12:45:00+00:00,4124.7,4129.3,4119.3,4122.8,6565,33.0,1.0,39231.0,GC
2025-10-14 13:00:00+00:00,4122.9,4130.4,4113.6,4130.2,9475,33.0,1.0,39231.0,GC
2025-10-14 13:15:00+00:00,4130.0,4137.0,4121.2,4126.5,7919,33.0,1.0,39231.0,GC
2025-10-14 13:30:00+00:00,4126.1,4144.4,4122.0,4142.5,8582,33.0,1.0,39231.0,GC
2025-10-14 13:45:00+00:00,4142.1,4145.0,4129.5,4140.6,8440,33.0,1.0,39231.0,GC
2025-10-14 14:00:00+00:00,4140.5,4153.5,4136.7,4150.6,9201,33.0,1.0,39231.0,GC
2025-10-14 14:15:00+00:00,4150.3,4152.6,4143.2,4150.1,4678,33.0,1.0,39231.0,GC
2025-10-14 14:30:00+00:00,4149.6,4154.7,4144.2,4146.6,4341,33.0,1.0,39231.0,GC
2025-10-14 14:45:00+00:00,4146.8,4151.6,4142.8,4145.4,2830,33.0,1.0,39231.0,GC
2025-10-14 15:00:00+00:00,4145.4,4157.5,4142.1,4157.3,4284,33.0,1.0,39231.0,GC
2025-10-14 15:15:00+00:00,4157.3,4157.8,4151.8,4154.5,3002,33.0,1.0,39231.0,GC
2025-10-14 15:30:00+00:00,4154.5,4159.1,4153.0,4155.3,3401,33.0,1.0,39231.0,GC
2025-10-14 15:45:00+00:00,4155.1,4156.8,4148.1,4154.3,3006,33.0,1.0,39231.0,GC
2025-10-14 16:00:00+00:00,4154.5,4158.4,4145.2,4147.7,3436,33.0,1.0,39231.0,GC
2025-10-14 16:15:00+00:00,4147.7,4155.5,4144.5,4150.8,3825,33.0,1.0,39231.0,GC
2025-10-14 16:30:00+00:00,4150.8,4160.9,4145.5,4159.1,5169,33.0,1.0,39231.0,GC
2025-10-14 16:45:00+00:00,4159.1,4172.1,4155.5,4156.3,7451,33.0,1.0,39231.0,GC
2025-10-14 17:00:00+00:00,4156.2,4166.2,4153.0,4161.6,4466,33.0,1.0,39231.0,GC
2025-10-14 17:15:00+00:00,4161.4,4169.0,4157.7,4162.8,5064,33.0,1.0,39231.0,GC
2025-10-14 17:30:00+00:00,4162.7,4168.5,4162.3,4165.2,2871,33.0,1.0,39231.0,GC
2025-10-14 17:45:00+00:00,4165.3,4165.8,4159.6,4164.2,2396,33.0,1.0,39231.0,GC
2025-10-14 18:00:00+00:00,4164.1,4168.6,4162.9,4164.1,2129,33.0,1.0,39231.0,GC
2025-10-14 18:15:00+00:00,4164.1,4165.0,4158.7,4161.6,2164,33.0,1.0,39231.0,GC
2025-10-14 18:30:00+00:00,4161.8,4165.4,4161.4,4164.6,1602,33.0,1.0,39231.0,GC
2025-10-14 18:45:00+00:00,4164.6,4167.0,4164.3,4164.6,1553,33.0,1.0,39231.0,GC
2025-10-14 19:00:00+00:00,4164.6,4167.3,4163.4,4166.0,1251,33.0,1.0,39231.0,GC
2025-10-14 19:15:00+00:00,4166.2,4167.3,4164.3,4166.5,961,33.0,1.0,39231.0,GC
2025-10-14 19:30:00+00:00,4166.6,4167.0,4150.6,4156.2,6022,33.0,1.0,39231.0,GC
2025-10-14 19:45:00+00:00,4156.8,4161.4,4152.3,4159.2,3203,33.0,1.0,39231.0,GC
2025-10-14 20:00:00+00:00,4159.3,4162.7,4156.4,4161.5,1278,33.0,1.0,39231.0,GC
2025-10-14 20:15:00+00:00,4161.2,4163.8,4160.5,4161.6,643,33.0,1.0,39231.0,GC
2025-10-14 20:30:00+00:00,4161.6,4161.6,4159.3,4159.3,563,33.0,1.0,39231.0,GC
2025-10-14 20:45:00+00:00,4159.5,4163.1,4159.0,4159.6,472,33.0,1.0,39231.0,GC
2025-10-14 22:00:00+00:00,4160.1,4178.0,4157.3,4177.8,1628,33.0,1.0,39231.0,GC
2025-10-14 22:15:00+00:00,4177.6,4180.5,4167.8,4169.0,2237,33.0,1.0,39231.0,GC
2025-10-14 22:30:00+00:00,4168.8,4176.8,4166.4,4173.7,1227,33.0,1.0,39231.0,GC
2025-10-14 22:45:00+00:00,4173.7,4178.3,4173.6,4174.8,761,33.0,1.0,39231.0,GC
2025-10-14 23:00:00+00:00,4174.8,4178.4,4173.4,4176.9,817,33.0,1.0,39231.0,GC
2025-10-14 23:15:00+00:00,4176.9,4181.5,4175.9,4181.0,999,33.0,1.0,39231.0,GC
2025-10-14 23:30:00+00:00,4181.0,4184.5,4179.7,4183.8,1823,33.0,1.0,39231.0,GC
2025-10-14 23:45:00+00:00,4183.8,4185.4,4178.2,4179.6,1333,33.0,1.0,39231.0,GC
2025-10-15 00:00:00+00:00,4179.6,4187.8,4176.0,4186.4,2021,33.0,1.0,39231.0,GC
2025-10-15 00:15:00+00:00,4186.5,4187.6,4171.6,4173.9,2459,33.0,1.0,39231.0,GC
2025-10-15 00:30:00+00:00,4174.0,4186.6,4172.7,4184.8,2252,33.0,1.0,39231.0,GC
2025-10-15 00:45:00+00:00,4184.5,4185.7,4176.9,4180.1,1662,33.0,1.0,39231.0,GC
2025-10-15 01:00:00+00:00,4180.3,4203.6,4180.0,4197.6,8224,33.0,1.0,39231.0,GC
2025-10-15 01:15:00+00:00,4197.0,4205.8,4192.5,4204.3,4057,33.0,1.0,39231.0,GC
2025-10-15 01:30:00+00:00,4204.3,4205.4,4194.8,4196.8,3109,33.0,1.0,39231.0,GC
2025-10-15 01:45:00+00:00,4196.6,4202.1,4194.9,4200.7,1726,33.0,1.0,39231.0,GC
2025-10-15 02:00:00+00:00,4201.0,4203.7,4197.1,4198.8,1849,33.0,1.0,39231.0,GC
2025-10-15 02:15:00+00:00,4198.8,4203.0,4198.0,4198.3,937,33.0,1.0,39231.0,GC
2025-10-15 02:30:00+00:00,4198.2,4199.5,4186.0,4190.6,4640,33.0,1.0,39231.0,GC
2025-10-15 02:45:00+00:00,4190.6,4196.0,4187.0,4195.3,2396,33.0,1.0,39231.0,GC
2025-10-15 03:00:00+00:00,4195.4,4203.3,4194.8,4202.2,1857,33.0,1.0,39231.0,GC
2025-10-15 03:15:00+00:00,4202.2,4204.4,4197.9,4202.3,2251,33.0,1.0,39231.0,GC
2025-10-15 03:30:00+00:00,4202.4,4204.5,4199.2,4204.1,1571,33.0,1.0,39231.0,GC
2025-10-15 03:45:00+00:00,4204.0,4210.0,4203.7,4205.9,2664,33.0,1.0,39231.0,GC
2025-10-15 04:00:00+00:00,4206.0,4206.4,4201.2,4203.8,948,33.0,1.0,39231.0,GC
2025-10-15 04:15:00+00:00,4203.9,4204.3,4192.4,4195.7,2046,33.0,1.0,39231.0,GC
2025-10-15 04:30:00+00:00,4195.7,4199.5,4193.7,4198.5,1936,33.0,1.0,39231.0,GC
2025-10-15 04:45:00+00:00,4198.5,4199.0,4196.8,4198.8,594,33.0,1.0,39231.0,GC
2025-10-15 05:00:00+00:00,4198.7,4209.3,4195.6,4208.2,2629,33.0,1.0,39231.0,GC
2025-10-15 05:15:00+00:00,4208.0,4210.8,4204.6,4209.9,2072,33.0,1.0,39231.0,GC
2025-10-15 05:30:00+00:00,4210.0,4211.3,4201.6,4206.3,3040,33.0,1.0,39231.0,GC
2025-10-15 05:45:00+00:00,4206.4,4209.7,4202.7,4204.0,1373,33.0,1.0,39231.0,GC
2025-10-15 06:00:00+00:00,4203.9,4211.6,4202.2,4210.1,2004,33.0,1.0,39231.0,GC
2025-10-15 06:15:00+00:00,4210.0,4210.7,4205.3,4208.1,1569,33.0,1.0,39231.0,GC
2025-10-15 06:30:00+00:00,4208.2,4212.3,4205.3,4211.6,1486,33.0,1.0,39231.0,GC
2025-10-15 06:45:00+00:00,4211.7,4218.2,4211.0,4217.1,2787,33.0,1.0,39231.0,GC
2025-10-15 07:00:00+00:00,4217.0,4218.4,4212.2,4217.2,2793,33.0,1.0,39231.0,GC
2025-10-15 07:15:00+00:00,4217.1,4218.6,4215.6,4217.4,1757,33.0,1.0,39231.0,GC
2025-10-15 07:30:00+00:00,4217.4,4226.6,4216.8,4223.0,5140,33.0,1.0,39231.0,GC
2025-10-15 07:45:00+00:00,4223.1,4227.9,4222.3,4225.8,2194,33.0,1.0,39231.0,GC
2025-10-15 08:00:00+00:00,4225.7,4234.2,4225.0,4230.7,5154,33.0,1.0,39231.0,GC
2025-10-15 08:15:00+00:00,4230.6,4235.8,4226.1,4228.7,4331,33.0,1.0,39231.0,GC
2025-10-15 08:30:00+00:00,4228.6,4234.7,4228.3,4232.7,2363,33.0,1.0,39231.0,GC
2025-10-15 08:45:00+00:00,4232.6,4234.5,4225.0,4225.5,2212,33.0,1.0,39231.0,GC
2025-10-15 09:00:00+00:00,4225.8,4229.6,4219.4,4219.7,3326,33.0,1.0,39231.0,GC
2025-10-15 09:15:00+00:00,4219.8,4220.7,4180.0,4206.1,14028,33.0,1.0,39231.0,GC
2025-10-15 09:30:00+00:00,4205.9,4211.6,4203.6,4208.0,5209,33.0,1.0,39231.0,GC
2025-10-15 09:45:00+00:00,4207.7,4211.6,4205.8,4208.8,3014,33.0,1.0,39231.0,GC
2025-10-15 10:00:00+00:00,4208.7,4217.8,4207.5,4216.5,4076,33.0,1.0,39231.0,GC
2025-10-15 10:15:00+00:00,4216.5,4223.9,4212.9,4218.3,3673,33.0,1.0,39231.0,GC
2025-10-15 10:30:00+00:00,4218.0,4219.1,4206.8,4207.9,2241,33.0,1.0,39231.0,GC
2025-10-15 10:45:00+00:00,4207.8,4219.3,4207.3,4218.9,2493,33.0,1.0,39231.0,GC
2025-10-15 11:00:00+00:00,4218.6,4219.5,4213.0,4218.0,1711,33.0,1.0,39231.0,GC
2025-10-15 11:15:00+00:00,4218.1,4218.9,4215.6,4217.7,864,33.0,1.0,39231.0,GC
2025-10-15 11:30:00+00:00,4217.8,4219.9,4212.9,4213.5,2957,33.0,1.0,39231.0,GC
2025-10-15 11:45:00+00:00,4213.7,4216.5,4209.1,4214.3,2507,33.0,1.0,39231.0,GC
2025-10-15 12:00:00+00:00,4214.5,4218.7,4208.1,4208.3,2396,33.0,1.0,39231.0,GC
2025-10-15 12:15:00+00:00,4208.5,4209.2,4194.4,4197.1,9075,33.0,1.0,39231.0,GC
2025-10-15 12:30:00+00:00,4196.3,4205.6,4191.2,4201.8,6111,33.0,1.0,39231.0,GC
2025-10-15 12:45:00+00:00,4201.9,4209.4,4197.3,4207.0,3616,33.0,1.0,39231.0,GC
2025-10-15 13:00:00+00:00,4207.0,4213.7,4198.8,4211.5,4448,33.0,1.0,39231.0,GC
2025-10-15 13:15:00+00:00,4211.6,4214.5,4204.5,4209.5,4041,33.0,1.0,39231.0,GC
2025-10-15 13:30:00+00:00,4209.7,4213.9,4198.8,4209.6,6792,33.0,1.0,39231.0,GC
2025-10-15 13:45:00+00:00,4209.7,4212.4,4202.0,4207.6,5132,33.0,1.0,39231.0,GC
2025-10-15 14:00:00+00:00,4207.7,4227.7,4207.5,4224.4,10236,33.0,1.0,39231.0,GC
2025-10-15 14:15:00+00:00,4224.3,4227.6,4219.9,4223.1,6398,33.0,1.0,39231.0,GC
2025-10-15 14:30:00+00:00,4223.1,4224.4,4210.8,4214.9,5038,33.0,1.0,39231.0,GC
2025-10-15 14:45:00+00:00,4214.8,4220.1,4207.6,4216.2,4970,33.0,1.0,39231.0,GC
2025-10-15 15:00:00+00:00,4216.1,4218.9,4209.8,4216.6,4901,33.0,1.0,39231.0,GC
2025-10-15 15:15:00+00:00,4216.5,4221.7,4215.2,4220.3,4754,33.0,1.0,39231.0,GC
2025-10-15 15:30:00+00:00,4220.1,4220.7,4202.8,4212.1,7882,33.0,1.0,39231.0,GC
2025-10-15 15:45:00+00:00,4212.3,4216.0,4196.1,4207.0,7500,33.0,1.0,39231.0,GC
2025-10-15 16:00:00+00:00,4207.0,4212.8,4202.3,4207.4,4507,33.0,1.0,39231.0,GC
2025-10-15 16:15:00+00:00,4207.2,4216.0,4207.2,4213.7,3363,33.0,1.0,39231.0,GC
2025-10-15 16:30:00+00:00,4213.5,4215.0,4206.3,4213.0,3205,33.0,1.0,39231.0,GC
2025-10-15 16:45:00+00:00,4213.0,4216.6,4209.0,4215.5,2321,33.0,1.0,39231.0,GC
2025-10-15 17:00:00+00:00,4215.1,4216.2,4198.5,4201.2,3907,33.0,1.0,39231.0,GC
2025-10-15 17:15:00+00:00,4201.1,4209.4,4198.2,4204.8,6716,33.0,1.0,39231.0,GC
2025-10-15 17:30:00+00:00,4204.8,4209.5,4202.2,4209.0,2373,33.0,1.0,39231.0,GC
2025-10-15 17:45:00+00:00,4209.0,4214.4,4208.3,4214.2,2629,33.0,1.0,39231.0,GC
2025-10-15 18:00:00+00:00,4214.4,4222.3,4213.0,4218.2,4882,33.0,1.0,39231.0,GC
2025-10-15 18:15:00+00:00,4218.3,4218.6,4213.4,4216.5,2115,33.0,1.0,39231.0,GC
2025-10-15 18:30:00+00:00,4216.3,4218.3,4214.9,4217.2,808,33.0,1.0,39231.0,GC
2025-10-15 18:45:00+00:00,4217.2,4219.7,4214.0,4219.0,1412,33.0,1.0,39231.0,GC
2025-10-15 19:00:00+00:00,4218.8,4223.7,4218.3,4222.7,1971,33.0,1.0,39231.0,GC
2025-10-15 19:15:00+00:00,4223.0,4228.9,4222.5,4227.9,2983,33.0,1.0,39231.0,GC
2025-10-15 19:30:00+00:00,4227.8,4229.6,4222.3,4223.1,2546,33.0,1.0,39231.0,GC
2025-10-15 19:45:00+00:00,4223.2,4229.1,4222.8,4226.0,3045,33.0,1.0,39231.0,GC
2025-10-15 20:00:00+00:00,4226.0,4228.8,4224.1,4225.2,1640,33.0,1.0,39231.0,GC
2025-10-15 20:15:00+00:00,4225.3,4226.1,4222.2,4224.1,783,33.0,1.0,39231.0,GC
2025-10-15 20:30:00+00:00,4224.3,4228.2,4223.6,4227.4,724,33.0,1.0,39231.0,GC
2025-10-15 20:45:00+00:00,4227.5,4227.5,4224.0,4224.9,572,33.0,1.0,39231.0,GC
2025-10-15 22:00:00+00:00,4225.1,4229.6,4218.6,4220.3,1929,33.0,1.0,39231.0,GC
2025-10-15 22:15:00+00:00,4220.0,4228.0,4214.5,4226.7,1761,33.0,1.0,39231.0,GC
2025-10-15 22:30:00+00:00,4226.8,4230.6,4225.1,4230.0,1294,33.0,1.0,39231.0,GC
2025-10-15 22:45:00+00:00,4230.2,4230.5,4226.5,4227.4,709,33.0,1.0,39231.0,GC
2025-10-15 23:00:00+00:00,4227.8,4230.4,4222.3,4224.6,1533,33.0,1.0,39231.0,GC
2025-10-15 23:15:00+00:00,4224.3,4226.5,4222.5,4226.4,990,33.0,1.0,39231.0,GC
2025-10-15 23:30:00+00:00,4226.0,4227.0,4219.3,4222.2,1047,33.0,1.0,39231.0,GC
2025-10-15 23:45:00+00:00,4222.2,4225.1,4220.4,4223.2,1473,33.0,1.0,39231.0,GC
2025-10-16 00:00:00+00:00,4223.1,4229.8,4218.4,4229.0,1495,33.0,1.0,39231.0,GC
2025-10-16 00:15:00+00:00,4228.9,4239.9,4228.8,4237.8,4134,33.0,1.0,39231.0,GC
2025-10-16 00:30:00+00:00,4237.7,4241.5,4234.2,4236.8,3769,33.0,1.0,39231.0,GC
2025-10-16 00:45:00+00:00,4237.0,4237.2,4224.3,4224.5,3355,33.0,1.0,39231.0,GC
2025-10-16 01:00:00+00:00,4224.7,4237.0,4224.7,4235.1,4659,33.0,1.0,39231.0,GC
2025-10-16 01:15:00+00:00,4235.2,4242.0,4232.2,4238.7,3273,33.0,1.0,39231.0,GC
2025-10-16 01:30:00+00:00,4238.6,4246.9,4237.7,4244.5,4812,33.0,1.0,39231.0,GC
2025-10-16 01:45:00+00:00,4244.9,4245.4,4236.5,4243.8,2786,33.0,1.0,39231.0,GC
2025-10-16 02:00:00+00:00,4243.8,4248.0,4243.1,4247.9,2469,33.0,1.0,39231.0,GC
2025-10-16 02:15:00+00:00,4247.9,4248.0,4244.8,4245.1,1272,33.0,1.0,39231.0,GC
2025-10-16 02:30:00+00:00,4245.1,4249.7,4239.2,4249.5,3101,33.0,1.0,39231.0,GC
2025-10-16 02:45:00+00:00,4249.5,4253.0,4247.5,4253.0,2192,33.0,1.0,39231.0,GC
2025-10-16 03:00:00+00:00,4252.8,4255.4,4247.8,4251.3,3185,33.0,1.0,39231.0,GC
2025-10-16 03:15:00+00:00,4251.1,4254.3,4246.6,4248.2,2364,33.0,1.0,39231.0,GC
2025-10-16 03:30:00+00:00,4248.2,4249.5,4241.9,4247.0,2897,33.0,1.0,39231.0,GC
2025-10-16 03:45:00+00:00,4247.0,4249.6,4245.5,4247.7,1286,33.0,1.0,39231.0,GC
2025-10-16 04:00:00+00:00,4247.6,4250.0,4244.2,4249.1,1133,33.0,1.0,39231.0,GC
2025-10-16 04:15:00+00:00,4249.0,4253.0,4248.1,4251.8,1211,33.0,1.0,39231.0,GC
2025-10-16 04:30:00+00:00,4251.8,4253.2,4245.1,4247.0,2394,33.0,1.0,39231.0,GC
2025-10-16 04:45:00+00:00,4246.9,4247.5,4240.7,4246.7,2343,33.0,1.0,39231.0,GC
2025-10-16 05:00:00+00:00,4246.6,4248.0,4237.2,4239.4,2511,33.0,1.0,39231.0,GC
2025-10-16 05:15:00+00:00,4239.8,4243.3,4233.0,4235.8,2907,33.0,1.0,39231.0,GC
2025-10-16 05:30:00+00:00,4235.9,4236.1,4216.4,4224.7,8881,33.0,1.0,39231.0,GC
2025-10-16 05:45:00+00:00,4224.5,4224.7,4216.7,4218.5,4614,33.0,1.0,39231.0,GC
2025-10-16 06:00:00+00:00,4218.5,4236.2,4217.4,4235.3,5081,33.0,1.0,39231.0,GC
2025-10-16 06:15:00+00:00,4235.2,4241.1,4235.1,4237.7,4372,33.0,1.0,39231.0,GC
2025-10-16 06:30:00+00:00,4237.7,4239.5,4232.7,4232.8,2882,33.0,1.0,39231.0,GC
2025-10-16 06:45:00+00:00,4232.7,4236.9,4229.3,4236.8,3254,33.0,1.0,39231.0,GC
2025-10-16 07:00:00+00:00,4236.7,4246.0,4236.2,4245.8,3764,33.0,1.0,39231.0,GC
2025-10-16 07:15:00+00:00,4246.0,4248.0,4242.7,4247.4,2464,33.0,1.0,39231.0,GC
2025-10-16 07:30:00+00:00,4247.2,4247.3,4240.7,4244.6,2144,33.0,1.0,39231.0,GC
2025-10-16 07:45:00+00:00,4244.9,4246.1,4240.0,4244.5,1738,33.0,1.0,39231.0,GC
2025-10-16 08:00:00+00:00,4244.6,4250.1,4244.0,4246.1,3113,33.0,1.0,39231.0,GC
2025-10-16 08:15:00+00:00,4246.3,4250.3,4245.3,4246.3,1769,33.0,1.0,39231.0,GC
2025-10-16 08:30:00+00:00,4246.3,4248.0,4243.4,4247.0,2198,33.0,1.0,39231.0,GC
2025-10-16 08:45:00+00:00,4247.1,4249.3,4244.3,4247.6,1049,33.0,1.0,39231.0,GC
2025-10-16 09:00:00+00:00,4247.5,4249.8,4244.1,4244.8,1508,33.0,1.0,39231.0,GC
2025-10-16 09:15:00+00:00,4245.0,4246.7,4238.3,4238.7,2419,33.0,1.0,39231.0,GC
2025-10-16 09:30:00+00:00,4238.4,4243.5,4237.3,4242.6,2301,33.0,1.0,39231.0,GC
2025-10-16 09:45:00+00:00,4242.6,4257.6,4242.6,4254.9,4448,33.0,1.0,39231.0,GC
2025-10-16 10:00:00+00:00,4255.0,4259.1,4251.1,4255.2,4166,33.0,1.0,39231.0,GC
2025-10-16 10:15:00+00:00,4255.0,4258.5,4252.5,4254.0,2366,33.0,1.0,39231.0,GC
2025-10-16 10:30:00+00:00,4254.1,4256.4,4250.0,4255.6,2361,33.0,1.0,39231.0,GC
2025-10-16 10:45:00+00:00,4255.7,4262.5,4254.4,4259.1,2887,33.0,1.0,39231.0,GC
2025-10-16 11:00:00+00:00,4259.2,4261.3,4255.5,4259.6,1924,33.0,1.0,39231.0,GC
2025-10-16 11:15:00+00:00,4259.5,4263.4,4258.4,4261.2,1666,33.0,1.0,39231.0,GC
2025-10-16 11:30:00+00:00,4261.4,4264.0,4259.0,4262.8,1923,33.0,1.0,39231.0,GC
2025-10-16 11:45:00+00:00,4262.8,4263.5,4255.5,4256.1,2527,33.0,1.0,39231.0,GC
2025-10-16 12:00:00+00:00,4256.3,4261.1,4255.4,4260.7,1779,33.0,1.0,39231.0,GC
2025-10-16 12:15:00+00:00,4260.8,4261.0,4251.5,4255.2,3013,33.0,1.0,39231.0,GC
2025-10-16 12:30:00+00:00,4255.2,4266.8,4241.9,4251.9,12084,33.0,1.0,39231.0,GC
2025-10-16 12:45:00+00:00,4251.5,4255.6,4247.5,4250.4,5452,33.0,1.0,39231.0,GC
2025-10-16 13:00:00+00:00,4250.7,4261.9,4249.2,4260.8,5433,33.0,1.0,39231.0,GC
2025-10-16 13:15:00+00:00,4260.9,4269.3,4259.1,4266.3,7072,33.0,1.0,39231.0,GC
2025-10-16 13:30:00+00:00,4266.2,4274.0,4260.2,4271.3,8818,33.0,1.0,39231.0,GC
2025-10-16 13:45:00+00:00,4271.5,4272.8,4259.6,4262.5,7258,33.0,1.0,39231.0,GC
2025-10-16 14:00:00+00:00,4262.4,4282.0,4261.7,4281.6,9727,33.0,1.0,39231.0,GC
2025-10-16 14:15:00+00:00,4281.4,4281.7,4271.3,4278.8,5486,33.0,1.0,39231.0,GC
2025-10-16 14:30:00+00:00,4278.8,4283.9,4273.4,4274.6,6264,33.0,1.0,39231.0,GC
2025-10-16 14:45:00+00:00,4274.5,4280.3,4268.7,4278.8,4444,33.0,1.0,39231.0,GC
2025-10-16 15:00:00+00:00,4278.8,4288.0,4276.1,4285.3,6376,33.0,1.0,39231.0,GC
2025-10-16 15:15:00+00:00,4285.2,4289.0,4284.6,4287.4,3991,33.0,1.0,39231.0,GC
2025-10-16 15:30:00+00:00,4287.5,4289.9,4283.5,4287.1,3899,33.0,1.0,39231.0,GC
2025-10-16 15:45:00+00:00,4287.1,4292.7,4285.2,4289.4,4170,33.0,1.0,39231.0,GC
2025-10-16 16:00:00+00:00,4289.5,4296.1,4284.8,4294.7,4642,33.0,1.0,39231.0,GC
2025-10-16 16:15:00+00:00,4294.7,4308.2,4293.6,4305.5,11172,33.0,1.0,39231.0,GC
2025-10-16 16:30:00+00:00,4305.6,4307.8,4275.7,4285.9,17901,33.0,1.0,39231.0,GC
2025-10-16 16:45:00+00:00,4285.5,4299.1,4282.6,4296.9,8568,33.0,1.0,39231.0,GC
2025-10-16 17:00:00+00:00,4297.1,4306.7,4294.4,4304.4,8304,33.0,1.0,39231.0,GC
2025-10-16 17:15:00+00:00,4304.6,4311.8,4302.8,4305.5,8186,33.0,1.0,39231.0,GC
2025-10-16 17:30:00+00:00,4305.6,4314.7,4304.1,4306.3,5623,33.0,1.0,39231.0,GC
2025-10-16 17:45:00+00:00,4306.6,4310.7,4302.7,4309.5,2938,33.0,1.0,39231.0,GC
2025-10-16 18:00:00+00:00,4309.4,4310.5,4299.0,4299.8,3669,33.0,1.0,39231.0,GC
2025-10-16 18:15:00+00:00,4299.5,4306.1,4287.2,4299.6,7765,33.0,1.0,39231.0,GC
2025-10-16 18:30:00+00:00,4299.4,4308.5,4297.2,4307.8,4041,33.0,1.0,39231.0,GC
2025-10-16 18:45:00+00:00,4307.7,4309.0,4302.2,4306.0,2786,33.0,1.0,39231.0,GC
2025-10-16 19:00:00+00:00,4305.6,4311.3,4303.4,4308.5,2544,33.0,1.0,39231.0,GC
2025-10-16 19:15:00+00:00,4308.7,4312.5,4302.4,4310.6,2876,33.0,1.0,39231.0,GC
2025-10-16 19:30:00+00:00,4310.6,4311.8,4306.0,4311.4,2234,33.0,1.0,39231.0,GC
2025-10-16 19:45:00+00:00,4311.5,4328.7,4309.2,4321.4,7224,33.0,1.0,39231.0,GC
2025-10-16 20:00:00+00:00,4321.9,4336.7,4321.8,4332.4,5641,33.0,1.0,39231.0,GC
2025-10-16 20:15:00+00:00,4332.2,4333.7,4329.0,4331.4,1575,33.0,1.0,39231.0,GC
2025-10-16 20:30:00+00:00,4331.5,4334.6,4327.4,4333.8,1319,33.0,1.0,39231.0,GC
2025-10-16 20:45:00+00:00,4333.8,4346.7,4333.7,4344.3,3915,33.0,1.0,39231.0,GC
2025-10-16 22:00:00+00:00,4348.1,4375.0,4341.5,4363.1,7958,33.0,1.0,39231.0,GC
2025-10-16 22:15:00+00:00,4362.8,4392.0,4362.1,4381.4,6096,33.0,1.0,39231.0,GC
2025-10-16 22:30:00+00:00,4381.4,4381.4,4355.4,4374.7,4804,33.0,1.0,39231.0,GC
2025-10-16 22:45:00+00:00,4374.4,4378.4,4357.1,4359.8,4151,33.0,1.0,39231.0,GC
2025-10-16 23:00:00+00:00,4360.2,4376.5,4354.6,4368.6,4879,33.0,1.0,39231.0,GC
2025-10-16 23:15:00+00:00,4369.0,4376.9,4366.6,4376.9,1977,33.0,1.0,39231.0,GC
2025-10-16 23:30:00+00:00,4376.9,4382.6,4363.5,4380.7,3937,33.0,1.0,39231.0,GC
2025-10-16 23:45:00+00:00,4381.0,4391.8,4373.4,4378.8,5524,33.0,1.0,39231.0,GC
2025-10-17 00:00:00+00:00,4378.3,4380.3,4366.3,4369.4,3427,33.0,1.0,39231.0,GC
2025-10-17 00:15:00+00:00,4369.7,4376.8,4368.7,4370.1,3169,33.0,1.0,39231.0,GC
2025-10-17 00:30:00+00:00,4369.5,4380.0,4365.4,4378.9,3817,33.0,1.0,39231.0,GC
2025-10-17 00:45:00+00:00,4379.0,4383.5,4368.0,4369.8,3525,33.0,1.0,39231.0,GC
2025-10-17 01:00:00+00:00,4369.7,4374.9,4355.5,4359.2,9472,33.0,1.0,39231.0,GC
2025-10-17 01:15:00+00:00,4359.4,4360.5,4336.0,4345.8,10297,33.0,1.0,39231.0,GC
2025-10-17 01:30:00+00:00,4345.9,4349.9,4291.3,4302.6,15527,33.0,1.0,39231.0,GC
2025-10-17 01:45:00+00:00,4302.5,4327.0,4291.4,4326.3,13316,33.0,1.0,39231.0,GC
2025-10-17 02:00:00+00:00,4326.1,4347.7,4324.2,4339.5,7834,33.0,1.0,39231.0,GC
2025-10-17 02:15:00+00:00,4339.3,4345.3,4334.4,4344.5,4062,33.0,1.0,39231.0,GC
2025-10-17 02:30:00+00:00,4343.9,4356.3,4343.0,4351.5,4417,33.0,1.0,39231.0,GC
2025-10-17 02:45:00+00:00,4351.3,4362.0,4348.2,4355.3,4083,33.0,1.0,39231.0,GC
2025-10-17 03:00:00+00:00,4355.6,4371.9,4351.3,4370.7,3948,33.0,1.0,39231.0,GC
2025-10-17 03:15:00+00:00,4370.5,4373.3,4366.5,4368.3,2481,33.0,1.0,39231.0,GC
2025-10-17 03:30:00+00:00,4368.9,4373.1,4365.8,4368.5,2207,33.0,1.0,39231.0,GC
2025-10-17 03:45:00+00:00,4368.7,4378.9,4366.6,4378.9,2295,33.0,1.0,39231.0,GC
2025-10-17 04:00:00+00:00,4378.9,4388.6,4378.7,4383.1,3465,33.0,1.0,39231.0,GC
2025-10-17 04:15:00+00:00,4383.5,4383.5,4367.5,4371.6,3447,33.0,1.0,39231.0,GC
2025-10-17 04:30:00+00:00,4371.8,4378.6,4371.5,4373.7,1677,33.0,1.0,39231.0,GC
2025-10-17 04:45:00+00:00,4373.8,4389.6,4372.3,4388.4,2922,33.0,1.0,39231.0,GC
2025-10-17 05:00:00+00:00,4388.2,4390.4,4377.6,4379.8,3398,33.0,1.0,39231.0,GC
2025-10-17 05:15:00+00:00,4379.7,4380.4,4369.3,4371.5,2637,33.0,1.0,39231.0,GC
2025-10-17 05:30:00+00:00,4371.5,4375.3,4353.5,4372.2,5148,33.0,1.0,39231.0,GC
2025-10-17 05:45:00+00:00,4372.5,4382.3,4368.8,4378.4,3082,33.0,1.0,39231.0,GC
2025-10-17 06:00:00+00:00,4378.5,4382.5,4366.8,4371.4,3298,33.0,1.0,39231.0,GC
2025-10-17 06:15:00+00:00,4371.5,4377.2,4368.0,4374.2,2835,33.0,1.0,39231.0,GC
2025-10-17 06:30:00+00:00,4374.3,4378.3,4358.9,4377.5,4739,33.0,1.0,39231.0,GC
2025-10-17 06:45:00+00:00,4377.1,4380.7,4368.7,4372.5,3427,33.0,1.0,39231.0,GC
2025-10-17 07:00:00+00:00,4372.0,4374.1,4363.3,4368.4,4770,33.0,1.0,39231.0,GC
2025-10-17 07:15:00+00:00,4368.0,4370.1,4320.0,4350.5,11354,33.0,1.0,39231.0,GC
2025-10-17 07:30:00+00:00,4350.8,4363.0,4342.8,4357.3,5561,33.0,1.0,39231.0,GC
2025-10-17 07:45:00+00:00,4358.9,4361.8,4341.9,4354.5,4856,33.0,1.0,39231.0,GC
2025-10-17 08:00:00+00:00,4354.5,4359.6,4332.4,4346.8,7294,33.0,1.0,39231.0,GC
2025-10-17 08:15:00+00:00,4346.9,4363.8,4346.6,4353.4,6746,33.0,1.0,39231.0,GC
2025-10-17 08:30:00+00:00,4353.1,4359.1,4344.0,4358.7,3937,33.0,1.0,39231.0,GC
2025-10-17 08:45:00+00:00,4358.7,4362.7,4352.2,4360.2,3085,33.0,1.0,39231.0,GC
2025-10-17 09:00:00+00:00,4360.2,4361.5,4354.2,4355.9,2492,33.0,1.0,39231.0,GC
2025-10-17 09:15:00+00:00,4356.2,4356.8,4345.3,4348.2,2861,33.0,1.0,39231.0,GC
2025-10-17 09:30:00+00:00,4348.1,4358.1,4346.4,4351.5,2844,33.0,1.0,39231.0,GC
2025-10-17 09:45:00+00:00,4351.4,4355.3,4348.2,4353.3,1500,33.0,1.0,39231.0,GC
2025-10-17 10:00:00+00:00,4353.1,4355.5,4351.1,4352.0,1675,33.0,1.0,39231.0,GC
2025-10-17 10:15:00+00:00,4351.8,4355.9,4350.0,4355.2,2051,33.0,1.0,39231.0,GC
2025-10-17 10:30:00+00:00,4355.6,4355.7,4332.0,4344.2,6864,33.0,1.0,39231.0,GC
2025-10-17 10:45:00+00:00,4344.3,4350.4,4338.6,4339.7,2986,33.0,1.0,39231.0,GC
2025-10-17 11:00:00+00:00,4339.7,4349.0,4328.3,4331.6,5132,33.0,1.0,39231.0,GC
2025-10-17 11:15:00+00:00,4331.8,4346.0,4330.6,4334.6,4581,33.0,1.0,39231.0,GC
2025-10-17 11:30:00+00:00,4334.6,4335.7,4315.1,4319.8,8204,33.0,1.0,39231.0,GC
2025-10-17 11:45:00+00:00,4319.4,4326.4,4298.0,4298.7,9902,33.0,1.0,39231.0,GC
2025-10-17 12:00:00+00:00,4298.7,4326.0,4294.5,4325.1,12139,33.0,1.0,39231.0,GC
2025-10-17 12:15:00+00:00,4325.1,4325.5,4302.1,4304.8,9782,33.0,1.0,39231.0,GC
2025-10-17 12:30:00+00:00,4304.1,4327.4,4302.1,4326.3,7641,33.0,1.0,39231.0,GC
2025-10-17 12:45:00+00:00,4326.1,4332.3,4322.3,4327.0,5137,33.0,1.0,39231.0,GC
2025-10-17 13:00:00+00:00,4326.6,4328.8,4312.3,4325.6,6512,33.0,1.0,39231.0,GC
2025-10-17 13:15:00+00:00,4325.9,4330.0,4315.2,4328.2,4570,33.0,1.0,39231.0,GC
2025-10-17 13:30:00+00:00,4328.1,4329.2,4268.2,4297.8,25421,33.0,1.0,39231.0,GC
2025-10-17 13:45:00+00:00,4298.1,4306.0,4284.3,4286.8,10117,33.0,1.0,39231.0,GC
2025-10-17 14:00:00+00:00,4286.4,4287.3,4226.0,4229.2,27536,33.0,1.0,39231.0,GC
2025-10-17 14:15:00+00:00,4228.7,4258.6,4228.2,4253.9,16626,33.0,1.0,39231.0,GC
2025-10-17 14:30:00+00:00,4254.4,4280.0,4243.8,4272.3,13062,33.0,1.0,39231.0,GC
2025-10-17 14:45:00+00:00,4272.2,4273.9,4257.2,4262.7,6894,33.0,1.0,39231.0,GC
2025-10-17 15:00:00+00:00,4262.3,4273.6,4253.3,4256.3,8375,33.0,1.0,39231.0,GC
2025-10-17 15:15:00+00:00,4256.4,4262.9,4244.2,4261.9,7038,33.0,1.0,39231.0,GC
2025-10-17 15:30:00+00:00,4261.9,4273.7,4259.1,4269.4,4626,33.0,1.0,39231.0,GC
2025-10-17 15:45:00+00:00,4269.3,4270.2,4250.2,4251.4,4288,33.0,1.0,39231.0,GC
2025-10-17 16:00:00+00:00,4251.5,4259.0,4238.0,4247.5,7079,33.0,1.0,39231.0,GC
2025-10-17 16:15:00+00:00,4247.3,4253.0,4226.0,4227.9,7450,33.0,1.0,39231.0,GC
2025-10-17 16:30:00+00:00,4227.4,4234.0,4216.8,4221.5,9898,33.0,1.0,39231.0,GC
2025-10-17 16:45:00+00:00,4221.4,4232.8,4211.6,4216.8,9484,33.0,1.0,39231.0,GC
2025-10-17 17:00:00+00:00,4217.5,4221.8,4196.0,4218.6,10727,33.0,1.0,39231.0,GC
2025-10-17 17:15:00+00:00,4218.2,4227.7,4211.0,4212.7,9073,33.0,1.0,39231.0,GC
2025-10-17 17:30:00+00:00,4212.9,4241.0,4208.2,4234.8,8707,33.0,1.0,39231.0,GC
2025-10-17 17:45:00+00:00,4234.3,4239.4,4229.6,4233.9,4892,33.0,1.0,39231.0,GC
2025-10-17 18:00:00+00:00,4234.2,4254.9,4231.2,4246.8,6015,33.0,1.0,39231.0,GC
2025-10-17 18:15:00+00:00,4246.9,4257.9,4244.4,4257.7,3690,33.0,1.0,39231.0,GC
2025-10-17 18:30:00+00:00,4258.0,4258.1,4247.4,4248.0,2739,33.0,1.0,39231.0,GC
2025-10-17 18:45:00+00:00,4248.1,4256.4,4245.7,4249.6,2472,33.0,1.0,39231.0,GC
2025-10-17 19:00:00+00:00,4249.8,4252.0,4235.9,4237.8,2885,33.0,1.0,39231.0,GC
2025-10-17 19:15:00+00:00,4238.1,4239.1,4225.0,4230.0,4843,33.0,1.0,39231.0,GC
2025-10-17 19:30:00+00:00,4230.3,4242.9,4230.3,4236.1,2538,33.0,1.0,39231.0,GC
2025-10-17 19:45:00+00:00,4236.1,4247.3,4233.1,4240.3,3195,33.0,1.0,39231.0,GC
2025-10-17 20:00:00+00:00,4241.7,4249.9,4234.4,4246.9,2302,33.0,1.0,39231.0,GC
2025-10-17 20:15:00+00:00,4246.7,4261.0,4245.6,4260.7,2148,33.0,1.0,39231.0,GC
2025-10-17 20:30:00+00:00,4260.6,4264.0,4257.1,4262.9,1268,33.0,1.0,39231.0,GC
2025-10-17 20:45:00+00:00,4262.2,4268.0,4258.6,4267.9,1314,33.0,1.0,39231.0,GC
2025-10-19 22:00:00+00:00,4269.0,4289.9,4253.2,4274.3,5378,33.0,1.0,39231.0,GC
2025-10-19 22:15:00+00:00,4274.1,4282.8,4269.3,4274.9,1923,33.0,1.0,39231.0,GC
2025-10-19 22:30:00+00:00,4274.0,4274.9,4259.0,4271.0,1990,33.0,1.0,39231.0,GC
2025-10-19 22:45:00+00:00,4270.6,4276.0,4267.2,4269.7,1153,33.0,1.0,39231.0,GC
2025-10-19 23:00:00+00:00,4269.7,4270.4,4255.3,4257.5,1398,33.0,1.0,39231.0,GC
2025-10-19 23:15:00+00:00,4256.8,4262.8,4252.0,4260.6,1434,33.0,1.0,39231.0,GC
2025-10-19 23:30:00+00:00,4260.9,4261.3,4256.5,4259.2,726,33.0,1.0,39231.0,GC
2025-10-19 23:45:00+00:00,4258.6,4259.4,4243.3,4250.0,2256,33.0,1.0,39231.0,GC
2025-10-20 00:00:00+00:00,4249.4,4254.0,4235.5,4236.7,2613,33.0,1.0,39231.0,GC
2025-10-20 00:15:00+00:00,4236.8,4247.6,4229.7,4233.9,3721,33.0,1.0,39231.0,GC
2025-10-20 00:30:00+00:00,4233.9,4256.0,4231.4,4252.7,3323,33.0,1.0,39231.0,GC
2025-10-20 00:45:00+00:00,4252.6,4262.4,4250.4,4260.8,2367,33.0,1.0,39231.0,GC
2025-10-20 01:00:00+00:00,4260.5,4268.0,4240.7,4267.0,5715,33.0,1.0,39231.0,GC
2025-10-20 01:15:00+00:00,4266.9,4275.8,4259.6,4274.1,3512,33.0,1.0,39231.0,GC
2025-10-20 01:30:00+00:00,4274.0,4277.8,4266.6,4277.5,3013,33.0,1.0,39231.0,GC
2025-10-20 01:45:00+00:00,4277.5,4281.0,4270.2,4274.3,2271,33.0,1.0,39231.0,GC
2025-10-20 02:00:00+00:00,4274.7,4277.3,4269.6,4274.1,1721,33.0,1.0,39231.0,GC
2025-10-20 02:15:00+00:00,4273.9,4279.0,4270.8,4278.5,1192,33.0,1.0,39231.0,GC
2025-10-20 02:30:00+00:00,4278.3,4283.0,4271.7,4272.4,2870,33.0,1.0,39231.0,GC
2025-10-20 02:45:00+00:00,4271.9,4273.7,4264.2,4266.8,1890,33.0,1.0,39231.0,GC
2025-10-20 03:00:00+00:00,4266.8,4271.9,4263.5,4265.8,2075,33.0,1.0,39231.0,GC
2025-10-20 03:15:00+00:00,4265.9,4275.3,4264.2,4267.4,1993,33.0,1.0,39231.0,GC
2025-10-20 03:30:00+00:00,4267.7,4269.9,4261.0,4267.4,1655,33.0,1.0,39231.0,GC
2025-10-20 03:45:00+00:00,4267.2,4278.5,4266.7,4277.6,1436,33.0,1.0,39231.0,GC
2025-10-20 04:00:00+00:00,4278.0,4280.5,4273.5,4275.0,1400,33.0,1.0,39231.0,GC
2025-10-20 04:15:00+00:00,4274.9,4277.8,4273.3,4277.3,745,33.0,1.0,39231.0,GC
2025-10-20 04:30:00+00:00,4277.5,4281.5,4275.0,4279.7,935,33.0,1.0,39231.0,GC
2025-10-20 04:45:00+00:00,4279.7,4281.0,4277.8,4279.8,546,33.0,1.0,39231.0,GC
2025-10-20 05:00:00+00:00,4279.3,4279.6,4270.8,4273.9,1419,33.0,1.0,39231.0,GC
2025-10-20 05:15:00+00:00,4273.8,4275.7,4258.8,4269.0,2822,33.0,1.0,39231.0,GC
2025-10-20 05:30:00+00:00,4268.7,4272.2,4261.7,4266.6,2191,33.0,1.0,39231.0,GC
2025-10-20 05:45:00+00:00,4266.9,4267.4,4251.4,4251.9,2997,33.0,1.0,39231.0,GC
2025-10-20 06:00:00+00:00,4252.3,4257.3,4242.9,4256.2,4848,33.0,1.0,39231.0,GC
2025-10-20 06:15:00+00:00,4256.4,4258.6,4238.7,4239.2,3514,33.0,1.0,39231.0,GC
2025-10-20 06:30:00+00:00,4239.7,4253.4,4233.6,4246.9,4000,33.0,1.0,39231.0,GC
2025-10-20 06:45:00+00:00,4246.6,4250.7,4243.0,4249.2,2048,33.0,1.0,39231.0,GC
2025-10-20 07:00:00+00:00,4249.0,4272.8,4247.5,4268.1,3705,33.0,1.0,39231.0,GC
2025-10-20 07:15:00+00:00,4268.1,4274.4,4266.8,4266.9,2749,33.0,1.0,39231.0,GC
2025-10-20 07:30:00+00:00,4267.5,4274.8,4264.4,4273.2,2014,33.0,1.0,39231.0,GC
2025-10-20 07:45:00+00:00,4273.0,4274.8,4268.0,4269.3,1747,33.0,1.0,39231.0,GC
2025-10-20 08:00:00+00:00,4269.1,4277.7,4268.2,4275.3,2577,33.0,1.0,39231.0,GC
2025-10-20 08:15:00+00:00,4275.1,4276.6,4271.2,4275.2,1271,33.0,1.0,39231.0,GC
2025-10-20 08:30:00+00:00,4274.8,4280.7,4271.2,4273.4,2359,33.0,1.0,39231.0,GC
2025-10-20 08:45:00+00:00,4273.6,4274.2,4266.3,4273.4,1547,33.0,1.0,39231.0,GC
2025-10-20 09:00:00+00:00,4273.3,4275.0,4266.5,4267.0,1341,33.0,1.0,39231.0,GC
2025-10-20 09:15:00+00:00,4267.1,4269.6,4264.4,4267.0,1568,33.0,1.0,39231.0,GC
2025-10-20 09:30:00+00:00,4266.9,4273.0,4265.8,4272.5,2125,33.0,1.0,39231.0,GC
2025-10-20 09:45:00+00:00,4272.4,4278.5,4271.7,4275.4,1630,33.0,1.0,39231.0,GC
2025-10-20 10:00:00+00:00,4275.4,4275.5,4259.5,4268.1,2959,33.0,1.0,39231.0,GC
2025-10-20 10:15:00+00:00,4267.9,4273.4,4266.6,4270.8,2019,33.0,1.0,39231.0,GC
2025-10-20 10:30:00+00:00,4270.5,4274.4,4265.8,4272.4,1692,33.0,1.0,39231.0,GC
2025-10-20 10:45:00+00:00,4272.2,4275.3,4269.4,4269.9,1699,33.0,1.0,39231.0,GC
2025-10-20 11:00:00+00:00,4269.5,4273.2,4265.7,4270.4,1840,33.0,1.0,39231.0,GC
2025-10-20 11:15:00+00:00,4270.1,4279.5,4270.1,4278.4,2125,33.0,1.0,39231.0,GC
2025-10-20 11:30:00+00:00,4278.3,4281.4,4275.3,4279.7,2333,33.0,1.0,39231.0,GC
2025-10-20 11:45:00+00:00,4279.7,4295.3,4279.2,4294.8,3929,33.0,1.0,39231.0,GC
2025-10-20 12:00:00+00:00,4294.6,4299.6,4287.6,4296.8,5316,33.0,1.0,39231.0,GC
2025-10-20 12:15:00+00:00,4296.7,4316.9,4294.5,4310.3,10756,33.0,1.0,39231.0,GC
2025-10-20 12:30:00+00:00,4310.3,4341.4,4308.2,4336.9,11860,33.0,1.0,39231.0,GC
2025-10-20 12:45:00+00:00,4337.0,4344.7,4329.2,4340.9,7833,33.0,1.0,39231.0,GC
2025-10-20 13:00:00+00:00,4340.9,4342.8,4330.4,4336.5,8294,33.0,1.0,39231.0,GC
2025-10-20 13:15:00+00:00,4336.8,4340.2,4332.5,4337.0,4883,33.0,1.0,39231.0,GC
2025-10-20 13:30:00+00:00,4336.8,4338.1,4319.1,4325.1,11641,33.0,1.0,39231.0,GC
2025-10-20 13:45:00+00:00,4324.9,4334.6,4315.4,4317.1,7131,33.0,1.0,39231.0,GC
2025-10-20 14:00:00+00:00,4316.8,4333.3,4308.3,4332.9,10449,33.0,1.0,39231.0,GC
2025-10-20 14:15:00+00:00,4332.9,4351.0,4332.6,4342.6,10810,33.0,1.0,39231.0,GC
2025-10-20 14:30:00+00:00,4342.5,4346.9,4332.8,4342.0,6848,33.0,1.0,39231.0,GC
2025-10-20 14:45:00+00:00,4341.8,4351.2,4340.7,4348.7,5305,33.0,1.0,39231.0,GC
2025-10-20 15:00:00+00:00,4348.7,4363.8,4348.7,4362.0,6514,33.0,1.0,39231.0,GC
2025-10-20 15:15:00+00:00,4362.1,4372.3,4357.3,4361.6,8427,33.0,1.0,39231.0,GC
2025-10-20 15:30:00+00:00,4361.8,4366.6,4359.5,4365.8,4414,33.0,1.0,39231.0,GC
2025-10-20 15:45:00+00:00,4365.7,4368.1,4363.1,4366.0,3942,33.0,1.0,39231.0,GC
2025-10-20 16:00:00+00:00,4366.0,4367.7,4358.9,4362.7,4130,33.0,1.0,39231.0,GC
2025-10-20 16:15:00+00:00,4363.0,4367.2,4360.1,4361.7,2694,33.0,1.0,39231.0,GC
2025-10-20 16:30:00+00:00,4361.5,4365.6,4360.0,4363.0,2503,33.0,1.0,39231.0,GC
2025-10-20 16:45:00+00:00,4363.2,4367.2,4360.5,4365.2,2576,33.0,1.0,39231.0,GC
2025-10-20 17:00:00+00:00,4365.4,4368.9,4363.6,4363.9,2414,33.0,1.0,39231.0,GC
2025-10-20 17:15:00+00:00,4364.0,4367.9,4357.3,4359.1,5740,33.0,1.0,39231.0,GC
2025-10-20 17:30:00+00:00,4359.0,4364.2,4354.4,4362.4,3850,33.0,1.0,39231.0,GC
2025-10-20 17:45:00+00:00,4362.6,4366.9,4362.6,4365.7,2035,33.0,1.0,39231.0,GC
2025-10-20 18:00:00+00:00,4365.8,4366.8,4362.1,4364.6,1119,33.0,1.0,39231.0,GC
2025-10-20 18:15:00+00:00,4364.9,4376.0,4363.4,4375.4,3380,33.0,1.0,39231.0,GC
2025-10-20 18:30:00+00:00,4375.6,4382.3,4372.8,4377.1,5182,33.0,1.0,39231.0,GC
2025-10-20 18:45:00+00:00,4377.2,4379.9,4374.4,4376.3,3238,33.0,1.0,39231.0,GC
2025-10-20 19:00:00+00:00,4376.4,4384.4,4376.1,4383.4,2663,33.0,1.0,39231.0,GC
2025-10-20 19:15:00+00:00,4383.4,4384.6,4381.4,4384.3,3872,33.0,1.0,39231.0,GC
2025-10-20 19:30:00+00:00,4384.4,4386.5,4381.5,4386.3,2839,33.0,1.0,39231.0,GC
2025-10-20 19:45:00+00:00,4386.4,4398.0,4385.8,4394.3,6319,33.0,1.0,39231.0,GC
2025-10-20 20:00:00+00:00,4394.4,4396.5,4372.8,4377.7,6440,33.0,1.0,39231.0,GC
2025-10-20 20:15:00+00:00,4377.7,4379.2,4363.7,4372.3,4023,33.0,1.0,39231.0,GC
2025-10-20 20:30:00+00:00,4372.3,4377.1,4364.5,4375.1,2205,33.0,1.0,39231.0,GC
2025-10-20 20:45:00+00:00,4375.2,4377.3,4371.9,4374.3,988,33.0,1.0,39231.0,GC
2025-10-20 22:00:00+00:00,4371.0,4388.6,4370.2,4379.3,3313,33.0,1.0,39231.0,GC
2025-10-20 22:15:00+00:00,4379.7,4393.6,4379.4,4389.0,2697,33.0,1.0,39231.0,GC
2025-10-20 22:30:00+00:00,4389.2,4389.3,4375.1,4376.8,2026,33.0,1.0,39231.0,GC
2025-10-20 22:45:00+00:00,4376.7,4388.4,4375.1,4385.3,1776,33.0,1.0,39231.0,GC
2025-10-20 23:00:00+00:00,4385.5,4389.7,4383.5,4385.3,1510,33.0,1.0,39231.0,GC
2025-10-20 23:15:00+00:00,4385.3,4386.1,4377.5,4380.5,1271,33.0,1.0,39231.0,GC
2025-10-20 23:30:00+00:00,4380.2,4380.9,4375.4,4379.1,1269,33.0,1.0,39231.0,GC
2025-10-20 23:45:00+00:00,4379.1,4380.1,4373.0,4377.3,1994,33.0,1.0,39231.0,GC
2025-10-21 00:00:00+00:00,4377.4,4381.3,4372.4,4376.1,2311,33.0,1.0,39231.0,GC
2025-10-21 00:15:00+00:00,4375.9,4386.8,4372.1,4385.4,3079,33.0,1.0,39231.0,GC
2025-10-21 00:30:00+00:00,4385.1,4387.5,4383.0,4386.6,1702,33.0,1.0,39231.0,GC
2025-10-21 00:45:00+00:00,4386.3,4387.9,4380.2,4386.0,2954,33.0,1.0,39231.0,GC
2025-10-21 01:00:00+00:00,4385.9,4390.0,4374.4,4375.4,4053,33.0,1.0,39231.0,GC
2025-10-21 01:15:00+00:00,4375.8,4377.9,4365.0,4366.0,4025,33.0,1.0,39231.0,GC
2025-10-21 01:30:00+00:00,4366.2,4367.6,4348.4,4363.4,6714,33.0,1.0,39231.0,GC
2025-10-21 01:45:00+00:00,4363.2,4368.3,4355.9,4367.7,3145,33.0,1.0,39231.0,GC
2025-10-21 02:00:00+00:00,4368.1,4368.1,4357.2,4362.0,2635,33.0,1.0,39231.0,GC
2025-10-21 02:15:00+00:00,4362.3,4372.9,4360.1,4367.2,2492,33.0,1.0,39231.0,GC
2025-10-21 02:30:00+00:00,4367.0,4367.8,4351.8,4356.0,3369,33.0,1.0,39231.0,GC
2025-10-21 02:45:00+00:00,4356.0,4361.3,4351.3,4354.9,2822,33.0,1.0,39231.0,GC
2025-10-21 03:00:00+00:00,4354.8,4363.2,4353.7,4358.4,1799,33.0,1.0,39231.0,GC
2025-10-21 03:15:00+00:00,4358.6,4366.4,4355.8,4365.5,2119,33.0,1.0,39231.0,GC
2025-10-21 03:30:00+00:00,4365.5,4367.3,4363.1,4363.8,980,33.0,1.0,39231.0,GC
2025-10-21 03:45:00+00:00,4363.8,4365.1,4359.0,4362.6,1147,33.0,1.0,39231.0,GC
2025-10-21 04:00:00+00:00,4362.8,4362.8,4359.0,4359.7,812,33.0,1.0,39231.0,GC
2025-10-21 04:15:00+00:00,4359.9,4361.9,4358.1,4359.0,996,33.0,1.0,39231.0,GC
2025-10-21 04:30:00+00:00,4358.8,4359.6,4355.1,4355.6,876,33.0,1.0,39231.0,GC
2025-10-21 04:45:00+00:00,4355.7,4360.9,4352.5,4358.4,1157,33.0,1.0,39231.0,GC
2025-10-21 05:00:00+00:00,4358.3,4360.7,4347.0,4350.8,2734,33.0,1.0,39231.0,GC
2025-10-21 05:15:00+00:00,4350.8,4351.9,4345.4,4349.1,2195,33.0,1.0,39231.0,GC
2025-10-21 05:30:00+00:00,4348.9,4349.1,4332.6,4339.1,6003,33.0,1.0,39231.0,GC
2025-10-21 05:45:00+00:00,4339.2,4346.0,4338.0,4339.5,2429,33.0,1.0,39231.0,GC
2025-10-21 06:00:00+00:00,4338.6,4347.1,4333.0,4345.6,3463,33.0,1.0,39231.0,GC
2025-10-21 06:15:00+00:00,4345.7,4347.1,4339.1,4340.2,2126,33.0,1.0,39231.0,GC
2025-10-21 06:30:00+00:00,4340.1,4354.2,4338.2,4353.6,2209,33.0,1.0,39231.0,GC
2025-10-21 06:45:00+00:00,4353.9,4359.6,4351.0,4358.6,3388,33.0,1.0,39231.0,GC
2025-10-21 07:00:00+00:00,4358.5,4358.6,4345.9,4346.9,3098,33.0,1.0,39231.0,GC
2025-10-21 07:15:00+00:00,4347.0,4350.3,4337.6,4340.6,2481,33.0,1.0,39231.0,GC
2025-10-21 07:30:00+00:00,4340.2,4340.4,4308.5,4315.4,10184,33.0,1.0,39231.0,GC
2025-10-21 07:45:00+00:00,4315.7,4322.5,4311.5,4312.8,5853,33.0,1.0,39231.0,GC
2025-10-21 08:00:00+00:00,4312.6,4316.3,4257.7,4258.6,16813,33.0,1.0,39231.0,GC
2025-10-21 08:15:00+00:00,4258.2,4284.4,4258.2,4280.8,9009,33.0,1.0,39231.0,GC
2025-10-21 08:30:00+00:00,4280.8,4286.3,4276.6,4285.5,5393,33.0,1.0,39231.0,GC
2025-10-21 08:45:00+00:00,4285.5,4287.8,4280.8,4287.6,3604,33.0,1.0,39231.0,GC
2025-10-21 09:00:00+00:00,4287.3,4291.4,4267.9,4271.8,5576,33.0,1.0,39231.0,GC
2025-10-21 09:15:00+00:00,4271.3,4285.7,4270.9,4284.0,4031,33.0,1.0,39231.0,GC
2025-10-21 09:30:00+00:00,4284.2,4289.5,4279.1,4283.3,4072,33.0,1.0,39231.0,GC
2025-10-21 09:45:00+00:00,4283.2,4286.4,4276.0,4278.6,2995,33.0,1.0,39231.0,GC
2025-10-21 10:00:00+00:00,4278.9,4279.9,4268.9,4273.4,2660,33.0,1.0,39231.0,GC
2025-10-21 10:15:00+00:00,4273.5,4280.7,4262.5,4278.7,4809,33.0,1.0,39231.0,GC
2025-10-21 10:30:00+00:00,4278.8,4278.8,4269.3,4274.4,2251,33.0,1.0,39231.0,GC
2025-10-21 10:45:00+00:00,4274.5,4275.8,4267.7,4268.2,3103,33.0,1.0,39231.0,GC
2025-10-21 11:00:00+00:00,4268.0,4283.1,4266.4,4282.0,2265,33.0,1.0,39231.0,GC
2025-10-21 11:15:00+00:00,4282.0,4286.8,4271.0,4280.4,3241,33.0,1.0,39231.0,GC
2025-10-21 11:30:00+00:00,4280.5,4280.9,4268.1,4269.5,2759,33.0,1.0,39231.0,GC
2025-10-21 11:45:00+00:00,4269.2,4274.9,4258.9,4266.8,4364,33.0,1.0,39231.0,GC
2025-10-21 12:00:00+00:00,4266.8,4270.9,4226.1,4237.5,11484,33.0,1.0,39231.0,GC
2025-10-21 12:15:00+00:00,4237.4,4246.5,4231.7,4241.3,10092,33.0,1.0,39231.0,GC
2025-10-21 12:30:00+00:00,4240.9,4242.9,4228.3,4230.8,8260,33.0,1.0,39231.0,GC
2025-10-21 12:45:00+00:00,4230.5,4235.1,4217.2,4223.4,10277,33.0,1.0,39231.0,GC
2025-10-21 13:00:00+00:00,4223.5,4223.5,4201.7,4209.6,14297,33.0,1.0,39231.0,GC
2025-10-21 13:15:00+00:00,4209.6,4222.5,4207.5,4214.0,7845,33.0,1.0,39231.0,GC
2025-10-21 13:30:00+00:00,4213.8,4238.9,4204.1,4218.2,16053,33.0,1.0,39231.0,GC
2025-10-21 13:45:00+00:00,4218.5,4222.3,4179.1,4185.3,22516,33.0,1.0,39231.0,GC
2025-10-21 14:00:00+00:00,4185.9,4202.5,4176.4,4195.4,16968,33.0,1.0,39231.0,GC
2025-10-21 14:15:00+00:00,4195.0,4195.5,4142.0,4149.9,19722,33.0,1.0,39231.0,GC
2025-10-21 14:30:00+00:00,4149.9,4150.0,4110.3,4114.5,23465,33.0,1.0,39231.0,GC
2025-10-21 14:45:00+00:00,4114.9,4155.0,4093.0,4152.1,25917,33.0,1.0,39231.0,GC
2025-10-21 15:00:00+00:00,4152.0,4164.2,4135.3,4153.2,14827,33.0,1.0,39231.0,GC
2025-10-21 15:15:00+00:00,4153.4,4155.0,4131.3,4136.8,10586,33.0,1.0,39231.0,GC
2025-10-21 15:30:00+00:00,4136.9,4156.0,4135.1,4155.1,7374,33.0,1.0,39231.0,GC
2025-10-21 15:45:00+00:00,4155.3,4160.5,4145.2,4150.6,7758,33.0,1.0,39231.0,GC
2025-10-21 16:00:00+00:00,4150.5,4156.7,4137.0,4145.9,6691,33.0,1.0,39231.0,GC
2025-10-21 16:15:00+00:00,4146.3,4146.8,4126.2,4129.4,6928,33.0,1.0,39231.0,GC
2025-10-21 16:30:00+00:00,4129.4,4133.2,4112.0,4126.2,8935,33.0,1.0,39231.0,GC
2025-10-21 16:45:00+00:00,4126.1,4138.6,4120.1,4124.8,7307,33.0,1.0,39231.0,GC
2025-10-21 17:00:00+00:00,4125.2,4131.7,4112.5,4126.6,8189,33.0,1.0,39231.0,GC
2025-10-21 17:15:00+00:00,4126.9,4131.7,4105.0,4110.7,10351,33.0,1.0,39231.0,GC
2025-10-21 17:30:00+00:00,4110.6,4131.0,4108.3,4129.4,6602,33.0,1.0,39231.0,GC
2025-10-21 17:45:00+00:00,4129.2,4133.6,4121.1,4124.2,4018,33.0,1.0,39231.0,GC
2025-10-21 18:00:00+00:00,4124.0,4137.9,4123.5,4131.8,3578,33.0,1.0,39231.0,GC
2025-10-21 18:15:00+00:00,4132.1,4133.0,4124.8,4129.5,2573,33.0,1.0,39231.0,GC
2025-10-21 18:30:00+00:00,4129.6,4139.5,4126.1,4126.7,3435,33.0,1.0,39231.0,GC
2025-10-21 18:45:00+00:00,4126.6,4128.7,4118.8,4128.2,3508,33.0,1.0,39231.0,GC
2025-10-21 19:00:00+00:00,4128.4,4135.9,4119.2,4123.7,3418,33.0,1.0,39231.0,GC
2025-10-21 19:15:00+00:00,4123.7,4124.3,4112.4,4117.2,4093,33.0,1.0,39231.0,GC
2025-10-21 19:30:00+00:00,4116.8,4125.9,4114.3,4124.1,4286,33.0,1.0,39231.0,GC
2025-10-21 19:45:00+00:00,4124.3,4126.9,4116.1,4124.2,3833,33.0,1.0,39231.0,GC
2025-10-21 20:00:00+00:00,4124.5,4136.5,4121.0,4135.1,3324,33.0,1.0,39231.0,GC
2025-10-21 20:15:00+00:00,4135.1,4139.3,4132.6,4137.1,1988,33.0,1.0,39231.0,GC
2025-10-21 20:30:00+00:00,4136.8,4145.5,4135.0,4142.8,1876,33.0,1.0,39231.0,GC
2025-10-21 20:45:00+00:00,4142.9,4145.0,4138.1,4138.5,1368,33.0,1.0,39231.0,GC
2025-10-21 22:00:00+00:00,4137.0,4146.7,4126.6,4131.4,2033,33.0,1.0,39231.0,GC
2025-10-21 22:15:00+00:00,4131.9,4140.0,4130.2,4138.1,1034,33.0,1.0,39231.0,GC
2025-10-21 22:30:00+00:00,4137.6,4142.5,4133.7,4138.4,1007,33.0,1.0,39231.0,GC
2025-10-21 22:45:00+00:00,4138.5,4141.7,4133.7,4136.2,776,33.0,1.0,39231.0,GC
2025-10-21 23:00:00+00:00,4136.1,4139.0,4129.0,4129.8,1376,33.0,1.0,39231.0,GC
2025-10-21 23:15:00+00:00,4129.3,4139.9,4126.5,4136.0,1414,33.0,1.0,39231.0,GC
2025-10-21 23:30:00+00:00,4137.0,4140.7,4135.7,4137.0,1071,33.0,1.0,39231.0,GC
2025-10-21 23:45:00+00:00,4137.0,4137.0,4103.4,4106.7,4836,33.0,1.0,39231.0,GC
2025-10-22 00:00:00+00:00,4106.8,4107.6,4021.2,4053.5,20002,33.0,1.0,39231.0,GC
2025-10-22 00:15:00+00:00,4054.5,4075.1,4044.9,4064.0,8874,33.0,1.0,39231.0,GC
2025-10-22 00:30:00+00:00,4062.8,4097.0,4055.0,4088.3,7540,33.0,1.0,39231.0,GC
2025-10-22 00:45:00+00:00,4089.3,4104.9,4075.3,4088.6,5633,33.0,1.0,39231.0,GC
2025-10-22 01:00:00+00:00,4088.5,4133.0,4077.2,4130.6,10618,33.0,1.0,39231.0,GC
2025-10-22 01:15:00+00:00,4129.5,4133.8,4109.5,4116.8,5146,33.0,1.0,39231.0,GC
2025-10-22 01:30:00+00:00,4117.0,4123.4,4095.8,4110.9,4545,33.0,1.0,39231.0,GC
2025-10-22 01:45:00+00:00,4111.0,4119.7,4096.2,4100.5,3817,33.0,1.0,39231.0,GC
2025-10-22 02:00:00+00:00,4100.7,4131.8,4100.6,4128.8,3506,33.0,1.0,39231.0,GC
2025-10-22 02:15:00+00:00,4128.9,4129.5,4121.7,4124.7,2423,33.0,1.0,39231.0,GC
2025-10-22 02:30:00+00:00,4124.2,4129.4,4117.6,4126.7,1979,33.0,1.0,39231.0,GC
2025-10-22 02:45:00+00:00,4127.0,4130.8,4125.4,4128.9,1066,33.0,1.0,39231.0,GC
2025-10-22 03:00:00+00:00,4129.1,4129.7,4120.4,4126.5,1644,33.0,1.0,39231.0,GC
2025-10-22 03:15:00+00:00,4125.9,4136.6,4123.8,4130.4,1914,33.0,1.0,39231.0,GC
2025-10-22 03:30:00+00:00,4130.4,4154.9,4129.9,4152.9,4571,33.0,1.0,39231.0,GC
2025-10-22 03:45:00+00:00,4152.9,4157.9,4142.6,4142.9,3184,33.0,1.0,39231.0,GC
2025-10-22 04:00:00+00:00,4142.8,4148.0,4121.9,4138.2,3346,33.0,1.0,39231.0,GC
2025-10-22 04:15:00+00:00,4138.4,4145.0,4136.9,4143.0,1558,33.0,1.0,39231.0,GC
2025-10-22 04:30:00+00:00,4143.0,4147.4,4140.5,4142.1,1239,33.0,1.0,39231.0,GC
2025-10-22 04:45:00+00:00,4142.4,4145.9,4132.3,4141.9,1592,33.0,1.0,39231.0,GC
2025-10-22 05:00:00+00:00,4142.4,4155.5,4140.2,4155.3,1885,33.0,1.0,39231.0,GC
2025-10-22 05:15:00+00:00,4155.0,4160.8,4151.5,4154.4,2225,33.0,1.0,39231.0,GC
2025-10-22 05:30:00+00:00,4153.8,4154.9,4145.4,4151.6,2269,33.0,1.0,39231.0,GC
2025-10-22 05:45:00+00:00,4152.0,4158.8,4145.2,4148.7,2110,33.0,1.0,39231.0,GC
2025-10-22 06:00:00+00:00,4148.8,4152.1,4141.0,4150.3,2674,33.0,1.0,39231.0,GC
2025-10-22 06:15:00+00:00,4150.2,4157.0,4148.4,4154.9,1661,33.0,1.0,39231.0,GC
2025-10-22 06:30:00+00:00,4154.6,4173.3,4154.3,4172.8,3724,33.0,1.0,39231.0,GC
2025-10-22 06:45:00+00:00,4173.0,4175.0,4165.5,4169.1,3849,33.0,1.0,39231.0,GC
2025-10-22 07:00:00+00:00,4169.3,4169.7,4142.4,4151.4,5949,33.0,1.0,39231.0,GC
2025-10-22 07:15:00+00:00,4151.2,4158.1,4149.5,4155.0,2255,33.0,1.0,39231.0,GC
2025-10-22 07:30:00+00:00,4154.6,4157.3,4148.5,4150.1,1878,33.0,1.0,39231.0,GC
2025-10-22 07:45:00+00:00,4150.4,4161.7,4143.8,4146.3,2995,33.0,1.0,39231.0,GC
2025-10-22 08:00:00+00:00,4146.2,4149.5,4097.6,4102.1,10051,33.0,1.0,39231.0,GC
2025-10-22 08:15:00+00:00,4102.3,4130.1,4074.0,4117.3,11528,33.0,1.0,39231.0,GC
2025-10-22 08:30:00+00:00,4116.8,4124.7,4098.3,4101.3,5601,33.0,1.0,39231.0,GC
2025-10-22 08:45:00+00:00,4101.0,4108.9,4083.0,4083.5,5097,33.0,1.0,39231.0,GC
2025-10-22 09:00:00+00:00,4083.7,4116.5,4083.2,4089.0,6023,33.0,1.0,39231.0,GC
2025-10-22 09:15:00+00:00,4088.9,4093.8,4077.7,4090.0,3735,33.0,1.0,39231.0,GC
2025-10-22 09:30:00+00:00,4089.6,4096.9,4077.1,4078.0,4479,33.0,1.0,39231.0,GC
2025-10-22 09:45:00+00:00,4077.4,4087.5,4076.3,4084.0,2978,33.0,1.0,39231.0,GC
2025-10-22 10:00:00+00:00,4083.9,4093.3,4077.5,4090.4,2712,33.0,1.0,39231.0,GC
2025-10-22 10:15:00+00:00,4090.4,4100.3,4085.3,4100.3,2906,33.0,1.0,39231.0,GC
2025-10-22 10:30:00+00:00,4099.5,4106.2,4059.1,4069.0,6643,33.0,1.0,39231.0,GC
2025-10-22 10:45:00+00:00,4067.8,4076.0,4035.0,4049.5,7127,33.0,1.0,39231.0,GC
2025-10-22 11:00:00+00:00,4049.4,4056.4,4029.1,4047.5,7344,33.0,1.0,39231.0,GC
2025-10-22 11:15:00+00:00,4047.8,4060.7,4033.0,4036.4,4676,33.0,1.0,39231.0,GC
2025-10-22 11:30:00+00:00,4036.3,4046.6,4029.5,4036.9,5222,33.0,1.0,39231.0,GC
2025-10-22 11:45:00+00:00,4037.4,4049.0,4029.7,4042.7,4779,33.0,1.0,39231.0,GC
2025-10-22 12:00:00+00:00,4042.5,4060.0,4040.6,4050.6,4949,33.0,1.0,39231.0,GC
2025-10-22 12:15:00+00:00,4050.5,4061.5,4042.1,4060.3,5631,33.0,1.0,39231.0,GC
2025-10-22 12:30:00+00:00,4059.9,4065.9,4056.7,4060.6,6611,33.0,1.0,39231.0,GC
2025-10-22 12:45:00+00:00,4060.7,4069.3,4038.0,4048.9,9793,33.0,1.0,39231.0,GC
2025-10-22 13:00:00+00:00,4048.9,4084.7,4048.8,4080.2,12369,33.0,1.0,39231.0,GC
2025-10-22 13:15:00+00:00,4080.3,4084.2,4066.4,4067.5,6535,33.0,1.0,39231.0,GC
2025-10-22 13:30:00+00:00,4067.0,4101.0,4062.4,4086.3,14119,33.0,1.0,39231.0,GC
2025-10-22 13:45:00+00:00,4086.4,4095.8,4078.5,4090.7,7555,33.0,1.0,39231.0,GC
2025-10-22 14:00:00+00:00,4090.6,4093.6,4071.4,4080.3,9212,33.0,1.0,39231.0,GC
2025-10-22 14:15:00+00:00,4080.5,4088.9,4062.6,4072.0,7284,33.0,1.0,39231.0,GC
2025-10-22 14:30:00+00:00,4072.3,4074.5,4039.5,4046.1,8587,33.0,1.0,39231.0,GC
2025-10-22 14:45:00+00:00,4045.6,4046.6,4025.1,4030.8,14211,33.0,1.0,39231.0,GC
2025-10-22 15:00:00+00:00,4030.7,4060.9,4030.5,4055.3,10446,33.0,1.0,39231.0,GC
2025-10-22 15:15:00+00:00,4055.5,4064.2,4044.4,4045.5,6737,33.0,1.0,39231.0,GC
2025-10-22 15:30:00+00:00,4046.0,4058.0,4039.3,4051.3,5953,33.0,1.0,39231.0,GC
2025-10-22 15:45:00+00:00,4051.4,4063.3,4050.3,4053.1,3836,33.0,1.0,39231.0,GC
2025-10-22 16:00:00+00:00,4053.5,4053.7,4039.4,4046.7,3897,33.0,1.0,39231.0,GC
2025-10-22 16:15:00+00:00,4046.6,4062.2,4045.5,4059.8,4122,33.0,1.0,39231.0,GC
2025-10-22 16:30:00+00:00,4060.1,4081.0,4053.3,4066.7,8836,33.0,1.0,39231.0,GC
2025-10-22 16:45:00+00:00,4066.8,4080.9,4060.3,4075.5,5039,33.0,1.0,39231.0,GC
2025-10-22 17:00:00+00:00,4074.7,4075.4,4058.8,4071.8,5404,33.0,1.0,39231.0,GC
2025-10-22 17:15:00+00:00,4072.0,4075.3,4062.6,4065.7,6483,33.0,1.0,39231.0,GC
2025-10-22 17:30:00+00:00,4066.1,4077.1,4060.5,4071.3,4940,33.0,1.0,39231.0,GC
2025-10-22 17:45:00+00:00,4071.5,4087.7,4070.8,4086.3,5258,33.0,1.0,39231.0,GC
2025-10-22 18:00:00+00:00,4086.5,4092.5,4083.0,4092.3,4175,33.0,1.0,39231.0,GC
2025-10-22 18:15:00+00:00,4092.6,4095.9,4085.1,4090.4,3174,33.0,1.0,39231.0,GC
2025-10-22 18:30:00+00:00,4090.6,4098.9,4090.6,4093.3,2274,33.0,1.0,39231.0,GC
2025-10-22 18:45:00+00:00,4093.2,4096.8,4091.5,4094.0,1769,33.0,1.0,39231.0,GC
2025-10-22 19:00:00+00:00,4094.2,4112.0,4093.8,4111.0,4564,33.0,1.0,39231.0,GC
2025-10-22 19:15:00+00:00,4110.7,4123.1,4106.6,4123.1,4776,33.0,1.0,39231.0,GC
2025-10-22 19:30:00+00:00,4122.8,4131.4,4119.5,4120.8,5206,33.0,1.0,39231.0,GC
2025-10-22 19:45:00+00:00,4121.0,4126.7,4117.0,4120.0,4265,33.0,1.0,39231.0,GC
2025-10-22 20:00:00+00:00,4120.4,4123.4,4116.3,4123.0,1946,33.0,1.0,39231.0,GC
2025-10-22 20:15:00+00:00,4123.2,4125.6,4106.4,4110.1,2800,33.0,1.0,39231.0,GC
2025-10-22 20:30:00+00:00,4110.3,4122.0,4109.9,4120.1,1352,33.0,1.0,39231.0,GC
2025-10-22 20:45:00+00:00,4120.0,4121.6,4115.2,4116.6,693,33.0,1.0,39231.0,GC
2025-10-22 22:00:00+00:00,4114.8,4133.6,4109.8,4116.2,1893,33.0,1.0,39231.0,GC
2025-10-22 22:15:00+00:00,4116.4,4127.6,4115.9,4120.5,1217,33.0,1.0,39231.0,GC
2025-10-22 22:30:00+00:00,4119.4,4120.6,4108.8,4114.9,1469,33.0,1.0,39231.0,GC
2025-10-22 22:45:00+00:00,4114.7,4123.0,4111.5,4119.2,832,33.0,1.0,39231.0,GC
2025-10-22 23:00:00+00:00,4119.2,4122.3,4101.2,4107.4,1742,33.0,1.0,39231.0,GC
2025-10-22 23:15:00+00:00,4108.0,4108.9,4096.4,4102.9,1641,33.0,1.0,39231.0,GC
2025-10-22 23:30:00+00:00,4103.6,4112.9,4100.4,4105.4,1441,33.0,1.0,39231.0,GC
2025-10-22 23:45:00+00:00,4105.7,4110.0,4101.9,4104.7,1657,33.0,1.0,39231.0,GC
2025-10-23 00:00:00+00:00,4104.2,4114.3,4099.3,4102.7,1965,33.0,1.0,39231.0,GC
2025-10-23 00:15:00+00:00,4102.5,4104.9,4079.6,4093.3,3708,33.0,1.0,39231.0,GC
2025-10-23 00:30:00+00:00,4093.4,4102.0,4088.0,4098.3,2131,33.0,1.0,39231.0,GC
2025-10-23 00:45:00+00:00,4097.9,4103.0,4095.7,4098.2,1511,33.0,1.0,39231.0,GC
2025-10-23 01:00:00+00:00,4097.7,4098.9,4087.2,4093.8,2403,33.0,1.0,39231.0,GC
2025-10-23 01:15:00+00:00,4094.2,4108.6,4089.4,4103.5,1946,33.0,1.0,39231.0,GC
2025-10-23 01:30:00+00:00,4103.2,4107.6,4096.9,4097.9,1796,33.0,1.0,39231.0,GC
2025-10-23 01:45:00+00:00,4097.1,4103.2,4088.1,4088.5,2005,33.0,1.0,39231.0,GC
2025-10-23 02:00:00+00:00,4088.9,4094.6,4087.2,4091.1,1147,33.0,1.0,39231.0,GC
2025-10-23 02:15:00+00:00,4091.3,4100.8,4087.5,4097.0,1626,33.0,1.0,39231.0,GC
2025-10-23 02:30:00+00:00,4097.6,4100.4,4091.9,4095.4,1486,33.0,1.0,39231.0,GC
2025-10-23 02:45:00+00:00,4095.1,4100.6,4094.1,4098.1,999,33.0,1.0,39231.0,GC
2025-10-23 03:00:00+00:00,4098.0,4104.5,4093.1,4104.5,1297,33.0,1.0,39231.0,GC
2025-10-23 03:15:00+00:00,4104.5,4116.4,4104.4,4111.1,2226,33.0,1.0,39231.0,GC
2025-10-23 03:30:00+00:00,4111.0,4111.8,4105.2,4108.8,1838,33.0,1.0,39231.0,GC
2025-10-23 03:45:00+00:00,4108.7,4109.7,4104.9,4106.4,774,33.0,1.0,39231.0,GC
2025-10-23 04:00:00+00:00,4106.7,4107.1,4102.5,4106.4,944,33.0,1.0,39231.0,GC
2025-10-23 04:15:00+00:00,4106.5,4107.9,4094.4,4099.3,1536,33.0,1.0,39231.0,GC
2025-10-23 04:30:00+00:00,4099.5,4104.9,4096.9,4101.8,906,33.0,1.0,39231.0,GC
2025-10-23 04:45:00+00:00,4102.0,4106.8,4101.1,4104.6,1368,33.0,1.0,39231.0,GC
2025-10-23 05:00:00+00:00,4104.3,4109.7,4103.4,4106.5,1496,33.0,1.0,39231.0,GC
2025-10-23 05:15:00+00:00,4106.5,4107.5,4099.0,4104.6,1220,33.0,1.0,39231.0,GC
2025-10-23 05:30:00+00:00,4104.9,4113.7,4103.9,4111.9,1899,33.0,1.0,39231.0,GC
2025-10-23 05:45:00+00:00,4112.1,4125.1,4111.7,4124.6,2100,33.0,1.0,39231.0,GC
2025-10-23 06:00:00+00:00,4124.7,4152.9,4124.7,4144.0,6738,33.0,1.0,39231.0,GC
2025-10-23 06:15:00+00:00,4143.8,4148.0,4134.6,4139.6,4938,33.0,1.0,39231.0,GC
2025-10-23 06:30:00+00:00,4139.5,4141.7,4127.7,4137.4,3580,33.0,1.0,39231.0,GC
2025-10-23 06:45:00+00:00,4136.7,4138.7,4124.6,4127.7,3419,33.0,1.0,39231.0,GC
2025-10-23 07:00:00+00:00,4127.8,4136.3,4126.5,4129.3,2990,33.0,1.0,39231.0,GC
2025-10-23 07:15:00+00:00,4129.3,4135.2,4128.1,4130.2,2179,33.0,1.0,39231.0,GC
2025-10-23 07:30:00+00:00,4130.4,4130.5,4106.4,4117.7,5846,33.0,1.0,39231.0,GC
2025-10-23 07:45:00+00:00,4117.9,4120.0,4108.8,4109.6,1980,33.0,1.0,39231.0,GC
2025-10-23 08:00:00+00:00,4109.9,4130.6,4109.8,4126.0,3128,33.0,1.0,39231.0,GC
2025-10-23 08:15:00+00:00,4125.9,4134.0,4125.2,4128.8,2116,33.0,1.0,39231.0,GC
2025-10-23 08:30:00+00:00,4128.2,4130.3,4123.4,4126.2,1532,33.0,1.0,39231.0,GC
2025-10-23 08:45:00+00:00,4126.5,4133.8,4124.0,4131.5,1920,33.0,1.0,39231.0,GC
2025-10-23 09:00:00+00:00,4131.5,4136.1,4126.4,4133.4,2234,33.0,1.0,39231.0,GC
2025-10-23 09:15:00+00:00,4133.5,4138.8,4132.8,4137.3,1845,33.0,1.0,39231.0,GC
2025-10-23 09:30:00+00:00,4137.1,4140.7,4126.6,4129.6,2799,33.0,1.0,39231.0,GC
2025-10-23 09:45:00+00:00,4129.7,4140.1,4126.6,4139.6,1447,33.0,1.0,39231.0,GC
2025-10-23 10:00:00+00:00,4139.6,4140.5,4132.4,4136.6,1867,33.0,1.0,39231.0,GC
2025-10-23 10:15:00+00:00,4136.5,4137.5,4123.0,4124.2,2831,33.0,1.0,39231.0,GC
2025-10-23 10:30:00+00:00,4124.1,4133.6,4121.0,4124.4,2800,33.0,1.0,39231.0,GC
2025-10-23 10:45:00+00:00,4124.2,4127.0,4115.5,4122.9,3315,33.0,1.0,39231.0,GC
2025-10-23 11:00:00+00:00,4122.9,4135.4,4121.5,4130.9,2911,33.0,1.0,39231.0,GC
2025-10-23 11:15:00+00:00,4130.9,4132.1,4125.7,4127.4,1402,33.0,1.0,39231.0,GC
2025-10-23 11:30:00+00:00,4127.9,4130.8,4123.2,4128.1,2396,33.0,1.0,39231.0,GC
2025-10-23 11:45:00+00:00,4127.8,4131.8,4121.8,4123.7,2376,33.0,1.0,39231.0,GC
2025-10-23 12:00:00+00:00,4123.4,4130.5,4117.6,4119.0,2213,33.0,1.0,39231.0,GC
2025-10-23 12:15:00+00:00,4119.0,4124.1,4113.7,4122.8,3465,33.0,1.0,39231.0,GC
2025-10-23 12:30:00+00:00,4122.6,4142.8,4122.6,4133.5,5516,33.0,1.0,39231.0,GC
2025-10-23 12:45:00+00:00,4133.8,4144.4,4133.6,4142.3,3503,33.0,1.0,39231.0,GC
2025-10-23 13:00:00+00:00,4142.1,4153.1,4141.1,4151.3,7375,33.0,1.0,39231.0,GC
2025-10-23 13:15:00+00:00,4151.4,4166.0,4146.1,4163.1,7070,33.0,1.0,39231.0,GC
2025-10-23 13:30:00+00:00,4163.1,4166.4,4147.5,4166.4,9499,33.0,1.0,39231.0,GC
2025-10-23 13:45:00+00:00,4166.1,4167.5,4154.0,4161.2,7206,33.0,1.0,39231.0,GC
2025-10-23 14:00:00+00:00,4161.1,4171.5,4156.2,4158.2,6345,33.0,1.0,39231.0,GC
2025-10-23 14:15:00+00:00,4158.3,4163.0,4150.6,4162.9,6805,33.0,1.0,39231.0,GC
2025-10-23 14:30:00+00:00,4162.8,4163.4,4156.6,4160.3,4182,33.0,1.0,39231.0,GC
2025-10-23 14:45:00+00:00,4160.1,4168.9,4156.1,4164.5,5803,33.0,1.0,39231.0,GC
2025-10-23 15:00:00+00:00,4164.5,4168.6,4158.0,4160.4,4117,33.0,1.0,39231.0,GC
2025-10-23 15:15:00+00:00,4160.5,4164.2,4152.7,4161.5,4164,33.0,1.0,39231.0,GC
2025-10-23 15:30:00+00:00,4161.6,4163.2,4155.1,4159.6,2785,33.0,1.0,39231.0,GC
2025-10-23 15:45:00+00:00,4159.3,4161.7,4153.7,4158.6,4137,33.0,1.0,39231.0,GC
2025-10-23 16:00:00+00:00,4158.6,4165.4,4158.2,4160.4,3024,33.0,1.0,39231.0,GC
2025-10-23 16:15:00+00:00,4160.4,4160.7,4148.6,4157.2,5045,33.0,1.0,39231.0,GC
2025-10-23 16:30:00+00:00,4157.1,4161.0,4143.4,4145.0,3400,33.0,1.0,39231.0,GC
2025-10-23 16:45:00+00:00,4144.8,4151.5,4141.9,4149.4,3423,33.0,1.0,39231.0,GC
2025-10-23 17:00:00+00:00,4149.2,4156.3,4144.8,4155.2,3497,33.0,1.0,39231.0,GC
2025-10-23 17:15:00+00:00,4155.1,4155.4,4141.0,4146.5,4354,33.0,1.0,39231.0,GC
2025-10-23 17:30:00+00:00,4146.4,4153.3,4143.0,4151.1,3345,33.0,1.0,39231.0,GC
2025-10-23 17:45:00+00:00,4151.2,4155.0,4148.6,4153.9,1922,33.0,1.0,39231.0,GC
2025-10-23 18:00:00+00:00,4153.9,4157.9,4149.4,4157.2,2983,33.0,1.0,39231.0,GC
2025-10-23 18:15:00+00:00,4157.3,4160.0,4153.2,4159.2,1868,33.0,1.0,39231.0,GC
2025-10-23 18:30:00+00:00,4158.8,4159.2,4152.4,4156.0,2297,33.0,1.0,39231.0,GC
2025-10-23 18:45:00+00:00,4156.0,4156.6,4149.2,4152.3,2202,33.0,1.0,39231.0,GC
2025-10-23 19:00:00+00:00,4152.3,4154.6,4149.8,4151.1,1657,33.0,1.0,39231.0,GC
2025-10-23 19:15:00+00:00,4151.2,4152.1,4141.5,4144.4,2780,33.0,1.0,39231.0,GC
2025-10-23 19:30:00+00:00,4144.5,4144.6,4133.5,4136.3,4329,33.0,1.0,39231.0,GC
2025-10-23 19:45:00+00:00,4136.3,4138.3,4132.5,4134.6,2509,33.0,1.0,39231.0,GC
2025-10-23 20:00:00+00:00,4134.6,4135.5,4126.4,4129.2,2360,33.0,1.0,39231.0,GC
2025-10-23 20:15:00+00:00,4129.1,4131.9,4123.5,4124.2,1448,33.0,1.0,39231.0,GC
2025-10-23 20:30:00+00:00,4124.7,4133.9,4123.5,4131.4,1091,33.0,1.0,39231.0,GC
2025-10-23 20:45:00+00:00,4131.2,4143.7,4130.9,4143.2,1147,33.0,1.0,39231.0,GC
2025-10-23 22:00:00+00:00,4144.0,4149.0,4135.1,4142.8,1249,33.0,1.0,39231.0,GC
2025-10-23 22:15:00+00:00,4142.7,4143.0,4132.9,4138.5,1032,33.0,1.0,39231.0,GC
2025-10-23 22:30:00+00:00,4138.0,4139.0,4127.5,4127.5,707,33.0,1.0,39231.0,GC
2025-10-23 22:45:00+00:00,4127.5,4134.6,4127.3,4132.4,800,33.0,1.0,39231.0,GC
2025-10-23 23:00:00+00:00,4132.5,4135.6,4129.4,4131.8,608,33.0,1.0,39231.0,GC
2025-10-23 23:15:00+00:00,4130.9,4130.9,4126.5,4128.0,516,33.0,1.0,39231.0,GC
2025-10-23 23:30:00+00:00,4127.3,4133.5,4121.2,4133.5,1143,33.0,1.0,39231.0,GC
2025-10-23 23:45:00+00:00,4133.5,4139.0,4131.1,4136.8,1342,33.0,1.0,39231.0,GC
2025-10-24 00:00:00+00:00,4137.1,4147.9,4133.4,4143.5,2339,33.0,1.0,39231.0,GC
2025-10-24 00:15:00+00:00,4143.5,4148.6,4140.5,4148.2,1838,33.0,1.0,39231.0,GC
2025-10-24 00:30:00+00:00,4148.2,4149.0,4141.1,4142.7,1237,33.0,1.0,39231.0,GC
2025-10-24 00:45:00+00:00,4142.5,4148.5,4142.0,4147.6,1072,33.0,1.0,39231.0,GC
2025-10-24 01:00:00+00:00,4147.7,4157.8,4142.7,4157.5,4067,33.0,1.0,39231.0,GC
2025-10-24 01:15:00+00:00,4157.7,4159.0,4145.0,4150.7,2719,33.0,1.0,39231.0,GC
2025-10-24 01:30:00+00:00,4150.7,4151.5,4136.0,4139.7,2979,33.0,1.0,39231.0,GC
2025-10-24 01:45:00+00:00,4140.0,4140.8,4126.0,4133.1,4250,33.0,1.0,39231.0,GC
2025-10-24 02:00:00+00:00,4133.3,4133.5,4125.5,4128.7,2762,33.0,1.0,39231.0,GC
2025-10-24 02:15:00+00:00,4128.4,4131.2,4123.5,4125.9,2404,33.0,1.0,39231.0,GC
2025-10-24 02:30:00+00:00,4125.8,4131.3,4124.7,4128.2,1706,33.0,1.0,39231.0,GC
2025-10-24 02:45:00+00:00,4128.0,4130.7,4123.3,4123.7,1620,33.0,1.0,39231.0,GC
2025-10-24 03:00:00+00:00,4123.6,4132.3,4122.1,4132.1,2458,33.0,1.0,39231.0,GC
2025-10-24 03:15:00+00:00,4132.3,4134.3,4125.4,4130.9,1583,33.0,1.0,39231.0,GC
2025-10-24 03:30:00+00:00,4130.8,4131.9,4127.7,4131.0,745,33.0,1.0,39231.0,GC
2025-10-24 03:45:00+00:00,4130.8,4137.3,4130.1,4135.9,1272,33.0,1.0,39231.0,GC
2025-10-24 04:00:00+00:00,4136.2,4137.1,4129.6,4130.4,1150,33.0,1.0,39231.0,GC
2025-10-24 04:15:00+00:00,4130.4,4130.5,4118.1,4120.0,3513,33.0,1.0,39231.0,GC
2025-10-24 04:30:00+00:00,4120.2,4120.7,4115.5,4119.5,2158,33.0,1.0,39231.0,GC
2025-10-24 04:45:00+00:00,4119.7,4126.8,4119.3,4124.7,1884,33.0,1.0,39231.0,GC
2025-10-24 05:00:00+00:00,4124.9,4131.5,4124.6,4128.4,2092,33.0,1.0,39231.0,GC
2025-10-24 05:15:00+00:00,4128.3,4130.9,4123.8,4125.9,1342,33.0,1.0,39231.0,GC
2025-10-24 05:30:00+00:00,4126.0,4127.0,4118.3,4121.6,1912,33.0,1.0,39231.0,GC
2025-10-24 05:45:00+00:00,4121.4,4126.9,4116.4,4118.5,2017,33.0,1.0,39231.0,GC
2025-10-24 06:00:00+00:00,4118.3,4118.9,4096.1,4097.8,7481,33.0,1.0,39231.0,GC
2025-10-24 06:15:00+00:00,4098.2,4106.5,4096.5,4105.1,5041,33.0,1.0,39231.0,GC
2025-10-24 06:30:00+00:00,4105.0,4112.0,4098.6,4108.4,2726,33.0,1.0,39231.0,GC
2025-10-24 06:45:00+00:00,4108.7,4112.5,4106.0,4107.5,1842,33.0,1.0,39231.0,GC
2025-10-24 07:00:00+00:00,4107.4,4111.7,4105.8,4110.3,2694,33.0,1.0,39231.0,GC
2025-10-24 07:15:00+00:00,4110.2,4110.9,4101.0,4103.8,2301,33.0,1.0,39231.0,GC
2025-10-24 07:30:00+00:00,4104.0,4106.4,4097.0,4101.9,2900,33.0,1.0,39231.0,GC
2025-10-24 07:45:00+00:00,4101.8,4102.6,4083.1,4088.9,5200,33.0,1.0,39231.0,GC
2025-10-24 08:00:00+00:00,4088.8,4092.3,4065.6,4067.9,6833,33.0,1.0,39231.0,GC
2025-10-24 08:15:00+00:00,4068.3,4071.8,4060.9,4067.4,4216,33.0,1.0,39231.0,GC
2025-10-24 08:30:00+00:00,4067.2,4078.0,4063.8,4070.2,3664,33.0,1.0,39231.0,GC
2025-10-24 08:45:00+00:00,4070.3,4083.4,4069.4,4079.0,3825,33.0,1.0,39231.0,GC
2025-10-24 09:00:00+00:00,4078.7,4086.0,4075.8,4084.9,2369,33.0,1.0,39231.0,GC
2025-10-24 09:15:00+00:00,4084.9,4087.0,4082.3,4083.3,1704,33.0,1.0,39231.0,GC
2025-10-24 09:30:00+00:00,4083.2,4087.2,4077.9,4082.8,2361,33.0,1.0,39231.0,GC
2025-10-24 09:45:00+00:00,4082.8,4085.8,4068.1,4075.5,2007,33.0,1.0,39231.0,GC
2025-10-24 10:00:00+00:00,4074.9,4085.4,4073.1,4081.3,1582,33.0,1.0,39231.0,GC
2025-10-24 10:15:00+00:00,4081.3,4082.3,4072.4,4073.5,1643,33.0,1.0,39231.0,GC
2025-10-24 10:30:00+00:00,4073.4,4077.5,4068.1,4072.7,1753,33.0,1.0,39231.0,GC
2025-10-24 10:45:00+00:00,4072.5,4074.5,4067.0,4068.4,1752,33.0,1.0,39231.0,GC
2025-10-24 11:00:00+00:00,4068.2,4075.7,4055.7,4072.7,4215,33.0,1.0,39231.0,GC
2025-10-24 11:15:00+00:00,4072.7,4074.6,4068.3,4070.1,1384,33.0,1.0,39231.0,GC
2025-10-24 11:30:00+00:00,4070.1,4074.0,4068.1,4072.2,1332,33.0,1.0,39231.0,GC
2025-10-24 11:45:00+00:00,4072.0,4079.3,4071.3,4075.6,2707,33.0,1.0,39231.0,GC
2025-10-24 12:00:00+00:00,4075.7,4079.5,4074.4,4075.9,1799,33.0,1.0,39231.0,GC
2025-10-24 12:15:00+00:00,4076.0,4078.2,4073.4,4075.5,2570,33.0,1.0,39231.0,GC
2025-10-24 12:30:00+00:00,4074.7,4110.1,4074.7,4097.8,13775,33.0,1.0,39231.0,GC
2025-10-24 12:45:00+00:00,4098.1,4099.2,4088.4,4096.1,4624,33.0,1.0,39231.0,GC
2025-10-24 13:00:00+00:00,4096.3,4130.1,4093.2,4126.2,11749,33.0,1.0,39231.0,GC
2025-10-24 13:15:00+00:00,4126.2,4137.7,4123.6,4129.2,8168,33.0,1.0,39231.0,GC
2025-10-24 13:30:00+00:00,4129.1,4135.8,4113.5,4121.3,11236,33.0,1.0,39231.0,GC
2025-10-24 13:45:00+00:00,4120.7,4125.0,4113.5,4120.9,6770,33.0,1.0,39231.0,GC
2025-10-24 14:00:00+00:00,4121.3,4151.1,4116.5,4146.8,10566,33.0,1.0,39231.0,GC
2025-10-24 14:15:00+00:00,4146.9,4150.7,4135.1,4139.5,7573,33.0,1.0,39231.0,GC
2025-10-24 14:30:00+00:00,4139.4,4147.3,4137.1,4145.0,4225,33.0,1.0,39231.0,GC
2025-10-24 14:45:00+00:00,4145.4,4146.9,4127.4,4133.0,5508,33.0,1.0,39231.0,GC
2025-10-24 15:00:00+00:00,4133.1,4139.0,4130.1,4134.4,3172,33.0,1.0,39231.0,GC
2025-10-24 15:15:00+00:00,4134.6,4144.5,4128.7,4141.3,4420,33.0,1.0,39231.0,GC
2025-10-24 15:30:00+00:00,4141.6,4146.3,4138.4,4142.5,2570,33.0,1.0,39231.0,GC
2025-10-24 15:45:00+00:00,4142.9,4148.3,4136.3,4146.7,4304,33.0,1.0,39231.0,GC
2025-10-24 16:00:00+00:00,4146.6,4153.5,4143.1,4149.7,3774,33.0,1.0,39231.0,GC
2025-10-24 16:15:00+00:00,4150.0,4156.0,4147.2,4153.4,3179,33.0,1.0,39231.0,GC
2025-10-24 16:30:00+00:00,4153.3,4153.9,4138.1,4147.6,3983,33.0,1.0,39231.0,GC
2025-10-24 16:45:00+00:00,4147.4,4150.1,4142.6,4145.8,2068,33.0,1.0,39231.0,GC
2025-10-24 17:00:00+00:00,4146.3,4151.4,4142.6,4143.0,2336,33.0,1.0,39231.0,GC
2025-10-24 17:15:00+00:00,4143.0,4144.1,4136.1,4137.3,4703,33.0,1.0,39231.0,GC
2025-10-24 17:30:00+00:00,4137.1,4140.4,4127.1,4128.1,3940,33.0,1.0,39231.0,GC
2025-10-24 17:45:00+00:00,4127.8,4132.9,4121.2,4123.4,3836,33.0,1.0,39231.0,GC
2025-10-24 18:00:00+00:00,4123.5,4125.4,4117.8,4120.6,3622,33.0,1.0,39231.0,GC
2025-10-24 18:15:00+00:00,4120.6,4127.0,4117.6,4121.7,3283,33.0,1.0,39231.0,GC
2025-10-24 18:30:00+00:00,4121.9,4130.0,4119.8,4123.6,2358,33.0,1.0,39231.0,GC
2025-10-24 18:45:00+00:00,4123.8,4127.8,4121.8,4126.7,1602,33.0,1.0,39231.0,GC
2025-10-24 19:00:00+00:00,4126.3,4133.7,4126.3,4130.5,2106,33.0,1.0,39231.0,GC
2025-10-24 19:15:00+00:00,4130.8,4133.2,4126.5,4128.9,1564,33.0,1.0,39231.0,GC
2025-10-24 19:30:00+00:00,4128.9,4129.7,4124.2,4124.8,1542,33.0,1.0,39231.0,GC
2025-10-24 19:45:00+00:00,4125.1,4125.1,4117.5,4119.7,2889,33.0,1.0,39231.0,GC
2025-10-24 20:00:00+00:00,4119.7,4120.1,4111.0,4115.4,1795,33.0,1.0,39231.0,GC
2025-10-24 20:15:00+00:00,4115.5,4117.4,4112.8,4114.8,687,33.0,1.0,39231.0,GC
2025-10-24 20:30:00+00:00,4115.0,4125.0,4114.7,4123.6,1044,33.0,1.0,39231.0,GC
2025-10-24 20:45:00+00:00,4123.4,4129.2,4122.2,4126.9,1025,33.0,1.0,39231.0,GC
2025-10-26 22:00:00+00:00,4103.2,4122.9,4074.2,4119.4,6891,33.0,1.0,39231.0,GC
2025-10-26 22:15:00+00:00,4119.5,4123.8,4106.0,4106.6,2738,33.0,1.0,39231.0,GC
2025-10-26 22:30:00+00:00,4106.7,4115.7,4095.0,4095.8,2462,33.0,1.0,39231.0,GC
2025-10-26 22:45:00+00:00,4094.9,4099.5,4085.8,4096.4,3554,33.0,1.0,39231.0,GC
2025-10-26 23:00:00+00:00,4097.3,4102.9,4091.9,4096.6,2171,33.0,1.0,39231.0,GC
2025-10-26 23:15:00+00:00,4096.5,4101.5,4086.8,4089.2,1539,33.0,1.0,39231.0,GC
2025-10-26 23:30:00+00:00,4088.6,4094.8,4077.6,4081.7,2815,33.0,1.0,39231.0,GC
2025-10-26 23:45:00+00:00,4081.1,4085.4,4075.4,4078.2,2434,33.0,1.0,39231.0,GC
2025-10-27 00:00:00+00:00,4078.7,4086.9,4071.8,4083.6,2977,33.0,1.0,39231.0,GC
2025-10-27 00:15:00+00:00,4083.7,4086.0,4076.0,4081.7,1602,33.0,1.0,39231.0,GC
2025-10-27 00:30:00+00:00,4081.3,4090.9,4081.2,4088.9,1941,33.0,1.0,39231.0,GC
2025-10-27 00:45:00+00:00,4088.8,4098.4,4088.1,4095.2,1693,33.0,1.0,39231.0,GC
2025-10-27 01:00:00+00:00,4094.9,4110.3,4088.8,4104.1,4167,33.0,1.0,39231.0,GC
2025-10-27 01:15:00+00:00,4104.1,4112.0,4102.8,4107.2,1858,33.0,1.0,39231.0,GC
2025-10-27 01:30:00+00:00,4107.1,4107.8,4094.4,4101.1,3294,33.0,1.0,39231.0,GC
2025-10-27 01:45:00+00:00,4101.7,4104.0,4094.2,4094.8,1844,33.0,1.0,39231.0,GC
2025-10-27 02:00:00+00:00,4094.6,4095.2,4084.4,4091.7,2566,33.0,1.0,39231.0,GC
2025-10-27 02:15:00+00:00,4091.9,4094.5,4084.6,4086.6,1710,33.0,1.0,39231.0,GC
2025-10-27 02:30:00+00:00,4086.8,4093.1,4084.9,4091.4,1239,33.0,1.0,39231.0,GC
2025-10-27 02:45:00+00:00,4091.3,4091.3,4083.0,4084.7,1818,33.0,1.0,39231.0,GC
2025-10-27 03:00:00+00:00,4084.9,4089.7,4078.3,4088.3,1907,33.0,1.0,39231.0,GC
2025-10-27 03:15:00+00:00,4088.2,4092.6,4082.8,4090.1,2109,33.0,1.0,39231.0,GC
2025-10-27 03:30:00+00:00,4090.4,4095.1,4088.3,4093.5,1252,33.0,1.0,39231.0,GC
2025-10-27 03:45:00+00:00,4093.4,4093.4,4081.3,4082.0,1336,33.0,1.0,39231.0,GC
2025-10-27 04:00:00+00:00,4082.0,4082.1,4065.8,4069.9,4186,33.0,1.0,39231.0,GC
2025-10-27 04:15:00+00:00,4070.0,4078.0,4066.6,4074.9,1765,33.0,1.0,39231.0,GC
2025-10-27 04:30:00+00:00,4075.2,4077.5,4070.5,4073.2,1480,33.0,1.0,39231.0,GC
2025-10-27 04:45:00+00:00,4073.2,4084.8,4072.4,4081.8,2392,33.0,1.0,39231.0,GC
2025-10-27 05:00:00+00:00,4081.5,4087.8,4081.2,4086.3,1204,33.0,1.0,39231.0,GC
2025-10-27 05:15:00+00:00,4086.1,4098.6,4085.7,4095.2,1708,33.0,1.0,39231.0,GC
2025-10-27 05:30:00+00:00,4095.1,4097.2,4091.1,4093.0,1840,33.0,1.0,39231.0,GC
2025-10-27 05:45:00+00:00,4093.3,4097.4,4090.3,4093.5,1755,33.0,1.0,39231.0,GC
2025-10-27 06:00:00+00:00,4093.5,4098.2,4090.8,4093.1,2097,33.0,1.0,39231.0,GC
2025-10-27 06:15:00+00:00,4093.1,4098.3,4091.8,4096.0,1178,33.0,1.0,39231.0,GC
2025-10-27 06:30:00+00:00,4096.0,4097.7,4092.9,4094.2,1023,33.0,1.0,39231.0,GC
2025-10-27 06:45:00+00:00,4094.3,4096.8,4087.0,4091.8,1797,33.0,1.0,39231.0,GC
2025-10-27 07:00:00+00:00,4091.8,4093.8,4083.1,4084.7,1666,33.0,1.0,39231.0,GC
2025-10-27 07:15:00+00:00,4084.6,4087.4,4078.9,4081.6,1570,33.0,1.0,39231.0,GC
2025-10-27 07:30:00+00:00,4082.0,4085.1,4080.0,4083.8,880,33.0,1.0,39231.0,GC
2025-10-27 07:45:00+00:00,4083.7,4084.3,4077.4,4081.7,1250,33.0,1.0,39231.0,GC
2025-10-27 08:00:00+00:00,4081.6,4081.8,4075.7,4079.3,1876,33.0,1.0,39231.0,GC
2025-10-27 08:15:00+00:00,4079.0,4083.6,4068.4,4071.4,3012,33.0,1.0,39231.0,GC
2025-10-27 08:30:00+00:00,4071.4,4076.6,4071.1,4072.1,2143,33.0,1.0,39231.0,GC
2025-10-27 08:45:00+00:00,4071.8,4075.0,4034.2,4055.2,10348,33.0,1.0,39231.0,GC
2025-10-27 09:00:00+00:00,4055.4,4063.2,4042.7,4049.4,5344,33.0,1.0,39231.0,GC
2025-10-27 09:15:00+00:00,4048.7,4056.0,4046.1,4050.4,2701,33.0,1.0,39231.0,GC
2025-10-27 09:30:00+00:00,4050.1,4063.6,4049.5,4056.7,3155,33.0,1.0,39231.0,GC
2025-10-27 09:45:00+00:00,4056.5,4061.6,4052.3,4053.3,2033,33.0,1.0,39231.0,GC
2025-10-27 10:00:00+00:00,4053.0,4061.8,4049.8,4057.5,2057,33.0,1.0,39231.0,GC
2025-10-27 10:15:00+00:00,4057.7,4059.4,4048.6,4050.1,1753,33.0,1.0,39231.0,GC
2025-10-27 10:30:00+00:00,4050.2,4059.3,4042.3,4055.2,2704,33.0,1.0,39231.0,GC
2025-10-27 10:45:00+00:00,4055.5,4056.0,4048.7,4050.8,1309,33.0,1.0,39231.0,GC
2025-10-27 11:00:00+00:00,4051.0,4054.9,4032.0,4043.5,4470,33.0,1.0,39231.0,GC
2025-10-27 11:15:00+00:00,4043.4,4045.9,4040.9,4043.7,2092,33.0,1.0,39231.0,GC
2025-10-27 11:30:00+00:00,4043.5,4044.2,4028.0,4034.9,5481,33.0,1.0,39231.0,GC
2025-10-27 11:45:00+00:00,4033.9,4046.1,4033.2,4038.0,3648,33.0,1.0,39231.0,GC
2025-10-27 12:00:00+00:00,4037.9,4052.4,4036.0,4046.0,4212,33.0,1.0,39231.0,GC
2025-10-27 12:15:00+00:00,4046.0,4055.9,4045.6,4048.8,4241,33.0,1.0,39231.0,GC
2025-10-27 12:30:00+00:00,4048.8,4051.7,4044.0,4048.8,2084,33.0,1.0,39231.0,GC
2025-10-27 12:45:00+00:00,4049.0,4061.2,4048.6,4060.1,3212,33.0,1.0,39231.0,GC
2025-10-27 13:00:00+00:00,4060.3,4064.8,4052.8,4053.8,4265,33.0,1.0,39231.0,GC
2025-10-27 13:15:00+00:00,4053.8,4058.4,4045.2,4047.7,4386,33.0,1.0,39231.0,GC
2025-10-27 13:30:00+00:00,4047.6,4053.6,4030.9,4039.7,9288,33.0,1.0,39231.0,GC
2025-10-27 13:45:00+00:00,4039.3,4041.6,4026.9,4036.0,8131,33.0,1.0,39231.0,GC
2025-10-27 14:00:00+00:00,4035.7,4037.3,4012.1,4017.6,14603,33.0,1.0,39231.0,GC
2025-10-27 14:15:00+00:00,4017.6,4021.0,3996.3,4011.7,16742,33.0,1.0,39231.0,GC
2025-10-27 14:30:00+00:00,4011.5,4012.9,3995.2,4008.1,10539,33.0,1.0,39231.0,GC
2025-10-27 14:45:00+00:00,4007.9,4013.0,3997.8,4002.2,6479,33.0,1.0,39231.0,GC
2025-10-27 15:00:00+00:00,4002.1,4002.5,3985.9,3994.0,13727,33.0,1.0,39231.0,GC
2025-10-27 15:15:00+00:00,3994.1,4003.1,3990.6,4001.5,5868,33.0,1.0,39231.0,GC
2025-10-27 15:30:00+00:00,4001.3,4008.3,3993.1,3995.9,6203,33.0,1.0,39231.0,GC
2025-10-27 15:45:00+00:00,3995.7,4005.0,3995.5,4004.6,3862,33.0,1.0,39231.0,GC
2025-10-27 16:00:00+00:00,4004.8,4009.9,4001.0,4008.6,3786,33.0,1.0,39231.0,GC
2025-10-27 16:15:00+00:00,4008.7,4013.2,4001.8,4001.8,3319,33.0,1.0,39231.0,GC
2025-10-27 16:30:00+00:00,4002.0,4010.2,3998.6,4008.5,3758,33.0,1.0,39231.0,GC
2025-10-27 16:45:00+00:00,4008.8,4015.6,4006.8,4014.3,3933,33.0,1.0,39231.0,GC
2025-10-27 17:00:00+00:00,4014.5,4019.3,4012.1,4013.6,3612,33.0,1.0,39231.0,GC
2025-10-27 17:15:00+00:00,4013.4,4021.5,4005.5,4020.5,6765,33.0,1.0,39231.0,GC
2025-10-27 17:30:00+00:00,4020.3,4022.5,4013.9,4018.0,3195,33.0,1.0,39231.0,GC
2025-10-27 17:45:00+00:00,4017.9,4024.2,4017.9,4021.7,2072,33.0,1.0,39231.0,GC
2025-10-27 18:00:00+00:00,4021.8,4025.8,4017.7,4025.1,2454,33.0,1.0,39231.0,GC
2025-10-27 18:15:00+00:00,4024.9,4025.6,4021.0,4023.6,1618,33.0,1.0,39231.0,GC
2025-10-27 18:30:00+00:00,4023.5,4024.9,4015.6,4018.7,2817,33.0,1.0,39231.0,GC
2025-10-27 18:45:00+00:00,4018.8,4023.9,4012.1,4014.1,2934,33.0,1.0,39231.0,GC
2025-10-27 19:00:00+00:00,4014.2,4020.3,4009.8,4015.9,2935,33.0,1.0,39231.0,GC
2025-10-27 19:15:00+00:00,4015.8,4017.6,4002.7,4003.1,2944,33.0,1.0,39231.0,GC
2025-10-27 19:30:00+00:00,4003.2,4007.0,4001.2,4002.3,2740,33.0,1.0,39231.0,GC
2025-10-27 19:45:00+00:00,4002.5,4007.1,4000.8,4006.0,2805,33.0,1.0,39231.0,GC
2025-10-27 20:00:00+00:00,4005.8,4009.6,4002.8,4008.4,1701,33.0,1.0,39231.0,GC
2025-10-27 20:15:00+00:00,4008.6,4016.0,4008.6,4015.6,1078,33.0,1.0,39231.0,GC
2025-10-27 20:30:00+00:00,4015.6,4015.6,4002.0,4003.6,1310,33.0,1.0,39231.0,GC
2025-10-27 20:45:00+00:00,4003.3,4003.5,3994.2,3997.0,1675,33.0,1.0,39231.0,GC
2025-10-27 22:00:00+00:00,3999.9,4012.2,3994.1,4000.7,1625,33.0,1.0,39231.0,GC
2025-10-27 22:15:00+00:00,4000.9,4010.0,3999.2,4007.0,963,33.0,1.0,39231.0,GC
2025-10-27 22:30:00+00:00,4007.0,4009.0,4003.7,4007.1,479,33.0,1.0,39231.0,GC
2025-10-27 22:45:00+00:00,4007.1,4007.2,4002.9,4004.5,283,33.0,1.0,39231.0,GC
2025-10-27 23:00:00+00:00,4004.2,4006.1,3997.2,3997.2,1312,33.0,1.0,39231.0,GC
2025-10-27 23:15:00+00:00,3997.5,4009.8,3997.3,4009.6,1089,33.0,1.0,39231.0,GC
2025-10-27 23:30:00+00:00,4009.8,4019.0,4009.3,4015.4,2023,33.0,1.0,39231.0,GC
2025-10-27 23:45:00+00:00,4014.7,4016.1,4008.6,4012.5,1619,33.0,1.0,39231.0,GC
2025-10-28 00:00:00+00:00,4012.8,4013.0,3999.5,4000.7,2023,33.0,1.0,39231.0,GC
2025-10-28 00:15:00+00:00,4000.4,4003.0,3987.2,3998.6,3056,33.0,1.0,39231.0,GC
2025-10-28 00:30:00+00:00,3998.4,4016.0,3997.5,4014.2,3533,33.0,1.0,39231.0,GC
2025-10-28 00:45:00+00:00,4014.1,4024.5,4011.4,4021.5,2461,33.0,1.0,39231.0,GC
2025-10-28 01:00:00+00:00,4021.8,4034.2,4019.1,4031.4,4393,33.0,1.0,39231.0,GC
2025-10-28 01:15:00+00:00,4031.8,4033.2,4021.7,4022.3,2597,33.0,1.0,39231.0,GC
2025-10-28 01:30:00+00:00,4022.6,4025.6,4017.0,4023.4,2686,33.0,1.0,39231.0,GC
2025-10-28 01:45:00+00:00,4023.4,4028.6,4022.7,4024.4,1582,33.0,1.0,39231.0,GC
2025-10-28 02:00:00+00:00,4024.4,4027.2,4017.4,4018.4,1856,33.0,1.0,39231.0,GC
2025-10-28 02:15:00+00:00,4018.8,4019.0,4010.0,4013.7,1766,33.0,1.0,39231.0,GC
2025-10-28 02:30:00+00:00,4014.1,4015.4,3999.4,4007.9,3630,33.0,1.0,39231.0,GC
2025-10-28 02:45:00+00:00,4007.8,4008.2,3995.1,3998.6,3273,33.0,1.0,39231.0,GC
2025-10-28 03:00:00+00:00,3998.3,4003.9,3997.3,4003.6,1853,33.0,1.0,39231.0,GC
2025-10-28 03:15:00+00:00,4003.4,4008.9,4001.3,4004.8,1613,33.0,1.0,39231.0,GC
2025-10-28 03:30:00+00:00,4004.9,4005.2,3998.8,4000.9,1121,33.0,1.0,39231.0,GC
2025-10-28 03:45:00+00:00,4001.0,4007.8,4000.7,4006.7,815,33.0,1.0,39231.0,GC
2025-10-28 04:00:00+00:00,4007.0,4008.2,3999.6,4002.0,1946,33.0,1.0,39231.0,GC
2025-10-28 04:15:00+00:00,4002.1,4002.9,3978.0,3986.1,5416,33.0,1.0,39231.0,GC
2025-10-28 04:30:00+00:00,3986.2,3995.7,3981.6,3991.4,3553,33.0,1.0,39231.0,GC
2025-10-28 04:45:00+00:00,3991.8,3993.0,3985.5,3988.0,1740,33.0,1.0,39231.0,GC
2025-10-28 05:00:00+00:00,3988.3,3994.2,3984.5,3991.8,2025,33.0,1.0,39231.0,GC
2025-10-28 05:15:00+00:00,3991.5,3995.1,3983.3,3990.1,1494,33.0,1.0,39231.0,GC
2025-10-28 05:30:00+00:00,3990.3,3990.8,3973.0,3974.5,4121,33.0,1.0,39231.0,GC
2025-10-28 05:45:00+00:00,3974.7,3982.2,3974.0,3980.7,2397,33.0,1.0,39231.0,GC
2025-10-28 06:00:00+00:00,3980.5,3983.0,3968.0,3970.5,3357,33.0,1.0,39231.0,GC
2025-10-28 06:15:00+00:00,3970.4,3974.5,3966.2,3967.7,2338,33.0,1.0,39231.0,GC
2025-10-28 06:30:00+00:00,3967.4,3972.0,3958.7,3958.9,4600,33.0,1.0,39231.0,GC
2025-10-28 06:45:00+00:00,3958.7,3962.3,3953.4,3958.1,4041,33.0,1.0,39231.0,GC
2025-10-28 07:00:00+00:00,3958.2,3964.6,3951.7,3962.2,3658,33.0,1.0,39231.0,GC
2025-10-28 07:15:00+00:00,3962.1,3963.6,3945.0,3946.7,4470,33.0,1.0,39231.0,GC
2025-10-28 07:30:00+00:00,3946.6,3949.5,3936.9,3946.7,4399,33.0,1.0,39231.0,GC
2025-10-28 07:45:00+00:00,3946.3,3952.0,3943.4,3947.4,3195,33.0,1.0,39231.0,GC
2025-10-28 08:00:00+00:00,3947.6,3950.9,3935.5,3935.7,5416,33.0,1.0,39231.0,GC
2025-10-28 08:15:00+00:00,3935.7,3938.9,3924.7,3928.1,6037,33.0,1.0,39231.0,GC
2025-10-28 08:30:00+00:00,3928.2,3930.7,3914.3,3919.9,5701,33.0,1.0,39231.0,GC
2025-10-28 08:45:00+00:00,3919.9,3924.6,3911.1,3912.0,4993,33.0,1.0,39231.0,GC
2025-10-28 09:00:00+00:00,3911.7,3919.3,3901.3,3912.0,8750,33.0,1.0,39231.0,GC
2025-10-28 09:15:00+00:00,3912.0,3922.7,3910.1,3919.4,6357,33.0,1.0,39231.0,GC
2025-10-28 09:30:00+00:00,3919.4,3925.7,3913.6,3924.4,3003,33.0,1.0,39231.0,GC
2025-10-28 09:45:00+00:00,3924.7,3925.4,3911.6,3919.0,2908,33.0,1.0,39231.0,GC
2025-10-28 10:00:00+00:00,3918.6,3923.3,3914.8,3915.6,2311,33.0,1.0,39231.0,GC
2025-10-28 10:15:00+00:00,3915.9,3923.0,3913.5,3919.7,2220,33.0,1.0,39231.0,GC
2025-10-28 10:30:00+00:00,3919.4,3937.5,3919.1,3929.5,5895,33.0,1.0,39231.0,GC
2025-10-28 10:45:00+00:00,3929.6,3947.0,3929.3,3940.8,5496,33.0,1.0,39231.0,GC
2025-10-28 11:00:00+00:00,3941.0,3941.6,3926.7,3930.7,4236,33.0,1.0,39231.0,GC
2025-10-28 11:15:00+00:00,3931.0,3935.8,3925.6,3932.5,2634,33.0,1.0,39231.0,GC
2025-10-28 11:30:00+00:00,3932.5,3943.7,3932.2,3942.9,2982,33.0,1.0,39231.0,GC
2025-10-28 11:45:00+00:00,3942.7,3944.3,3935.2,3937.1,2923,33.0,1.0,39231.0,GC
2025-10-28 12:00:00+00:00,3937.0,3943.3,3935.5,3940.6,2616,33.0,1.0,39231.0,GC
2025-10-28 12:15:00+00:00,3940.7,3944.3,3935.5,3935.6,3698,33.0,1.0,39231.0,GC
2025-10-28 12:30:00+00:00,3935.4,3940.0,3929.4,3930.2,3994,33.0,1.0,39231.0,GC
2025-10-28 12:45:00+00:00,3930.4,3930.5,3919.2,3927.0,4750,33.0,1.0,39231.0,GC
2025-10-28 13:00:00+00:00,3927.2,3943.9,3926.5,3937.3,6665,33.0,1.0,39231.0,GC
2025-10-28 13:15:00+00:00,3937.6,3948.7,3937.1,3947.2,6035,33.0,1.0,39231.0,GC
2025-10-28 13:30:00+00:00,3947.3,3948.6,3929.6,3937.4,6978,33.0,1.0,39231.0,GC
2025-10-28 13:45:00+00:00,3937.6,3955.4,3934.6,3953.5,6580,33.0,1.0,39231.0,GC
2025-10-28 14:00:00+00:00,3953.9,3959.6,3949.5,3954.1,8041,33.0,1.0,39231.0,GC
2025-10-28 14:15:00+00:00,3954.4,3965.7,3953.0,3965.2,6240,33.0,1.0,39231.0,GC
2025-10-28 14:30:00+00:00,3965.4,3965.7,3954.1,3960.7,5757,33.0,1.0,39231.0,GC
2025-10-28 14:45:00+00:00,3960.6,3968.6,3957.1,3964.6,4713,33.0,1.0,39231.0,GC
2025-10-28 15:00:00+00:00,3964.5,3975.1,3961.8,3973.7,7163,33.0,1.0,39231.0,GC
2025-10-28 15:15:00+00:00,3974.0,3975.6,3970.5,3972.8,3706,33.0,1.0,39231.0,GC
2025-10-28 15:30:00+00:00,3972.7,3979.0,3971.7,3977.6,4179,33.0,1.0,39231.0,GC
2025-10-28 15:45:00+00:00,3977.7,3983.8,3977.5,3978.6,5574,33.0,1.0,39231.0,GC
2025-10-28 16:00:00+00:00,3978.7,3979.5,3968.0,3977.6,6324,33.0,1.0,39231.0,GC
2025-10-28 16:15:00+00:00,3977.4,3979.3,3974.5,3977.8,3068,33.0,1.0,39231.0,GC
2025-10-28 16:30:00+00:00,3977.9,3979.7,3965.6,3970.4,6874,33.0,1.0,39231.0,GC
2025-10-28 16:45:00+00:00,3970.1,3974.8,3967.6,3973.5,3060,33.0,1.0,39231.0,GC
2025-10-28 17:00:00+00:00,3973.4,3985.5,3971.5,3985.1,5180,33.0,1.0,39231.0,GC
2025-10-28 17:15:00+00:00,3985.3,3985.7,3979.4,3982.8,4504,33.0,1.0,39231.0,GC
2025-10-28 17:30:00+00:00,3982.8,3984.6,3976.5,3979.0,4110,33.0,1.0,39231.0,GC
2025-10-28 17:45:00+00:00,3978.9,3980.0,3969.1,3976.6,4126,33.0,1.0,39231.0,GC
2025-10-28 18:00:00+00:00,3976.5,3978.4,3969.5,3974.0,2453,33.0,1.0,39231.0,GC
2025-10-28 18:15:00+00:00,3974.2,3975.4,3966.6,3969.5,1783,33.0,1.0,39231.0,GC
2025-10-28 18:30:00+00:00,3969.4,3969.9,3959.1,3966.5,3996,33.0,1.0,39231.0,GC
2025-10-28 18:45:00+00:00,3966.5,3972.6,3964.0,3971.6,2305,33.0,1.0,39231.0,GC
2025-10-28 19:00:00+00:00,3971.5,3973.9,3965.1,3968.2,3284,33.0,1.0,39231.0,GC
2025-10-28 19:15:00+00:00,3967.9,3973.7,3966.4,3971.1,2271,33.0,1.0,39231.0,GC
2025-10-28 19:30:00+00:00,3971.0,3973.6,3966.3,3971.9,1945,33.0,1.0,39231.0,GC
2025-10-28 19:45:00+00:00,3972.1,3978.3,3970.6,3975.8,2384,33.0,1.0,39231.0,GC
2025-10-28 20:00:00+00:00,3975.4,3976.4,3967.4,3970.0,1411,33.0,1.0,39231.0,GC
2025-10-28 20:15:00+00:00,3969.8,3973.3,3964.6,3966.8,1160,33.0,1.0,39231.0,GC
2025-10-28 20:30:00+00:00,3966.6,3971.9,3966.5,3970.6,668,33.0,1.0,39231.0,GC
2025-10-28 20:45:00+00:00,3970.5,3971.0,3965.4,3968.1,682,33.0,1.0,39231.0,GC
2025-10-28 22:00:00+00:00,3967.2,3977.5,3930.0,3952.4,2877,33.0,1.0,39231.0,GC
2025-10-28 22:15:00+00:00,3952.9,3965.6,3940.6,3961.5,2078,33.0,1.0,39231.0,GC
2025-10-28 22:30:00+00:00,3961.2,3962.6,3954.7,3958.9,1026,33.0,1.0,39231.0,GC
2025-10-28 22:45:00+00:00,3958.1,3958.1,3948.6,3948.8,1666,33.0,1.0,39231.0,GC
2025-10-28 23:00:00+00:00,3949.1,3964.4,3948.7,3962.3,1503,33.0,1.0,39231.0,GC
2025-10-28 23:15:00+00:00,3962.2,3968.8,3961.8,3965.9,768,33.0,1.0,39231.0,GC
2025-10-28 23:30:00+00:00,3965.4,3974.8,3961.9,3974.2,1023,33.0,1.0,39231.0,GC
2025-10-28 23:45:00+00:00,3974.7,3982.5,3969.8,3979.0,1974,33.0,1.0,39231.0,GC
2025-10-29 00:00:00+00:00,3978.6,3983.8,3973.4,3976.4,2433,33.0,1.0,39231.0,GC
2025-10-29 00:15:00+00:00,3976.3,3986.5,3974.0,3984.9,2332,33.0,1.0,39231.0,GC
2025-10-29 00:30:00+00:00,3984.7,3995.7,3980.9,3994.4,3968,33.0,1.0,39231.0,GC
2025-10-29 00:45:00+00:00,3994.3,3995.5,3985.6,3988.6,2233,33.0,1.0,39231.0,GC
2025-10-29 01:00:00+00:00,3988.9,3993.7,3982.3,3991.1,3328,33.0,1.0,39231.0,GC
2025-10-29 01:15:00+00:00,3991.5,3993.0,3985.6,3986.5,1764,33.0,1.0,39231.0,GC
2025-10-29 01:30:00+00:00,3986.7,3988.2,3979.6,3981.2,2474,33.0,1.0,39231.0,GC
2025-10-29 01:45:00+00:00,3980.9,3990.7,3980.6,3987.3,1527,33.0,1.0,39231.0,GC
2025-10-29 02:00:00+00:00,3987.2,3988.2,3978.4,3980.2,1233,33.0,1.0,39231.0,GC
2025-10-29 02:15:00+00:00,3979.8,3983.5,3974.8,3976.8,1570,33.0,1.0,39231.0,GC
2025-10-29 02:30:00+00:00,3976.9,3978.2,3957.2,3967.4,3865,33.0,1.0,39231.0,GC
2025-10-29 02:45:00+00:00,3967.7,3975.5,3964.6,3975.0,1633,33.0,1.0,39231.0,GC
2025-10-29 03:00:00+00:00,3974.6,3977.6,3972.0,3972.7,1376,33.0,1.0,39231.0,GC
2025-10-29 03:15:00+00:00,3972.5,3984.0,3971.7,3978.5,1663,33.0,1.0,39231.0,GC
2025-10-29 03:30:00+00:00,3978.3,3986.2,3976.8,3983.6,1355,33.0,1.0,39231.0,GC
2025-10-29 03:45:00+00:00,3984.0,3984.9,3976.0,3977.0,1002,33.0,1.0,39231.0,GC
2025-10-29 04:00:00+00:00,3977.2,3978.8,3969.7,3969.9,1233,33.0,1.0,39231.0,GC
2025-10-29 04:15:00+00:00,3970.1,3975.7,3964.5,3967.6,1256,33.0,1.0,39231.0,GC
2025-10-29 04:30:00+00:00,3967.6,3974.1,3966.0,3972.8,1006,33.0,1.0,39231.0,GC
2025-10-29 04:45:00+00:00,3972.8,3972.8,3964.8,3965.8,738,33.0,1.0,39231.0,GC
2025-10-29 05:00:00+00:00,3965.6,3976.8,3963.9,3969.0,1567,33.0,1.0,39231.0,GC
2025-10-29 05:15:00+00:00,3969.0,3974.0,3966.5,3971.1,872,33.0,1.0,39231.0,GC
2025-10-29 05:30:00+00:00,3971.1,3979.7,3967.2,3978.3,1180,33.0,1.0,39231.0,GC
2025-10-29 05:45:00+00:00,3978.5,3979.0,3971.0,3976.0,818,33.0,1.0,39231.0,GC
2025-10-29 06:00:00+00:00,3976.3,3984.5,3973.2,3982.4,1158,33.0,1.0,39231.0,GC
2025-10-29 06:15:00+00:00,3981.8,3988.1,3979.8,3983.9,1441,33.0,1.0,39231.0,GC
2025-10-29 06:30:00+00:00,3984.7,3995.4,3984.1,3994.6,1878,33.0,1.0,39231.0,GC
2025-10-29 06:45:00+00:00,3994.2,3998.8,3988.7,3992.2,1941,33.0,1.0,39231.0,GC
2025-10-29 07:00:00+00:00,3992.0,4010.4,3988.7,4008.0,4137,33.0,1.0,39231.0,GC
2025-10-29 07:15:00+00:00,4007.9,4011.9,4006.3,4009.4,2861,33.0,1.0,39231.0,GC
2025-10-29 07:30:00+00:00,4009.6,4010.5,4002.9,4008.3,2414,33.0,1.0,39231.0,GC
2025-10-29 07:45:00+00:00,4008.1,4014.8,4004.4,4014.5,2423,33.0,1.0,39231.0,GC
2025-10-29 08:00:00+00:00,4014.8,4023.0,4013.4,4020.0,5763,33.0,1.0,39231.0,GC
2025-10-29 08:15:00+00:00,4019.9,4024.5,4016.2,4023.1,2879,33.0,1.0,39231.0,GC
2025-10-29 08:30:00+00:00,4023.0,4027.0,4019.8,4023.7,2843,33.0,1.0,39231.0,GC
2025-10-29 08:45:00+00:00,4023.6,4031.2,4022.7,4029.8,2509,33.0,1.0,39231.0,GC
2025-10-29 09:00:00+00:00,4029.5,4034.5,4027.6,4029.1,3016,33.0,1.0,39231.0,GC
2025-10-29 09:15:00+00:00,4029.1,4033.2,4026.0,4029.8,2136,33.0,1.0,39231.0,GC
2025-10-29 09:30:00+00:00,4029.7,4033.8,4028.1,4032.8,1700,33.0,1.0,39231.0,GC
2025-10-29 09:45:00+00:00,4033.0,4042.7,4032.6,4037.2,4258,33.0,1.0,39231.0,GC
2025-10-29 10:00:00+00:00,4037.4,4039.5,4030.1,4035.7,2419,33.0,1.0,39231.0,GC
2025-10-29 10:15:00+00:00,4036.0,4043.7,4034.9,4038.2,2049,33.0,1.0,39231.0,GC
2025-10-29 10:30:00+00:00,4038.1,4043.0,4034.6,4040.0,2259,33.0,1.0,39231.0,GC
2025-10-29 10:45:00+00:00,4039.7,4043.7,4036.4,4037.2,1735,33.0,1.0,39231.0,GC
2025-10-29 11:00:00+00:00,4037.1,4042.1,4035.5,4035.6,1579,33.0,1.0,39231.0,GC
2025-10-29 11:15:00+00:00,4035.6,4039.0,4031.0,4031.6,2624,33.0,1.0,39231.0,GC
2025-10-29 11:30:00+00:00,4031.8,4034.0,4027.4,4031.5,2794,33.0,1.0,39231.0,GC
2025-10-29 11:45:00+00:00,4031.3,4033.3,4026.6,4030.2,2071,33.0,1.0,39231.0,GC
2025-10-29 12:00:00+00:00,4031.0,4043.5,4027.0,4042.4,3019,33.0,1.0,39231.0,GC
2025-10-29 12:15:00+00:00,4042.4,4046.2,4037.0,4040.5,2996,33.0,1.0,39231.0,GC
2025-10-29 12:30:00+00:00,4040.2,4042.9,4035.5,4039.9,1824,33.0,1.0,39231.0,GC
2025-10-29 12:45:00+00:00,4039.9,4041.8,4036.5,4038.8,2164,33.0,1.0,39231.0,GC
2025-10-29 13:00:00+00:00,4038.8,4038.9,4023.3,4026.1,6063,33.0,1.0,39231.0,GC
2025-10-29 13:15:00+00:00,4026.2,4033.7,4026.2,4032.2,3265,33.0,1.0,39231.0,GC
2025-10-29 13:30:00+00:00,4032.5,4033.3,4017.2,4021.7,9467,33.0,1.0,39231.0,GC
2025-10-29 13:45:00+00:00,4021.8,4028.5,4016.8,4026.9,5591,33.0,1.0,39231.0,GC
2025-10-29 14:00:00+00:00,4026.8,4037.1,4026.0,4031.2,5025,33.0,1.0,39231.0,GC
2025-10-29 14:15:00+00:00,4031.7,4034.6,4028.4,4030.7,3229,33.0,1.0,39231.0,GC
2025-10-29 14:30:00+00:00,4030.8,4035.2,4022.2,4023.7,3683,33.0,1.0,39231.0,GC
2025-10-29 14:45:00+00:00,4023.6,4028.7,4020.6,4021.9,3063,33.0,1.0,39231.0,GC
2025-10-29 15:00:00+00:00,4021.8,4026.6,4018.6,4023.9,4355,33.0,1.0,39231.0,GC
2025-10-29 15:15:00+00:00,4023.8,4024.8,4014.7,4021.1,4312,33.0,1.0,39231.0,GC
2025-10-29 15:30:00+00:00,4021.2,4023.3,4017.5,4018.8,2089,33.0,1.0,39231.0,GC
2025-10-29 15:45:00+00:00,4018.5,4018.7,4003.4,4007.5,6646,33.0,1.0,39231.0,GC
2025-10-29 16:00:00+00:00,4007.8,4014.6,4005.9,4012.2,2623,33.0,1.0,39231.0,GC
2025-10-29 16:15:00+00:00,4011.8,4016.3,4010.6,4013.0,2486,33.0,1.0,39231.0,GC
2025-10-29 16:30:00+00:00,4012.7,4013.1,4007.2,4009.6,1873,33.0,1.0,39231.0,GC
2025-10-29 16:45:00+00:00,4009.4,4014.6,4006.7,4007.7,1778,33.0,1.0,39231.0,GC
2025-10-29 17:00:00+00:00,4007.3,4012.0,4003.5,4011.8,1942,33.0,1.0,39231.0,GC
2025-10-29 17:15:00+00:00,4012.0,4012.0,3999.2,4000.5,3339,33.0,1.0,39231.0,GC
2025-10-29 17:30:00+00:00,4000.7,4009.0,3999.9,4005.7,2519,33.0,1.0,39231.0,GC
2025-10-29 17:45:00+00:00,4005.4,4010.0,4005.2,4009.0,1671,33.0,1.0,39231.0,GC
2025-10-29 18:00:00+00:00,4008.6,4021.7,3992.4,3997.1,8965,33.0,1.0,39231.0,GC
2025-10-29 18:15:00+00:00,3997.1,4002.9,3988.3,3994.2,6104,33.0,1.0,39231.0,GC
2025-10-29 18:30:00+00:00,3994.5,4003.3,3954.7,3967.1,15605,33.0,1.0,39231.0,GC
2025-10-29 18:45:00+00:00,3966.7,3985.9,3960.6,3982.9,8037,33.0,1.0,39231.0,GC
2025-10-29 19:00:00+00:00,3983.0,3993.5,3966.6,3982.3,7258,33.0,1.0,39231.0,GC
2025-10-29 19:15:00+00:00,3983.9,3988.4,3964.0,3966.3,4165,33.0,1.0,39231.0,GC
2025-10-29 19:30:00+00:00,3965.9,3968.5,3940.4,3941.8,6871,33.0,1.0,39231.0,GC
2025-10-29 19:45:00+00:00,3942.2,3962.8,3941.9,3959.2,4701,33.0,1.0,39231.0,GC
2025-10-29 20:00:00+00:00,3958.7,3962.8,3945.6,3954.4,2695,33.0,1.0,39231.0,GC
2025-10-29 20:15:00+00:00,3954.9,3967.8,3950.0,3962.2,2171,33.0,1.0,39231.0,GC
2025-10-29 20:30:00+00:00,3962.3,3963.9,3948.2,3949.8,1403,33.0,1.0,39231.0,GC
2025-10-29 20:45:00+00:00,3949.6,3954.4,3940.5,3941.7,1382,33.0,1.0,39231.0,GC
2025-10-29 22:00:00+00:00,3942.8,3951.5,3925.1,3949.0,2709,33.0,1.0,39231.0,GC
2025-10-29 22:15:00+00:00,3949.9,3957.0,3936.2,3949.0,2054,33.0,1.0,39231.0,GC
2025-10-29 22:30:00+00:00,3948.8,3954.3,3942.5,3953.0,782,33.0,1.0,39231.0,GC
2025-10-29 22:45:00+00:00,3952.9,3960.5,3952.0,3953.0,982,33.0,1.0,39231.0,GC
2025-10-29 23:00:00+00:00,3952.9,3960.3,3951.0,3957.4,916,33.0,1.0,39231.0,GC
2025-10-29 23:15:00+00:00,3957.8,3962.9,3955.4,3961.4,826,33.0,1.0,39231.0,GC
2025-10-29 23:30:00+00:00,3961.9,3962.3,3955.3,3956.1,755,33.0,1.0,39231.0,GC
2025-10-29 23:45:00+00:00,3956.1,3965.5,3952.0,3963.9,1201,33.0,1.0,39231.0,GC
2025-10-30 00:00:00+00:00,3964.1,3976.2,3963.3,3968.5,1904,33.0,1.0,39231.0,GC
2025-10-30 00:15:00+00:00,3968.0,3976.6,3966.7,3971.2,1770,33.0,1.0,39231.0,GC
2025-10-30 00:30:00+00:00,3971.2,3971.2,3953.0,3953.3,1782,33.0,1.0,39231.0,GC
2025-10-30 00:45:00+00:00,3953.1,3964.8,3948.2,3961.8,2524,33.0,1.0,39231.0,GC
2025-10-30 01:00:00+00:00,3961.5,3978.2,3956.5,3962.0,5015,33.0,1.0,39231.0,GC
2025-10-30 01:15:00+00:00,3961.7,3969.6,3956.9,3962.1,2252,33.0,1.0,39231.0,GC
2025-10-30 01:30:00+00:00,3962.2,3972.2,3959.8,3970.2,2088,33.0,1.0,39231.0,GC
2025-10-30 01:45:00+00:00,3970.2,3970.8,3958.2,3960.4,1480,33.0,1.0,39231.0,GC
2025-10-30 02:00:00+00:00,3960.0,3960.8,3938.5,3948.5,4459,33.0,1.0,39231.0,GC
2025-10-30 02:15:00+00:00,3948.6,3950.1,3943.8,3945.0,1495,33.0,1.0,39231.0,GC
2025-10-30 02:30:00+00:00,3944.9,3953.8,3942.1,3949.4,2185,33.0,1.0,39231.0,GC
2025-10-30 02:45:00+00:00,3949.6,3951.0,3934.2,3934.5,2437,33.0,1.0,39231.0,GC
2025-10-30 03:00:00+00:00,3934.9,3942.0,3927.6,3941.3,2976,33.0,1.0,39231.0,GC
2025-10-30 03:15:00+00:00,3941.4,3947.3,3938.1,3944.7,1254,33.0,1.0,39231.0,GC
2025-10-30 03:30:00+00:00,3945.1,3949.5,3943.2,3944.1,1176,33.0,1.0,39231.0,GC
2025-10-30 03:45:00+00:00,3944.0,3949.8,3941.4,3949.4,1077,33.0,1.0,39231.0,GC
2025-10-30 04:00:00+00:00,3949.5,3955.8,3946.7,3955.1,2247,33.0,1.0,39231.0,GC
2025-10-30 04:15:00+00:00,3955.1,3971.8,3953.5,3971.7,2172,33.0,1.0,39231.0,GC
2025-10-30 04:30:00+00:00,3972.0,3996.0,3970.8,3991.6,6819,33.0,1.0,39231.0,GC
2025-10-30 04:45:00+00:00,3991.2,3995.1,3983.8,3985.2,2779,33.0,1.0,39231.0,GC
2025-10-30 05:00:00+00:00,3985.5,3991.0,3974.1,3975.1,2787,33.0,1.0,39231.0,GC
2025-10-30 05:15:00+00:00,3975.2,3977.2,3961.1,3963.0,2366,33.0,1.0,39231.0,GC
2025-10-30 05:30:00+00:00,3962.7,3976.4,3959.0,3975.4,2281,33.0,1.0,39231.0,GC
2025-10-30 05:45:00+00:00,3975.2,3986.2,3973.1,3976.2,2105,33.0,1.0,39231.0,GC
2025-10-30 06:00:00+00:00,3975.8,3983.2,3968.4,3974.9,2236,33.0,1.0,39231.0,GC
2025-10-30 06:15:00+00:00,3974.2,3983.6,3971.0,3977.7,1772,33.0,1.0,39231.0,GC
2025-10-30 06:30:00+00:00,3978.2,3981.4,3969.2,3978.9,1876,33.0,1.0,39231.0,GC
2025-10-30 06:45:00+00:00,3978.8,3990.0,3975.3,3989.3,1545,33.0,1.0,39231.0,GC
2025-10-30 07:00:00+00:00,3989.1,3990.0,3981.8,3982.7,1520,33.0,1.0,39231.0,GC
2025-10-30 07:15:00+00:00,3982.8,3985.0,3972.1,3980.2,1744,33.0,1.0,39231.0,GC
2025-10-30 07:30:00+00:00,3980.7,3982.0,3969.8,3973.6,1520,33.0,1.0,39231.0,GC
2025-10-30 07:45:00+00:00,3973.4,3973.7,3967.0,3972.8,1531,33.0,1.0,39231.0,GC
2025-10-30 08:00:00+00:00,3973.0,3981.3,3971.4,3977.6,2297,33.0,1.0,39231.0,GC
2025-10-30 08:15:00+00:00,3977.5,3987.2,3976.0,3985.2,1762,33.0,1.0,39231.0,GC
2025-10-30 08:30:00+00:00,3985.5,3987.8,3980.6,3986.7,1378,33.0,1.0,39231.0,GC
2025-10-30 08:45:00+00:00,3986.7,3989.2,3983.6,3988.5,2196,33.0,1.0,39231.0,GC
2025-10-30 09:00:00+00:00,3988.2,4019.2,3988.1,4017.0,5068,33.0,1.0,39231.0,GC
2025-10-30 09:15:00+00:00,4017.5,4024.2,4012.2,4017.1,3812,33.0,1.0,39231.0,GC
2025-10-30 09:30:00+00:00,4017.2,4019.7,4011.9,4017.6,2690,33.0,1.0,39231.0,GC
2025-10-30 09:45:00+00:00,4017.6,4018.3,4003.8,4010.4,2637,33.0,1.0,39231.0,GC
2025-10-30 10:00:00+00:00,4010.7,4013.3,4007.7,4009.9,1635,33.0,1.0,39231.0,GC
2025-10-30 10:15:00+00:00,4010.0,4010.9,3993.6,3999.2,2784,33.0,1.0,39231.0,GC
2025-10-30 10:30:00+00:00,3998.9,4000.6,3985.1,3993.8,3409,33.0,1.0,39231.0,GC
2025-10-30 10:45:00+00:00,3993.8,3998.4,3991.0,3995.8,1828,33.0,1.0,39231.0,GC
2025-10-30 11:00:00+00:00,3996.1,3997.3,3988.1,3988.3,1854,33.0,1.0,39231.0,GC
2025-10-30 11:15:00+00:00,3988.3,3989.5,3975.3,3977.6,3594,33.0,1.0,39231.0,GC
2025-10-30 11:30:00+00:00,3977.3,3987.7,3976.7,3984.5,1958,33.0,1.0,39231.0,GC
2025-10-30 11:45:00+00:00,3984.5,3988.2,3981.7,3985.7,1411,33.0,1.0,39231.0,GC
2025-10-30 12:00:00+00:00,3985.8,3995.1,3984.4,3994.2,2787,33.0,1.0,39231.0,GC
2025-10-30 12:15:00+00:00,3994.3,3997.7,3982.6,3982.6,2650,33.0,1.0,39231.0,GC
2025-10-30 12:30:00+00:00,3983.1,3992.9,3977.8,3989.4,3562,33.0,1.0,39231.0,GC
2025-10-30 12:45:00+00:00,3989.1,3991.5,3972.0,3972.6,3762,33.0,1.0,39231.0,GC
2025-10-30 13:00:00+00:00,3972.2,3989.1,3970.9,3986.8,4115,33.0,1.0,39231.0,GC
2025-10-30 13:15:00+00:00,3987.3,3987.8,3980.7,3980.9,1944,33.0,1.0,39231.0,GC
2025-10-30 13:30:00+00:00,3981.2,3990.8,3974.0,3986.7,5460,33.0,1.0,39231.0,GC
2025-10-30 13:45:00+00:00,3986.5,4007.9,3985.2,4007.9,6880,33.0,1.0,39231.0,GC
2025-10-30 14:00:00+00:00,4007.6,4028.3,4004.2,4024.6,10726,33.0,1.0,39231.0,GC
2025-10-30 14:15:00+00:00,4024.8,4026.8,4008.6,4011.3,7317,33.0,1.0,39231.0,GC
2025-10-30 14:30:00+00:00,4011.3,4014.4,3999.6,4006.0,5492,33.0,1.0,39231.0,GC
2025-10-30 14:45:00+00:00,4006.3,4015.7,4002.3,4009.6,4493,33.0,1.0,39231.0,GC
2025-10-30 15:00:00+00:00,4009.2,4018.7,4001.6,4013.9,5196,33.0,1.0,39231.0,GC
2025-10-30 15:15:00+00:00,4013.7,4016.3,4007.6,4012.0,2594,33.0,1.0,39231.0,GC
2025-10-30 15:30:00+00:00,4011.7,4019.4,4011.0,4018.4,2940,33.0,1.0,39231.0,GC
2025-10-30 15:45:00+00:00,4018.5,4022.4,4014.1,4015.3,2254,33.0,1.0,39231.0,GC
2025-10-30 16:00:00+00:00,4015.3,4017.8,4007.2,4008.5,2423,33.0,1.0,39231.0,GC
2025-10-30 16:15:00+00:00,4008.2,4012.0,4004.6,4009.2,2301,33.0,1.0,39231.0,GC
2025-10-30 16:30:00+00:00,4008.9,4016.4,4008.5,4016.2,1798,33.0,1.0,39231.0,GC
2025-10-30 16:45:00+00:00,4016.0,4016.6,4010.3,4014.5,1195,33.0,1.0,39231.0,GC
2025-10-30 17:00:00+00:00,4014.7,4017.4,4008.6,4008.6,1312,33.0,1.0,39231.0,GC
2025-10-30 17:15:00+00:00,4008.9,4016.9,4007.7,4015.7,1928,33.0,1.0,39231.0,GC
2025-10-30 17:30:00+00:00,4015.8,4024.6,4015.2,4024.0,2348,33.0,1.0,39231.0,GC
2025-10-30 17:45:00+00:00,4024.2,4031.5,4016.3,4017.5,3530,33.0,1.0,39231.0,GC
2025-10-30 18:00:00+00:00,4017.5,4020.5,4013.3,4018.3,1980,33.0,1.0,39231.0,GC
2025-10-30 18:15:00+00:00,4018.7,4025.8,4016.2,4025.6,1385,33.0,1.0,39231.0,GC
2025-10-30 18:30:00+00:00,4025.3,4030.5,4019.9,4023.6,2647,33.0,1.0,39231.0,GC
2025-10-30 18:45:00+00:00,4023.6,4030.0,4022.1,4028.2,1472,33.0,1.0,39231.0,GC
2025-10-30 19:00:00+00:00,4028.3,4038.1,4027.2,4037.1,2518,33.0,1.0,39231.0,GC
2025-10-30 19:15:00+00:00,4037.0,4038.5,4030.8,4032.4,1862,33.0,1.0,39231.0,GC
2025-10-30 19:30:00+00:00,4032.4,4038.1,4032.4,4037.4,1230,33.0,1.0,39231.0,GC
2025-10-30 19:45:00+00:00,4037.0,4038.0,4032.0,4035.2,1373,33.0,1.0,39231.0,GC
2025-10-30 20:00:00+00:00,4035.2,4041.5,4034.6,4036.8,1887,33.0,1.0,39231.0,GC
2025-10-30 20:15:00+00:00,4036.4,4036.9,4030.9,4032.3,959,33.0,1.0,39231.0,GC
2025-10-30 20:30:00+00:00,4032.6,4033.7,4029.3,4033.3,737,33.0,1.0,39231.0,GC
2025-10-30 20:45:00+00:00,4033.4,4041.2,4033.2,4038.3,1109,33.0,1.0,39231.0,GC
2025-10-30 22:00:00+00:00,4038.2,4039.9,4029.3,4035.8,784,33.0,1.0,39231.0,GC
2025-10-30 22:15:00+00:00,4035.5,4035.7,4029.9,4034.4,595,33.0,1.0,39231.0,GC
2025-10-30 22:30:00+00:00,4034.3,4040.9,4034.3,4037.7,764,33.0,1.0,39231.0,GC
2025-10-30 22:45:00+00:00,4037.5,4059.9,4036.8,4051.1,3041,33.0,1.0,39231.0,GC
2025-10-30 23:00:00+00:00,4051.5,4052.6,4031.3,4039.9,2927,33.0,1.0,39231.0,GC
2025-10-30 23:15:00+00:00,4040.2,4044.9,4035.0,4040.2,1384,33.0,1.0,39231.0,GC
2025-10-30 23:30:00+00:00,4040.6,4047.6,4038.6,4044.6,889,33.0,1.0,39231.0,GC
2025-10-30 23:45:00+00:00,4044.9,4055.3,4044.4,4048.6,1873,33.0,1.0,39231.0,GC
2025-10-31 00:00:00+00:00,4048.7,4049.0,4040.4,4043.6,1571,33.0,1.0,39231.0,GC
2025-10-31 00:15:00+00:00,4043.4,4046.0,4037.9,4039.5,1302,33.0,1.0,39231.0,GC
2025-10-31 00:30:00+00:00,4039.4,4043.7,4038.0,4039.7,1122,33.0,1.0,39231.0,GC
2025-10-31 00:45:00+00:00,4039.7,4043.3,4035.5,4036.9,1063,33.0,1.0,39231.0,GC
2025-10-31 01:00:00+00:00,4037.1,4051.4,4031.4,4045.0,3347,33.0,1.0,39231.0,GC
2025-10-31 01:15:00+00:00,4045.2,4049.2,4041.1,4043.9,2131,33.0,1.0,39231.0,GC
2025-10-31 01:30:00+00:00,4043.9,4044.3,4036.5,4036.9,1415,33.0,1.0,39231.0,GC
2025-10-31 01:45:00+00:00,4037.2,4038.6,4025.4,4032.0,2462,33.0,1.0,39231.0,GC
2025-10-31 02:00:00+00:00,4031.7,4032.3,4022.5,4023.4,2902,33.0,1.0,39231.0,GC
2025-10-31 02:15:00+00:00,4023.3,4032.7,4021.9,4026.6,1882,33.0,1.0,39231.0,GC
2025-10-31 02:30:00+00:00,4026.5,4028.1,4012.8,4015.9,4294,33.0,1.0,39231.0,GC
2025-10-31 02:45:00+00:00,4016.0,4029.6,4015.7,4023.9,2363,33.0,1.0,39231.0,GC
2025-10-31 03:00:00+00:00,4023.6,4026.4,4003.6,4006.9,4056,33.0,1.0,39231.0,GC
2025-10-31 03:15:00+00:00,4006.5,4013.8,4005.3,4012.5,2076,33.0,1.0,39231.0,GC
2025-10-31 03:30:00+00:00,4012.8,4015.9,4010.0,4010.6,1121,33.0,1.0,39231.0,GC
2025-10-31 03:45:00+00:00,4010.4,4011.5,4006.1,4009.0,1084,33.0,1.0,39231.0,GC
2025-10-31 04:00:00+00:00,4009.5,4010.3,4001.9,4004.3,1546,33.0,1.0,39231.0,GC
2025-10-31 04:15:00+00:00,4004.1,4014.4,4003.8,4013.7,1230,33.0,1.0,39231.0,GC
2025-10-31 04:30:00+00:00,4013.9,4019.8,4011.6,4013.2,1493,33.0,1.0,39231.0,GC
2025-10-31 04:45:00+00:00,4013.4,4023.7,4012.8,4018.4,2006,33.0,1.0,39231.0,GC
2025-10-31 05:00:00+00:00,4018.0,4018.7,4008.3,4009.3,1583,33.0,1.0,39231.0,GC
2025-10-31 05:15:00+00:00,4009.4,4015.5,4006.2,4013.6,1270,33.0,1.0,39231.0,GC
2025-10-31 05:30:00+00:00,4013.6,4019.0,4009.7,4018.2,1579,33.0,1.0,39231.0,GC
2025-10-31 05:45:00+00:00,4018.4,4022.9,4015.0,4016.6,1576,33.0,1.0,39231.0,GC
2025-10-31 06:00:00+00:00,4016.9,4025.0,4013.7,4021.7,1625,33.0,1.0,39231.0,GC
2025-10-31 06:15:00+00:00,4021.9,4027.8,4019.2,4022.0,2096,33.0,1.0,39231.0,GC
2025-10-31 06:30:00+00:00,4021.8,4024.7,4019.5,4022.4,1113,33.0,1.0,39231.0,GC
2025-10-31 06:45:00+00:00,4022.4,4026.3,4017.0,4024.9,1261,33.0,1.0,39231.0,GC
2025-10-31 07:00:00+00:00,4024.7,4029.3,4019.2,4027.1,1999,33.0,1.0,39231.0,GC
2025-10-31 07:15:00+00:00,4027.5,4034.7,4026.3,4034.3,2175,33.0,1.0,39231.0,GC
2025-10-31 07:30:00+00:00,4034.1,4036.6,4023.3,4024.2,1946,33.0,1.0,39231.0,GC
2025-10-31 07:45:00+00:00,4024.3,4035.4,4024.0,4032.6,1974,33.0,1.0,39231.0,GC
2025-10-31 08:00:00+00:00,4032.4,4038.5,4030.2,4034.8,2233,33.0,1.0,39231.0,GC
2025-10-31 08:15:00+00:00,4034.6,4035.6,4030.1,4032.9,1332,33.0,1.0,39231.0,GC
2025-10-31 08:30:00+00:00,4032.9,4037.7,4030.2,4031.7,1442,33.0,1.0,39231.0,GC
2025-10-31 08:45:00+00:00,4032.0,4032.9,4018.1,4021.9,2066,33.0,1.0,39231.0,GC
2025-10-31 09:00:00+00:00,4021.6,4026.1,4018.2,4018.3,1596,33.0,1.0,39231.0,GC
2025-10-31 09:15:00+00:00,4018.0,4020.1,4010.0,4014.3,2291,33.0,1.0,39231.0,GC
2025-10-31 09:30:00+00:00,4014.4,4019.2,4011.4,4015.9,1269,33.0,1.0,39231.0,GC
2025-10-31 09:45:00+00:00,4015.4,4021.2,4011.2,4019.8,1877,33.0,1.0,39231.0,GC
2025-10-31 10:00:00+00:00,4020.1,4028.6,4019.7,4027.3,1694,33.0,1.0,39231.0,GC
2025-10-31 10:15:00+00:00,4027.5,4028.1,4021.8,4024.7,1524,33.0,1.0,39231.0,GC
2025-10-31 10:30:00+00:00,4024.5,4025.5,4019.7,4021.9,1281,33.0,1.0,39231.0,GC
2025-10-31 10:45:00+00:00,4021.6,4022.0,4015.0,4018.8,1184,33.0,1.0,39231.0,GC
2025-10-31 11:00:00+00:00,4018.7,4021.2,4015.5,4017.8,819,33.0,1.0,39231.0,GC
2025-10-31 11:15:00+00:00,4017.8,4019.8,4012.8,4016.8,1220,33.0,1.0,39231.0,GC
2025-10-31 11:30:00+00:00,4016.7,4020.3,4013.5,4020.3,1038,33.0,1.0,39231.0,GC
2025-10-31 11:45:00+00:00,4020.1,4023.0,4018.0,4022.4,1356,33.0,1.0,39231.0,GC
2025-10-31 12:00:00+00:00,4022.2,4025.4,4020.8,4024.7,1254,33.0,1.0,39231.0,GC
2025-10-31 12:15:00+00:00,4024.7,4037.6,4023.7,4031.5,3132,33.0,1.0,39231.0,GC
2025-10-31 12:30:00+00:00,4031.6,4046.4,4028.6,4042.7,5078,33.0,1.0,39231.0,GC
2025-10-31 12:45:00+00:00,4042.4,4049.2,4033.4,4035.3,4192,33.0,1.0,39231.0,GC
2025-10-31 13:00:00+00:00,4035.4,4048.5,4032.5,4043.7,4691,33.0,1.0,39231.0,GC
2025-10-31 13:15:00+00:00,4043.6,4044.6,4037.1,4038.7,2558,33.0,1.0,39231.0,GC
2025-10-31 13:30:00+00:00,4038.3,4041.0,4025.0,4028.0,5813,33.0,1.0,39231.0,GC
2025-10-31 13:45:00+00:00,4028.2,4035.0,4021.9,4028.2,4172,33.0,1.0,39231.0,GC
2025-10-31 14:00:00+00:00,4028.3,4039.4,4028.2,4031.8,4310,33.0,1.0,39231.0,GC
2025-10-31 14:15:00+00:00,4032.1,4038.8,4026.9,4027.9,3718,33.0,1.0,39231.0,GC
2025-10-31 14:30:00+00:00,4027.7,4034.0,4025.1,4029.0,2499,33.0,1.0,39231.0,GC
2025-10-31 14:45:00+00:00,4029.0,4034.9,4022.5,4033.0,3198,33.0,1.0,39231.0,GC
2025-10-31 15:00:00+00:00,4032.8,4033.4,4021.4,4029.7,4830,33.0,1.0,39231.0,GC
2025-10-31 15:15:00+00:00,4029.6,4032.3,4027.4,4030.6,2564,33.0,1.0,39231.0,GC
2025-10-31 15:30:00+00:00,4030.7,4035.9,4028.7,4033.6,3011,33.0,1.0,39231.0,GC
2025-10-31 15:45:00+00:00,4033.7,4034.9,4023.7,4025.0,4344,33.0,1.0,39231.0,GC
2025-10-31 16:00:00+00:00,4024.8,4027.5,3989.1,3989.9,11031,33.0,1.0,39231.0,GC
2025-10-31 16:15:00+00:00,3990.2,4001.5,3982.3,3996.8,12290,33.0,1.0,39231.0,GC
2025-10-31 16:30:00+00:00,3996.6,4001.4,3992.2,3995.5,5740,33.0,1.0,39231.0,GC
2025-10-31 16:45:00+00:00,3995.5,3998.3,3989.4,3991.8,3244,33.0,1.0,39231.0,GC
2025-10-31 17:00:00+00:00,3992.2,4003.0,3991.8,3994.8,4111,33.0,1.0,39231.0,GC
2025-10-31 17:15:00+00:00,3994.7,3999.5,3993.2,3996.0,5213,33.0,1.0,39231.0,GC
2025-10-31 17:30:00+00:00,3995.9,4010.9,3991.5,4009.7,4675,33.0,1.0,39231.0,GC
2025-10-31 17:45:00+00:00,4009.6,4015.1,4007.6,4009.0,3006,33.0,1.0,39231.0,GC
2025-10-31 18:00:00+00:00,4009.3,4018.8,4006.4,4017.9,2543,33.0,1.0,39231.0,GC
2025-10-31 18:15:00+00:00,4018.1,4021.5,4016.3,4020.1,2123,33.0,1.0,39231.0,GC
2025-10-31 18:30:00+00:00,4019.9,4020.7,4014.0,4015.2,1760,33.0,1.0,39231.0,GC
2025-10-31 18:45:00+00:00,4015.1,4018.0,4010.9,4011.7,1606,33.0,1.0,39231.0,GC
2025-10-31 19:00:00+00:00,4011.9,4017.6,4010.8,4012.1,1618,33.0,1.0,39231.0,GC
2025-10-31 19:15:00+00:00,4012.2,4014.7,4003.4,4014.2,2455,33.0,1.0,39231.0,GC
2025-10-31 19:30:00+00:00,4014.0,4014.0,4006.7,4011.4,1518,33.0,1.0,39231.0,GC
2025-10-31 19:45:00+00:00,4011.5,4013.9,4008.4,4012.9,1488,33.0,1.0,39231.0,GC
2025-10-31 20:00:00+00:00,4012.7,4013.2,4007.6,4010.1,995,33.0,1.0,39231.0,GC
2025-10-31 20:15:00+00:00,4010.3,4014.7,4009.1,4014.3,577,33.0,1.0,39231.0,GC
2025-10-31 20:30:00+00:00,4014.0,4018.9,4013.9,4016.2,667,33.0,1.0,39231.0,GC
2025-10-31 20:45:00+00:00,4016.3,4016.7,4012.0,4013.4,852,33.0,1.0,39231.0,GC
2025-11-02 23:00:00+00:00,4001.0,4009.2,3990.9,4006.2,2851,33.0,1.0,39231.0,GC
2025-11-02 23:15:00+00:00,4006.4,4009.0,3998.0,4004.9,1766,33.0,1.0,39231.0,GC
2025-11-02 23:30:00+00:00,4004.6,4006.0,3988.1,3989.0,1880,33.0,1.0,39231.0,GC
2025-11-02 23:45:00+00:00,3990.0,3995.8,3988.1,3989.7,1678,33.0,1.0,39231.0,GC
2025-11-03 00:00:00+00:00,3990.0,3998.3,3976.0,3978.2,3946,33.0,1.0,39231.0,GC
2025-11-03 00:15:00+00:00,3978.0,3982.5,3971.3,3979.9,3065,33.0,1.0,39231.0,GC
2025-11-03 00:30:00+00:00,3979.2,3987.3,3972.8,3982.5,1909,33.0,1.0,39231.0,GC
2025-11-03 00:45:00+00:00,3982.0,3986.6,3976.8,3980.9,1793,33.0,1.0,39231.0,GC
2025-11-03 01:00:00+00:00,3980.9,3999.4,3974.5,3996.4,4738,33.0,1.0,39231.0,GC
2025-11-03 01:15:00+00:00,3996.1,4009.5,3996.1,4008.6,3428,33.0,1.0,39231.0,GC
2025-11-03 01:30:00+00:00,4008.4,4011.5,4000.1,4002.0,2222,33.0,1.0,39231.0,GC
2025-11-03 01:45:00+00:00,4001.8,4010.0,3999.5,4006.1,1649,33.0,1.0,39231.0,GC
2025-11-03 02:00:00+00:00,4005.6,4008.5,4000.0,4004.7,1349,33.0,1.0,39231.0,GC
2025-11-03 02:15:00+00:00,4005.0,4016.9,4005.0,4005.2,2458,33.0,1.0,39231.0,GC
2025-11-03 02:30:00+00:00,4005.3,4016.5,4004.6,4011.5,1587,33.0,1.0,39231.0,GC
2025-11-03 02:45:00+00:00,4012.0,4017.0,4008.3,4014.5,1120,33.0,1.0,39231.0,GC
2025-11-03 03:00:00+00:00,4014.8,4022.3,4012.7,4017.8,2898,33.0,1.0,39231.0,GC
2025-11-03 03:15:00+00:00,4017.3,4020.6,4015.6,4016.4,1072,33.0,1.0,39231.0,GC
2025-11-03 03:30:00+00:00,4016.6,4024.0,4015.6,4020.9,1139,33.0,1.0,39231.0,GC
2025-11-03 03:45:00+00:00,4021.0,4025.4,4021.0,4021.3,755,33.0,1.0,39231.0,GC
2025-11-03 04:00:00+00:00,4021.4,4024.6,4016.4,4020.1,1709,33.0,1.0,39231.0,GC
2025-11-03 04:15:00+00:00,4020.0,4020.2,4011.7,4015.7,1391,33.0,1.0,39231.0,GC
2025-11-03 04:30:00+00:00,4016.0,4018.3,4012.8,4017.2,867,33.0,1.0,39231.0,GC
2025-11-03 04:45:00+00:00,4017.1,4017.7,4012.4,4013.3,684,33.0,1.0,39231.0,GC
2025-11-03 05:00:00+00:00,4013.8,4020.1,4007.0,4016.9,2533,33.0,1.0,39231.0,GC
2025-11-03 05:15:00+00:00,4017.2,4023.6,4015.0,4022.1,1250,33.0,1.0,39231.0,GC
2025-11-03 05:30:00+00:00,4022.3,4029.2,4022.3,4025.5,2079,33.0,1.0,39231.0,GC
2025-11-03 05:45:00+00:00,4025.6,4027.5,4021.9,4024.7,1004,33.0,1.0,39231.0,GC
2025-11-03 06:00:00+00:00,4025.0,4027.8,4020.5,4025.0,1407,33.0,1.0,39231.0,GC
2025-11-03 06:15:00+00:00,4025.0,4029.9,4023.8,4027.4,1097,33.0,1.0,39231.0,GC
2025-11-03 06:30:00+00:00,4027.2,4028.8,4023.7,4026.3,768,33.0,1.0,39231.0,GC
2025-11-03 06:45:00+00:00,4026.4,4029.4,4024.6,4028.4,1086,33.0,1.0,39231.0,GC
2025-11-03 07:00:00+00:00,4028.2,4034.2,4024.9,4025.1,2142,33.0,1.0,39231.0,GC
2025-11-03 07:15:00+00:00,4025.3,4030.8,4023.2,4029.1,1102,33.0,1.0,39231.0,GC
2025-11-03 07:30:00+00:00,4029.0,4033.8,4026.0,4032.8,1347,33.0,1.0,39231.0,GC
2025-11-03 07:45:00+00:00,4032.7,4036.7,4031.0,4035.9,1680,33.0,1.0,39231.0,GC
2025-11-03 08:00:00+00:00,4036.2,4038.7,4031.1,4032.1,2038,33.0,1.0,39231.0,GC
2025-11-03 08:15:00+00:00,4032.1,4034.3,4021.2,4025.1,2490,33.0,1.0,39231.0,GC
2025-11-03 08:30:00+00:00,4025.4,4028.5,4022.7,4027.5,2138,33.0,1.0,39231.0,GC
2025-11-03 08:45:00+00:00,4027.3,4031.2,4023.5,4029.9,1853,33.0,1.0,39231.0,GC
2025-11-03 09:00:00+00:00,4030.2,4036.9,4027.0,4032.8,2353,33.0,1.0,39231.0,GC
2025-11-03 09:15:00+00:00,4032.7,4033.1,4015.7,4018.2,3231,33.0,1.0,39231.0,GC
2025-11-03 09:30:00+00:00,4018.2,4019.4,4007.3,4008.0,3020,33.0,1.0,39231.0,GC
2025-11-03 09:45:00+00:00,4008.0,4016.4,4003.3,4011.6,3102,33.0,1.0,39231.0,GC
2025-11-03 10:00:00+00:00,4011.7,4016.2,4005.5,4008.5,2563,33.0,1.0,39231.0,GC
2025-11-03 10:15:00+00:00,4008.3,4012.1,4006.5,4009.2,1857,33.0,1.0,39231.0,GC
2025-11-03 10:30:00+00:00,4009.0,4013.0,4005.2,4009.2,2120,33.0,1.0,39231.0,GC
2025-11-03 10:45:00+00:00,4009.2,4010.8,4006.0,4010.2,1290,33.0,1.0,39231.0,GC
2025-11-03 11:00:00+00:00,4010.0,4014.4,4005.9,4012.3,1723,33.0,1.0,39231.0,GC
2025-11-03 11:15:00+00:00,4012.2,4018.6,4010.7,4018.3,1982,33.0,1.0,39231.0,GC
2025-11-03 11:30:00+00:00,4018.5,4018.8,4014.7,4017.1,2152,33.0,1.0,39231.0,GC
2025-11-03 11:45:00+00:00,4016.9,4020.7,4016.2,4019.6,1528,33.0,1.0,39231.0,GC
2025-11-03 12:00:00+00:00,4019.6,4020.7,4016.3,4019.0,1976,33.0,1.0,39231.0,GC
2025-11-03 12:15:00+00:00,4019.0,4019.5,4012.9,4016.7,1907,33.0,1.0,39231.0,GC
2025-11-03 12:30:00+00:00,4016.8,4023.2,4015.2,4020.0,2028,33.0,1.0,39231.0,GC
2025-11-03 12:45:00+00:00,4019.8,4025.5,4019.0,4025.3,2680,33.0,1.0,39231.0,GC
2025-11-03 13:00:00+00:00,4025.2,4030.7,4023.5,4027.8,4025,33.0,1.0,39231.0,GC
2025-11-03 13:15:00+00:00,4027.7,4032.0,4025.4,4025.8,4004,33.0,1.0,39231.0,GC
2025-11-03 13:30:00+00:00,4025.9,4032.5,4021.8,4029.0,3772,33.0,1.0,39231.0,GC
2025-11-03 13:45:00+00:00,4028.6,4030.3,4026.7,4028.1,2146,33.0,1.0,39231.0,GC
2025-11-03 14:00:00+00:00,4028.0,4032.8,4023.8,4027.5,4273,33.0,1.0,39231.0,GC
2025-11-03 14:15:00+00:00,4027.6,4032.4,4020.9,4021.7,3041,33.0,1.0,39231.0,GC
2025-11-03 14:30:00+00:00,4021.7,4025.0,4012.4,4023.7,5559,33.0,1.0,39231.0,GC
2025-11-03 14:45:00+00:00,4023.7,4038.5,4023.7,4034.1,6067,33.0,1.0,39231.0,GC
2025-11-03 15:00:00+00:00,4035.0,4043.1,4034.0,4038.5,8598,33.0,1.0,39231.0,GC
2025-11-03 15:15:00+00:00,4038.4,4040.9,4019.5,4022.5,8299,33.0,1.0,39231.0,GC
2025-11-03 15:30:00+00:00,4022.4,4034.0,4016.3,4032.9,5316,33.0,1.0,39231.0,GC
2025-11-03 15:45:00+00:00,4032.7,4035.4,4014.4,4019.3,4476,33.0,1.0,39231.0,GC
2025-11-03 16:00:00+00:00,4019.2,4024.6,4012.6,4015.7,3571,33.0,1.0,39231.0,GC
2025-11-03 16:15:00+00:00,4015.3,4016.4,4006.0,4009.7,4998,33.0,1.0,39231.0,GC
2025-11-03 16:30:00+00:00,4009.6,4016.3,4007.5,4015.5,2876,33.0,1.0,39231.0,GC
2025-11-03 16:45:00+00:00,4015.3,4021.4,4013.5,4019.8,2437,33.0,1.0,39231.0,GC
2025-11-03 17:00:00+00:00,4019.9,4021.9,4015.2,4020.5,2171,33.0,1.0,39231.0,GC
2025-11-03 17:15:00+00:00,4020.5,4024.4,4018.5,4019.0,2302,33.0,1.0,39231.0,GC
2025-11-03 17:30:00+00:00,4018.8,4019.2,4016.0,4017.6,2463,33.0,1.0,39231.0,GC
2025-11-03 17:45:00+00:00,4017.6,4019.6,4016.8,4018.0,1769,33.0,1.0,39231.0,GC
2025-11-03 18:00:00+00:00,4017.9,4018.8,4013.4,4014.8,2142,33.0,1.0,39231.0,GC
2025-11-03 18:15:00+00:00,4014.5,4016.0,4011.6,4013.6,2881,33.0,1.0,39231.0,GC
2025-11-03 18:30:00+00:00,4013.7,4021.9,4013.3,4020.3,2118,33.0,1.0,39231.0,GC
2025-11-03 18:45:00+00:00,4020.6,4020.8,4015.4,4018.2,1233,33.0,1.0,39231.0,GC
2025-11-03 19:00:00+00:00,4018.4,4020.3,4007.1,4015.0,2443,33.0,1.0,39231.0,GC
2025-11-03 19:15:00+00:00,4015.3,4017.7,4013.3,4015.8,1511,33.0,1.0,39231.0,GC
2025-11-03 19:30:00+00:00,4015.8,4016.9,4012.1,4012.1,948,33.0,1.0,39231.0,GC
2025-11-03 19:45:00+00:00,4012.0,4019.5,4011.3,4016.3,1320,33.0,1.0,39231.0,GC
2025-11-03 20:00:00+00:00,4016.6,4024.7,4016.6,4022.5,1571,33.0,1.0,39231.0,GC
2025-11-03 20:15:00+00:00,4022.5,4027.4,4021.6,4024.0,2095,33.0,1.0,39231.0,GC
2025-11-03 20:30:00+00:00,4023.9,4024.6,4019.2,4021.4,1043,33.0,1.0,39231.0,GC
2025-11-03 20:45:00+00:00,4021.5,4024.5,4020.1,4022.7,1068,33.0,1.0,39231.0,GC
2025-11-03 21:00:00+00:00,4022.5,4022.7,4016.9,4017.4,963,33.0,1.0,39231.0,GC
2025-11-03 21:15:00+00:00,4017.4,4018.1,4013.3,4014.1,587,33.0,1.0,39231.0,GC
2025-11-03 21:30:00+00:00,4014.1,4015.0,4012.5,4013.6,368,33.0,1.0,39231.0,GC
2025-11-03 21:45:00+00:00,4013.7,4014.5,4012.1,4013.7,303,33.0,1.0,39231.0,GC
2025-11-03 23:00:00+00:00,4013.7,4018.0,3989.1,3998.5,2037,33.0,1.0,39231.0,GC
2025-11-03 23:15:00+00:00,3998.7,4008.0,3998.3,4006.5,1382,33.0,1.0,39231.0,GC
2025-11-03 23:30:00+00:00,4006.2,4010.6,4004.6,4008.4,860,33.0,1.0,39231.0,GC
2025-11-03 23:45:00+00:00,4008.9,4010.5,4003.7,4008.1,979,33.0,1.0,39231.0,GC
2025-11-04 00:00:00+00:00,4008.4,4009.9,4001.0,4005.3,1528,33.0,1.0,39231.0,GC
2025-11-04 00:15:00+00:00,4005.3,4010.0,4002.9,4003.8,983,33.0,1.0,39231.0,GC
2025-11-04 00:30:00+00:00,4003.6,4004.6,3988.1,3989.7,3896,33.0,1.0,39231.0,GC
2025-11-04 00:45:00+00:00,3989.5,3999.0,3989.2,3996.1,2027,33.0,1.0,39231.0,GC
2025-11-04 01:00:00+00:00,3996.3,4002.7,3994.0,3999.8,2408,33.0,1.0,39231.0,GC
2025-11-04 01:15:00+00:00,4000.0,4004.3,3990.1,3994.7,2420,33.0,1.0,39231.0,GC
2025-11-04 01:30:00+00:00,3994.5,3997.5,3988.7,3996.6,1878,33.0,1.0,39231.0,GC
2025-11-04 01:45:00+00:00,3996.5,3999.5,3994.3,3996.4,1136,33.0,1.0,39231.0,GC
2025-11-04 02:00:00+00:00,3996.4,3996.4,3984.2,3986.8,3828,33.0,1.0,39231.0,GC
2025-11-04 02:15:00+00:00,3986.7,3993.5,3986.7,3993.2,1292,33.0,1.0,39231.0,GC
2025-11-04 02:30:00+00:00,3993.4,3994.6,3986.2,3992.6,2016,33.0,1.0,39231.0,GC
2025-11-04 02:45:00+00:00,3992.5,3996.5,3984.8,3996.4,2357,33.0,1.0,39231.0,GC
2025-11-04 03:00:00+00:00,3996.5,4000.1,3991.5,3997.7,1500,33.0,1.0,39231.0,GC
2025-11-04 03:15:00+00:00,3997.9,4003.5,3994.1,4002.4,1205,33.0,1.0,39231.0,GC
2025-11-04 03:30:00+00:00,4002.3,4009.2,4000.0,4001.4,2415,33.0,1.0,39231.0,GC
2025-11-04 03:45:00+00:00,4001.5,4004.5,4000.1,4003.7,1218,33.0,1.0,39231.0,GC
2025-11-04 04:00:00+00:00,4003.8,4004.4,3996.9,3997.8,1181,33.0,1.0,39231.0,GC
2025-11-04 04:15:00+00:00,3997.3,4002.3,3997.0,4001.2,775,33.0,1.0,39231.0,GC
2025-11-04 04:30:00+00:00,4001.0,4002.6,3997.1,3997.3,1024,33.0,1.0,39231.0,GC
2025-11-04 04:45:00+00:00,3997.5,4000.9,3993.0,3994.9,2050,33.0,1.0,39231.0,GC
2025-11-04 05:00:00+00:00,3994.6,3996.0,3990.1,3993.0,1474,33.0,1.0,39231.0,GC
2025-11-04 05:15:00+00:00,3993.2,3996.3,3991.9,3992.2,864,33.0,1.0,39231.0,GC
2025-11-04 05:30:00+00:00,3991.9,3995.1,3984.4,3985.2,2260,33.0,1.0,39231.0,GC
2025-11-04 05:45:00+00:00,3985.0,3990.6,3980.9,3982.4,2730,33.0,1.0,39231.0,GC
2025-11-04 06:00:00+00:00,3982.1,3984.1,3975.0,3983.1,3712,33.0,1.0,39231.0,GC
2025-11-04 06:15:00+00:00,3983.3,3985.0,3976.8,3984.4,1801,33.0,1.0,39231.0,GC
2025-11-04 06:30:00+00:00,3984.4,3989.8,3982.5,3988.1,1948,33.0,1.0,39231.0,GC
2025-11-04 06:45:00+00:00,3988.3,3996.9,3986.1,3993.4,2163,33.0,1.0,39231.0,GC
2025-11-04 07:00:00+00:00,3993.5,3999.9,3990.7,3996.4,2551,33.0,1.0,39231.0,GC
2025-11-04 07:15:00+00:00,3996.8,4006.3,3995.5,4003.6,2470,33.0,1.0,39231.0,GC
2025-11-04 07:30:00+00:00,4003.4,4006.4,4000.5,4001.9,1559,33.0,1.0,39231.0,GC
2025-11-04 07:45:00+00:00,4001.6,4006.6,4001.3,4004.0,922,33.0,1.0,39231.0,GC
2025-11-04 08:00:00+00:00,4004.3,4010.0,4001.7,4001.9,2339,33.0,1.0,39231.0,GC
2025-11-04 08:15:00+00:00,4001.8,4011.6,4000.7,4010.5,2618,33.0,1.0,39231.0,GC
2025-11-04 08:30:00+00:00,4010.4,4011.2,4005.6,4009.7,1392,33.0,1.0,39231.0,GC
2025-11-04 08:45:00+00:00,4009.7,4010.9,4006.3,4006.8,954,33.0,1.0,39231.0,GC
2025-11-04 09:00:00+00:00,4006.5,4008.3,4001.9,4002.4,1580,33.0,1.0,39231.0,GC
2025-11-04 09:15:00+00:00,4001.9,4005.3,4001.6,4002.7,1065,33.0,1.0,39231.0,GC
2025-11-04 09:30:00+00:00,4002.4,4010.6,4002.4,4007.6,1717,33.0,1.0,39231.0,GC
2025-11-04 09:45:00+00:00,4007.4,4008.1,4000.1,4001.1,1693,33.0,1.0,39231.0,GC
2025-11-04 10:00:00+00:00,4000.9,4005.0,3995.4,4004.8,2139,33.0,1.0,39231.0,GC
2025-11-04 10:15:00+00:00,4004.8,4007.2,4001.2,4002.1,1290,33.0,1.0,39231.0,GC
2025-11-04 10:30:00+00:00,4002.3,4008.1,4000.6,4005.8,1207,33.0,1.0,39231.0,GC
2025-11-04 10:45:00+00:00,4006.2,4006.8,4001.5,4004.0,856,33.0,1.0,39231.0,GC
2025-11-04 11:00:00+00:00,4004.1,4006.0,4001.6,4003.8,593,33.0,1.0,39231.0,GC
2025-11-04 11:15:00+00:00,4004.4,4005.8,4002.7,4004.0,431,33.0,1.0,39231.0,GC
2025-11-04 11:30:00+00:00,4004.0,4005.9,4002.5,4002.7,791,33.0,1.0,39231.0,GC
2025-11-04 11:45:00+00:00,4002.8,4010.7,4002.2,4005.7,1982,33.0,1.0,39231.0,GC
2025-11-04 12:00:00+00:00,4005.8,4007.4,4004.0,4007.1,1148,33.0,1.0,39231.0,GC
2025-11-04 12:15:00+00:00,4007.0,4008.0,3999.6,4000.3,1346,33.0,1.0,39231.0,GC
2025-11-04 12:30:00+00:00,4000.3,4000.8,3994.1,4000.7,2288,33.0,1.0,39231.0,GC
2025-11-04 12:45:00+00:00,4000.7,4002.8,3992.9,3994.7,2411,33.0,1.0,39231.0,GC
2025-11-04 13:00:00+00:00,3994.5,4006.8,3993.5,4003.7,3071,33.0,1.0,39231.0,GC
2025-11-04 13:15:00+00:00,4003.8,4006.6,3993.0,3994.1,2992,33.0,1.0,39231.0,GC
2025-11-04 13:30:00+00:00,3994.0,3998.4,3985.0,3989.9,4213,33.0,1.0,39231.0,GC
2025-11-04 13:45:00+00:00,3989.7,3992.0,3981.9,3985.7,3109,33.0,1.0,39231.0,GC
2025-11-04 14:00:00+00:00,3985.5,3986.2,3973.3,3985.4,5964,33.0,1.0,39231.0,GC
2025-11-04 14:15:00+00:00,3985.1,3987.3,3960.4,3960.4,6115,33.0,1.0,39231.0,GC
2025-11-04 14:30:00+00:00,3961.0,3966.4,3937.1,3940.0,21123,33.0,1.0,39231.0,GC
2025-11-04 14:45:00+00:00,3939.9,3969.6,3939.5,3966.5,9797,33.0,1.0,39231.0,GC
2025-11-04 15:00:00+00:00,3966.4,3968.8,3953.0,3956.3,7327,33.0,1.0,39231.0,GC
2025-11-04 15:15:00+00:00,3956.4,3962.2,3950.3,3958.8,4267,33.0,1.0,39231.0,GC
2025-11-04 15:30:00+00:00,3958.7,3977.9,3957.9,3974.7,6472,33.0,1.0,39231.0,GC
2025-11-04 15:45:00+00:00,3974.9,3975.7,3966.3,3966.4,2983,33.0,1.0,39231.0,GC
2025-11-04 16:00:00+00:00,3966.5,3975.6,3966.4,3973.1,2861,33.0,1.0,39231.0,GC
2025-11-04 16:15:00+00:00,3973.5,3986.3,3973.1,3982.6,4436,33.0,1.0,39231.0,GC
2025-11-04 16:30:00+00:00,3982.5,3984.2,3975.6,3979.5,2946,33.0,1.0,39231.0,GC
2025-11-04 16:45:00+00:00,3979.9,3980.5,3973.9,3979.4,1701,33.0,1.0,39231.0,GC
2025-11-04 17:00:00+00:00,3979.4,3981.2,3971.4,3974.0,2239,33.0,1.0,39231.0,GC
2025-11-04 17:15:00+00:00,3974.2,3975.3,3968.4,3969.2,2477,33.0,1.0,39231.0,GC
2025-11-04 17:30:00+00:00,3969.1,3975.5,3968.7,3971.4,1873,33.0,1.0,39231.0,GC
2025-11-04 17:45:00+00:00,3971.5,3974.7,3962.1,3965.3,3125,33.0,1.0,39231.0,GC
2025-11-04 18:00:00+00:00,3965.1,3967.0,3959.2,3960.7,2068,33.0,1.0,39231.0,GC
2025-11-04 18:15:00+00:00,3960.8,3962.9,3955.7,3961.4,4035,33.0,1.0,39231.0,GC
2025-11-04 18:30:00+00:00,3961.4,3961.9,3941.7,3948.1,6303,33.0,1.0,39231.0,GC
2025-11-04 18:45:00+00:00,3947.8,3950.6,3944.6,3947.1,2917,33.0,1.0,39231.0,GC
2025-11-04 19:00:00+00:00,3947.5,3953.6,3944.0,3949.7,2041,33.0,1.0,39231.0,GC
2025-11-04 19:15:00+00:00,3949.7,3953.6,3949.2,3950.9,1929,33.0,1.0,39231.0,GC
2025-11-04 19:30:00+00:00,3950.8,3952.3,3945.4,3947.8,2591,33.0,1.0,39231.0,GC
2025-11-04 19:45:00+00:00,3947.8,3949.4,3945.6,3947.2,1352,33.0,1.0,39231.0,GC
2025-11-04 20:00:00+00:00,3947.1,3949.0,3940.9,3943.7,2973,33.0,1.0,39231.0,GC
2025-11-04 20:15:00+00:00,3943.9,3948.3,3941.6,3947.5,2329,33.0,1.0,39231.0,GC
2025-11-04 20:30:00+00:00,3947.8,3951.6,3945.9,3950.4,2106,33.0,1.0,39231.0,GC
2025-11-04 20:45:00+00:00,3950.6,3950.8,3945.6,3948.7,1825,33.0,1.0,39231.0,GC
2025-11-04 21:00:00+00:00,3948.8,3949.3,3943.6,3944.2,998,33.0,1.0,39231.0,GC
2025-11-04 21:15:00+00:00,3944.2,3945.4,3940.7,3943.9,730,33.0,1.0,39231.0,GC
2025-11-04 21:30:00+00:00,3944.0,3944.9,3939.8,3940.5,887,33.0,1.0,39231.0,GC
2025-11-04 21:45:00+00:00,3940.0,3943.6,3939.8,3941.3,536,33.0,1.0,39231.0,GC
2025-11-04 23:00:00+00:00,3939.5,3949.5,3939.5,3944.1,1052,33.0,1.0,39231.0,GC
2025-11-04 23:15:00+00:00,3944.1,3948.0,3943.4,3945.8,607,33.0,1.0,39231.0,GC
2025-11-04 23:30:00+00:00,3945.7,3946.5,3941.1,3945.9,662,33.0,1.0,39231.0,GC
2025-11-04 23:45:00+00:00,3945.7,3945.7,3938.4,3942.5,1135,33.0,1.0,39231.0,GC
2025-11-05 00:00:00+00:00,3942.4,3951.5,3940.8,3948.3,1611,33.0,1.0,39231.0,GC
2025-11-05 00:15:00+00:00,3948.5,3951.0,3942.5,3946.6,1315,33.0,1.0,39231.0,GC
2025-11-05 00:30:00+00:00,3946.9,3947.4,3936.4,3939.2,2381,33.0,1.0,39231.0,GC
2025-11-05 00:45:00+00:00,3938.9,3948.4,3935.7,3948.0,1928,33.0,1.0,39231.0,GC
2025-11-05 01:00:00+00:00,3948.4,3953.9,3945.8,3951.7,2289,33.0,1.0,39231.0,GC
2025-11-05 01:15:00+00:00,3951.3,3957.2,3946.6,3955.0,1846,33.0,1.0,39231.0,GC
2025-11-05 01:30:00+00:00,3955.0,3958.0,3951.4,3951.4,1972,33.0,1.0,39231.0,GC
2025-11-05 01:45:00+00:00,3951.2,3951.9,3942.6,3945.3,2361,33.0,1.0,39231.0,GC
2025-11-05 02:00:00+00:00,3945.3,3953.5,3943.6,3950.3,1760,33.0,1.0,39231.0,GC
2025-11-05 02:15:00+00:00,3950.2,3950.5,3944.0,3946.0,986,33.0,1.0,39231.0,GC
2025-11-05 02:30:00+00:00,3946.1,3956.9,3945.6,3953.4,1783,33.0,1.0,39231.0,GC
2025-11-05 02:45:00+00:00,3953.9,3959.7,3953.5,3957.6,1774,33.0,1.0,39231.0,GC
2025-11-05 03:00:00+00:00,3957.1,3964.1,3955.9,3961.2,1562,33.0,1.0,39231.0,GC
2025-11-05 03:15:00+00:00,3961.2,3964.6,3961.2,3961.7,950,33.0,1.0,39231.0,GC
2025-11-05 03:30:00+00:00,3962.0,3968.3,3960.3,3968.0,1332,33.0,1.0,39231.0,GC
2025-11-05 03:45:00+00:00,3968.3,3974.1,3967.9,3969.2,1669,33.0,1.0,39231.0,GC
2025-11-05 04:00:00+00:00,3969.2,3973.4,3968.5,3970.1,1034,33.0,1.0,39231.0,GC
2025-11-05 04:15:00+00:00,3970.1,3972.9,3968.3,3972.0,769,33.0,1.0,39231.0,GC
2025-11-05 04:30:00+00:00,3972.1,3980.9,3971.9,3979.8,2157,33.0,1.0,39231.0,GC
2025-11-05 04:45:00+00:00,3979.4,3982.4,3975.8,3978.5,1623,33.0,1.0,39231.0,GC
2025-11-05 05:00:00+00:00,3978.8,3980.8,3975.2,3979.8,1175,33.0,1.0,39231.0,GC
2025-11-05 05:15:00+00:00,3979.2,3987.2,3978.6,3984.3,1744,33.0,1.0,39231.0,GC
2025-11-05 05:30:00+00:00,3984.3,3984.7,3977.7,3978.8,2040,33.0,1.0,39231.0,GC
2025-11-05 05:45:00+00:00,3978.6,3978.6,3970.6,3973.2,1749,33.0,1.0,39231.0,GC
2025-11-05 06:00:00+00:00,3973.6,3977.5,3970.3,3973.5,1333,33.0,1.0,39231.0,GC
2025-11-05 06:15:00+00:00,3973.4,3979.2,3972.3,3976.2,924,33.0,1.0,39231.0,GC
2025-11-05 06:30:00+00:00,3976.6,3982.5,3973.8,3980.1,1276,33.0,1.0,39231.0,GC
2025-11-05 06:45:00+00:00,3980.1,3980.9,3973.8,3975.0,929,33.0,1.0,39231.0,GC
2025-11-05 07:00:00+00:00,3975.1,3976.5,3972.0,3975.1,1945,33.0,1.0,39231.0,GC
2025-11-05 07:15:00+00:00,3975.1,3978.5,3971.7,3974.5,1389,33.0,1.0,39231.0,GC
2025-11-05 07:30:00+00:00,3974.4,3980.2,3973.7,3979.3,1577,33.0,1.0,39231.0,GC
2025-11-05 07:45:00+00:00,3979.3,3984.4,3977.5,3982.2,1081,33.0,1.0,39231.0,GC
2025-11-05 08:00:00+00:00,3982.2,3997.0,3982.0,3992.1,4529,33.0,1.0,39231.0,GC
2025-11-05 08:15:00+00:00,3992.2,3994.0,3988.2,3989.7,1906,33.0,1.0,39231.0,GC
2025-11-05 08:30:00+00:00,3989.9,3996.3,3989.8,3991.7,1614,33.0,1.0,39231.0,GC
2025-11-05 08:45:00+00:00,3991.6,3993.6,3989.3,3990.0,1103,33.0,1.0,39231.0,GC
2025-11-05 09:00:00+00:00,3989.8,3991.3,3985.0,3985.5,2134,33.0,1.0,39231.0,GC
2025-11-05 09:15:00+00:00,3985.7,3985.8,3973.5,3975.1,2501,33.0,1.0,39231.0,GC
2025-11-05 09:30:00+00:00,3975.2,3982.0,3973.6,3979.9,1781,33.0,1.0,39231.0,GC
2025-11-05 09:45:00+00:00,3979.9,3983.1,3979.0,3981.9,853,33.0,1.0,39231.0,GC
2025-11-05 10:00:00+00:00,3981.8,3981.8,3965.1,3973.3,3344,33.0,1.0,39231.0,GC
2025-11-05 10:15:00+00:00,3973.0,3976.8,3969.6,3973.7,1270,33.0,1.0,39231.0,GC
2025-11-05 10:30:00+00:00,3973.8,3976.8,3973.3,3976.6,983,33.0,1.0,39231.0,GC
2025-11-05 10:45:00+00:00,3976.4,3979.7,3969.2,3973.5,1611,33.0,1.0,39231.0,GC
2025-11-05 11:00:00+00:00,3973.5,3978.2,3969.6,3970.0,1209,33.0,1.0,39231.0,GC
2025-11-05 11:15:00+00:00,3969.7,3971.0,3966.4,3967.4,1175,33.0,1.0,39231.0,GC
2025-11-05 11:30:00+00:00,3967.4,3973.4,3966.6,3972.6,1538,33.0,1.0,39231.0,GC
2025-11-05 11:45:00+00:00,3972.2,3977.2,3971.7,3975.5,1588,33.0,1.0,39231.0,GC
2025-11-05 12:00:00+00:00,3975.5,3975.8,3970.8,3973.4,1172,33.0,1.0,39231.0,GC
2025-11-05 12:15:00+00:00,3973.3,3979.0,3972.7,3976.6,1092,33.0,1.0,39231.0,GC
2025-11-05 12:30:00+00:00,3976.7,3977.2,3972.4,3974.0,980,33.0,1.0,39231.0,GC
2025-11-05 12:45:00+00:00,3973.9,3979.3,3973.0,3979.3,1005,33.0,1.0,39231.0,GC
2025-11-05 13:00:00+00:00,3979.3,3984.2,3976.2,3982.1,1918,33.0,1.0,39231.0,GC
2025-11-05 13:15:00+00:00,3981.8,3987.6,3973.8,3986.0,3752,33.0,1.0,39231.0,GC
2025-11-05 13:30:00+00:00,3985.8,3987.2,3980.5,3984.5,2447,33.0,1.0,39231.0,GC
2025-11-05 13:45:00+00:00,3984.4,3989.5,3980.8,3985.9,1944,33.0,1.0,39231.0,GC
2025-11-05 14:00:00+00:00,3985.6,3990.8,3983.2,3989.4,2348,33.0,1.0,39231.0,GC
2025-11-05 14:15:00+00:00,3989.5,3995.2,3988.2,3993.3,2293,33.0,1.0,39231.0,GC
2025-11-05 14:30:00+00:00,3993.3,3995.6,3985.5,3986.2,4474,33.0,1.0,39231.0,GC
2025-11-05 14:45:00+00:00,3986.0,3988.6,3979.0,3983.0,4307,33.0,1.0,39231.0,GC
2025-11-05 15:00:00+00:00,3982.5,3987.2,3972.9,3979.9,6404,33.0,1.0,39231.0,GC
2025-11-05 15:15:00+00:00,3979.7,3989.7,3975.4,3988.5,3455,33.0,1.0,39231.0,GC
2025-11-05 15:30:00+00:00,3988.5,3994.5,3987.8,3993.1,3972,33.0,1.0,39231.0,GC
2025-11-05 15:45:00+00:00,3993.1,3994.5,3986.8,3987.9,2360,33.0,1.0,39231.0,GC
2025-11-05 16:00:00+00:00,3988.5,3992.0,3985.5,3986.6,1852,33.0,1.0,39231.0,GC
2025-11-05 16:15:00+00:00,3986.8,3990.9,3983.8,3990.8,1718,33.0,1.0,39231.0,GC
2025-11-05 16:30:00+00:00,3990.7,3993.8,3986.8,3992.5,2055,33.0,1.0,39231.0,GC
2025-11-05 16:45:00+00:00,3992.6,4000.7,3992.6,3996.8,3689,33.0,1.0,39231.0,GC
2025-11-05 17:00:00+00:00,3996.8,3999.8,3992.0,3994.1,2183,33.0,1.0,39231.0,GC
2025-11-05 17:15:00+00:00,3993.9,3995.3,3988.1,3992.0,2168,33.0,1.0,39231.0,GC
2025-11-05 17:30:00+00:00,3992.2,3993.9,3989.4,3992.9,1139,33.0,1.0,39231.0,GC
2025-11-05 17:45:00+00:00,3992.7,3993.1,3989.0,3991.3,1255,33.0,1.0,39231.0,GC
2025-11-05 18:00:00+00:00,3991.7,3993.4,3988.9,3993.2,771,33.0,1.0,39231.0,GC
2025-11-05 18:15:00+00:00,3993.1,3995.9,3991.4,3993.5,2064,33.0,1.0,39231.0,GC
2025-11-05 18:30:00+00:00,3993.5,3994.7,3988.4,3989.2,1028,33.0,1.0,39231.0,GC
2025-11-05 18:45:00+00:00,3989.3,3992.9,3989.2,3992.1,855,33.0,1.0,39231.0,GC
2025-11-05 19:00:00+00:00,3992.2,3995.9,3989.0,3989.5,1102,33.0,1.0,39231.0,GC
2025-11-05 19:15:00+00:00,3989.4,3994.1,3988.7,3993.8,739,33.0,1.0,39231.0,GC
2025-11-05 19:30:00+00:00,3993.9,3998.6,3992.4,3996.9,1100,33.0,1.0,39231.0,GC
2025-11-05 19:45:00+00:00,3996.9,3998.9,3996.3,3997.9,768,33.0,1.0,39231.0,GC
2025-11-05 20:00:00+00:00,3997.8,4000.3,3996.5,3997.9,1053,33.0,1.0,39231.0,GC
2025-11-05 20:15:00+00:00,3998.0,3998.8,3995.8,3995.8,637,33.0,1.0,39231.0,GC
2025-11-05 20:30:00+00:00,3995.9,3998.4,3994.1,3994.6,1198,33.0,1.0,39231.0,GC
2025-11-05 20:45:00+00:00,3994.6,3995.6,3991.6,3994.8,1640,33.0,1.0,39231.0,GC
2025-11-05 21:00:00+00:00,3995.1,3995.6,3991.8,3994.0,599,33.0,1.0,39231.0,GC
2025-11-05 21:15:00+00:00,3993.8,3994.7,3992.0,3992.0,549,33.0,1.0,39231.0,GC
2025-11-05 21:30:00+00:00,3992.1,3993.7,3992.1,3992.4,279,33.0,1.0,39231.0,GC
2025-11-05 21:45:00+00:00,3992.6,3993.3,3988.5,3990.4,506,33.0,1.0,39231.0,GC
2025-11-05 23:00:00+00:00,3992.4,3992.8,3973.9,3979.2,2529,33.0,1.0,39231.0,GC
2025-11-05 23:15:00+00:00,3979.3,3981.3,3978.0,3979.7,501,33.0,1.0,39231.0,GC
2025-11-05 23:30:00+00:00,3979.7,3984.8,3979.6,3982.3,759,33.0,1.0,39231.0,GC
2025-11-05 23:45:00+00:00,3982.5,3987.1,3982.4,3982.8,639,33.0,1.0,39231.0,GC
2025-11-06 00:00:00+00:00,3982.7,3984.6,3979.5,3984.1,636,33.0,1.0,39231.0,GC
2025-11-06 00:15:00+00:00,3984.1,3984.1,3980.1,3983.0,560,33.0,1.0,39231.0,GC
2025-11-06 00:30:00+00:00,3982.6,3983.9,3978.2,3981.1,1043,33.0,1.0,39231.0,GC
2025-11-06 00:45:00+00:00,3981.2,3984.7,3979.0,3984.7,988,33.0,1.0,39231.0,GC
2025-11-06 01:00:00+00:00,3984.9,3986.1,3973.2,3978.8,2300,33.0,1.0,39231.0,GC
2025-11-06 01:15:00+00:00,3979.0,3984.2,3977.1,3977.2,1203,33.0,1.0,39231.0,GC
2025-11-06 01:30:00+00:00,3977.0,3982.6,3975.9,3979.4,819,33.0,1.0,39231.0,GC
2025-11-06 01:45:00+00:00,3979.6,3985.0,3979.4,3984.6,572,33.0,1.0,39231.0,GC
2025-11-06 02:00:00+00:00,3984.6,3988.0,3982.2,3985.9,1337,33.0,1.0,39231.0,GC
2025-11-06 02:15:00+00:00,3986.0,3987.4,3984.8,3986.6,704,33.0,1.0,39231.0,GC
2025-11-06 02:30:00+00:00,3986.8,3993.9,3986.8,3988.6,1702,33.0,1.0,39231.0,GC
2025-11-06 02:45:00+00:00,3988.8,3992.7,3988.0,3991.7,663,33.0,1.0,39231.0,GC
2025-11-06 03:00:00+00:00,3991.7,3993.4,3987.6,3992.8,890,33.0,1.0,39231.0,GC
2025-11-06 03:15:00+00:00,3992.8,3995.4,3990.5,3994.2,1051,33.0,1.0,39231.0,GC
2025-11-06 03:30:00+00:00,3994.3,3998.7,3994.1,3995.7,1006,33.0,1.0,39231.0,GC
2025-11-06 03:45:00+00:00,3995.7,3996.2,3993.2,3995.7,711,33.0,1.0,39231.0,GC
2025-11-06 04:00:00+00:00,3995.5,3996.3,3992.6,3993.7,653,33.0,1.0,39231.0,GC
2025-11-06 04:15:00+00:00,3993.9,3996.0,3993.1,3994.9,453,33.0,1.0,39231.0,GC
2025-11-06 04:30:00+00:00,3995.0,3997.7,3994.2,3995.3,720,33.0,1.0,39231.0,GC
2025-11-06 04:45:00+00:00,3995.1,3998.3,3993.2,3997.0,832,33.0,1.0,39231.0,GC
2025-11-06 05:00:00+00:00,3997.0,3998.6,3994.3,3996.4,699,33.0,1.0,39231.0,GC
2025-11-06 05:15:00+00:00,3996.2,3999.5,3995.9,3998.9,717,33.0,1.0,39231.0,GC
2025-11-06 05:30:00+00:00,3998.6,3999.0,3994.2,3996.2,1032,33.0,1.0,39231.0,GC
2025-11-06 05:45:00+00:00,3996.6,3999.4,3995.7,3996.7,737,33.0,1.0,39231.0,GC
2025-11-06 06:00:00+00:00,3996.7,3998.6,3993.8,3995.9,1073,33.0,1.0,39231.0,GC
2025-11-06 06:15:00+00:00,3995.5,3997.6,3994.2,3995.7,598,33.0,1.0,39231.0,GC
2025-11-06 06:30:00+00:00,3995.7,3996.5,3992.7,3992.7,676,33.0,1.0,39231.0,GC
2025-11-06 06:45:00+00:00,3993.0,4002.3,3990.7,4000.7,2426,33.0,1.0,39231.0,GC
2025-11-06 07:00:00+00:00,4000.8,4008.4,4000.3,4007.2,2593,33.0,1.0,39231.0,GC
2025-11-06 07:15:00+00:00,4007.4,4017.8,4006.7,4012.3,3651,33.0,1.0,39231.0,GC
2025-11-06 07:30:00+00:00,4012.3,4018.5,4012.1,4014.2,1976,33.0,1.0,39231.0,GC
2025-11-06 07:45:00+00:00,4014.4,4018.2,4013.2,4014.8,1168,33.0,1.0,39231.0,GC
2025-11-06 08:00:00+00:00,4014.8,4019.1,4013.8,4018.4,1638,33.0,1.0,39231.0,GC
2025-11-06 08:15:00+00:00,4018.7,4025.6,4018.3,4025.1,2858,33.0,1.0,39231.0,GC
2025-11-06 08:30:00+00:00,4025.2,4026.0,4019.2,4019.3,1850,33.0,1.0,39231.0,GC
2025-11-06 08:45:00+00:00,4019.4,4025.2,4019.2,4024.3,1463,33.0,1.0,39231.0,GC
2025-11-06 09:00:00+00:00,4024.1,4024.6,4020.2,4021.5,1684,33.0,1.0,39231.0,GC
2025-11-06 09:15:00+00:00,4021.4,4024.6,4020.5,4022.1,1697,33.0,1.0,39231.0,GC
2025-11-06 09:30:00+00:00,4022.1,4022.9,4020.0,4021.8,842,33.0,1.0,39231.0,GC
2025-11-06 09:45:00+00:00,4021.9,4022.2,4018.4,4020.3,1292,33.0,1.0,39231.0,GC
2025-11-06 10:00:00+00:00,4020.4,4020.6,4015.1,4017.7,2022,33.0,1.0,39231.0,GC
2025-11-06 10:15:00+00:00,4017.8,4018.5,4014.4,4015.3,1195,33.0,1.0,39231.0,GC
2025-11-06 10:30:00+00:00,4015.2,4018.1,4013.5,4017.2,2272,33.0,1.0,39231.0,GC
2025-11-06 10:45:00+00:00,4017.2,4018.8,4014.4,4017.7,711,33.0,1.0,39231.0,GC
2025-11-06 11:00:00+00:00,4017.6,4019.9,4017.2,4019.2,973,33.0,1.0,39231.0,GC
2025-11-06 11:15:00+00:00,4019.3,4020.4,4016.3,4018.6,1452,33.0,1.0,39231.0,GC
2025-11-06 11:30:00+00:00,4018.9,4026.5,4018.7,4025.4,2394,33.0,1.0,39231.0,GC
2025-11-06 11:45:00+00:00,4025.4,4028.6,4023.2,4027.2,1727,33.0,1.0,39231.0,GC
2025-11-06 12:00:00+00:00,4027.0,4028.7,4021.1,4021.8,3383,33.0,1.0,39231.0,GC
2025-11-06 12:15:00+00:00,4021.6,4023.7,4020.2,4021.0,1157,33.0,1.0,39231.0,GC
2025-11-06 12:30:00+00:00,4021.1,4022.3,4015.6,4018.0,1375,33.0,1.0,39231.0,GC
2025-11-06 12:45:00+00:00,4017.9,4019.5,4012.0,4014.5,1721,33.0,1.0,39231.0,GC
2025-11-06 13:00:00+00:00,4014.6,4022.3,4012.8,4020.8,2597,33.0,1.0,39231.0,GC
2025-11-06 13:15:00+00:00,4020.9,4025.5,4019.2,4022.9,2062,33.0,1.0,39231.0,GC
2025-11-06 13:30:00+00:00,4022.8,4025.4,4019.6,4022.7,1733,33.0,1.0,39231.0,GC
2025-11-06 13:45:00+00:00,4022.3,4025.2,4020.8,4021.1,1316,33.0,1.0,39231.0,GC
2025-11-06 14:00:00+00:00,4021.1,4023.1,4013.6,4017.1,2438,33.0,1.0,39231.0,GC
2025-11-06 14:15:00+00:00,4017.0,4017.0,3997.4,4000.4,6472,33.0,1.0,39231.0,GC
2025-11-06 14:30:00+00:00,4000.2,4011.5,3999.2,4006.8,5866,33.0,1.0,39231.0,GC
2025-11-06 14:45:00+00:00,4006.8,4009.8,4001.0,4001.9,3369,33.0,1.0,39231.0,GC
2025-11-06 15:00:00+00:00,4001.5,4002.2,3986.6,3990.9,9922,33.0,1.0,39231.0,GC
2025-11-06 15:15:00+00:00,3991.0,3999.3,3989.9,3994.6,3812,33.0,1.0,39231.0,GC
2025-11-06 15:30:00+00:00,3994.9,3995.4,3983.5,3986.6,4977,33.0,1.0,39231.0,GC
2025-11-06 15:45:00+00:00,3986.4,3992.7,3984.6,3988.3,2969,33.0,1.0,39231.0,GC
2025-11-06 16:00:00+00:00,3988.2,3994.7,3987.7,3990.1,3150,33.0,1.0,39231.0,GC
2025-11-06 16:15:00+00:00,3989.7,3992.5,3984.7,3992.2,2240,33.0,1.0,39231.0,GC
2025-11-06 16:30:00+00:00,3992.3,3992.8,3984.3,3987.4,2347,33.0,1.0,39231.0,GC
2025-11-06 16:45:00+00:00,3987.4,3993.3,3986.1,3989.1,1939,33.0,1.0,39231.0,GC
2025-11-06 17:00:00+00:00,3989.5,3993.9,3986.2,3986.8,2135,33.0,1.0,39231.0,GC
2025-11-06 17:15:00+00:00,3986.7,3987.4,3973.2,3977.9,6655,33.0,1.0,39231.0,GC
2025-11-06 17:30:00+00:00,3977.8,3990.6,3975.7,3989.7,2990,33.0,1.0,39231.0,GC
2025-11-06 17:45:00+00:00,3989.8,3996.4,3989.3,3994.5,2634,33.0,1.0,39231.0,GC
2025-11-06 18:00:00+00:00,3994.5,3994.9,3988.1,3992.2,2255,33.0,1.0,39231.0,GC
2025-11-06 18:15:00+00:00,3992.3,3997.4,3989.8,3991.1,2688,33.0,1.0,39231.0,GC
2025-11-06 18:30:00+00:00,3991.0,3999.1,3990.9,3997.7,1968,33.0,1.0,39231.0,GC
2025-11-06 18:45:00+00:00,3997.7,3998.7,3994.5,3995.9,971,33.0,1.0,39231.0,GC
2025-11-06 19:00:00+00:00,3995.9,4003.7,3994.6,4003.3,1554,33.0,1.0,39231.0,GC
2025-11-06 19:15:00+00:00,4003.4,4003.6,4000.1,4000.3,695,33.0,1.0,39231.0,GC
2025-11-06 19:30:00+00:00,4000.3,4000.8,3996.3,3997.4,1254,33.0,1.0,39231.0,GC
2025-11-06 19:45:00+00:00,3997.5,3998.1,3990.8,3993.2,1701,33.0,1.0,39231.0,GC
2025-11-06 20:00:00+00:00,3993.3,3995.2,3990.3,3992.2,772,33.0,1.0,39231.0,GC
2025-11-06 20:15:00+00:00,3992.0,3992.5,3989.6,3990.4,733,33.0,1.0,39231.0,GC
2025-11-06 20:30:00+00:00,3990.5,3994.7,3990.3,3991.7,893,33.0,1.0,39231.0,GC
2025-11-06 20:45:00+00:00,3991.6,3991.6,3987.2,3988.8,1332,33.0,1.0,39231.0,GC
2025-11-06 21:00:00+00:00,3989.0,3990.8,3985.9,3989.3,851,33.0,1.0,39231.0,GC
2025-11-06 21:15:00+00:00,3989.1,3989.8,3986.4,3988.3,631,33.0,1.0,39231.0,GC
2025-11-06 21:30:00+00:00,3988.4,3989.0,3986.1,3986.6,400,33.0,1.0,39231.0,GC
2025-11-06 21:45:00+00:00,3986.8,3987.0,3984.3,3984.8,386,33.0,1.0,39231.0,GC
2025-11-06 23:00:00+00:00,3986.9,3990.6,3981.6,3988.3,795,33.0,1.0,39231.0,GC
2025-11-06 23:15:00+00:00,3988.7,3992.5,3988.0,3991.0,442,33.0,1.0,39231.0,GC
2025-11-06 23:30:00+00:00,3991.0,3995.0,3989.0,3993.2,764,33.0,1.0,39231.0,GC
2025-11-06 23:45:00+00:00,3993.1,3996.8,3993.1,3996.0,580,33.0,1.0,39231.0,GC
2025-11-07 00:00:00+00:00,3996.0,3997.0,3991.6,3994.4,1039,33.0,1.0,39231.0,GC
2025-11-07 00:15:00+00:00,3994.4,4000.0,3994.0,3998.8,814,33.0,1.0,39231.0,GC
2025-11-07 00:30:00+00:00,3999.0,4002.0,3996.5,3998.9,995,33.0,1.0,39231.0,GC
2025-11-07 00:45:00+00:00,3999.0,3999.0,3995.2,3996.0,518,33.0,1.0,39231.0,GC
2025-11-07 01:00:00+00:00,3995.9,4007.0,3994.7,4006.1,2194,33.0,1.0,39231.0,GC
2025-11-07 01:15:00+00:00,4006.0,4008.8,4004.2,4004.8,1833,33.0,1.0,39231.0,GC
2025-11-07 01:30:00+00:00,4004.9,4010.2,4002.0,4009.6,1193,33.0,1.0,39231.0,GC
2025-11-07 01:45:00+00:00,4009.8,4010.4,4006.5,4009.2,809,33.0,1.0,39231.0,GC
2025-11-07 02:00:00+00:00,4009.2,4011.3,4005.1,4005.5,1108,33.0,1.0,39231.0,GC
2025-11-07 02:15:00+00:00,4005.3,4005.5,4000.7,4002.6,1469,33.0,1.0,39231.0,GC
2025-11-07 02:30:00+00:00,4002.7,4006.1,3998.7,4000.0,1364,33.0,1.0,39231.0,GC
2025-11-07 02:45:00+00:00,4000.5,4005.0,4000.1,4002.6,777,33.0,1.0,39231.0,GC
2025-11-07 03:00:00+00:00,4002.3,4003.7,3995.4,3998.1,1234,33.0,1.0,39231.0,GC
2025-11-07 03:15:00+00:00,3998.3,4000.5,3995.6,3999.9,720,33.0,1.0,39231.0,GC
2025-11-07 03:30:00+00:00,3999.7,4002.4,3998.1,4002.0,669,33.0,1.0,39231.0,GC
2025-11-07 03:45:00+00:00,4001.7,4002.1,3996.5,3997.7,850,33.0,1.0,39231.0,GC
2025-11-07 04:00:00+00:00,3997.4,4000.2,3992.6,3998.1,1227,33.0,1.0,39231.0,GC
2025-11-07 04:15:00+00:00,3998.1,4005.1,3997.5,4003.6,906,33.0,1.0,39231.0,GC
2025-11-07 04:30:00+00:00,4003.9,4004.7,4001.0,4002.8,648,33.0,1.0,39231.0,GC
2025-11-07 04:45:00+00:00,4002.6,4006.0,4002.5,4005.7,431,33.0,1.0,39231.0,GC
2025-11-07 05:00:00+00:00,4006.0,4006.3,4003.9,4005.1,640,33.0,1.0,39231.0,GC
2025-11-07 05:15:00+00:00,4005.0,4005.0,3998.7,4001.1,693,33.0,1.0,39231.0,GC
2025-11-07 05:30:00+00:00,4001.1,4005.2,4001.0,4003.8,799,33.0,1.0,39231.0,GC
2025-11-07 05:45:00+00:00,4004.0,4004.6,4000.7,4002.4,619,33.0,1.0,39231.0,GC
2025-11-07 06:00:00+00:00,4002.3,4004.4,3999.5,4002.9,903,33.0,1.0,39231.0,GC
2025-11-07 06:15:00+00:00,4003.2,4007.7,4002.1,4005.8,1177,33.0,1.0,39231.0,GC
2025-11-07 06:30:00+00:00,4005.7,4010.8,4004.1,4009.0,1309,33.0,1.0,39231.0,GC
2025-11-07 06:45:00+00:00,4009.3,4016.2,4009.0,4014.5,1659,33.0,1.0,39231.0,GC
2025-11-07 07:00:00+00:00,4014.7,4017.3,4013.0,4015.4,1483,33.0,1.0,39231.0,GC
2025-11-07 07:15:00+00:00,4015.4,4017.3,4010.4,4010.6,2207,33.0,1.0,39231.0,GC
2025-11-07 07:30:00+00:00,4011.0,4013.9,4011.0,4012.9,865,33.0,1.0,39231.0,GC
2025-11-07 07:45:00+00:00,4013.0,4015.7,4010.3,4015.2,999,33.0,1.0,39231.0,GC
2025-11-07 08:00:00+00:00,4015.4,4018.4,4012.3,4017.4,1962,33.0,1.0,39231.0,GC
2025-11-07 08:15:00+00:00,4017.5,4017.6,4011.6,4013.2,1048,33.0,1.0,39231.0,GC
2025-11-07 08:30:00+00:00,4013.4,4016.7,4011.2,4013.5,945,33.0,1.0,39231.0,GC
2025-11-07 08:45:00+00:00,4013.4,4018.7,4012.7,4018.0,1072,33.0,1.0,39231.0,GC
2025-11-07 09:00:00+00:00,4017.9,4019.9,4016.1,4018.8,1036,33.0,1.0,39231.0,GC
2025-11-07 09:15:00+00:00,4019.0,4022.6,4017.7,4018.2,1758,33.0,1.0,39231.0,GC
2025-11-07 09:30:00+00:00,4018.2,4019.5,4011.6,4014.0,1416,33.0,1.0,39231.0,GC
2025-11-07 09:45:00+00:00,4013.9,4017.0,4013.1,4014.5,882,33.0,1.0,39231.0,GC
2025-11-07 10:00:00+00:00,4014.6,4016.4,4013.3,4013.5,848,33.0,1.0,39231.0,GC
2025-11-07 10:15:00+00:00,4013.6,4017.3,4010.5,4013.9,1449,33.0,1.0,39231.0,GC
2025-11-07 10:30:00+00:00,4013.6,4014.4,4010.9,4012.0,885,33.0,1.0,39231.0,GC
2025-11-07 10:45:00+00:00,4011.9,4017.0,4011.9,4015.7,795,33.0,1.0,39231.0,GC
2025-11-07 11:00:00+00:00,4015.6,4019.9,4009.9,4011.1,1195,33.0,1.0,39231.0,GC
2025-11-07 11:15:00+00:00,4011.3,4015.4,4005.8,4006.8,2109,33.0,1.0,39231.0,GC
2025-11-07 11:30:00+00:00,4006.9,4007.5,4001.2,4006.7,1900,33.0,1.0,39231.0,GC
2025-11-07 11:45:00+00:00,4006.5,4012.3,4006.5,4011.0,1585,33.0,1.0,39231.0,GC
2025-11-07 12:00:00+00:00,4010.9,4016.9,4010.2,4014.1,1779,33.0,1.0,39231.0,GC
2025-11-07 12:15:00+00:00,4013.9,4014.4,4006.0,4006.2,1422,33.0,1.0,39231.0,GC
2025-11-07 12:30:00+00:00,4006.1,4007.2,4002.5,4004.0,1598,33.0,1.0,39231.0,GC
2025-11-07 12:45:00+00:00,4004.1,4006.2,3998.9,4003.3,2120,33.0,1.0,39231.0,GC
2025-11-07 13:00:00+00:00,4003.4,4008.4,3999.3,4003.2,1903,33.0,1.0,39231.0,GC
2025-11-07 13:15:00+00:00,4003.3,4009.6,4002.6,4004.4,1740,33.0,1.0,39231.0,GC
2025-11-07 13:30:00+00:00,4004.8,4005.0,3998.7,4001.0,2331,33.0,1.0,39231.0,GC
2025-11-07 13:45:00+00:00,4000.8,4007.2,3999.9,4004.5,1662,33.0,1.0,39231.0,GC
2025-11-07 14:00:00+00:00,4004.7,4011.5,4002.3,4010.1,2190,33.0,1.0,39231.0,GC
2025-11-07 14:15:00+00:00,4009.8,4015.0,4007.2,4008.1,2803,33.0,1.0,39231.0,GC
2025-11-07 14:30:00+00:00,4008.1,4008.1,3991.2,3997.6,7777,33.0,1.0,39231.0,GC
2025-11-07 14:45:00+00:00,3998.1,4003.4,3993.2,4001.0,3541,33.0,1.0,39231.0,GC
2025-11-07 15:00:00+00:00,4000.5,4006.8,3997.9,3998.5,4131,33.0,1.0,39231.0,GC
2025-11-07 15:15:00+00:00,3998.3,4002.6,3995.0,4000.4,2705,33.0,1.0,39231.0,GC
2025-11-07 15:30:00+00:00,4000.6,4003.4,3993.0,3993.8,2770,33.0,1.0,39231.0,GC
2025-11-07 15:45:00+00:00,3994.0,4000.4,3991.0,3998.0,2239,33.0,1.0,39231.0,GC
2025-11-07 16:00:00+00:00,3998.3,4008.4,3997.0,4006.8,3246,33.0,1.0,39231.0,GC
2025-11-07 16:15:00+00:00,4007.0,4017.6,4003.2,4015.8,4260,33.0,1.0,39231.0,GC
2025-11-07 16:30:00+00:00,4015.6,4035.8,4015.6,4029.2,11780,33.0,1.0,39231.0,GC
2025-11-07 16:45:00+00:00,4029.2,4030.6,4014.1,4015.8,6060,33.0,1.0,39231.0,GC
2025-11-07 17:00:00+00:00,4015.9,4018.0,4002.6,4007.3,6368,33.0,1.0,39231.0,GC
2025-11-07 17:15:00+00:00,4007.2,4008.8,3999.6,4005.2,3672,33.0,1.0,39231.0,GC
2025-11-07 17:30:00+00:00,4005.0,4007.0,4001.2,4006.1,2224,33.0,1.0,39231.0,GC
2025-11-07 17:45:00+00:00,4006.1,4013.8,4003.9,4012.6,2801,33.0,1.0,39231.0,GC
2025-11-07 18:00:00+00:00,4012.6,4016.4,4010.2,4011.8,2624,33.0,1.0,39231.0,GC
2025-11-07 18:15:00+00:00,4011.8,4014.0,4006.6,4010.0,3347,33.0,1.0,39231.0,GC
2025-11-07 18:30:00+00:00,4009.8,4014.4,4008.8,4013.6,1669,33.0,1.0,39231.0,GC
2025-11-07 18:45:00+00:00,4013.5,4014.9,4011.1,4012.5,1179,33.0,1.0,39231.0,GC
2025-11-07 19:00:00+00:00,4012.8,4016.1,4010.6,4015.2,1163,33.0,1.0,39231.0,GC
2025-11-07 19:15:00+00:00,4015.0,4016.0,4012.5,4013.7,930,33.0,1.0,39231.0,GC
2025-11-07 19:30:00+00:00,4013.9,4015.3,4009.2,4010.3,1717,33.0,1.0,39231.0,GC
2025-11-07 19:45:00+00:00,4010.3,4015.5,4008.9,4014.2,1075,33.0,1.0,39231.0,GC
2025-11-07 20:00:00+00:00,4014.0,4014.4,4011.1,4012.7,799,33.0,1.0,39231.0,GC
2025-11-07 20:15:00+00:00,4012.9,4012.9,4002.4,4006.6,2005,33.0,1.0,39231.0,GC
2025-11-07 20:30:00+00:00,4006.5,4012.0,4005.2,4009.2,1418,33.0,1.0,39231.0,GC
2025-11-07 20:45:00+00:00,4009.1,4014.2,4007.0,4012.1,1480,33.0,1.0,39231.0,GC
2025-11-07 21:00:00+00:00,4011.8,4013.1,4010.6,4010.8,644,33.0,1.0,39231.0,GC
2025-11-07 21:15:00+00:00,4010.9,4011.0,4009.0,4010.0,341,33.0,1.0,39231.0,GC
2025-11-07 21:30:00+00:00,4009.6,4010.5,4006.9,4008.1,301,33.0,1.0,39231.0,GC
2025-11-07 21:45:00+00:00,4008.1,4009.9,4006.3,4007.8,711,33.0,1.0,39231.0,GC
2025-11-09 23:00:00+00:00,4007.2,4019.9,4004.2,4018.8,2076,33.0,1.0,39231.0,GC
2025-11-09 23:15:00+00:00,4018.7,4019.7,4013.0,4016.9,1417,33.0,1.0,39231.0,GC
2025-11-09 23:30:00+00:00,4016.6,4017.7,4012.5,4016.3,1089,33.0,1.0,39231.0,GC
2025-11-09 23:45:00+00:00,4015.6,4020.4,4013.3,4019.5,906,33.0,1.0,39231.0,GC
2025-11-10 00:00:00+00:00,4019.7,4025.2,4019.2,4023.9,1799,33.0,1.0,39231.0,GC
2025-11-10 00:15:00+00:00,4023.6,4025.1,4022.1,4024.4,766,33.0,1.0,39231.0,GC
2025-11-10 00:30:00+00:00,4024.5,4025.5,4019.3,4024.4,1730,33.0,1.0,39231.0,GC
2025-11-10 00:45:00+00:00,4024.5,4032.1,4024.4,4028.3,2261,33.0,1.0,39231.0,GC
2025-11-10 01:00:00+00:00,4027.9,4037.7,4026.8,4035.5,3243,33.0,1.0,39231.0,GC
2025-11-10 01:15:00+00:00,4035.6,4061.4,4035.6,4056.4,7796,33.0,1.0,39231.0,GC
2025-11-10 01:30:00+00:00,4056.2,4062.0,4053.7,4059.5,3737,33.0,1.0,39231.0,GC
2025-11-10 01:45:00+00:00,4058.7,4061.0,4050.1,4052.9,3472,33.0,1.0,39231.0,GC
2025-11-10 02:00:00+00:00,4052.8,4055.9,4046.3,4053.7,2971,33.0,1.0,39231.0,GC
2025-11-10 02:15:00+00:00,4053.5,4057.4,4048.3,4049.8,1784,33.0,1.0,39231.0,GC
2025-11-10 02:30:00+00:00,4049.8,4055.0,4047.0,4053.4,1538,33.0,1.0,39231.0,GC
2025-11-10 02:45:00+00:00,4053.1,4057.9,4052.2,4056.8,1223,33.0,1.0,39231.0,GC
2025-11-10 03:00:00+00:00,4056.8,4057.2,4053.7,4054.5,994,33.0,1.0,39231.0,GC
2025-11-10 03:15:00+00:00,4054.7,4060.8,4053.5,4059.1,1597,33.0,1.0,39231.0,GC
2025-11-10 03:30:00+00:00,4059.6,4061.7,4058.8,4059.0,1601,33.0,1.0,39231.0,GC
2025-11-10 03:45:00+00:00,4059.1,4060.0,4055.7,4058.7,804,33.0,1.0,39231.0,GC
2025-11-10 04:00:00+00:00,4058.5,4065.9,4058.5,4065.0,1858,33.0,1.0,39231.0,GC
2025-11-10 04:15:00+00:00,4065.2,4065.4,4061.4,4062.6,825,33.0,1.0,39231.0,GC
2025-11-10 04:30:00+00:00,4062.9,4064.4,4061.4,4061.4,664,33.0,1.0,39231.0,GC
2025-11-10 04:45:00+00:00,4061.4,4063.4,4058.5,4062.8,871,33.0,1.0,39231.0,GC
2025-11-10 05:00:00+00:00,4062.8,4062.9,4058.7,4058.8,849,33.0,1.0,39231.0,GC
2025-11-10 05:15:00+00:00,4059.0,4064.8,4058.9,4064.1,851,33.0,1.0,39231.0,GC
2025-11-10 05:30:00+00:00,4064.2,4073.7,4063.8,4071.4,3336,33.0,1.0,39231.0,GC
2025-11-10 05:45:00+00:00,4071.7,4078.2,4070.3,4078.0,2672,33.0,1.0,39231.0,GC
2025-11-10 06:00:00+00:00,4077.8,4079.5,4074.9,4076.2,1853,33.0,1.0,39231.0,GC
2025-11-10 06:15:00+00:00,4076.3,4081.8,4076.3,4080.9,1447,33.0,1.0,39231.0,GC
2025-11-10 06:30:00+00:00,4080.9,4087.2,4079.4,4081.7,2407,33.0,1.0,39231.0,GC
2025-11-10 06:45:00+00:00,4082.0,4085.3,4078.5,4083.5,2109,33.0,1.0,39231.0,GC
2025-11-10 07:00:00+00:00,4083.9,4087.5,4081.6,4087.3,1468,33.0,1.0,39231.0,GC
2025-11-10 07:15:00+00:00,4087.3,4087.6,4080.4,4083.5,1611,33.0,1.0,39231.0,GC
2025-11-10 07:30:00+00:00,4083.8,4087.5,4082.3,4083.7,1463,33.0,1.0,39231.0,GC
2025-11-10 07:45:00+00:00,4083.9,4087.1,4082.0,4083.6,1033,33.0,1.0,39231.0,GC
2025-11-10 08:00:00+00:00,4083.4,4092.0,4083.3,4087.6,3005,33.0,1.0,39231.0,GC
2025-11-10 08:15:00+00:00,4087.4,4089.2,4083.0,4088.4,1684,33.0,1.0,39231.0,GC
2025-11-10 08:30:00+00:00,4088.5,4093.7,4086.2,4086.8,2086,33.0,1.0,39231.0,GC
2025-11-10 08:45:00+00:00,4087.0,4091.1,4086.2,4090.3,1527,33.0,1.0,39231.0,GC
2025-11-10 09:00:00+00:00,4090.5,4091.8,4082.7,4083.2,2315,33.0,1.0,39231.0,GC
2025-11-10 09:15:00+00:00,4083.0,4088.9,4079.5,4088.6,2696,33.0,1.0,39231.0,GC
2025-11-10 09:30:00+00:00,4088.3,4095.1,4086.6,4089.6,2018,33.0,1.0,39231.0,GC
2025-11-10 09:45:00+00:00,4089.8,4090.8,4084.2,4084.9,1752,33.0,1.0,39231.0,GC
2025-11-10 10:00:00+00:00,4084.8,4089.7,4084.8,4089.7,749,33.0,1.0,39231.0,GC
2025-11-10 10:15:00+00:00,4089.6,4091.2,4085.6,4086.0,1040,33.0,1.0,39231.0,GC
2025-11-10 10:30:00+00:00,4085.7,4092.2,4085.5,4086.4,1762,33.0,1.0,39231.0,GC
2025-11-10 10:45:00+00:00,4086.5,4089.6,4084.3,4089.3,1121,33.0,1.0,39231.0,GC
2025-11-10 11:00:00+00:00,4089.3,4090.9,4083.9,4086.3,1722,33.0,1.0,39231.0,GC
2025-11-10 11:15:00+00:00,4086.5,4088.8,4085.4,4087.2,683,33.0,1.0,39231.0,GC
2025-11-10 11:30:00+00:00,4087.4,4092.5,4087.0,4091.4,1085,33.0,1.0,39231.0,GC
2025-11-10 11:45:00+00:00,4091.5,4094.0,4089.5,4093.8,1166,33.0,1.0,39231.0,GC
2025-11-10 12:00:00+00:00,4094.0,4098.6,4092.9,4098.1,2002,33.0,1.0,39231.0,GC
2025-11-10 12:15:00+00:00,4098.0,4104.4,4096.3,4102.5,4293,33.0,1.0,39231.0,GC
2025-11-10 12:30:00+00:00,4102.8,4104.9,4102.0,4102.8,2170,33.0,1.0,39231.0,GC
2025-11-10 12:45:00+00:00,4102.8,4108.7,4101.7,4106.1,2789,33.0,1.0,39231.0,GC
2025-11-10 13:00:00+00:00,4105.9,4115.0,4105.4,4111.3,4868,33.0,1.0,39231.0,GC
2025-11-10 13:15:00+00:00,4111.5,4113.5,4107.0,4110.3,3587,33.0,1.0,39231.0,GC
2025-11-10 13:30:00+00:00,4110.0,4111.7,4103.6,4106.4,3157,33.0,1.0,39231.0,GC
2025-11-10 13:45:00+00:00,4106.1,4106.3,4098.2,4099.9,3602,33.0,1.0,39231.0,GC
2025-11-10 14:00:00+00:00,4099.9,4102.4,4092.0,4094.5,4725,33.0,1.0,39231.0,GC
2025-11-10 14:15:00+00:00,4094.4,4097.0,4089.7,4094.1,3283,33.0,1.0,39231.0,GC
2025-11-10 14:30:00+00:00,4094.1,4094.1,4082.4,4089.1,7332,33.0,1.0,39231.0,GC
2025-11-10 14:45:00+00:00,4089.1,4095.1,4085.8,4091.4,5293,33.0,1.0,39231.0,GC
2025-11-10 15:00:00+00:00,4091.3,4100.8,4091.2,4094.9,6630,33.0,1.0,39231.0,GC
2025-11-10 15:15:00+00:00,4095.1,4102.3,4094.3,4096.6,4196,33.0,1.0,39231.0,GC
2025-11-10 15:30:00+00:00,4096.4,4097.1,4090.1,4095.2,3745,33.0,1.0,39231.0,GC
2025-11-10 15:45:00+00:00,4095.1,4095.4,4084.6,4091.4,4122,33.0,1.0,39231.0,GC
2025-11-10 16:00:00+00:00,4091.2,4099.4,4089.2,4098.8,2595,33.0,1.0,39231.0,GC
2025-11-10 16:15:00+00:00,4098.9,4101.3,4097.1,4100.9,2172,33.0,1.0,39231.0,GC
2025-11-10 16:30:00+00:00,4101.1,4104.2,4098.0,4099.2,2797,33.0,1.0,39231.0,GC
2025-11-10 16:45:00+00:00,4098.9,4103.9,4096.3,4103.2,1683,33.0,1.0,39231.0,GC
2025-11-10 17:00:00+00:00,4103.1,4106.4,4102.0,4104.4,2033,33.0,1.0,39231.0,GC
2025-11-10 17:15:00+00:00,4104.5,4106.7,4101.3,4105.0,1184,33.0,1.0,39231.0,GC
2025-11-10 17:30:00+00:00,4104.9,4106.3,4102.1,4103.1,1387,33.0,1.0,39231.0,GC
2025-11-10 17:45:00+00:00,4103.1,4110.7,4102.9,4110.7,2415,33.0,1.0,39231.0,GC
2025-11-10 18:00:00+00:00,4110.4,4113.6,4109.4,4113.2,2416,33.0,1.0,39231.0,GC
2025-11-10 18:15:00+00:00,4113.1,4122.8,4113.0,4122.4,7019,33.0,1.0,39231.0,GC
2025-11-10 18:30:00+00:00,4122.3,4123.9,4114.8,4116.8,3898,33.0,1.0,39231.0,GC
2025-11-10 18:45:00+00:00,4116.5,4118.2,4113.2,4117.4,1868,33.0,1.0,39231.0,GC
2025-11-10 19:00:00+00:00,4118.0,4122.3,4115.4,4121.0,1719,33.0,1.0,39231.0,GC
2025-11-10 19:15:00+00:00,4121.1,4123.4,4118.0,4122.1,1278,33.0,1.0,39231.0,GC
2025-11-10 19:30:00+00:00,4122.1,4122.6,4117.9,4118.0,1154,33.0,1.0,39231.0,GC
2025-11-10 19:45:00+00:00,4118.0,4121.6,4116.8,4120.9,1314,33.0,1.0,39231.0,GC
2025-11-10 20:00:00+00:00,4121.0,4122.3,4118.5,4119.2,1330,33.0,1.0,39231.0,GC
2025-11-10 20:15:00+00:00,4119.3,4120.2,4113.8,4118.6,1746,33.0,1.0,39231.0,GC
2025-11-10 20:30:00+00:00,4118.6,4120.8,4115.5,4120.7,1257,33.0,1.0,39231.0,GC
2025-11-10 20:45:00+00:00,4121.0,4121.0,4115.2,4118.8,1856,33.0,1.0,39231.0,GC
2025-11-10 21:00:00+00:00,4118.9,4120.3,4117.6,4119.0,708,33.0,1.0,39231.0,GC
2025-11-10 21:15:00+00:00,4119.0,4122.0,4118.9,4119.8,418,33.0,1.0,39231.0,GC
2025-11-10 21:30:00+00:00,4119.6,4121.6,4119.0,4121.4,341,33.0,1.0,39231.0,GC
2025-11-10 21:45:00+00:00,4121.2,4124.0,4120.8,4123.4,771,33.0,1.0,39231.0,GC
2025-11-10 23:00:00+00:00,4124.0,4127.6,4121.5,4126.3,1648,33.0,1.0,39231.0,GC
2025-11-10 23:15:00+00:00,4126.4,4127.6,4122.6,4127.3,1261,33.0,1.0,39231.0,GC
2025-11-10 23:30:00+00:00,4127.5,4127.5,4125.0,4126.8,789,33.0,1.0,39231.0,GC
2025-11-10 23:45:00+00:00,4126.9,4129.7,4124.1,4126.6,1974,33.0,1.0,39231.0,GC
2025-11-11 00:00:00+00:00,4126.9,4127.3,4123.1,4126.5,1000,33.0,1.0,39231.0,GC
2025-11-11 00:15:00+00:00,4126.6,4132.5,4126.4,4131.2,2385,33.0,1.0,39231.0,GC
2025-11-11 00:30:00+00:00,4131.4,4135.7,4131.3,4135.7,2190,33.0,1.0,39231.0,GC
2025-11-11 00:45:00+00:00,4135.5,4139.9,4133.8,4137.3,2904,33.0,1.0,39231.0,GC
2025-11-11 01:00:00+00:00,4137.3,4142.0,4133.9,4138.4,4288,33.0,1.0,39231.0,GC
2025-11-11 01:15:00+00:00,4138.4,4144.2,4136.4,4143.7,2761,33.0,1.0,39231.0,GC
2025-11-11 01:30:00+00:00,4143.5,4147.4,4141.2,4141.5,3144,33.0,1.0,39231.0,GC
2025-11-11 01:45:00+00:00,4141.2,4142.9,4136.3,4142.2,2765,33.0,1.0,39231.0,GC
2025-11-11 02:00:00+00:00,4142.2,4143.2,4136.9,4141.0,1586,33.0,1.0,39231.0,GC
2025-11-11 02:15:00+00:00,4140.9,4143.9,4138.4,4140.3,1947,33.0,1.0,39231.0,GC
2025-11-11 02:30:00+00:00,4140.3,4144.8,4135.2,4144.7,2064,33.0,1.0,39231.0,GC
2025-11-11 02:45:00+00:00,4144.7,4145.5,4140.0,4143.9,1345,33.0,1.0,39231.0,GC
2025-11-11 03:00:00+00:00,4144.0,4150.1,4142.8,4149.0,1776,33.0,1.0,39231.0,GC
2025-11-11 03:15:00+00:00,4148.7,4151.4,4148.7,4150.0,1336,33.0,1.0,39231.0,GC
2025-11-11 03:30:00+00:00,4149.7,4154.0,4148.8,4150.5,1853,33.0,1.0,39231.0,GC
2025-11-11 03:45:00+00:00,4150.3,4153.0,4150.2,4152.7,861,33.0,1.0,39231.0,GC
2025-11-11 04:00:00+00:00,4152.4,4155.0,4148.2,4148.9,1202,33.0,1.0,39231.0,GC
2025-11-11 04:15:00+00:00,4148.9,4150.5,4147.9,4150.0,634,33.0,1.0,39231.0,GC
2025-11-11 04:30:00+00:00,4150.0,4152.2,4147.6,4148.1,961,33.0,1.0,39231.0,GC
2025-11-11 04:45:00+00:00,4148.1,4152.4,4147.6,4149.1,996,33.0,1.0,39231.0,GC
2025-11-11 05:00:00+00:00,4149.1,4150.6,4141.9,4147.2,2011,33.0,1.0,39231.0,GC
2025-11-11 05:15:00+00:00,4147.5,4148.9,4141.9,4142.9,1382,33.0,1.0,39231.0,GC
2025-11-11 05:30:00+00:00,4143.2,4143.8,4131.4,4136.6,3415,33.0,1.0,39231.0,GC
2025-11-11 05:45:00+00:00,4136.9,4142.3,4135.2,4137.3,2198,33.0,1.0,39231.0,GC
2025-11-11 06:00:00+00:00,4136.9,4140.5,4133.2,4140.0,2182,33.0,1.0,39231.0,GC
2025-11-11 06:15:00+00:00,4139.8,4144.0,4138.7,4143.8,1421,33.0,1.0,39231.0,GC
2025-11-11 06:30:00+00:00,4143.7,4143.7,4134.7,4135.8,1567,33.0,1.0,39231.0,GC
2025-11-11 06:45:00+00:00,4136.0,4139.0,4133.5,4136.1,1231,33.0,1.0,39231.0,GC
2025-11-11 07:00:00+00:00,4136.3,4137.2,4131.8,4135.9,1753,33.0,1.0,39231.0,GC
2025-11-11 07:15:00+00:00,4135.6,4139.5,4134.3,4137.8,1427,33.0,1.0,39231.0,GC
2025-11-11 07:30:00+00:00,4137.9,4138.1,4133.1,4137.3,1134,33.0,1.0,39231.0,GC
2025-11-11 07:45:00+00:00,4137.3,4139.3,4131.2,4136.1,1423,33.0,1.0,39231.0,GC
2025-11-11 08:00:00+00:00,4135.9,4144.5,4135.2,4143.4,1889,33.0,1.0,39231.0,GC
2025-11-11 08:15:00+00:00,4143.4,4144.5,4138.0,4141.2,1653,33.0,1.0,39231.0,GC
2025-11-11 08:30:00+00:00,4140.9,4141.5,4135.1,4138.8,1549,33.0,1.0,39231.0,GC
2025-11-11 08:45:00+00:00,4138.5,4144.0,4137.4,4142.3,1476,33.0,1.0,39231.0,GC
2025-11-11 09:00:00+00:00,4142.4,4150.9,4141.0,4149.9,2561,33.0,1.0,39231.0,GC
2025-11-11 09:15:00+00:00,4149.9,4151.3,4147.5,4150.4,1684,33.0,1.0,39231.0,GC
2025-11-11 09:30:00+00:00,4150.6,4152.0,4149.1,4150.0,1396,33.0,1.0,39231.0,GC
2025-11-11 09:45:00+00:00,4150.1,4152.4,4147.8,4148.0,1195,33.0,1.0,39231.0,GC
2025-11-11 10:00:00+00:00,4148.0,4148.6,4143.7,4147.3,1370,33.0,1.0,39231.0,GC
2025-11-11 10:15:00+00:00,4147.2,4150.2,4146.6,4148.2,586,33.0,1.0,39231.0,GC
2025-11-11 10:30:00+00:00,4148.1,4148.3,4143.0,4145.9,1584,33.0,1.0,39231.0,GC
2025-11-11 10:45:00+00:00,4146.0,4150.6,4145.8,4148.2,865,33.0,1.0,39231.0,GC
2025-11-11 11:00:00+00:00,4148.2,4150.1,4146.1,4146.9,1312,33.0,1.0,39231.0,GC
2025-11-11 11:15:00+00:00,4146.8,4150.3,4145.5,4147.9,1165,33.0,1.0,39231.0,GC
2025-11-11 11:30:00+00:00,4147.6,4151.3,4145.6,4148.6,1150,33.0,1.0,39231.0,GC
2025-11-11 11:45:00+00:00,4148.4,4151.0,4147.6,4149.6,1089,33.0,1.0,39231.0,GC
2025-11-11 12:00:00+00:00,4149.7,4150.6,4143.5,4145.4,1770,33.0,1.0,39231.0,GC
2025-11-11 12:15:00+00:00,4145.5,4147.5,4142.6,4145.3,1181,33.0,1.0,39231.0,GC
2025-11-11 12:30:00+00:00,4145.3,4148.3,4144.2,4147.7,920,33.0,1.0,39231.0,GC
2025-11-11 12:45:00+00:00,4147.6,4147.6,4139.4,4140.7,2012,33.0,1.0,39231.0,GC
2025-11-11 13:00:00+00:00,4140.8,4147.3,4140.0,4146.7,1696,33.0,1.0,39231.0,GC
2025-11-11 13:15:00+00:00,4146.7,4150.5,4144.7,4148.0,2439,33.0,1.0,39231.0,GC
2025-11-11 13:30:00+00:00,4148.0,4153.4,4145.6,4148.5,4334,33.0,1.0,39231.0,GC
2025-11-11 13:45:00+00:00,4148.3,4152.5,4147.7,4149.2,1782,33.0,1.0,39231.0,GC
2025-11-11 14:00:00+00:00,4149.4,4150.1,4143.3,4145.8,2978,33.0,1.0,39231.0,GC
2025-11-11 14:15:00+00:00,4145.7,4146.5,4134.3,4136.4,5201,33.0,1.0,39231.0,GC
2025-11-11 14:30:00+00:00,4136.1,4139.5,4129.0,4139.0,7207,33.0,1.0,39231.0,GC
2025-11-11 14:45:00+00:00,4138.9,4140.9,4126.0,4131.2,7285,33.0,1.0,39231.0,GC
2025-11-11 15:00:00+00:00,4131.1,4132.3,4124.0,4127.2,5626,33.0,1.0,39231.0,GC
2025-11-11 15:15:00+00:00,4127.3,4127.5,4102.8,4107.3,11844,33.0,1.0,39231.0,GC
2025-11-11 15:30:00+00:00,4107.3,4114.0,4103.0,4113.9,7542,33.0,1.0,39231.0,GC
2025-11-11 15:45:00+00:00,4113.9,4118.2,4110.1,4112.6,4979,33.0,1.0,39231.0,GC
2025-11-11 16:00:00+00:00,4112.4,4119.3,4111.2,4119.1,4143,33.0,1.0,39231.0,GC
2025-11-11 16:15:00+00:00,4119.3,4120.8,4113.6,4114.9,2946,33.0,1.0,39231.0,GC
2025-11-11 16:30:00+00:00,4115.0,4120.5,4110.7,4119.7,2482,33.0,1.0,39231.0,GC
2025-11-11 16:45:00+00:00,4119.7,4121.7,4117.5,4119.2,1595,33.0,1.0,39231.0,GC
2025-11-11 17:00:00+00:00,4119.0,4123.7,4118.0,4121.5,1939,33.0,1.0,39231.0,GC
2025-11-11 17:15:00+00:00,4121.4,4123.4,4117.6,4120.4,1604,33.0,1.0,39231.0,GC
2025-11-11 17:30:00+00:00,4119.4,4120.7,4116.0,4119.5,1577,33.0,1.0,39231.0,GC
2025-11-11 17:45:00+00:00,4119.3,4122.1,4117.7,4119.9,1023,33.0,1.0,39231.0,GC
2025-11-11 18:00:00+00:00,4120.1,4122.1,4114.6,4115.1,1795,33.0,1.0,39231.0,GC
2025-11-11 18:15:00+00:00,4115.5,4120.6,4114.8,4116.0,2495,33.0,1.0,39231.0,GC
2025-11-11 18:30:00+00:00,4116.1,4117.4,4112.4,4115.1,1800,33.0,1.0,39231.0,GC
2025-11-11 18:45:00+00:00,4115.2,4120.9,4115.0,4119.8,1110,33.0,1.0,39231.0,GC
2025-11-11 19:00:00+00:00,4119.7,4123.6,4118.0,4123.2,999,33.0,1.0,39231.0,GC
2025-11-11 19:15:00+00:00,4123.2,4125.1,4122.3,4123.5,1418,33.0,1.0,39231.0,GC
2025-11-11 19:30:00+00:00,4123.5,4127.8,4123.2,4127.4,1595,33.0,1.0,39231.0,GC
2025-11-11 19:45:00+00:00,4127.3,4131.7,4126.8,4128.4,2221,33.0,1.0,39231.0,GC
2025-11-11 20:00:00+00:00,4128.6,4133.0,4127.7,4132.7,1158,33.0,1.0,39231.0,GC
2025-11-11 20:15:00+00:00,4132.7,4134.3,4129.6,4131.1,1616,33.0,1.0,39231.0,GC
2025-11-11 20:30:00+00:00,4131.2,4136.3,4130.0,4135.6,1657,33.0,1.0,39231.0,GC
2025-11-11 20:45:00+00:00,4135.8,4138.5,4134.7,4135.7,2016,33.0,1.0,39231.0,GC
2025-11-11 21:00:00+00:00,4135.6,4136.8,4134.2,4136.5,819,33.0,1.0,39231.0,GC
2025-11-11 21:15:00+00:00,4136.6,4137.7,4133.3,4135.0,441,33.0,1.0,39231.0,GC
2025-11-11 21:30:00+00:00,4135.1,4135.5,4132.4,4134.6,497,33.0,1.0,39231.0,GC
2025-11-11 21:45:00+00:00,4134.2,4134.4,4131.7,4133.2,581,33.0,1.0,39231.0,GC
2025-11-11 23:00:00+00:00,4132.2,4139.5,4132.2,4139.5,933,33.0,1.0,39231.0,GC
2025-11-11 23:15:00+00:00,4139.4,4145.9,4139.0,4144.9,1505,33.0,1.0,39231.0,GC
2025-11-11 23:30:00+00:00,4145.0,4150.3,4142.5,4149.7,2141,33.0,1.0,39231.0,GC
2025-11-11 23:45:00+00:00,4149.7,4151.0,4147.5,4148.7,1192,33.0,1.0,39231.0,GC
2025-11-12 00:00:00+00:00,4148.4,4151.5,4145.0,4149.8,1648,33.0,1.0,39231.0,GC
2025-11-12 00:15:00+00:00,4149.6,4150.5,4145.1,4147.3,885,33.0,1.0,39231.0,GC
2025-11-12 00:30:00+00:00,4147.1,4150.4,4146.2,4147.6,1026,33.0,1.0,39231.0,GC
2025-11-12 00:45:00+00:00,4147.6,4148.5,4137.6,4139.0,2460,33.0,1.0,39231.0,GC
2025-11-12 01:00:00+00:00,4139.0,4143.2,4132.9,4140.7,3804,33.0,1.0,39231.0,GC
2025-11-12 01:15:00+00:00,4140.4,4140.7,4134.6,4136.6,2149,33.0,1.0,39231.0,GC
2025-11-12 01:30:00+00:00,4136.6,4139.9,4132.0,4139.6,2009,33.0,1.0,39231.0,GC
2025-11-12 01:45:00+00:00,4139.4,4141.7,4136.1,4137.4,1390,33.0,1.0,39231.0,GC
2025-11-12 02:00:00+00:00,4137.4,4141.8,4136.6,4140.2,1091,33.0,1.0,39231.0,GC
2025-11-12 02:15:00+00:00,4139.9,4141.2,4136.8,4137.6,684,33.0,1.0,39231.0,GC
2025-11-12 02:30:00+00:00,4137.5,4137.5,4126.4,4131.5,3269,33.0,1.0,39231.0,GC
2025-11-12 02:45:00+00:00,4130.9,4132.4,4124.5,4129.9,1815,33.0,1.0,39231.0,GC
2025-11-12 03:00:00+00:00,4130.2,4131.5,4122.4,4128.5,1736,33.0,1.0,39231.0,GC
2025-11-12 03:15:00+00:00,4129.0,4129.8,4124.8,4125.3,1117,33.0,1.0,39231.0,GC
2025-11-12 03:30:00+00:00,4125.2,4127.6,4123.5,4126.1,718,33.0,1.0,39231.0,GC
2025-11-12 03:45:00+00:00,4126.3,4127.4,4117.5,4117.7,2397,33.0,1.0,39231.0,GC
2025-11-12 04:00:00+00:00,4117.6,4119.4,4109.4,4115.9,3143,33.0,1.0,39231.0,GC
2025-11-12 04:15:00+00:00,4115.8,4117.8,4110.8,4117.7,1373,33.0,1.0,39231.0,GC
2025-11-12 04:30:00+00:00,4117.7,4118.7,4111.3,4113.6,1494,33.0,1.0,39231.0,GC
2025-11-12 04:45:00+00:00,4113.5,4118.2,4113.2,4116.3,822,33.0,1.0,39231.0,GC
2025-11-12 05:00:00+00:00,4116.5,4116.8,4111.4,4113.6,1000,33.0,1.0,39231.0,GC
2025-11-12 05:15:00+00:00,4113.6,4115.8,4110.6,4110.8,1071,33.0,1.0,39231.0,GC
2025-11-12 05:30:00+00:00,4111.2,4113.6,4104.4,4110.6,2862,33.0,1.0,39231.0,GC
2025-11-12 05:45:00+00:00,4110.7,4113.2,4107.9,4110.5,1131,33.0,1.0,39231.0,GC
2025-11-12 06:00:00+00:00,4110.5,4115.2,4108.9,4111.5,1184,33.0,1.0,39231.0,GC
2025-11-12 06:15:00+00:00,4111.7,4121.5,4111.5,4120.5,1914,33.0,1.0,39231.0,GC
2025-11-12 06:30:00+00:00,4120.7,4124.2,4117.2,4122.0,2126,33.0,1.0,39231.0,GC
2025-11-12 06:45:00+00:00,4122.3,4124.0,4118.4,4123.9,1150,33.0,1.0,39231.0,GC
2025-11-12 07:00:00+00:00,4123.7,4130.7,4120.3,4130.4,2121,33.0,1.0,39231.0,GC
2025-11-12 07:15:00+00:00,4130.5,4130.6,4126.5,4129.1,1393,33.0,1.0,39231.0,GC
2025-11-12 07:30:00+00:00,4129.3,4129.5,4119.0,4119.8,2118,33.0,1.0,39231.0,GC
2025-11-12 07:45:00+00:00,4119.6,4124.4,4118.6,4122.3,1319,33.0,1.0,39231.0,GC
2025-11-12 08:00:00+00:00,4122.6,4125.1,4117.4,4124.1,2089,33.0,1.0,39231.0,GC
2025-11-12 08:15:00+00:00,4123.9,4136.1,4122.7,4133.7,3299,33.0,1.0,39231.0,GC
2025-11-12 08:30:00+00:00,4133.3,4138.2,4131.7,4133.9,2461,33.0,1.0,39231.0,GC
2025-11-12 08:45:00+00:00,4134.1,4138.2,4134.1,4136.8,1206,33.0,1.0,39231.0,GC
2025-11-12 09:00:00+00:00,4136.7,4139.6,4132.7,4134.0,1105,33.0,1.0,39231.0,GC
2025-11-12 09:15:00+00:00,4134.2,4138.4,4129.9,4132.6,1533,33.0,1.0,39231.0,GC
2025-11-12 09:30:00+00:00,4132.8,4135.4,4129.7,4132.1,1783,33.0,1.0,39231.0,GC
2025-11-12 09:45:00+00:00,4132.0,4132.7,4126.2,4130.6,1640,33.0,1.0,39231.0,GC
2025-11-12 10:00:00+00:00,4130.4,4132.3,4127.5,4131.6,908,33.0,1.0,39231.0,GC
2025-11-12 10:15:00+00:00,4131.6,4134.5,4125.8,4126.4,1599,33.0,1.0,39231.0,GC
2025-11-12 10:30:00+00:00,4126.3,4134.1,4123.4,4131.6,1777,33.0,1.0,39231.0,GC
2025-11-12 10:45:00+00:00,4131.8,4135.2,4130.3,4133.3,1096,33.0,1.0,39231.0,GC
2025-11-12 11:00:00+00:00,4133.3,4137.0,4132.3,4136.9,793,33.0,1.0,39231.0,GC
2025-11-12 11:15:00+00:00,4136.8,4137.0,4128.5,4129.7,1147,33.0,1.0,39231.0,GC
2025-11-12 11:30:00+00:00,4129.5,4134.3,4128.9,4133.7,846,33.0,1.0,39231.0,GC
2025-11-12 11:45:00+00:00,4133.9,4134.2,4129.2,4131.7,1011,33.0,1.0,39231.0,GC
2025-11-12 12:00:00+00:00,4131.4,4136.5,4130.3,4136.3,1199,33.0,1.0,39231.0,GC
2025-11-12 12:15:00+00:00,4136.3,4143.9,4136.0,4142.6,2887,33.0,1.0,39231.0,GC
2025-11-12 12:30:00+00:00,4142.6,4145.9,4139.6,4140.6,3088,33.0,1.0,39231.0,GC
2025-11-12 12:45:00+00:00,4140.6,4143.5,4135.8,4136.4,1511,33.0,1.0,39231.0,GC
2025-11-12 13:00:00+00:00,4136.4,4137.6,4128.7,4131.6,2588,33.0,1.0,39231.0,GC
2025-11-12 13:15:00+00:00,4131.6,4136.6,4128.9,4133.6,2285,33.0,1.0,39231.0,GC
2025-11-12 13:30:00+00:00,4133.6,4139.0,4132.7,4135.3,2619,33.0,1.0,39231.0,GC
2025-11-12 13:45:00+00:00,4135.0,4137.7,4130.2,4132.9,1542,33.0,1.0,39231.0,GC
2025-11-12 14:00:00+00:00,4133.1,4144.3,4132.5,4141.1,3148,33.0,1.0,39231.0,GC
2025-11-12 14:15:00+00:00,4141.4,4142.8,4137.7,4138.1,1724,33.0,1.0,39231.0,GC
2025-11-12 14:30:00+00:00,4137.9,4145.6,4130.7,4142.3,5710,33.0,1.0,39231.0,GC
2025-11-12 14:45:00+00:00,4142.4,4146.8,4137.7,4142.7,3811,33.0,1.0,39231.0,GC
2025-11-12 15:00:00+00:00,4142.7,4169.4,4140.7,4169.0,11610,33.0,1.0,39231.0,GC
2025-11-12 15:15:00+00:00,4169.1,4179.2,4165.9,4173.0,11624,33.0,1.0,39231.0,GC
2025-11-12 15:30:00+00:00,4172.9,4188.0,4172.5,4185.2,9489,33.0,1.0,39231.0,GC
2025-11-12 15:45:00+00:00,4185.4,4192.3,4180.9,4187.9,7086,33.0,1.0,39231.0,GC
2025-11-12 16:00:00+00:00,4187.7,4196.6,4186.5,4190.4,6924,33.0,1.0,39231.0,GC
2025-11-12 16:15:00+00:00,4190.6,4194.4,4187.8,4193.8,4232,33.0,1.0,39231.0,GC
2025-11-12 16:30:00+00:00,4193.6,4203.2,4192.8,4199.9,8705,33.0,1.0,39231.0,GC
2025-11-12 16:45:00+00:00,4200.0,4204.6,4193.8,4203.0,3527,33.0,1.0,39231.0,GC
2025-11-12 17:00:00+00:00,4203.2,4209.1,4202.1,4205.2,5964,33.0,1.0,39231.0,GC
2025-11-12 17:15:00+00:00,4205.2,4206.3,4198.4,4202.2,3942,33.0,1.0,39231.0,GC
2025-11-12 17:30:00+00:00,4202.1,4212.6,4201.5,4208.4,5336,33.0,1.0,39231.0,GC
2025-11-12 17:45:00+00:00,4208.6,4210.5,4205.0,4205.8,2693,33.0,1.0,39231.0,GC
2025-11-12 18:00:00+00:00,4206.1,4208.0,4196.9,4206.6,4414,33.0,1.0,39231.0,GC
2025-11-12 18:15:00+00:00,4206.7,4218.5,4204.6,4213.0,7756,33.0,1.0,39231.0,GC
2025-11-12 18:30:00+00:00,4212.9,4217.1,4212.1,4214.7,2445,33.0,1.0,39231.0,GC
2025-11-12 18:45:00+00:00,4214.8,4216.9,4212.8,4213.5,1430,33.0,1.0,39231.0,GC
2025-11-12 19:00:00+00:00,4213.8,4216.5,4200.0,4201.6,2834,33.0,1.0,39231.0,GC
2025-11-12 19:15:00+00:00,4201.8,4206.1,4197.8,4199.7,2962,33.0,1.0,39231.0,GC
2025-11-12 19:30:00+00:00,4199.9,4206.2,4199.8,4200.7,1745,33.0,1.0,39231.0,GC
2025-11-12 19:45:00+00:00,4200.8,4206.0,4200.7,4203.3,1484,33.0,1.0,39231.0,GC
2025-11-12 20:00:00+00:00,4203.4,4203.9,4196.0,4203.3,1988,33.0,1.0,39231.0,GC
2025-11-12 20:15:00+00:00,4203.5,4205.5,4199.9,4201.2,1066,33.0,1.0,39231.0,GC
2025-11-12 20:30:00+00:00,4201.5,4203.7,4197.9,4201.9,1249,33.0,1.0,39231.0,GC
2025-11-12 20:45:00+00:00,4201.9,4205.3,4199.0,4201.3,2467,33.0,1.0,39231.0,GC
2025-11-12 21:00:00+00:00,4201.3,4202.5,4198.2,4198.4,1030,33.0,1.0,39231.0,GC
2025-11-12 21:15:00+00:00,4198.4,4204.1,4196.5,4203.4,1228,33.0,1.0,39231.0,GC
2025-11-12 21:30:00+00:00,4203.4,4207.9,4202.1,4203.3,862,33.0,1.0,39231.0,GC
2025-11-12 21:45:00+00:00,4202.7,4205.4,4199.8,4201.4,765,33.0,1.0,39231.0,GC
2025-11-12 23:00:00+00:00,4202.4,4210.0,4200.5,4202.3,2417,33.0,1.0,39231.0,GC
2025-11-12 23:15:00+00:00,4202.5,4203.5,4198.3,4200.6,728,33.0,1.0,39231.0,GC
2025-11-12 23:30:00+00:00,4200.8,4200.8,4190.3,4195.1,1615,33.0,1.0,39231.0,GC
2025-11-12 23:45:00+00:00,4195.4,4197.8,4193.2,4195.6,921,33.0,1.0,39231.0,GC
2025-11-13 00:00:00+00:00,4195.5,4196.5,4189.1,4191.4,1338,33.0,1.0,39231.0,GC
2025-11-13 00:15:00+00:00,4191.4,4197.8,4190.7,4196.5,1088,33.0,1.0,39231.0,GC
2025-11-13 00:30:00+00:00,4196.5,4209.4,4196.1,4205.2,2730,33.0,1.0,39231.0,GC
2025-11-13 00:45:00+00:00,4205.2,4212.5,4201.6,4209.3,2184,33.0,1.0,39231.0,GC
2025-11-13 01:00:00+00:00,4209.2,4213.0,4194.1,4195.0,3070,33.0,1.0,39231.0,GC
2025-11-13 01:15:00+00:00,4194.8,4195.2,4183.2,4192.2,3829,33.0,1.0,39231.0,GC
2025-11-13 01:30:00+00:00,4192.2,4194.8,4184.7,4192.8,1700,33.0,1.0,39231.0,GC
2025-11-13 01:45:00+00:00,4192.6,4199.0,4186.5,4197.0,2028,33.0,1.0,39231.0,GC
2025-11-13 02:00:00+00:00,4197.1,4201.0,4192.9,4199.0,2227,33.0,1.0,39231.0,GC
2025-11-13 02:15:00+00:00,4198.8,4199.6,4190.6,4192.6,1364,33.0,1.0,39231.0,GC
2025-11-13 02:30:00+00:00,4192.4,4199.4,4188.1,4196.5,2034,33.0,1.0,39231.0,GC
2025-11-13 02:45:00+00:00,4196.3,4198.8,4189.6,4194.2,2110,33.0,1.0,39231.0,GC
2025-11-13 03:00:00+00:00,4194.0,4207.7,4193.9,4203.5,2880,33.0,1.0,39231.0,GC
2025-11-13 03:15:00+00:00,4203.5,4209.0,4199.9,4203.9,2942,33.0,1.0,39231.0,GC
2025-11-13 03:30:00+00:00,4204.3,4211.2,4203.8,4210.8,1482,33.0,1.0,39231.0,GC
2025-11-13 03:45:00+00:00,4210.8,4217.2,4209.7,4216.8,2790,33.0,1.0,39231.0,GC
2025-11-13 04:00:00+00:00,4216.9,4223.9,4213.1,4221.7,3026,33.0,1.0,39231.0,GC
2025-11-13 04:15:00+00:00,4221.2,4221.4,4210.7,4214.2,1645,33.0,1.0,39231.0,GC
2025-11-13 04:30:00+00:00,4214.3,4215.2,4207.7,4212.5,1689,33.0,1.0,39231.0,GC
2025-11-13 04:45:00+00:00,4212.7,4215.0,4210.1,4213.5,1454,33.0,1.0,39231.0,GC
2025-11-13 05:00:00+00:00,4213.3,4221.4,4211.6,4220.7,2704,33.0,1.0,39231.0,GC
2025-11-13 05:15:00+00:00,4221.1,4221.4,4215.7,4216.0,1354,33.0,1.0,39231.0,GC
2025-11-13 05:30:00+00:00,4216.1,4220.9,4213.6,4219.1,1888,33.0,1.0,39231.0,GC
2025-11-13 05:45:00+00:00,4218.7,4220.3,4211.2,4216.0,2125,33.0,1.0,39231.0,GC
2025-11-13 06:00:00+00:00,4215.4,4215.6,4208.9,4209.8,2290,33.0,1.0,39231.0,GC
2025-11-13 06:15:00+00:00,4209.6,4215.4,4206.9,4212.8,1871,33.0,1.0,39231.0,GC
2025-11-13 06:30:00+00:00,4212.9,4213.9,4209.2,4209.9,1436,33.0,1.0,39231.0,GC
2025-11-13 06:45:00+00:00,4209.6,4216.4,4209.0,4214.4,1218,33.0,1.0,39231.0,GC
2025-11-13 07:00:00+00:00,4214.6,4216.8,4212.4,4214.6,1517,33.0,1.0,39231.0,GC
2025-11-13 07:15:00+00:00,4214.7,4222.0,4213.6,4220.1,2127,33.0,1.0,39231.0,GC
2025-11-13 07:30:00+00:00,4220.3,4223.0,4217.0,4219.3,2018,33.0,1.0,39231.0,GC
2025-11-13 07:45:00+00:00,4219.2,4224.9,4216.3,4224.6,2389,33.0,1.0,39231.0,GC
2025-11-13 08:00:00+00:00,4224.7,4235.3,4223.4,4234.5,5176,33.0,1.0,39231.0,GC
2025-11-13 08:15:00+00:00,4234.4,4242.4,4232.8,4241.5,4021,33.0,1.0,39231.0,GC
2025-11-13 08:30:00+00:00,4241.8,4244.3,4237.4,4240.3,2384,33.0,1.0,39231.0,GC
2025-11-13 08:45:00+00:00,4240.7,4243.0,4236.9,4237.5,1632,33.0,1.0,39231.0,GC
2025-11-13 09:00:00+00:00,4237.4,4239.3,4232.4,4237.9,2583,33.0,1.0,39231.0,GC
2025-11-13 09:15:00+00:00,4238.2,4245.1,4231.7,4232.1,2342,33.0,1.0,39231.0,GC
2025-11-13 09:30:00+00:00,4232.0,4238.9,4230.0,4232.7,2251,33.0,1.0,39231.0,GC
2025-11-13 09:45:00+00:00,4232.8,4239.0,4232.5,4238.3,1555,33.0,1.0,39231.0,GC
2025-11-13 10:00:00+00:00,4238.1,4244.0,4236.6,4242.4,2328,33.0,1.0,39231.0,GC
2025-11-13 10:15:00+00:00,4242.2,4245.6,4239.5,4239.8,1622,33.0,1.0,39231.0,GC
2025-11-13 10:30:00+00:00,4239.7,4241.4,4232.8,4238.8,2310,33.0,1.0,39231.0,GC
2025-11-13 10:45:00+00:00,4238.7,4239.9,4226.6,4230.3,2156,33.0,1.0,39231.0,GC
2025-11-13 11:00:00+00:00,4230.7,4236.3,4226.6,4232.2,2516,33.0,1.0,39231.0,GC
2025-11-13 11:15:00+00:00,4231.8,4233.1,4224.0,4227.8,2126,33.0,1.0,39231.0,GC
2025-11-13 11:30:00+00:00,4227.9,4236.9,4226.5,4236.4,1504,33.0,1.0,39231.0,GC
2025-11-13 11:45:00+00:00,4236.5,4236.9,4232.9,4235.0,1527,33.0,1.0,39231.0,GC
2025-11-13 12:00:00+00:00,4234.7,4240.4,4234.2,4239.4,1883,33.0,1.0,39231.0,GC
2025-11-13 12:15:00+00:00,4239.4,4242.3,4235.2,4238.1,2345,33.0,1.0,39231.0,GC
2025-11-13 12:30:00+00:00,4238.2,4242.3,4236.7,4240.3,1135,33.0,1.0,39231.0,GC
2025-11-13 12:45:00+00:00,4240.4,4250.0,4240.4,4247.4,2526,33.0,1.0,39231.0,GC
2025-11-13 13:00:00+00:00,4247.2,4248.7,4230.1,4235.0,4819,33.0,1.0,39231.0,GC
2025-11-13 13:15:00+00:00,4234.9,4242.6,4233.0,4240.3,2806,33.0,1.0,39231.0,GC
2025-11-13 13:30:00+00:00,4240.1,4240.8,4224.5,4232.8,4865,33.0,1.0,39231.0,GC
2025-11-13 13:45:00+00:00,4232.6,4237.4,4228.6,4236.7,2046,33.0,1.0,39231.0,GC
2025-11-13 14:00:00+00:00,4236.9,4237.5,4217.9,4225.3,5767,33.0,1.0,39231.0,GC
2025-11-13 14:15:00+00:00,4224.9,4225.7,4212.0,4215.5,5222,33.0,1.0,39231.0,GC
2025-11-13 14:30:00+00:00,4215.6,4224.2,4188.6,4192.5,12520,33.0,1.0,39231.0,GC
2025-11-13 14:45:00+00:00,4192.1,4205.6,4189.6,4199.9,10254,33.0,1.0,39231.0,GC
2025-11-13 15:00:00+00:00,4199.8,4209.7,4193.2,4205.8,6021,33.0,1.0,39231.0,GC
2025-11-13 15:15:00+00:00,4205.6,4208.9,4195.6,4198.9,3814,33.0,1.0,39231.0,GC
2025-11-13 15:30:00+00:00,4198.8,4204.8,4190.5,4201.7,3959,33.0,1.0,39231.0,GC
2025-11-13 15:45:00+00:00,4201.4,4207.5,4192.2,4206.6,3508,33.0,1.0,39231.0,GC
2025-11-13 16:00:00+00:00,4206.6,4215.8,4206.4,4214.7,4288,33.0,1.0,39231.0,GC
2025-11-13 16:15:00+00:00,4214.5,4215.8,4207.1,4210.2,2585,33.0,1.0,39231.0,GC
2025-11-13 16:30:00+00:00,4210.7,4213.0,4200.0,4202.6,4477,33.0,1.0,39231.0,GC
2025-11-13 16:45:00+00:00,4202.5,4211.4,4201.6,4210.8,2644,33.0,1.0,39231.0,GC
2025-11-13 17:00:00+00:00,4211.0,4212.8,4198.2,4198.9,2530,33.0,1.0,39231.0,GC
2025-11-13 17:15:00+00:00,4199.3,4209.2,4197.7,4207.2,2723,33.0,1.0,39231.0,GC
2025-11-13 17:30:00+00:00,4207.3,4211.1,4204.1,4205.3,2530,33.0,1.0,39231.0,GC
2025-11-13 17:45:00+00:00,4205.0,4210.1,4200.6,4206.3,2221,33.0,1.0,39231.0,GC
2025-11-13 18:00:00+00:00,4206.2,4207.8,4204.1,4206.4,1212,33.0,1.0,39231.0,GC
2025-11-13 18:15:00+00:00,4206.5,4207.5,4192.0,4195.0,3866,33.0,1.0,39231.0,GC
2025-11-13 18:30:00+00:00,4195.0,4195.2,4148.5,4159.3,17282,33.0,1.0,39231.0,GC
2025-11-13 18:45:00+00:00,4159.5,4165.7,4153.6,4161.6,5166,33.0,1.0,39231.0,GC
2025-11-13 19:00:00+00:00,4161.5,4161.7,4149.5,4157.5,3484,33.0,1.0,39231.0,GC
2025-11-13 19:15:00+00:00,4157.2,4165.1,4154.1,4163.9,2629,33.0,1.0,39231.0,GC
2025-11-13 19:30:00+00:00,4163.6,4173.7,4162.2,4173.7,2772,33.0,1.0,39231.0,GC
2025-11-13 19:45:00+00:00,4173.7,4174.5,4166.1,4167.8,1973,33.0,1.0,39231.0,GC
2025-11-13 20:00:00+00:00,4167.8,4171.7,4164.2,4169.3,1657,33.0,1.0,39231.0,GC
2025-11-13 20:15:00+00:00,4169.7,4174.8,4164.9,4173.3,1582,33.0,1.0,39231.0,GC
2025-11-13 20:30:00+00:00,4173.6,4174.8,4167.5,4168.9,1231,33.0,1.0,39231.0,GC
2025-11-13 20:45:00+00:00,4168.9,4171.5,4164.6,4168.1,2042,33.0,1.0,39231.0,GC
2025-11-13 21:00:00+00:00,4167.9,4185.0,4165.0,4182.0,2449,33.0,1.0,39231.0,GC
2025-11-13 21:15:00+00:00,4182.0,4182.5,4176.4,4177.7,694,33.0,1.0,39231.0,GC
2025-11-13 21:30:00+00:00,4178.0,4179.7,4172.7,4176.9,895,33.0,1.0,39231.0,GC
2025-11-13 21:45:00+00:00,4176.5,4177.4,4174.5,4174.5,321,33.0,1.0,39231.0,GC
2025-11-13 23:00:00+00:00,4174.9,4184.8,4173.1,4179.8,1157,33.0,1.0,39231.0,GC
2025-11-13 23:15:00+00:00,4179.9,4187.7,4178.8,4182.1,1113,33.0,1.0,39231.0,GC
2025-11-13 23:30:00+00:00,4182.4,4184.7,4179.5,4182.0,680,33.0,1.0,39231.0,GC
2025-11-13 23:45:00+00:00,4181.9,4189.6,4181.8,4188.9,1125,33.0,1.0,39231.0,GC
2025-11-14 00:00:00+00:00,4189.0,4189.3,4182.0,4188.0,1226,33.0,1.0,39231.0,GC
2025-11-14 00:15:00+00:00,4187.5,4192.6,4185.0,4191.1,1530,33.0,1.0,39231.0,GC
2025-11-14 00:30:00+00:00,4190.6,4192.4,4188.0,4189.6,1125,33.0,1.0,39231.0,GC
2025-11-14 00:45:00+00:00,4189.2,4189.9,4180.9,4186.9,1409,33.0,1.0,39231.0,GC
2025-11-14 01:00:00+00:00,4186.5,4192.4,4181.8,4185.6,2035,33.0,1.0,39231.0,GC
2025-11-14 01:15:00+00:00,4185.5,4189.8,4176.6,4177.1,2249,33.0,1.0,39231.0,GC
2025-11-14 01:30:00+00:00,4177.1,4186.6,4176.2,4182.4,1581,33.0,1.0,39231.0,GC
2025-11-14 01:45:00+00:00,4183.1,4196.6,4183.1,4193.0,2388,33.0,1.0,39231.0,GC
2025-11-14 02:00:00+00:00,4193.1,4197.5,4191.3,4196.6,1740,33.0,1.0,39231.0,GC
2025-11-14 02:15:00+00:00,4196.6,4205.5,4195.1,4202.6,2316,33.0,1.0,39231.0,GC
2025-11-14 02:30:00+00:00,4202.3,4207.5,4202.0,4206.7,2047,33.0,1.0,39231.0,GC
2025-11-14 02:45:00+00:00,4206.5,4213.0,4205.4,4209.8,2493,33.0,1.0,39231.0,GC
2025-11-14 03:00:00+00:00,4209.6,4211.6,4205.8,4208.4,1301,33.0,1.0,39231.0,GC
2025-11-14 03:15:00+00:00,4208.4,4214.3,4207.0,4213.9,884,33.0,1.0,39231.0,GC
2025-11-14 03:30:00+00:00,4213.6,4215.1,4210.0,4210.2,1024,33.0,1.0,39231.0,GC
2025-11-14 03:45:00+00:00,4210.5,4210.5,4204.2,4207.7,1434,33.0,1.0,39231.0,GC
2025-11-14 04:00:00+00:00,4207.6,4209.0,4201.2,4203.3,940,33.0,1.0,39231.0,GC
2025-11-14 04:15:00+00:00,4203.5,4204.7,4199.5,4200.6,859,33.0,1.0,39231.0,GC
2025-11-14 04:30:00+00:00,4200.6,4207.4,4200.2,4205.3,1174,33.0,1.0,39231.0,GC
2025-11-14 04:45:00+00:00,4205.2,4206.5,4202.7,4206.1,464,33.0,1.0,39231.0,GC
2025-11-14 05:00:00+00:00,4206.3,4206.6,4191.5,4192.1,2042,33.0,1.0,39231.0,GC
2025-11-14 05:15:00+00:00,4192.0,4192.4,4186.4,4191.0,2742,33.0,1.0,39231.0,GC
2025-11-14 05:30:00+00:00,4191.1,4199.4,4188.2,4196.6,2063,33.0,1.0,39231.0,GC
2025-11-14 05:45:00+00:00,4196.7,4198.0,4190.7,4192.8,924,33.0,1.0,39231.0,GC
2025-11-14 06:00:00+00:00,4192.3,4196.2,4188.9,4192.6,910,33.0,1.0,39231.0,GC
2025-11-14 06:15:00+00:00,4192.7,4192.7,4175.9,4180.5,3211,33.0,1.0,39231.0,GC
2025-11-14 06:30:00+00:00,4180.3,4186.6,4178.8,4183.0,1452,33.0,1.0,39231.0,GC
2025-11-14 06:45:00+00:00,4182.7,4182.9,4171.7,4177.3,2571,33.0,1.0,39231.0,GC
2025-11-14 07:00:00+00:00,4177.7,4179.9,4171.8,4174.2,2834,33.0,1.0,39231.0,GC
2025-11-14 07:15:00+00:00,4174.3,4176.8,4162.1,4166.8,3283,33.0,1.0,39231.0,GC
2025-11-14 07:30:00+00:00,4167.3,4177.8,4166.0,4177.3,2029,33.0,1.0,39231.0,GC
2025-11-14 07:45:00+00:00,4177.4,4186.0,4176.5,4184.4,2672,33.0,1.0,39231.0,GC
2025-11-14 08:00:00+00:00,4184.5,4185.3,4176.2,4177.5,2024,33.0,1.0,39231.0,GC
2025-11-14 08:15:00+00:00,4177.4,4187.5,4176.7,4180.2,2245,33.0,1.0,39231.0,GC
2025-11-14 08:30:00+00:00,4180.2,4190.7,4179.4,4186.1,2597,33.0,1.0,39231.0,GC
2025-11-14 08:45:00+00:00,4186.3,4187.3,4172.6,4179.1,2802,33.0,1.0,39231.0,GC
2025-11-14 09:00:00+00:00,4178.6,4183.6,4170.4,4177.6,2730,33.0,1.0,39231.0,GC
2025-11-14 09:15:00+00:00,4177.6,4180.4,4171.1,4172.8,1844,33.0,1.0,39231.0,GC
2025-11-14 09:30:00+00:00,4173.1,4174.3,4169.0,4173.6,1676,33.0,1.0,39231.0,GC
2025-11-14 09:45:00+00:00,4173.8,4174.5,4171.3,4171.9,928,33.0,1.0,39231.0,GC
2025-11-14 10:00:00+00:00,4171.7,4173.0,4165.0,4168.4,1536,33.0,1.0,39231.0,GC
2025-11-14 10:15:00+00:00,4168.4,4174.3,4165.9,4168.5,1910,33.0,1.0,39231.0,GC
2025-11-14 10:30:00+00:00,4168.4,4172.0,4162.6,4170.9,2131,33.0,1.0,39231.0,GC
2025-11-14 10:45:00+00:00,4170.9,4174.2,4169.2,4170.7,2115,33.0,1.0,39231.0,GC
2025-11-14 11:00:00+00:00,4171.0,4172.8,4153.4,4155.6,3164,33.0,1.0,39231.0,GC
2025-11-14 11:15:00+00:00,4155.5,4155.6,4144.7,4151.9,4389,33.0,1.0,39231.0,GC
2025-11-14 11:30:00+00:00,4152.1,4161.2,4151.9,4156.5,2237,33.0,1.0,39231.0,GC
2025-11-14 11:45:00+00:00,4156.7,4156.7,4133.3,4135.6,6162,33.0,1.0,39231.0,GC
2025-11-14 12:00:00+00:00,4135.1,4143.4,4126.2,4128.6,5109,33.0,1.0,39231.0,GC
2025-11-14 12:15:00+00:00,4128.7,4131.2,4113.3,4116.0,6203,33.0,1.0,39231.0,GC
2025-11-14 12:30:00+00:00,4115.7,4121.8,4109.0,4117.5,6654,33.0,1.0,39231.0,GC
2025-11-14 12:45:00+00:00,4117.6,4121.6,4112.0,4118.3,5013,33.0,1.0,39231.0,GC
2025-11-14 13:00:00+00:00,4117.8,4121.3,4086.0,4088.4,13040,33.0,1.0,39231.0,GC
2025-11-14 13:15:00+00:00,4088.2,4094.0,4053.7,4057.6,15566,33.0,1.0,39231.0,GC
2025-11-14 13:30:00+00:00,4057.6,4065.2,4047.1,4056.2,11649,33.0,1.0,39231.0,GC
2025-11-14 13:45:00+00:00,4056.1,4059.2,4042.4,4056.5,10392,33.0,1.0,39231.0,GC
2025-11-14 14:00:00+00:00,4056.4,4056.9,4038.3,4051.3,10402,33.0,1.0,39231.0,GC
2025-11-14 14:15:00+00:00,4050.7,4061.6,4047.0,4054.4,7275,33.0,1.0,39231.0,GC
2025-11-14 14:30:00+00:00,4054.2,4073.3,4032.6,4068.5,14165,33.0,1.0,39231.0,GC
2025-11-14 14:45:00+00:00,4068.6,4085.0,4064.0,4083.7,8855,33.0,1.0,39231.0,GC
2025-11-14 15:00:00+00:00,4083.4,4083.4,4069.1,4080.5,7116,33.0,1.0,39231.0,GC
2025-11-14 15:15:00+00:00,4080.8,4084.0,4072.6,4082.5,4844,33.0,1.0,39231.0,GC
2025-11-14 15:30:00+00:00,4082.4,4085.5,4074.5,4075.2,4368,33.0,1.0,39231.0,GC
2025-11-14 15:45:00+00:00,4075.0,4098.2,4073.7,4095.5,9341,33.0,1.0,39231.0,GC
2025-11-14 16:00:00+00:00,4095.7,4097.3,4082.6,4085.5,3697,33.0,1.0,39231.0,GC
2025-11-14 16:15:00+00:00,4086.2,4105.6,4084.1,4104.6,5925,33.0,1.0,39231.0,GC
2025-11-14 16:30:00+00:00,4104.8,4113.2,4098.5,4110.4,3693,33.0,1.0,39231.0,GC
2025-11-14 16:45:00+00:00,4110.6,4111.4,4104.3,4107.1,3104,33.0,1.0,39231.0,GC
2025-11-14 17:00:00+00:00,4107.4,4112.7,4098.0,4104.5,4394,33.0,1.0,39231.0,GC
2025-11-14 17:15:00+00:00,4104.7,4106.1,4095.4,4100.2,2943,33.0,1.0,39231.0,GC
2025-11-14 17:30:00+00:00,4100.5,4112.0,4099.3,4104.9,3889,33.0,1.0,39231.0,GC
2025-11-14 17:45:00+00:00,4104.7,4106.5,4097.8,4101.5,2636,33.0,1.0,39231.0,GC
2025-11-14 18:00:00+00:00,4101.6,4101.6,4087.8,4096.6,5391,33.0,1.0,39231.0,GC
2025-11-14 18:15:00+00:00,4096.8,4097.1,4082.6,4095.2,5152,33.0,1.0,39231.0,GC
2025-11-14 18:30:00+00:00,4095.0,4106.0,4092.6,4098.6,3503,33.0,1.0,39231.0,GC
2025-11-14 18:45:00+00:00,4098.9,4105.0,4097.5,4100.0,1716,33.0,1.0,39231.0,GC
2025-11-14 19:00:00+00:00,4100.2,4102.0,4091.5,4096.7,2180,33.0,1.0,39231.0,GC
2025-11-14 19:15:00+00:00,4097.1,4099.3,4094.1,4095.6,1320,33.0,1.0,39231.0,GC
2025-11-14 19:30:00+00:00,4095.7,4097.7,4091.8,4092.1,1241,33.0,1.0,39231.0,GC
2025-11-14 19:45:00+00:00,4092.3,4097.3,4089.5,4091.8,1595,33.0,1.0,39231.0,GC
2025-11-14 20:00:00+00:00,4092.2,4094.2,4085.4,4090.0,1990,33.0,1.0,39231.0,GC
2025-11-14 20:15:00+00:00,4089.6,4091.1,4077.5,4085.7,3091,33.0,1.0,39231.0,GC
2025-11-14 20:30:00+00:00,4085.9,4094.0,4083.9,4089.1,2003,33.0,1.0,39231.0,GC
2025-11-14 20:45:00+00:00,4089.0,4093.1,4086.4,4088.9,1734,33.0,1.0,39231.0,GC
2025-11-14 21:00:00+00:00,4088.6,4088.8,4080.6,4081.4,1085,33.0,1.0,39231.0,GC
2025-11-14 21:15:00+00:00,4081.2,4086.9,4081.1,4084.1,806,33.0,1.0,39231.0,GC
2025-11-14 21:30:00+00:00,4084.1,4085.3,4078.8,4081.3,875,33.0,1.0,39231.0,GC
2025-11-14 21:45:00+00:00,4081.2,4087.0,4080.2,4084.4,944,33.0,1.0,39231.0,GC
2025-11-16 23:00:00+00:00,4084.4,4105.0,4062.6,4100.2,3508,33.0,1.0,39231.0,GC
2025-11-16 23:15:00+00:00,4100.4,4107.6,4095.8,4104.7,1742,33.0,1.0,39231.0,GC
2025-11-16 23:30:00+00:00,4105.1,4107.0,4099.4,4103.0,1235,33.0,1.0,39231.0,GC
2025-11-16 23:45:00+00:00,4103.0,4104.0,4094.7,4097.0,1306,33.0,1.0,39231.0,GC
2025-11-17 00:00:00+00:00,4097.6,4099.7,4085.2,4086.6,1637,33.0,1.0,39231.0,GC
2025-11-17 00:15:00+00:00,4086.7,4093.2,4081.0,4087.7,1324,33.0,1.0,39231.0,GC
2025-11-17 00:30:00+00:00,4088.0,4093.5,4086.2,4091.5,1178,33.0,1.0,39231.0,GC
2025-11-17 00:45:00+00:00,4091.0,4093.0,4082.5,4084.4,1046,33.0,1.0,39231.0,GC
2025-11-17 01:00:00+00:00,4084.3,4097.9,4083.8,4095.5,2048,33.0,1.0,39231.0,GC
2025-11-17 01:15:00+00:00,4095.1,4098.2,4086.5,4097.1,1687,33.0,1.0,39231.0,GC
2025-11-17 01:30:00+00:00,4097.0,4103.6,4095.4,4100.1,1639,33.0,1.0,39231.0,GC
2025-11-17 01:45:00+00:00,4100.2,4100.5,4091.2,4092.2,1813,33.0,1.0,39231.0,GC
2025-11-17 02:00:00+00:00,4092.4,4093.8,4084.5,4090.5,1707,33.0,1.0,39231.0,GC
2025-11-17 02:15:00+00:00,4090.4,4093.9,4087.3,4093.4,1604,33.0,1.0,39231.0,GC
2025-11-17 02:30:00+00:00,4093.2,4095.3,4086.7,4089.7,1934,33.0,1.0,39231.0,GC
2025-11-17 02:45:00+00:00,4089.6,4090.7,4081.6,4082.9,2180,33.0,1.0,39231.0,GC
2025-11-17 03:00:00+00:00,4082.6,4084.0,4070.5,4081.1,3518,33.0,1.0,39231.0,GC
2025-11-17 03:15:00+00:00,4081.0,4086.9,4076.4,4080.3,2251,33.0,1.0,39231.0,GC
2025-11-17 03:30:00+00:00,4080.8,4084.4,4078.3,4083.9,1357,33.0,1.0,39231.0,GC
2025-11-17 03:45:00+00:00,4083.7,4086.6,4081.9,4084.0,1327,33.0,1.0,39231.0,GC
2025-11-17 04:00:00+00:00,4084.2,4089.1,4083.2,4085.3,2200,33.0,1.0,39231.0,GC
2025-11-17 04:15:00+00:00,4085.3,4085.7,4082.1,4084.5,1002,33.0,1.0,39231.0,GC
2025-11-17 04:30:00+00:00,4084.3,4086.0,4082.4,4084.1,933,33.0,1.0,39231.0,GC
2025-11-17 04:45:00+00:00,4084.2,4084.7,4077.8,4079.7,1248,33.0,1.0,39231.0,GC
2025-11-17 05:00:00+00:00,4079.8,4079.8,4073.1,4073.6,1328,33.0,1.0,39231.0,GC
2025-11-17 05:15:00+00:00,4073.8,4074.1,4058.0,4065.4,3936,33.0,1.0,39231.0,GC
2025-11-17 05:30:00+00:00,4065.9,4066.2,4051.1,4058.9,4380,33.0,1.0,39231.0,GC
2025-11-17 05:45:00+00:00,4059.0,4062.7,4054.4,4060.0,1932,33.0,1.0,39231.0,GC
2025-11-17 06:00:00+00:00,4059.9,4067.9,4055.5,4059.4,2852,33.0,1.0,39231.0,GC
2025-11-17 06:15:00+00:00,4059.8,4065.7,4056.9,4063.8,1403,33.0,1.0,39231.0,GC
2025-11-17 06:30:00+00:00,4063.9,4072.6,4063.2,4067.6,2538,33.0,1.0,39231.0,GC
2025-11-17 06:45:00+00:00,4067.5,4070.8,4065.6,4067.0,1172,33.0,1.0,39231.0,GC
2025-11-17 07:00:00+00:00,4066.5,4074.5,4065.7,4073.2,1247,33.0,1.0,39231.0,GC
2025-11-17 07:15:00+00:00,4073.6,4080.4,4073.1,4079.5,1648,33.0,1.0,39231.0,GC
2025-11-17 07:30:00+00:00,4078.6,4084.2,4077.8,4084.1,1669,33.0,1.0,39231.0,GC
2025-11-17 07:45:00+00:00,4084.2,4089.9,4084.0,4088.9,2392,33.0,1.0,39231.0,GC
2025-11-17 08:00:00+00:00,4088.9,4097.1,4087.2,4091.3,2664,33.0,1.0,39231.0,GC
2025-11-17 08:15:00+00:00,4091.3,4091.8,4080.0,4082.7,2733,33.0,1.0,39231.0,GC
2025-11-17 08:30:00+00:00,4082.5,4085.3,4076.4,4078.3,2481,33.0,1.0,39231.0,GC
2025-11-17 08:45:00+00:00,4078.4,4081.0,4072.9,4078.8,2175,33.0,1.0,39231.0,GC
2025-11-17 09:00:00+00:00,4078.4,4083.4,4073.5,4083.4,2202,33.0,1.0,39231.0,GC
2025-11-17 09:15:00+00:00,4083.4,4086.3,4080.7,4084.5,1529,33.0,1.0,39231.0,GC
2025-11-17 09:30:00+00:00,4084.6,4090.0,4082.9,4087.1,2217,33.0,1.0,39231.0,GC
2025-11-17 09:45:00+00:00,4087.4,4087.9,4080.0,4083.3,1562,33.0,1.0,39231.0,GC
2025-11-17 10:00:00+00:00,4083.4,4091.0,4082.8,4088.8,1798,33.0,1.0,39231.0,GC
2025-11-17 10:15:00+00:00,4089.0,4091.0,4085.3,4085.9,1917,33.0,1.0,39231.0,GC
2025-11-17 10:30:00+00:00,4085.8,4087.9,4079.1,4081.0,2628,33.0,1.0,39231.0,GC
2025-11-17 10:45:00+00:00,4080.8,4082.6,4069.8,4072.1,2080,33.0,1.0,39231.0,GC
2025-11-17 11:00:00+00:00,4071.9,4075.3,4062.3,4069.9,3055,33.0,1.0,39231.0,GC
2025-11-17 11:15:00+00:00,4069.7,4074.0,4066.8,4067.6,1186,33.0,1.0,39231.0,GC
2025-11-17 11:30:00+00:00,4067.3,4084.6,4066.1,4082.0,2775,33.0,1.0,39231.0,GC
2025-11-17 11:45:00+00:00,4082.3,4087.5,4078.1,4080.1,2025,33.0,1.0,39231.0,GC
2025-11-17 12:00:00+00:00,4080.0,4081.9,4078.0,4080.1,883,33.0,1.0,39231.0,GC
2025-11-17 12:15:00+00:00,4079.9,4081.9,4075.8,4079.7,1477,33.0,1.0,39231.0,GC
2025-11-17 12:30:00+00:00,4079.8,4087.0,4079.2,4084.3,1854,33.0,1.0,39231.0,GC
2025-11-17 12:45:00+00:00,4084.2,4085.0,4076.3,4078.5,1253,33.0,1.0,39231.0,GC
2025-11-17 13:00:00+00:00,4078.6,4093.5,4077.1,4085.0,2662,33.0,1.0,39231.0,GC
2025-11-17 13:15:00+00:00,4085.1,4088.7,4076.0,4077.7,2145,33.0,1.0,39231.0,GC
2025-11-17 13:30:00+00:00,4077.7,4080.8,4068.2,4070.3,3191,33.0,1.0,39231.0,GC
2025-11-17 13:45:00+00:00,4069.7,4072.2,4059.8,4065.9,3590,33.0,1.0,39231.0,GC
2025-11-17 14:00:00+00:00,4066.0,4075.3,4060.8,4074.3,3091,33.0,1.0,39231.0,GC
2025-11-17 14:15:00+00:00,4074.7,4075.7,4065.0,4067.5,1623,33.0,1.0,39231.0,GC
2025-11-17 14:30:00+00:00,4067.4,4083.6,4066.1,4075.4,4945,33.0,1.0,39231.0,GC
2025-11-17 14:45:00+00:00,4075.8,4081.8,4073.6,4077.6,2403,33.0,1.0,39231.0,GC
2025-11-17 15:00:00+00:00,4077.8,4078.9,4062.6,4070.0,4720,33.0,1.0,39231.0,GC
2025-11-17 15:15:00+00:00,4070.0,4077.1,4061.7,4073.8,3330,33.0,1.0,39231.0,GC
2025-11-17 15:30:00+00:00,4073.6,4078.9,4071.8,4075.6,1987,33.0,1.0,39231.0,GC
2025-11-17 15:45:00+00:00,4074.9,4075.0,4064.7,4065.6,2393,33.0,1.0,39231.0,GC
2025-11-17 16:00:00+00:00,4065.2,4066.7,4053.1,4062.9,4891,33.0,1.0,39231.0,GC
2025-11-17 16:15:00+00:00,4062.7,4070.2,4060.4,4070.2,2781,33.0,1.0,39231.0,GC
2025-11-17 16:30:00+00:00,4070.2,4074.5,4068.7,4069.4,3064,33.0,1.0,39231.0,GC
2025-11-17 16:45:00+00:00,4069.6,4072.2,4065.8,4071.1,1572,33.0,1.0,39231.0,GC
2025-11-17 17:00:00+00:00,4071.2,4076.4,4071.0,4074.8,2226,33.0,1.0,39231.0,GC
2025-11-17 17:15:00+00:00,4075.0,4081.9,4073.0,4078.5,1905,33.0,1.0,39231.0,GC
2025-11-17 17:30:00+00:00,4078.6,4082.5,4074.8,4076.1,2271,33.0,1.0,39231.0,GC
2025-11-17 17:45:00+00:00,4076.5,4076.9,4072.3,4074.7,980,33.0,1.0,39231.0,GC
2025-11-17 18:00:00+00:00,4074.7,4077.1,4072.0,4073.7,1575,33.0,1.0,39231.0,GC
2025-11-17 18:15:00+00:00,4073.6,4076.8,4069.0,4074.5,2564,33.0,1.0,39231.0,GC
2025-11-17 18:30:00+00:00,4074.5,4074.5,4069.0,4070.1,1132,33.0,1.0,39231.0,GC
2025-11-17 18:45:00+00:00,4070.3,4073.2,4063.6,4063.8,1259,33.0,1.0,39231.0,GC
2025-11-17 19:00:00+00:00,4063.8,4065.7,4057.6,4062.2,2422,33.0,1.0,39231.0,GC
2025-11-17 19:15:00+00:00,4062.2,4066.5,4054.8,4058.0,1750,33.0,1.0,39231.0,GC
2025-11-17 19:30:00+00:00,4057.9,4060.2,4015.7,4019.5,12776,33.0,1.0,39231.0,GC
2025-11-17 19:45:00+00:00,4019.2,4026.0,4010.1,4011.3,6389,33.0,1.0,39231.0,GC
2025-11-17 20:00:00+00:00,4011.4,4022.6,4006.8,4016.6,6532,33.0,1.0,39231.0,GC
2025-11-17 20:15:00+00:00,4017.0,4028.3,4015.6,4027.3,3722,33.0,1.0,39231.0,GC
2025-11-17 20:30:00+00:00,4027.5,4032.0,4025.5,4030.1,2568,33.0,1.0,39231.0,GC
2025-11-17 20:45:00+00:00,4030.2,4044.4,4029.6,4041.2,3555,33.0,1.0,39231.0,GC
2025-11-17 21:00:00+00:00,4041.0,4045.8,4038.9,4044.6,1924,33.0,1.0,39231.0,GC
2025-11-17 21:15:00+00:00,4044.5,4046.1,4043.0,4043.9,721,33.0,1.0,39231.0,GC
2025-11-17 21:30:00+00:00,4044.4,4045.2,4043.0,4043.9,379,33.0,1.0,39231.0,GC
2025-11-17 21:45:00+00:00,4043.7,4046.8,4043.0,4045.1,530,33.0,1.0,39231.0,GC
2025-11-17 23:00:00+00:00,4045.6,4055.4,4042.1,4050.3,1422,33.0,1.0,39231.0,GC
2025-11-17 23:15:00+00:00,4050.4,4052.5,4047.4,4047.6,572,33.0,1.0,39231.0,GC
2025-11-17 23:30:00+00:00,4048.0,4049.4,4034.1,4036.8,2060,33.0,1.0,39231.0,GC
2025-11-17 23:45:00+00:00,4037.3,4042.8,4027.6,4036.3,2226,33.0,1.0,39231.0,GC
2025-11-18 00:00:00+00:00,4036.5,4040.0,4030.1,4036.4,1586,33.0,1.0,39231.0,GC
2025-11-18 00:15:00+00:00,4036.2,4036.7,4026.9,4030.3,1909,33.0,1.0,39231.0,GC
2025-11-18 00:30:00+00:00,4030.6,4038.7,4028.0,4036.7,1073,33.0,1.0,39231.0,GC
2025-11-18 00:45:00+00:00,4036.1,4041.0,4031.4,4039.8,1115,33.0,1.0,39231.0,GC
2025-11-18 01:00:00+00:00,4040.1,4044.8,4034.0,4040.2,2267,33.0,1.0,39231.0,GC
2025-11-18 01:15:00+00:00,4040.0,4044.3,4036.0,4038.8,1119,33.0,1.0,39231.0,GC
2025-11-18 01:30:00+00:00,4039.6,4040.4,4028.8,4032.2,1388,33.0,1.0,39231.0,GC
2025-11-18 01:45:00+00:00,4031.6,4032.9,4021.4,4024.3,2646,33.0,1.0,39231.0,GC
2025-11-18 02:00:00+00:00,4024.1,4034.3,4019.0,4034.1,2106,33.0,1.0,39231.0,GC
2025-11-18 02:15:00+00:00,4034.2,4034.5,4026.5,4030.2,1032,33.0,1.0,39231.0,GC
2025-11-18 02:30:00+00:00,4030.6,4035.9,4028.4,4030.4,1400,33.0,1.0,39231.0,GC
2025-11-18 02:45:00+00:00,4029.8,4030.9,4015.8,4018.2,2367,33.0,1.0,39231.0,GC
2025-11-18 03:00:00+00:00,4018.0,4020.4,4010.4,4015.2,2574,33.0,1.0,39231.0,GC
2025-11-18 03:15:00+00:00,4015.0,4015.8,4008.0,4013.4,1735,33.0,1.0,39231.0,GC
2025-11-18 03:30:00+00:00,4013.5,4026.2,4011.5,4021.7,2303,33.0,1.0,39231.0,GC
2025-11-18 03:45:00+00:00,4021.7,4021.8,4010.5,4012.3,1880,33.0,1.0,39231.0,GC
2025-11-18 04:00:00+00:00,4012.2,4012.8,4008.7,4010.4,909,33.0,1.0,39231.0,GC
2025-11-18 04:15:00+00:00,4010.4,4017.8,4002.5,4017.1,3936,33.0,1.0,39231.0,GC
2025-11-18 04:30:00+00:00,4017.2,4017.3,4006.9,4009.6,1537,33.0,1.0,39231.0,GC
2025-11-18 04:45:00+00:00,4009.7,4012.0,4008.2,4009.9,1489,33.0,1.0,39231.0,GC
2025-11-18 05:00:00+00:00,4010.1,4014.0,4007.7,4011.8,1667,33.0,1.0,39231.0,GC
2025-11-18 05:15:00+00:00,4012.1,4021.7,4010.2,4016.2,1333,33.0,1.0,39231.0,GC
2025-11-18 05:30:00+00:00,4016.1,4024.5,4015.6,4023.4,1418,33.0,1.0,39231.0,GC
2025-11-18 05:45:00+00:00,4023.6,4024.8,4015.3,4018.7,1351,33.0,1.0,39231.0,GC
2025-11-18 06:00:00+00:00,4018.6,4020.3,4011.6,4012.0,1146,33.0,1.0,39231.0,GC
2025-11-18 06:15:00+00:00,4012.1,4015.2,4007.6,4013.8,1454,33.0,1.0,39231.0,GC
2025-11-18 06:30:00+00:00,4013.2,4014.9,4007.1,4010.8,1677,33.0,1.0,39231.0,GC
2025-11-18 06:45:00+00:00,4010.8,4015.1,4008.1,4008.3,1844,33.0,1.0,39231.0,GC
2025-11-18 07:00:00+00:00,4008.4,4008.9,4001.0,4008.0,2622,33.0,1.0,39231.0,GC
2025-11-18 07:15:00+00:00,4008.1,4010.6,4001.0,4001.9,2071,33.0,1.0,39231.0,GC
2025-11-18 07:30:00+00:00,4001.5,4015.0,3997.4,4011.3,6795,33.0,1.0,39231.0,GC
2025-11-18 07:45:00+00:00,4011.5,4017.1,4009.5,4013.4,2645,33.0,1.0,39231.0,GC
2025-11-18 08:00:00+00:00,4013.7,4026.8,4010.2,4025.0,2976,33.0,1.0,39231.0,GC
2025-11-18 08:15:00+00:00,4024.8,4026.2,4021.0,4021.8,1427,33.0,1.0,39231.0,GC
2025-11-18 08:30:00+00:00,4021.8,4042.5,4021.3,4036.4,5041,33.0,1.0,39231.0,GC
2025-11-18 08:45:00+00:00,4036.9,4041.0,4033.0,4036.8,2045,33.0,1.0,39231.0,GC
2025-11-18 09:00:00+00:00,4036.1,4038.7,4029.6,4032.8,1558,33.0,1.0,39231.0,GC
2025-11-18 09:15:00+00:00,4033.0,4039.8,4033.0,4034.5,1193,33.0,1.0,39231.0,GC
2025-11-18 09:30:00+00:00,4034.2,4037.2,4029.6,4037.2,1828,33.0,1.0,39231.0,GC
2025-11-18 09:45:00+00:00,4037.2,4047.0,4035.5,4039.7,1996,33.0,1.0,39231.0,GC
2025-11-18 10:00:00+00:00,4039.7,4044.6,4037.0,4040.3,1850,33.0,1.0,39231.0,GC
2025-11-18 10:15:00+00:00,4040.2,4042.6,4037.8,4037.9,1381,33.0,1.0,39231.0,GC
2025-11-18 10:30:00+00:00,4037.8,4043.2,4036.8,4042.8,1520,33.0,1.0,39231.0,GC
2025-11-18 10:45:00+00:00,4042.9,4050.2,4041.2,4043.6,2428,33.0,1.0,39231.0,GC
2025-11-18 11:00:00+00:00,4043.5,4048.2,4041.9,4044.9,904,33.0,1.0,39231.0,GC
2025-11-18 11:15:00+00:00,4045.1,4048.4,4043.8,4047.9,1056,33.0,1.0,39231.0,GC
2025-11-18 11:30:00+00:00,4048.0,4049.9,4042.9,4044.5,912,33.0,1.0,39231.0,GC
2025-11-18 11:45:00+00:00,4044.5,4044.7,4036.1,4039.0,1363,33.0,1.0,39231.0,GC
2025-11-18 12:00:00+00:00,4039.0,4044.7,4037.4,4039.2,1681,33.0,1.0,39231.0,GC
2025-11-18 12:15:00+00:00,4039.5,4043.0,4031.5,4032.4,1617,33.0,1.0,39231.0,GC
2025-11-18 12:30:00+00:00,4032.4,4039.8,4031.5,4032.9,1477,33.0,1.0,39231.0,GC
2025-11-18 12:45:00+00:00,4032.8,4034.7,4028.1,4031.7,1542,33.0,1.0,39231.0,GC
2025-11-18 13:00:00+00:00,4031.9,4046.6,4030.4,4043.0,3350,33.0,1.0,39231.0,GC
2025-11-18 13:15:00+00:00,4043.0,4053.5,4040.1,4048.8,3480,33.0,1.0,39231.0,GC
2025-11-18 13:30:00+00:00,4048.5,4068.2,4047.6,4063.0,5866,33.0,1.0,39231.0,GC
2025-11-18 13:45:00+00:00,4063.2,4070.8,4061.5,4065.3,3744,33.0,1.0,39231.0,GC
2025-11-18 14:00:00+00:00,4065.7,4075.9,4063.7,4073.7,4372,33.0,1.0,39231.0,GC
2025-11-18 14:15:00+00:00,4074.2,4080.8,4073.3,4074.9,3708,33.0,1.0,39231.0,GC
2025-11-18 14:30:00+00:00,4075.2,4082.3,4069.8,4073.4,5213,33.0,1.0,39231.0,GC
2025-11-18 14:45:00+00:00,4073.5,4077.9,4057.9,4065.0,7532,33.0,1.0,39231.0,GC
2025-11-18 15:00:00+00:00,4064.9,4068.1,4053.0,4059.4,7111,33.0,1.0,39231.0,GC
2025-11-18 15:15:00+00:00,4059.4,4067.3,4054.0,4064.9,4687,33.0,1.0,39231.0,GC
2025-11-18 15:30:00+00:00,4064.8,4072.4,4058.2,4060.4,4174,33.0,1.0,39231.0,GC
2025-11-18 15:45:00+00:00,4060.0,4061.5,4048.7,4053.2,3709,33.0,1.0,39231.0,GC
2025-11-18 16:00:00+00:00,4053.4,4054.9,4040.1,4054.0,7427,33.0,1.0,39231.0,GC
2025-11-18 16:15:00+00:00,4053.9,4066.4,4051.6,4065.2,4686,33.0,1.0,39231.0,GC
2025-11-18 16:30:00+00:00,4065.2,4067.2,4057.7,4063.2,2993,33.0,1.0,39231.0,GC
2025-11-18 16:45:00+00:00,4063.2,4069.8,4061.2,4067.4,1803,33.0,1.0,39231.0,GC
2025-11-18 17:00:00+00:00,4067.2,4071.1,4064.2,4066.5,1682,33.0,1.0,39231.0,GC
2025-11-18 17:15:00+00:00,4067.0,4068.7,4059.3,4061.7,1843,33.0,1.0,39231.0,GC
2025-11-18 17:30:00+00:00,4061.7,4076.4,4060.6,4073.4,2799,33.0,1.0,39231.0,GC
2025-11-18 17:45:00+00:00,4073.6,4074.9,4070.4,4072.1,1327,33.0,1.0,39231.0,GC
2025-11-18 18:00:00+00:00,4072.0,4075.3,4068.2,4068.8,1645,33.0,1.0,39231.0,GC
2025-11-18 18:15:00+00:00,4068.7,4070.9,4063.5,4066.6,2403,33.0,1.0,39231.0,GC
2025-11-18 18:30:00+00:00,4066.5,4073.5,4064.0,4071.3,1442,33.0,1.0,39231.0,GC
2025-11-18 18:45:00+00:00,4071.5,4075.2,4069.6,4072.3,1286,33.0,1.0,39231.0,GC
2025-11-18 19:00:00+00:00,4073.5,4080.7,4073.2,4080.5,1546,33.0,1.0,39231.0,GC
2025-11-18 19:15:00+00:00,4080.5,4081.6,4075.7,4076.1,1391,33.0,1.0,39231.0,GC
2025-11-18 19:30:00+00:00,4076.2,4082.3,4074.0,4077.9,2038,33.0,1.0,39231.0,GC
2025-11-18 19:45:00+00:00,4078.5,4083.3,4077.5,4082.3,1393,33.0,1.0,39231.0,GC
2025-11-18 20:00:00+00:00,4082.2,4083.7,4073.8,4074.3,1345,33.0,1.0,39231.0,GC
2025-11-18 20:15:00+00:00,4074.4,4077.2,4069.7,4072.8,1003,33.0,1.0,39231.0,GC
2025-11-18 20:30:00+00:00,4072.9,4074.4,4068.6,4069.0,899,33.0,1.0,39231.0,GC
2025-11-18 20:45:00+00:00,4069.1,4072.0,4067.7,4069.8,1143,33.0,1.0,39231.0,GC
2025-11-18 21:00:00+00:00,4069.7,4072.8,4069.5,4070.5,624,33.0,1.0,39231.0,GC
2025-11-18 21:15:00+00:00,4070.3,4070.3,4064.9,4065.5,413,33.0,1.0,39231.0,GC
2025-11-18 21:30:00+00:00,4066.2,4068.5,4065.1,4068.0,231,33.0,1.0,39231.0,GC
2025-11-18 21:45:00+00:00,4067.1,4068.3,4065.8,4067.4,312,33.0,1.0,39231.0,GC
2025-11-18 23:00:00+00:00,4067.8,4073.0,4065.3,4070.2,758,33.0,1.0,39231.0,GC
2025-11-18 23:15:00+00:00,4070.9,4072.9,4069.9,4070.6,260,33.0,1.0,39231.0,GC
2025-11-18 23:30:00+00:00,4070.1,4073.4,4067.0,4072.9,760,33.0,1.0,39231.0,GC
2025-11-18 23:45:00+00:00,4073.1,4077.6,4069.2,4076.5,859,33.0,1.0,39231.0,GC
2025-11-19 00:00:00+00:00,4076.1,4077.2,4070.7,4073.2,723,33.0,1.0,39231.0,GC
2025-11-19 00:15:00+00:00,4072.5,4078.2,4070.2,4074.3,739,33.0,1.0,39231.0,GC
2025-11-19 00:30:00+00:00,4074.1,4077.0,4073.6,4075.4,407,33.0,1.0,39231.0,GC
2025-11-19 00:45:00+00:00,4074.9,4075.2,4067.0,4069.0,1087,33.0,1.0,39231.0,GC
2025-11-19 01:00:00+00:00,4068.9,4070.0,4061.1,4064.7,1653,33.0,1.0,39231.0,GC
2025-11-19 01:15:00+00:00,4064.9,4070.1,4060.9,4068.0,1136,33.0,1.0,39231.0,GC
2025-11-19 01:30:00+00:00,4067.9,4070.7,4061.3,4065.8,1001,33.0,1.0,39231.0,GC
2025-11-19 01:45:00+00:00,4065.7,4065.7,4056.6,4059.6,1094,33.0,1.0,39231.0,GC
2025-11-19 02:00:00+00:00,4059.8,4064.6,4056.1,4060.4,1557,33.0,1.0,39231.0,GC
2025-11-19 02:15:00+00:00,4060.7,4066.0,4060.2,4064.8,713,33.0,1.0,39231.0,GC
2025-11-19 02:30:00+00:00,4065.1,4079.6,4064.9,4079.3,1939,33.0,1.0,39231.0,GC
2025-11-19 02:45:00+00:00,4079.2,4081.3,4075.3,4075.7,1531,33.0,1.0,39231.0,GC
2025-11-19 03:00:00+00:00,4075.7,4079.0,4072.2,4073.7,1447,33.0,1.0,39231.0,GC
2025-11-19 03:15:00+00:00,4074.1,4075.5,4069.5,4071.8,1206,33.0,1.0,39231.0,GC
2025-11-19 03:30:00+00:00,4072.0,4074.4,4070.4,4073.2,763,33.0,1.0,39231.0,GC
2025-11-19 03:45:00+00:00,4073.6,4076.2,4065.9,4066.8,1055,33.0,1.0,39231.0,GC
2025-11-19 04:00:00+00:00,4066.7,4071.2,4064.1,4068.8,771,33.0,1.0,39231.0,GC
2025-11-19 04:15:00+00:00,4068.2,4076.2,4068.1,4073.9,848,33.0,1.0,39231.0,GC
2025-11-19 04:30:00+00:00,4074.0,4076.8,4072.1,4074.3,705,33.0,1.0,39231.0,GC
2025-11-19 04:45:00+00:00,4074.5,4076.7,4073.3,4075.0,545,33.0,1.0,39231.0,GC
2025-11-19 05:00:00+00:00,4075.2,4079.6,4073.9,4079.2,781,33.0,1.0,39231.0,GC
2025-11-19 05:15:00+00:00,4079.2,4092.9,4079.0,4089.4,3466,33.0,1.0,39231.0,GC
2025-11-19 05:30:00+00:00,4089.4,4098.4,4088.3,4093.6,3260,33.0,1.0,39231.0,GC
2025-11-19 05:45:00+00:00,4093.7,4096.8,4091.1,4096.6,1631,33.0,1.0,39231.0,GC
2025-11-19 06:00:00+00:00,4096.5,4100.0,4093.1,4097.4,1709,33.0,1.0,39231.0,GC
2025-11-19 06:15:00+00:00,4097.4,4097.6,4090.0,4092.7,1608,33.0,1.0,39231.0,GC
2025-11-19 06:30:00+00:00,4093.0,4096.4,4090.3,4094.9,1315,33.0,1.0,39231.0,GC
2025-11-19 06:45:00+00:00,4095.0,4096.3,4090.5,4091.7,1486,33.0,1.0,39231.0,GC
2025-11-19 07:00:00+00:00,4091.4,4093.5,4085.1,4087.0,1698,33.0,1.0,39231.0,GC
2025-11-19 07:15:00+00:00,4087.6,4091.2,4085.2,4088.9,966,33.0,1.0,39231.0,GC
2025-11-19 07:30:00+00:00,4089.0,4096.7,4088.6,4095.4,1390,33.0,1.0,39231.0,GC
2025-11-19 07:45:00+00:00,4095.4,4097.7,4086.4,4087.3,1508,33.0,1.0,39231.0,GC
2025-11-19 08:00:00+00:00,4086.8,4087.2,4078.2,4082.4,2449,33.0,1.0,39231.0,GC
2025-11-19 08:15:00+00:00,4082.9,4089.6,4081.0,4088.8,1318,33.0,1.0,39231.0,GC
2025-11-19 08:30:00+00:00,4088.9,4089.1,4080.6,4081.9,1541,33.0,1.0,39231.0,GC
2025-11-19 08:45:00+00:00,4081.8,4086.1,4080.7,4083.6,914,33.0,1.0,39231.0,GC
2025-11-19 09:00:00+00:00,4083.8,4091.3,4081.1,4090.4,1609,33.0,1.0,39231.0,GC
2025-11-19 09:15:00+00:00,4089.9,4092.5,4086.1,4091.7,1419,33.0,1.0,39231.0,GC
2025-11-19 09:30:00+00:00,4092.0,4099.5,4088.3,4099.1,1572,33.0,1.0,39231.0,GC
2025-11-19 09:45:00+00:00,4099.2,4117.7,4098.8,4114.3,5691,33.0,1.0,39231.0,GC
2025-11-19 10:00:00+00:00,4114.1,4120.0,4109.7,4111.5,3313,33.0,1.0,39231.0,GC
2025-11-19 10:15:00+00:00,4111.9,4116.6,4111.0,4112.5,1402,33.0,1.0,39231.0,GC
2025-11-19 10:30:00+00:00,4112.5,4115.4,4110.6,4113.1,1540,33.0,1.0,39231.0,GC
2025-11-19 10:45:00+00:00,4113.3,4114.3,4107.5,4109.6,1665,33.0,1.0,39231.0,GC
2025-11-19 11:00:00+00:00,4109.7,4112.2,4107.1,4110.9,1566,33.0,1.0,39231.0,GC
2025-11-19 11:15:00+00:00,4110.8,4118.5,4110.6,4115.0,1879,33.0,1.0,39231.0,GC
2025-11-19 11:30:00+00:00,4114.8,4115.6,4110.8,4112.4,1175,33.0,1.0,39231.0,GC
2025-11-19 11:45:00+00:00,4112.5,4118.0,4112.2,4113.6,1433,33.0,1.0,39231.0,GC
2025-11-19 12:00:00+00:00,4113.6,4121.0,4113.5,4116.8,1376,33.0,1.0,39231.0,GC
2025-11-19 12:15:00+00:00,4117.1,4118.4,4112.7,4118.0,1243,33.0,1.0,39231.0,GC
2025-11-19 12:30:00+00:00,4118.0,4120.7,4115.5,4118.1,959,33.0,1.0,39231.0,GC
2025-11-19 12:45:00+00:00,4117.8,4120.3,4112.8,4115.1,1379,33.0,1.0,39231.0,GC
2025-11-19 13:00:00+00:00,4115.0,4115.8,4101.7,4103.7,3675,33.0,1.0,39231.0,GC
2025-11-19 13:15:00+00:00,4103.3,4110.8,4101.0,4110.2,3392,33.0,1.0,39231.0,GC
2025-11-19 13:30:00+00:00,4110.1,4115.9,4107.2,4115.3,3276,33.0,1.0,39231.0,GC
2025-11-19 13:45:00+00:00,4115.5,4118.7,4106.7,4111.5,2635,33.0,1.0,39231.0,GC
2025-11-19 14:00:00+00:00,4111.8,4119.7,4111.6,4118.7,2605,33.0,1.0,39231.0,GC
2025-11-19 14:15:00+00:00,4118.6,4120.0,4106.7,4107.6,3185,33.0,1.0,39231.0,GC
2025-11-19 14:30:00+00:00,4107.8,4118.6,4102.3,4113.2,3907,33.0,1.0,39231.0,GC
2025-11-19 14:45:00+00:00,4113.1,4130.7,4110.0,4129.2,5246,33.0,1.0,39231.0,GC
2025-11-19 15:00:00+00:00,4129.1,4131.8,4121.7,4131.2,5833,33.0,1.0,39231.0,GC
2025-11-19 15:15:00+00:00,4131.3,4134.3,4116.6,4117.3,5531,33.0,1.0,39231.0,GC
2025-11-19 15:30:00+00:00,4117.3,4122.5,4109.7,4110.8,4656,33.0,1.0,39231.0,GC
2025-11-19 15:45:00+00:00,4110.6,4111.5,4090.5,4097.4,8946,33.0,1.0,39231.0,GC
2025-11-19 16:00:00+00:00,4097.0,4099.4,4084.0,4095.3,5850,33.0,1.0,39231.0,GC
2025-11-19 16:15:00+00:00,4095.0,4096.0,4071.5,4075.2,7496,33.0,1.0,39231.0,GC
2025-11-19 16:30:00+00:00,4074.9,4080.2,4068.3,4074.3,4755,33.0,1.0,39231.0,GC
2025-11-19 16:45:00+00:00,4074.7,4079.3,4071.0,4075.7,3262,33.0,1.0,39231.0,GC
2025-11-19 17:00:00+00:00,4074.7,4077.2,4055.6,4066.0,6807,33.0,1.0,39231.0,GC
2025-11-19 17:15:00+00:00,4065.9,4073.9,4062.1,4072.9,3275,33.0,1.0,39231.0,GC
2025-11-19 17:30:00+00:00,4072.6,4079.7,4063.6,4076.0,3598,33.0,1.0,39231.0,GC
2025-11-19 17:45:00+00:00,4076.1,4082.0,4072.5,4079.6,2987,33.0,1.0,39231.0,GC
2025-11-19 18:00:00+00:00,4079.4,4086.5,4079.2,4084.9,2673,33.0,1.0,39231.0,GC
2025-11-19 18:15:00+00:00,4085.3,4087.5,4079.0,4082.7,4466,33.0,1.0,39231.0,GC
2025-11-19 18:30:00+00:00,4082.8,4085.5,4076.4,4080.1,2786,33.0,1.0,39231.0,GC
2025-11-19 18:45:00+00:00,4079.1,4092.4,4079.1,4087.9,2138,33.0,1.0,39231.0,GC
2025-11-19 19:00:00+00:00,4087.6,4087.7,4073.6,4078.4,3117,33.0,1.0,39231.0,GC
2025-11-19 19:15:00+00:00,4078.0,4079.6,4069.0,4072.1,2879,33.0,1.0,39231.0,GC
2025-11-19 19:30:00+00:00,4072.0,4076.7,4069.2,4071.7,1590,33.0,1.0,39231.0,GC
2025-11-19 19:45:00+00:00,4072.3,4077.4,4070.6,4073.8,1377,33.0,1.0,39231.0,GC
2025-11-19 20:00:00+00:00,4073.4,4078.4,4072.3,4075.8,1040,33.0,1.0,39231.0,GC
2025-11-19 20:15:00+00:00,4076.3,4082.8,4076.2,4080.0,1331,33.0,1.0,39231.0,GC
2025-11-19 20:30:00+00:00,4079.8,4081.4,4075.2,4078.1,908,33.0,1.0,39231.0,GC
2025-11-19 20:45:00+00:00,4078.0,4079.5,4072.8,4076.5,1377,33.0,1.0,39231.0,GC
2025-11-19 21:00:00+00:00,4076.3,4076.5,4071.5,4072.6,727,33.0,1.0,39231.0,GC
2025-11-19 21:15:00+00:00,4072.7,4077.5,4065.0,4077.1,1391,33.0,1.0,39231.0,GC
2025-11-19 21:30:00+00:00,4076.9,4085.2,4076.5,4080.4,929,33.0,1.0,39231.0,GC
2025-11-19 21:45:00+00:00,4080.6,4082.4,4076.3,4078.3,553,33.0,1.0,39231.0,GC
2025-11-19 23:00:00+00:00,4079.9,4089.4,4076.8,4088.4,924,33.0,1.0,39231.0,GC
2025-11-19 23:15:00+00:00,4088.8,4091.9,4087.0,4087.8,791,33.0,1.0,39231.0,GC
2025-11-19 23:30:00+00:00,4088.4,4099.6,4085.7,4096.5,1713,33.0,1.0,39231.0,GC
2025-11-19 23:45:00+00:00,4096.6,4108.1,4096.6,4104.3,1641,33.0,1.0,39231.0,GC
2025-11-20 00:00:00+00:00,4104.3,4109.6,4102.5,4104.8,1436,33.0,1.0,39231.0,GC
2025-11-20 00:15:00+00:00,4104.8,4108.5,4104.3,4104.6,687,33.0,1.0,39231.0,GC
2025-11-20 00:30:00+00:00,4104.6,4108.0,4100.0,4104.0,1557,33.0,1.0,39231.0,GC
2025-11-20 00:45:00+00:00,4103.9,4105.0,4098.9,4102.0,1118,33.0,1.0,39231.0,GC
2025-11-20 01:00:00+00:00,4102.0,4108.0,4095.1,4096.5,2821,33.0,1.0,39231.0,GC
2025-11-20 01:15:00+00:00,4096.3,4099.0,4091.7,4094.2,2134,33.0,1.0,39231.0,GC
2025-11-20 01:30:00+00:00,4094.2,4094.8,4088.2,4092.4,2038,33.0,1.0,39231.0,GC
2025-11-20 01:45:00+00:00,4092.2,4098.5,4080.8,4081.1,2649,33.0,1.0,39231.0,GC
2025-11-20 02:00:00+00:00,4081.2,4081.6,4058.3,4063.2,5182,33.0,1.0,39231.0,GC
2025-11-20 02:15:00+00:00,4063.1,4064.1,4034.0,4053.9,5518,33.0,1.0,39231.0,GC
2025-11-20 02:30:00+00:00,4054.1,4060.6,4052.0,4060.2,2374,33.0,1.0,39231.0,GC
2025-11-20 02:45:00+00:00,4060.5,4068.8,4058.8,4065.3,2244,33.0,1.0,39231.0,GC
2025-11-20 03:00:00+00:00,4065.2,4084.0,4064.7,4076.5,3951,33.0,1.0,39231.0,GC
2025-11-20 03:15:00+00:00,4076.3,4077.6,4071.4,4075.1,1755,33.0,1.0,39231.0,GC
2025-11-20 03:30:00+00:00,4075.3,4075.5,4060.2,4064.2,1609,33.0,1.0,39231.0,GC
2025-11-20 03:45:00+00:00,4063.9,4071.0,4062.7,4070.3,1141,33.0,1.0,39231.0,GC
2025-11-20 04:00:00+00:00,4070.4,4077.1,4066.6,4076.4,1263,33.0,1.0,39231.0,GC
2025-11-20 04:15:00+00:00,4076.2,4078.6,4074.3,4076.4,688,33.0,1.0,39231.0,GC
2025-11-20 04:30:00+00:00,4076.1,4077.7,4071.6,4074.8,517,33.0,1.0,39231.0,GC
2025-11-20 04:45:00+00:00,4075.0,4079.1,4072.9,4074.1,632,33.0,1.0,39231.0,GC
2025-11-20 05:00:00+00:00,4074.2,4074.7,4067.2,4070.8,1367,33.0,1.0,39231.0,GC
2025-11-20 05:15:00+00:00,4070.5,4073.8,4067.4,4068.9,651,33.0,1.0,39231.0,GC
2025-11-20 05:30:00+00:00,4068.5,4071.9,4063.4,4066.0,1531,33.0,1.0,39231.0,GC
2025-11-20 05:45:00+00:00,4065.9,4070.4,4065.1,4065.1,819,33.0,1.0,39231.0,GC
2025-11-20 06:00:00+00:00,4064.8,4077.0,4063.7,4072.2,1356,33.0,1.0,39231.0,GC
2025-11-20 06:15:00+00:00,4072.3,4073.7,4057.5,4061.6,1734,33.0,1.0,39231.0,GC
2025-11-20 06:30:00+00:00,4061.4,4070.9,4060.5,4066.5,1248,33.0,1.0,39231.0,GC
2025-11-20 06:45:00+00:00,4066.5,4068.9,4061.7,4066.9,722,33.0,1.0,39231.0,GC
2025-11-20 07:00:00+00:00,4066.6,4075.3,4064.1,4072.2,1233,33.0,1.0,39231.0,GC
2025-11-20 07:15:00+00:00,4071.8,4071.9,4058.6,4061.4,1879,33.0,1.0,39231.0,GC
2025-11-20 07:30:00+00:00,4061.6,4066.8,4057.2,4058.4,1668,33.0,1.0,39231.0,GC
2025-11-20 07:45:00+00:00,4058.5,4060.3,4052.8,4058.9,2006,33.0,1.0,39231.0,GC
2025-11-20 08:00:00+00:00,4058.3,4062.2,4041.1,4045.9,4042,33.0,1.0,39231.0,GC
2025-11-20 08:15:00+00:00,4045.4,4049.0,4037.4,4044.8,3202,33.0,1.0,39231.0,GC
2025-11-20 08:30:00+00:00,4044.7,4057.1,4042.2,4053.0,3088,33.0,1.0,39231.0,GC
2025-11-20 08:45:00+00:00,4053.0,4069.0,4050.4,4062.4,2683,33.0,1.0,39231.0,GC
2025-11-20 09:00:00+00:00,4062.4,4071.5,4062.0,4067.7,2136,33.0,1.0,39231.0,GC
2025-11-20 09:15:00+00:00,4067.5,4070.4,4057.6,4057.8,1604,33.0,1.0,39231.0,GC
2025-11-20 09:30:00+00:00,4058.1,4066.3,4054.3,4062.2,2165,33.0,1.0,39231.0,GC
2025-11-20 09:45:00+00:00,4062.0,4067.6,4058.1,4062.3,1562,33.0,1.0,39231.0,GC
2025-11-20 10:00:00+00:00,4062.8,4066.6,4057.9,4058.7,1323,33.0,1.0,39231.0,GC
2025-11-20 10:15:00+00:00,4058.3,4063.0,4056.9,4060.5,1016,33.0,1.0,39231.0,GC
2025-11-20 10:30:00+00:00,4060.4,4066.0,4060.1,4062.3,1072,33.0,1.0,39231.0,GC
2025-11-20 10:45:00+00:00,4062.2,4063.8,4056.9,4058.6,1083,33.0,1.0,39231.0,GC
2025-11-20 11:00:00+00:00,4058.6,4059.8,4052.4,4055.8,966,33.0,1.0,39231.0,GC
2025-11-20 11:15:00+00:00,4055.7,4055.7,4049.6,4054.7,1244,33.0,1.0,39231.0,GC
2025-11-20 11:30:00+00:00,4054.8,4067.0,4052.6,4065.0,1894,33.0,1.0,39231.0,GC
2025-11-20 11:45:00+00:00,4065.0,4065.0,4055.4,4059.6,1704,33.0,1.0,39231.0,GC
2025-11-20 12:00:00+00:00,4059.6,4073.8,4059.0,4071.3,2482,33.0,1.0,39231.0,GC
2025-11-20 12:15:00+00:00,4071.6,4078.3,4068.3,4072.2,1598,33.0,1.0,39231.0,GC
2025-11-20 12:30:00+00:00,4072.2,4078.7,4072.0,4076.1,1721,33.0,1.0,39231.0,GC
2025-11-20 12:45:00+00:00,4076.0,4081.6,4073.5,4081.2,2052,33.0,1.0,39231.0,GC
2025-11-20 13:00:00+00:00,4081.4,4094.3,4080.5,4089.4,5268,33.0,1.0,39231.0,GC
2025-11-20 13:15:00+00:00,4089.6,4092.5,4082.6,4085.7,3312,33.0,1.0,39231.0,GC
2025-11-20 13:30:00+00:00,4085.6,4096.2,4066.1,4080.3,10868,33.0,1.0,39231.0,GC
2025-11-20 13:45:00+00:00,4080.4,4089.5,4072.2,4079.7,4445,33.0,1.0,39231.0,GC
2025-11-20 14:00:00+00:00,4080.0,4083.1,4071.8,4078.0,3141,33.0,1.0,39231.0,GC
2025-11-20 14:15:00+00:00,4078.0,4088.0,4078.0,4079.6,3142,33.0,1.0,39231.0,GC
2025-11-20 14:30:00+00:00,4079.7,4090.9,4073.2,4088.4,5464,33.0,1.0,39231.0,GC
2025-11-20 14:45:00+00:00,4088.5,4106.9,4086.1,4092.6,8063,33.0,1.0,39231.0,GC
2025-11-20 15:00:00+00:00,4092.3,4096.6,4081.8,4091.8,5735,33.0,1.0,39231.0,GC
2025-11-20 15:15:00+00:00,4092.0,4098.5,4086.0,4094.8,3519,33.0,1.0,39231.0,GC
2025-11-20 15:30:00+00:00,4094.9,4095.8,4073.8,4087.4,5803,33.0,1.0,39231.0,GC
2025-11-20 15:45:00+00:00,4087.8,4088.4,4069.3,4069.5,3172,33.0,1.0,39231.0,GC
2025-11-20 16:00:00+00:00,4069.3,4082.6,4067.6,4073.1,4697,33.0,1.0,39231.0,GC
2025-11-20 16:15:00+00:00,4073.2,4077.5,4061.3,4063.0,4306,33.0,1.0,39231.0,GC
2025-11-20 16:30:00+00:00,4063.0,4066.8,4056.2,4058.0,3772,33.0,1.0,39231.0,GC
2025-11-20 16:45:00+00:00,4057.7,4065.8,4043.5,4047.6,6251,33.0,1.0,39231.0,GC
2025-11-20 17:00:00+00:00,4047.5,4054.2,4042.6,4051.7,4605,33.0,1.0,39231.0,GC
2025-11-20 17:15:00+00:00,4051.6,4060.4,4049.2,4055.3,3797,33.0,1.0,39231.0,GC
2025-11-20 17:30:00+00:00,4055.1,4059.1,4048.5,4051.3,2648,33.0,1.0,39231.0,GC
2025-11-20 17:45:00+00:00,4051.6,4067.5,4050.7,4064.7,3402,33.0,1.0,39231.0,GC
2025-11-20 18:00:00+00:00,4064.7,4071.5,4063.4,4065.9,3475,33.0,1.0,39231.0,GC
2025-11-20 18:15:00+00:00,4065.9,4066.4,4055.5,4059.7,4324,33.0,1.0,39231.0,GC
2025-11-20 18:30:00+00:00,4059.6,4066.5,4056.7,4060.3,2728,33.0,1.0,39231.0,GC
2025-11-20 18:45:00+00:00,4060.1,4062.6,4056.0,4060.0,1916,33.0,1.0,39231.0,GC
2025-11-20 19:00:00+00:00,4060.1,4069.0,4058.6,4069.0,1591,33.0,1.0,39231.0,GC
2025-11-20 19:15:00+00:00,4068.6,4087.2,4065.7,4084.0,3491,33.0,1.0,39231.0,GC
2025-11-20 19:30:00+00:00,4083.7,4087.3,4079.4,4082.6,2183,33.0,1.0,39231.0,GC
2025-11-20 19:45:00+00:00,4083.1,4085.2,4080.1,4084.4,1333,33.0,1.0,39231.0,GC
2025-11-20 20:00:00+00:00,4084.2,4084.7,4072.9,4076.4,2166,33.0,1.0,39231.0,GC
2025-11-20 20:15:00+00:00,4076.5,4080.7,4073.3,4076.7,1204,33.0,1.0,39231.0,GC
2025-11-20 20:30:00+00:00,4076.8,4077.8,4072.7,4077.8,1097,33.0,1.0,39231.0,GC
2025-11-20 20:45:00+00:00,4077.6,4079.8,4072.8,4077.5,1317,33.0,1.0,39231.0,GC
2025-11-20 21:00:00+00:00,4077.4,4079.1,4073.9,4076.4,780,33.0,1.0,39231.0,GC
2025-11-20 21:15:00+00:00,4076.3,4080.3,4075.7,4078.2,327,33.0,1.0,39231.0,GC
2025-11-20 21:30:00+00:00,4078.3,4079.2,4076.0,4076.3,325,33.0,1.0,39231.0,GC
2025-11-20 21:45:00+00:00,4076.3,4079.4,4076.2,4076.7,287,33.0,1.0,39231.0,GC
2025-11-20 23:00:00+00:00,4074.9,4085.2,4072.1,4084.4,1118,33.0,1.0,39231.0,GC
2025-11-20 23:15:00+00:00,4085.0,4085.7,4076.5,4080.9,637,33.0,1.0,39231.0,GC
2025-11-20 23:30:00+00:00,4081.2,4088.5,4079.7,4087.2,880,33.0,1.0,39231.0,GC
2025-11-20 23:45:00+00:00,4086.6,4089.4,4074.8,4079.7,1466,33.0,1.0,39231.0,GC
2025-11-21 00:00:00+00:00,4079.2,4081.1,4074.0,4079.6,806,33.0,1.0,39231.0,GC
2025-11-21 00:15:00+00:00,4079.4,4080.8,4071.0,4074.6,752,33.0,1.0,39231.0,GC
2025-11-21 00:30:00+00:00,4075.0,4079.8,4071.3,4078.2,790,33.0,1.0,39231.0,GC
2025-11-21 00:45:00+00:00,4078.2,4078.9,4071.3,4073.6,942,33.0,1.0,39231.0,GC
2025-11-21 01:00:00+00:00,4073.4,4073.4,4062.6,4064.4,2163,33.0,1.0,39231.0,GC
2025-11-21 01:15:00+00:00,4064.4,4068.7,4061.3,4061.6,1260,33.0,1.0,39231.0,GC
2025-11-21 01:30:00+00:00,4062.0,4064.7,4060.2,4064.1,1488,33.0,1.0,39231.0,GC
2025-11-21 01:45:00+00:00,4063.8,4074.0,4063.2,4068.2,1235,33.0,1.0,39231.0,GC
2025-11-21 02:00:00+00:00,4067.5,4075.0,4067.2,4072.6,957,33.0,1.0,39231.0,GC
2025-11-21 02:15:00+00:00,4072.7,4074.4,4065.3,4072.1,1077,33.0,1.0,39231.0,GC
2025-11-21 02:30:00+00:00,4072.4,4079.1,4071.2,4072.3,1295,33.0,1.0,39231.0,GC
2025-11-21 02:45:00+00:00,4072.5,4072.5,4054.9,4055.5,2437,33.0,1.0,39231.0,GC
2025-11-21 03:00:00+00:00,4055.4,4057.9,4050.5,4055.6,2289,33.0,1.0,39231.0,GC
2025-11-21 03:15:00+00:00,4055.1,4056.9,4048.0,4051.1,2150,33.0,1.0,39231.0,GC
2025-11-21 03:30:00+00:00,4051.0,4055.7,4048.6,4053.1,1217,33.0,1.0,39231.0,GC
2025-11-21 03:45:00+00:00,4053.0,4057.7,4050.2,4054.5,1060,33.0,1.0,39231.0,GC
2025-11-21 04:00:00+00:00,4054.0,4060.7,4051.0,4053.3,1073,33.0,1.0,39231.0,GC
2025-11-21 04:15:00+00:00,4053.0,4058.5,4051.5,4057.7,865,33.0,1.0,39231.0,GC
2025-11-21 04:30:00+00:00,4057.6,4058.5,4045.8,4048.5,1696,33.0,1.0,39231.0,GC
2025-11-21 04:45:00+00:00,4048.7,4051.0,4045.5,4050.4,789,33.0,1.0,39231.0,GC
2025-11-21 05:00:00+00:00,4050.3,4055.7,4049.4,4054.4,948,33.0,1.0,39231.0,GC
2025-11-21 05:15:00+00:00,4054.7,4055.6,4050.9,4051.3,406,33.0,1.0,39231.0,GC
2025-11-21 05:30:00+00:00,4050.9,4056.0,4045.6,4046.6,1274,33.0,1.0,39231.0,GC
2025-11-21 05:45:00+00:00,4046.5,4057.5,4037.5,4056.2,5221,33.0,1.0,39231.0,GC
2025-11-21 06:00:00+00:00,4056.6,4063.4,4050.1,4050.1,2056,33.0,1.0,39231.0,GC
2025-11-21 06:15:00+00:00,4050.2,4050.4,4026.0,4029.2,4169,33.0,1.0,39231.0,GC
2025-11-21 06:30:00+00:00,4029.1,4038.4,4026.2,4033.5,2422,33.0,1.0,39231.0,GC
2025-11-21 06:45:00+00:00,4033.3,4036.7,4030.3,4030.3,1292,33.0,1.0,39231.0,GC
2025-11-21 07:00:00+00:00,4030.2,4030.4,4021.6,4029.4,2446,33.0,1.0,39231.0,GC
2025-11-21 07:15:00+00:00,4029.7,4035.0,4027.6,4034.8,1978,33.0,1.0,39231.0,GC
2025-11-21 07:30:00+00:00,4035.0,4036.9,4029.1,4030.9,1546,33.0,1.0,39231.0,GC
2025-11-21 07:45:00+00:00,4030.4,4033.0,4025.7,4029.0,1648,33.0,1.0,39231.0,GC
2025-11-21 08:00:00+00:00,4028.7,4036.6,4018.1,4034.1,3453,33.0,1.0,39231.0,GC
2025-11-21 08:15:00+00:00,4034.2,4045.7,4031.1,4039.6,2390,33.0,1.0,39231.0,GC
2025-11-21 08:30:00+00:00,4039.3,4044.7,4037.4,4040.3,1402,33.0,1.0,39231.0,GC
2025-11-21 08:45:00+00:00,4040.2,4044.3,4035.4,4037.9,1385,33.0,1.0,39231.0,GC
2025-11-21 09:00:00+00:00,4037.8,4057.6,4037.0,4055.3,3036,33.0,1.0,39231.0,GC
2025-11-21 09:15:00+00:00,4055.3,4090.5,4050.4,4053.2,2602,33.0,1.0,39231.0,GC
2025-11-21 09:30:00+00:00,4052.8,4057.6,4046.4,4046.6,1854,33.0,1.0,39231.0,GC
2025-11-21 09:45:00+00:00,4046.5,4052.2,4045.1,4047.7,1555,33.0,1.0,39231.0,GC
2025-11-21 10:00:00+00:00,4047.3,4049.8,4031.7,4035.3,3122,33.0,1.0,39231.0,GC
2025-11-21 10:15:00+00:00,4035.3,4040.1,4029.3,4029.4,2463,33.0,1.0,39231.0,GC
2025-11-21 10:30:00+00:00,4029.3,4035.2,4029.0,4030.7,2338,33.0,1.0,39231.0,GC
2025-11-21 10:45:00+00:00,4030.6,4039.0,4030.5,4034.1,1818,33.0,1.0,39231.0,GC
2025-11-21 11:00:00+00:00,4034.3,4044.1,4032.8,4037.4,1733,33.0,1.0,39231.0,GC
2025-11-21 11:15:00+00:00,4037.4,4039.2,4034.0,4036.6,1277,33.0,1.0,39231.0,GC
2025-11-21 11:30:00+00:00,4037.4,4038.4,4031.9,4034.0,926,33.0,1.0,39231.0,GC
2025-11-21 11:45:00+00:00,4033.7,4036.4,4028.1,4034.1,1688,33.0,1.0,39231.0,GC
2025-11-21 12:00:00+00:00,4034.3,4043.6,4032.3,4041.8,1684,33.0,1.0,39231.0,GC
2025-11-21 12:15:00+00:00,4041.8,4048.2,4038.5,4041.9,1781,33.0,1.0,39231.0,GC
2025-11-21 12:30:00+00:00,4042.0,4062.2,4040.7,4060.0,5515,33.0,1.0,39231.0,GC
2025-11-21 12:45:00+00:00,4060.1,4070.5,4059.2,4064.2,3904,33.0,1.0,39231.0,GC
2025-11-21 13:00:00+00:00,4064.5,4065.7,4057.3,4060.2,2766,33.0,1.0,39231.0,GC
2025-11-21 13:15:00+00:00,4060.5,4069.2,4057.8,4065.9,2573,33.0,1.0,39231.0,GC
2025-11-21 13:30:00+00:00,4065.7,4071.0,4064.1,4070.8,2623,33.0,1.0,39231.0,GC
2025-11-21 13:45:00+00:00,4070.6,4080.3,4070.6,4078.2,4142,33.0,1.0,39231.0,GC
2025-11-21 14:00:00+00:00,4078.2,4082.9,4070.5,4075.2,3610,33.0,1.0,39231.0,GC
2025-11-21 14:15:00+00:00,4075.3,4076.0,4062.9,4065.5,2975,33.0,1.0,39231.0,GC
2025-11-21 14:30:00+00:00,4065.4,4069.8,4060.3,4060.5,6749,33.0,1.0,39231.0,GC
2025-11-21 14:45:00+00:00,4060.5,4074.2,4060.0,4070.3,3689,33.0,1.0,39231.0,GC
2025-11-21 15:00:00+00:00,4070.1,4075.9,4065.2,4071.6,3767,33.0,1.0,39231.0,GC
2025-11-21 15:15:00+00:00,4071.4,4075.7,4066.5,4068.2,3114,33.0,1.0,39231.0,GC
2025-11-21 15:30:00+00:00,4067.7,4069.2,4053.4,4062.1,5978,33.0,1.0,39231.0,GC
2025-11-21 15:45:00+00:00,4062.4,4071.1,4061.4,4068.7,4118,33.0,1.0,39231.0,GC
2025-11-21 16:00:00+00:00,4068.5,4071.8,4061.8,4066.2,2458,33.0,1.0,39231.0,GC
2025-11-21 16:15:00+00:00,4066.4,4070.5,4063.1,4069.0,3122,33.0,1.0,39231.0,GC
2025-11-21 16:30:00+00:00,4068.6,4080.7,4068.5,4078.6,3464,33.0,1.0,39231.0,GC
2025-11-21 16:45:00+00:00,4078.8,4100.6,4075.9,4099.7,8228,33.0,1.0,39231.0,GC
2025-11-21 17:00:00+00:00,4099.6,4101.0,4082.6,4084.1,4768,33.0,1.0,39231.0,GC
2025-11-21 17:15:00+00:00,4084.2,4087.1,4078.8,4081.2,2684,33.0,1.0,39231.0,GC
2025-11-21 17:30:00+00:00,4082.0,4084.6,4079.1,4083.2,1867,33.0,1.0,39231.0,GC
2025-11-21 17:45:00+00:00,4083.0,4088.4,4080.6,4085.0,2036,33.0,1.0,39231.0,GC
2025-11-21 18:00:00+00:00,4085.0,4087.0,4079.3,4080.6,1963,33.0,1.0,39231.0,GC
2025-11-21 18:15:00+00:00,4080.4,4084.1,4078.1,4079.3,2867,33.0,1.0,39231.0,GC
2025-11-21 18:30:00+00:00,4079.1,4081.1,4075.5,4078.5,2474,33.0,1.0,39231.0,GC
2025-11-21 18:45:00+00:00,4079.0,4087.4,4079.0,4081.9,2162,33.0,1.0,39231.0,GC
2025-11-21 19:00:00+00:00,4082.1,4085.7,4081.8,4083.8,939,33.0,1.0,39231.0,GC
2025-11-21 19:15:00+00:00,4083.8,4092.1,4083.6,4090.3,1763,33.0,1.0,39231.0,GC
2025-11-21 19:30:00+00:00,4090.4,4091.8,4084.7,4085.2,1131,33.0,1.0,39231.0,GC
2025-11-21 19:45:00+00:00,4084.7,4088.6,4083.9,4087.2,1171,33.0,1.0,39231.0,GC
2025-11-21 20:00:00+00:00,4087.0,4088.2,4079.4,4080.2,1593,33.0,1.0,39231.0,GC
2025-11-21 20:15:00+00:00,4080.1,4082.0,4066.2,4067.5,3072,33.0,1.0,39231.0,GC
2025-11-21 20:30:00+00:00,4067.5,4067.5,4054.9,4057.8,3032,33.0,1.0,39231.0,GC
2025-11-21 20:45:00+00:00,4057.8,4066.9,4053.5,4064.5,3221,33.0,1.0,39231.0,GC
2025-11-21 21:00:00+00:00,4064.4,4066.1,4052.2,4056.9,1663,33.0,1.0,39231.0,GC
2025-11-21 21:15:00+00:00,4057.2,4061.6,4055.2,4059.8,705,33.0,1.0,39231.0,GC
2025-11-21 21:30:00+00:00,4060.2,4064.5,4059.7,4062.9,533,33.0,1.0,39231.0,GC
2025-11-21 21:45:00+00:00,4063.0,4064.8,4060.6,4062.8,654,33.0,1.0,39231.0,GC
2025-11-23 23:00:00+00:00,4069.2,4074.8,4062.4,4070.6,1683,33.0,1.0,39231.0,GC
2025-11-23 23:15:00+00:00,4071.0,4074.3,4066.1,4067.8,822,33.0,1.0,39231.0,GC
2025-11-23 23:30:00+00:00,4067.4,4068.8,4062.5,4066.4,1338,33.0,1.0,39231.0,GC
2025-11-23 23:45:00+00:00,4066.3,4073.4,4065.7,4071.6,979,33.0,1.0,39231.0,GC
2025-11-24 00:00:00+00:00,4071.7,4072.7,4054.8,4058.8,1270,33.0,1.0,39231.0,GC
2025-11-24 00:15:00+00:00,4059.0,4061.4,4055.6,4059.5,648,33.0,1.0,39231.0,GC
2025-11-24 00:30:00+00:00,4059.4,4063.0,4058.2,4062.6,854,33.0,1.0,39231.0,GC
2025-11-24 00:45:00+00:00,4062.6,4065.1,4060.7,4064.7,608,33.0,1.0,39231.0,GC
2025-11-24 01:00:00+00:00,4064.8,4070.6,4048.7,4051.5,2834,33.0,1.0,39231.0,GC
2025-11-24 01:15:00+00:00,4052.0,4053.6,4047.4,4052.7,1480,33.0,1.0,39231.0,GC
2025-11-24 01:30:00+00:00,4052.9,4053.6,4047.7,4049.4,1308,33.0,1.0,39231.0,GC
2025-11-24 01:45:00+00:00,4049.1,4051.5,4038.9,4041.1,2026,33.0,1.0,39231.0,GC
2025-11-24 02:00:00+00:00,4040.9,4081.4,4040.0,4042.9,1293,33.0,1.0,39231.0,GC
2025-11-24 02:15:00+00:00,4043.2,4080.8,4042.7,4044.8,1018,33.0,1.0,39231.0,GC
2025-11-24 02:30:00+00:00,4044.9,4048.6,4042.0,4044.5,1202,33.0,1.0,39231.0,GC
2025-11-24 02:45:00+00:00,4044.6,4045.2,4037.2,4040.7,1219,33.0,1.0,39231.0,GC
2025-11-24 03:00:00+00:00,4041.0,4047.3,4040.7,4043.5,1126,33.0,1.0,39231.0,GC
2025-11-24 03:15:00+00:00,4043.3,4046.0,4041.1,4045.5,791,33.0,1.0,39231.0,GC
2025-11-24 03:30:00+00:00,4045.6,4055.2,4045.6,4052.9,1307,33.0,1.0,39231.0,GC
2025-11-24 03:45:00+00:00,4052.7,4053.4,4045.3,4047.5,942,33.0,1.0,39231.0,GC
2025-11-24 04:00:00+00:00,4047.2,4058.7,4046.5,4056.0,1252,33.0,1.0,39231.0,GC
2025-11-24 04:15:00+00:00,4056.2,4057.4,4045.4,4048.0,1371,33.0,1.0,39231.0,GC
2025-11-24 04:30:00+00:00,4048.1,4049.4,4041.8,4042.9,1213,33.0,1.0,39231.0,GC
2025-11-24 04:45:00+00:00,4043.1,4043.1,4038.8,4040.7,965,33.0,1.0,39231.0,GC
2025-11-24 05:00:00+00:00,4040.8,4043.5,4039.4,4042.0,795,33.0,1.0,39231.0,GC
2025-11-24 05:15:00+00:00,4041.9,4044.9,4036.4,4044.0,1244,33.0,1.0,39231.0,GC
2025-11-24 05:30:00+00:00,4043.7,4046.3,4039.0,4045.0,1046,33.0,1.0,39231.0,GC
2025-11-24 05:45:00+00:00,4044.8,4044.8,4037.8,4042.7,1166,33.0,1.0,39231.0,GC
2025-11-24 06:00:00+00:00,4042.7,4051.2,4041.9,4046.4,1540,33.0,1.0,39231.0,GC
2025-11-24 06:15:00+00:00,4046.6,4053.3,4044.6,4049.5,1128,33.0,1.0,39231.0,GC
2025-11-24 06:30:00+00:00,4049.6,4054.3,4049.5,4053.2,732,33.0,1.0,39231.0,GC
2025-11-24 06:45:00+00:00,4053.0,4053.6,4048.5,4049.5,760,33.0,1.0,39231.0,GC
2025-11-24 07:00:00+00:00,4049.7,4054.0,4047.9,4050.1,1076,33.0,1.0,39231.0,GC
2025-11-24 07:15:00+00:00,4050.2,4052.9,4048.4,4048.8,781,33.0,1.0,39231.0,GC
2025-11-24 07:30:00+00:00,4048.9,4064.5,4048.9,4060.9,1757,33.0,1.0,39231.0,GC
2025-11-24 07:45:00+00:00,4060.8,4064.4,4055.0,4057.0,939,33.0,1.0,39231.0,GC
2025-11-24 08:00:00+00:00,4056.5,4061.8,4056.2,4058.7,1139,33.0,1.0,39231.0,GC
2025-11-24 08:15:00+00:00,4059.0,4097.5,4056.5,4059.3,1060,33.0,1.0,39231.0,GC
2025-11-24 08:30:00+00:00,4059.6,4060.7,4056.8,4060.5,753,33.0,1.0,39231.0,GC
2025-11-24 08:45:00+00:00,4060.3,4064.0,4059.3,4060.7,943,33.0,1.0,39231.0,GC
2025-11-24 09:00:00+00:00,4060.2,4071.8,4059.9,4069.2,2074,33.0,1.0,39231.0,GC
2025-11-24 09:15:00+00:00,4069.5,4071.5,4064.0,4065.9,1612,33.0,1.0,39231.0,GC
2025-11-24 09:30:00+00:00,4065.6,4070.0,4064.6,4067.2,1094,33.0,1.0,39231.0,GC
2025-11-24 09:45:00+00:00,4067.3,4069.2,4062.6,4068.5,1252,33.0,1.0,39231.0,GC
2025-11-24 10:00:00+00:00,4068.6,4074.0,4067.7,4069.9,1522,33.0,1.0,39231.0,GC
2025-11-24 10:15:00+00:00,4069.7,4073.4,4064.8,4066.9,1282,33.0,1.0,39231.0,GC
2025-11-24 10:30:00+00:00,4066.8,4068.2,4062.7,4067.5,1617,33.0,1.0,39231.0,GC
2025-11-24 10:45:00+00:00,4067.1,4067.8,4060.2,4061.2,805,33.0,1.0,39231.0,GC
2025-11-24 11:00:00+00:00,4061.2,4065.8,4060.2,4063.4,712,33.0,1.0,39231.0,GC
2025-11-24 11:15:00+00:00,4063.3,4067.5,4062.8,4066.8,796,33.0,1.0,39231.0,GC
2025-11-24 11:30:00+00:00,4067.0,4067.6,4063.6,4066.7,586,33.0,1.0,39231.0,GC
2025-11-24 11:45:00+00:00,4067.0,4068.4,4065.3,4066.5,862,33.0,1.0,39231.0,GC
2025-11-24 12:00:00+00:00,4066.4,4070.8,4062.6,4065.6,1466,33.0,1.0,39231.0,GC
2025-11-24 12:15:00+00:00,4065.8,4068.4,4064.2,4067.6,807,33.0,1.0,39231.0,GC
2025-11-24 12:30:00+00:00,4068.0,4078.0,4067.5,4076.6,1635,33.0,1.0,39231.0,GC
2025-11-24 12:45:00+00:00,4076.5,4081.6,4074.7,4077.9,1950,33.0,1.0,39231.0,GC
2025-11-24 13:00:00+00:00,4078.0,4079.6,4073.6,4076.0,2004,33.0,1.0,39231.0,GC
2025-11-24 13:15:00+00:00,4076.6,4083.0,4075.1,4078.3,2044,33.0,1.0,39231.0,GC
2025-11-24 13:30:00+00:00,4078.6,4083.8,4072.2,4074.9,2112,33.0,1.0,39231.0,GC
2025-11-24 13:45:00+00:00,4074.8,4078.5,4070.6,4075.3,1746,33.0,1.0,39231.0,GC
2025-11-24 14:00:00+00:00,4075.1,4080.7,4073.0,4077.5,2306,33.0,1.0,39231.0,GC
2025-11-24 14:15:00+00:00,4077.6,4078.8,4071.1,4072.9,1386,33.0,1.0,39231.0,GC
2025-11-24 14:30:00+00:00,4072.7,4076.5,4066.0,4071.4,4235,33.0,1.0,39231.0,GC
2025-11-24 14:45:00+00:00,4071.5,4084.6,4069.8,4078.9,4221,33.0,1.0,39231.0,GC
2025-11-24 15:00:00+00:00,4079.0,4091.9,4078.9,4090.6,5358,33.0,1.0,39231.0,GC
2025-11-24 15:15:00+00:00,4090.6,4092.6,4085.4,4086.7,4176,33.0,1.0,39231.0,GC
2025-11-24 15:30:00+00:00,4086.4,4091.9,4085.4,4091.5,2246,33.0,1.0,39231.0,GC
2025-11-24 15:45:00+00:00,4091.6,4092.0,4087.4,4089.8,2208,33.0,1.0,39231.0,GC
2025-11-24 16:00:00+00:00,4090.0,4094.5,4087.7,4093.4,3010,33.0,1.0,39231.0,GC
2025-11-24 16:15:00+00:00,4093.4,4093.9,4090.1,4090.6,1447,33.0,1.0,39231.0,GC
2025-11-24 16:30:00+00:00,4090.6,4097.3,4090.1,4096.2,3380,33.0,1.0,39231.0,GC
2025-11-24 16:45:00+00:00,4096.1,4133.7,4093.7,4133.4,2763,33.0,1.0,39231.0,GC
2025-11-24 17:00:00+00:00,4096.6,4134.2,4090.3,4090.6,2392,33.0,1.0,39231.0,GC
2025-11-24 17:15:00+00:00,4090.6,4093.9,4087.5,4092.6,2759,33.0,1.0,39231.0,GC
2025-11-24 17:30:00+00:00,4092.9,4095.0,4091.6,4094.1,1034,33.0,1.0,39231.0,GC
2025-11-24 17:45:00+00:00,4093.9,4099.6,4091.2,4091.7,3127,33.0,1.0,39231.0,GC
2025-11-24 18:00:00+00:00,4091.8,4092.3,4086.5,4088.8,2014,33.0,1.0,39231.0,GC
2025-11-24 18:15:00+00:00,4088.6,4094.7,4088.1,4094.5,2519,33.0,1.0,39231.0,GC
2025-11-24 18:30:00+00:00,4094.5,4114.0,4094.5,4111.7,8002,33.0,1.0,39231.0,GC
2025-11-24 18:45:00+00:00,4111.6,4126.4,4109.0,4119.3,6898,33.0,1.0,39231.0,GC
2025-11-24 19:00:00+00:00,4119.4,4123.3,4115.5,4115.7,1993,33.0,1.0,39231.0,GC
2025-11-24 19:15:00+00:00,4115.8,4119.8,4113.8,4118.4,3808,33.0,1.0,39231.0,GC
2025-11-24 19:30:00+00:00,4118.7,4119.0,4113.0,4115.1,1628,33.0,1.0,39231.0,GC
2025-11-24 19:45:00+00:00,4115.2,4120.4,4115.1,4117.4,1454,33.0,1.0,39231.0,GC
2025-11-24 20:00:00+00:00,4117.4,4122.9,4117.0,4120.4,2460,33.0,1.0,39231.0,GC
2025-11-24 20:15:00+00:00,4120.4,4158.3,4119.7,4122.8,1135,33.0,1.0,39231.0,GC
2025-11-24 20:30:00+00:00,4123.3,4132.9,4123.0,4130.4,2625,33.0,1.0,39231.0,GC
2025-11-24 20:45:00+00:00,4130.5,4131.6,4127.2,4130.5,1983,33.0,1.0,39231.0,GC
2025-11-24 21:00:00+00:00,4130.3,4132.1,4128.2,4130.0,790,33.0,1.0,39231.0,GC
2025-11-24 21:15:00+00:00,4166.5,4166.9,4129.1,4130.4,389,33.0,1.0,42001025.0,GC
2025-11-24 21:30:00+00:00,4130.3,4167.8,4129.0,4137.2,1020,33.0,1.0,39231.0,GC
2025-11-24 21:45:00+00:00,4137.4,4137.9,4131.5,4133.8,1016,33.0,1.0,39231.0,GC
2025-11-24 23:00:00+00:00,4133.5,4173.5,4131.7,4164.2,1081,33.0,1.0,39231.0,GC
2025-11-24 23:15:00+00:00,4164.3,4168.3,4162.7,4166.2,664,33.0,1.0,42001025.0,GC
2025-11-24 23:30:00+00:00,4166.2,4171.4,4128.7,4171.0,651,33.0,1.0,42001025.0,GC
2025-11-24 23:45:00+00:00,4170.7,4179.2,4170.4,4178.4,1684,33.0,1.0,42001025.0,GC
2025-11-25 00:00:00+00:00,4178.6,4179.5,4170.7,4171.1,1361,33.0,1.0,42001025.0,GC
2025-11-25 00:15:00+00:00,4171.0,4174.8,4168.3,4169.8,925,33.0,1.0,42001025.0,GC
2025-11-25 00:30:00+00:00,4169.6,4171.2,4166.0,4168.9,879,33.0,1.0,42001025.0,GC
2025-11-25 00:45:00+00:00,4169.1,4170.1,4161.6,4163.2,1105,33.0,1.0,42001025.0,GC
2025-11-25 01:00:00+00:00,4163.5,4170.8,4158.5,4163.0,2845,33.0,1.0,42001025.0,GC
2025-11-25 01:15:00+00:00,4163.1,4163.7,4157.3,4162.2,2091,33.0,1.0,42001025.0,GC
2025-11-25 01:30:00+00:00,4162.3,4173.6,4162.3,4171.2,2500,33.0,1.0,42001025.0,GC
2025-11-25 01:45:00+00:00,4170.8,4171.8,4166.6,4168.8,1289,33.0,1.0,42001025.0,GC
2025-11-25 02:00:00+00:00,4168.5,4176.8,4166.8,4171.2,1728,33.0,1.0,42001025.0,GC
2025-11-25 02:15:00+00:00,4171.2,4179.8,4170.3,4178.2,1499,33.0,1.0,42001025.0,GC
2025-11-25 02:30:00+00:00,4178.0,4185.9,4177.3,4185.4,1754,33.0,1.0,42001025.0,GC
2025-11-25 02:45:00+00:00,4185.2,4189.0,4183.1,4184.2,2093,33.0,1.0,42001025.0,GC
2025-11-25 03:00:00+00:00,4184.0,4184.2,4179.0,4179.8,2018,33.0,1.0,42001025.0,GC
2025-11-25 03:15:00+00:00,4179.8,4181.7,4173.0,4179.3,1763,33.0,1.0,42001025.0,GC
2025-11-25 03:30:00+00:00,4179.3,4180.0,4140.5,4141.3,1123,33.0,1.0,42001025.0,GC
2025-11-25 03:45:00+00:00,4178.7,4179.5,4141.8,4176.7,704,33.0,1.0,42001025.0,GC
2025-11-25 04:00:00+00:00,4176.6,4179.8,4173.5,4178.6,789,33.0,1.0,42001025.0,GC
2025-11-25 04:15:00+00:00,4179.0,4181.7,4178.2,4180.3,652,33.0,1.0,42001025.0,GC
2025-11-25 04:30:00+00:00,4179.6,4182.9,4177.0,4179.7,582,33.0,1.0,42001025.0,GC
2025-11-25 04:45:00+00:00,4179.6,4180.5,4174.6,4175.1,379,33.0,1.0,42001025.0,GC
2025-11-25 05:00:00+00:00,4175.4,4182.4,4140.4,4180.6,418,33.0,1.0,42001025.0,GC
2025-11-25 05:15:00+00:00,4181.0,4181.6,4177.3,4178.3,508,33.0,1.0,42001025.0,GC
2025-11-25 05:30:00+00:00,4177.9,4181.2,4175.4,4180.3,637,33.0,1.0,42001025.0,GC
2025-11-25 05:45:00+00:00,4180.3,4186.9,4178.2,4185.1,1305,33.0,1.0,42001025.0,GC
2025-11-25 06:00:00+00:00,4185.2,4186.6,4143.4,4181.6,805,33.0,1.0,42001025.0,GC
2025-11-25 06:15:00+00:00,4181.3,4183.4,4174.2,4174.8,809,33.0,1.0,42001025.0,GC
2025-11-25 06:30:00+00:00,4175.4,4178.0,4173.0,4174.2,822,33.0,1.0,42001025.0,GC
2025-11-25 06:45:00+00:00,4174.6,4177.0,4138.1,4175.1,608,33.0,1.0,42001025.0,GC
2025-11-25 07:00:00+00:00,4175.1,4179.7,4173.1,4173.6,786,33.0,1.0,42001025.0,GC
2025-11-25 07:15:00+00:00,4174.4,4177.6,4137.0,4170.0,972,33.0,1.0,42001025.0,GC
2025-11-25 07:30:00+00:00,4170.0,4172.4,4163.5,4170.5,1469,33.0,1.0,42001025.0,GC
2025-11-25 07:45:00+00:00,4170.4,4172.3,4162.9,4166.1,1099,33.0,1.0,42001025.0,GC
2025-11-25 08:00:00+00:00,4166.2,4169.7,4130.5,4130.7,960,33.0,1.0,42001025.0,GC
2025-11-25 08:15:00+00:00,4167.9,4173.5,4132.4,4170.0,791,33.0,1.0,42001025.0,GC
2025-11-25 08:30:00+00:00,4169.9,4169.9,4154.1,4161.4,2219,33.0,1.0,42001025.0,GC
2025-11-25 08:45:00+00:00,4161.6,4162.0,4143.2,4149.7,2678,33.0,1.0,42001025.0,GC
2025-11-25 09:00:00+00:00,4150.0,4162.8,4147.5,4160.8,1568,33.0,1.0,42001025.0,GC
2025-11-25 09:15:00+00:00,4124.6,4163.9,4124.6,4158.4,1282,33.0,1.0,39231.0,GC
2025-11-25 09:30:00+00:00,4158.2,4164.8,4152.7,4161.0,1398,33.0,1.0,42001025.0,GC
2025-11-25 09:45:00+00:00,4161.2,4164.0,4159.6,4161.9,815,33.0,1.0,42001025.0,GC
2025-11-25 10:00:00+00:00,4161.8,4171.7,4161.0,4171.7,996,33.0,1.0,42001025.0,GC
2025-11-25 10:15:00+00:00,4171.7,4172.9,4132.8,4164.7,908,33.0,1.0,42001025.0,GC
2025-11-25 10:30:00+00:00,4164.6,4168.0,4128.4,4166.5,654,33.0,1.0,42001025.0,GC
2025-11-25 10:45:00+00:00,4130.4,4169.8,4128.4,4165.3,935,33.0,1.0,39231.0,GC
2025-11-25 11:00:00+00:00,4165.1,4169.3,4161.1,4168.9,1062,33.0,1.0,42001025.0,GC
2025-11-25 11:15:00+00:00,4169.0,4171.8,4128.9,4167.2,902,33.0,1.0,42001025.0,GC
2025-11-25 11:30:00+00:00,4167.0,4168.2,4163.6,4166.9,512,33.0,1.0,42001025.0,GC
2025-11-25 11:45:00+00:00,4166.7,4169.7,4127.9,4167.6,491,33.0,1.0,42001025.0,GC
2025-11-25 12:00:00+00:00,4167.7,4171.4,4132.0,4169.8,616,33.0,1.0,42001025.0,GC
2025-11-25 12:15:00+00:00,4170.0,4172.9,4166.3,4167.1,810,33.0,1.0,42001025.0,GC
2025-11-25 12:30:00+00:00,4167.1,4171.0,4150.0,4150.1,2890,33.0,1.0,42001025.0,GC
2025-11-25 12:45:00+00:00,4150.2,4164.3,4149.4,4163.9,3492,33.0,1.0,42001025.0,GC
2025-11-25 13:00:00+00:00,4163.7,4174.8,4163.4,4172.3,1915,33.0,1.0,42001025.0,GC
2025-11-25 13:15:00+00:00,4172.3,4182.2,4171.8,4176.0,3138,33.0,1.0,42001025.0,GC
2025-11-25 13:30:00+00:00,4176.1,4185.6,4143.0,4180.3,3739,33.0,1.0,42001025.0,GC
2025-11-25 13:45:00+00:00,4179.9,4184.5,4178.2,4181.8,3121,33.0,1.0,42001025.0,GC
2025-11-25 14:00:00+00:00,4181.7,4182.8,4173.4,4177.0,1734,33.0,1.0,42001025.0,GC
2025-11-25 14:15:00+00:00,4177.2,4177.5,4167.0,4168.3,3646,33.0,1.0,42001025.0,GC
2025-11-25 14:30:00+00:00,4168.2,4171.9,4150.7,4153.2,8530,33.0,1.0,42001025.0,GC
2025-11-25 14:45:00+00:00,4152.8,4160.0,4144.0,4159.6,5373,33.0,1.0,42001025.0,GC
2025-11-25 15:00:00+00:00,4158.4,4165.5,4151.1,4162.9,3798,33.0,1.0,42001025.0,GC
2025-11-25 15:15:00+00:00,4163.6,4167.7,4157.9,4161.1,2570,33.0,1.0,42001025.0,GC
2025-11-25 15:30:00+00:00,4161.6,4167.3,4160.9,4164.3,1773,33.0,1.0,42001025.0,GC
2025-11-25 15:45:00+00:00,4164.4,4166.8,4154.6,4156.8,2371,33.0,1.0,42001025.0,GC
2025-11-25 16:00:00+00:00,4156.2,4165.3,4118.8,4165.0,2499,33.0,1.0,42001025.0,GC
2025-11-25 16:15:00+00:00,4165.1,4175.5,4164.8,4174.2,4291,33.0,1.0,42001025.0,GC
2025-11-25 16:30:00+00:00,4174.6,4175.0,4170.0,4173.9,1534,33.0,1.0,42001025.0,GC
2025-11-25 16:45:00+00:00,4174.0,4174.2,4168.3,4169.9,1189,33.0,1.0,42001025.0,GC
2025-11-25 17:00:00+00:00,4169.7,4187.8,4169.5,4184.8,6505,33.0,1.0,42001025.0,GC
2025-11-25 17:15:00+00:00,4185.0,4188.6,4179.6,4184.1,3234,33.0,1.0,42001025.0,GC
2025-11-25 17:30:00+00:00,4184.2,4194.0,4183.2,4186.8,3618,33.0,1.0,42001025.0,GC
2025-11-25 17:45:00+00:00,4186.9,4187.6,4178.2,4180.5,2053,33.0,1.0,42001025.0,GC
2025-11-25 18:00:00+00:00,4180.5,4185.6,4176.3,4180.2,2167,33.0,1.0,42001025.0,GC
2025-11-25 18:15:00+00:00,4180.2,4181.5,4176.0,4176.8,1815,33.0,1.0,42001025.0,GC
2025-11-25 18:30:00+00:00,4177.0,4180.0,4168.7,4173.3,1610,33.0,1.0,42001025.0,GC
2025-11-25 18:45:00+00:00,4173.8,4175.5,4165.1,4168.5,1319,33.0,1.0,42001025.0,GC
2025-11-25 19:00:00+00:00,4168.5,4174.7,4165.5,4172.9,1442,33.0,1.0,42001025.0,GC
2025-11-25 19:15:00+00:00,4172.9,4173.1,4162.7,4164.6,1301,33.0,1.0,42001025.0,GC
2025-11-25 19:30:00+00:00,4164.8,4168.6,4163.4,4166.8,862,33.0,1.0,42001025.0,GC
2025-11-25 19:45:00+00:00,4166.7,4169.1,4164.1,4168.9,1177,33.0,1.0,42001025.0,GC
2025-11-25 20:00:00+00:00,4168.9,4173.5,4168.5,4171.5,1350,33.0,1.0,42001025.0,GC
2025-11-25 20:15:00+00:00,4171.4,4173.1,4167.2,4167.4,721,33.0,1.0,42001025.0,GC
2025-11-25 20:30:00+00:00,4167.3,4171.2,4165.2,4170.3,847,33.0,1.0,42001025.0,GC
2025-11-25 20:45:00+00:00,4170.4,4170.4,4165.0,4166.7,989,33.0,1.0,42001025.0,GC
2025-11-25 21:00:00+00:00,4129.1,4166.4,4127.5,4166.0,718,33.0,1.0,39231.0,GC
2025-11-25 21:15:00+00:00,4165.8,4166.7,4127.1,4164.7,272,33.0,1.0,42001025.0,GC
2025-11-25 21:30:00+00:00,4164.4,4166.7,4128.1,4128.1,209,33.0,1.0,42001025.0,GC
2025-11-25 21:45:00+00:00,4165.5,4165.9,4163.4,4165.2,211,33.0,1.0,42001025.0,GC
2025-11-25 23:00:00+00:00,4167.0,4170.1,4165.7,4167.3,376,33.0,1.0,42001025.0,GC
2025-11-25 23:15:00+00:00,4167.7,4172.4,4166.0,4167.7,620,33.0,1.0,42001025.0,GC
2025-11-25 23:30:00+00:00,4167.7,4170.0,4163.6,4167.7,544,33.0,1.0,42001025.0,GC
2025-11-25 23:45:00+00:00,4167.5,4167.6,4165.0,4167.6,268,33.0,1.0,42001025.0,GC
2025-11-26 00:00:00+00:00,4167.9,4174.3,4166.4,4172.5,722,33.0,1.0,42001025.0,GC
2025-11-26 00:15:00+00:00,4172.3,4177.1,4171.8,4176.0,661,33.0,1.0,42001025.0,GC
2025-11-26 00:30:00+00:00,4176.4,4176.8,4171.5,4174.0,440,33.0,1.0,42001025.0,GC
2025-11-26 00:45:00+00:00,4174.3,4178.7,4169.0,4177.2,1039,33.0,1.0,42001025.0,GC
2025-11-26 01:00:00+00:00,4177.6,4180.3,4172.9,4175.2,1646,33.0,1.0,42001025.0,GC
2025-11-26 01:15:00+00:00,4175.0,4181.9,4175.0,4179.8,857,33.0,1.0,42001025.0,GC
2025-11-26 01:30:00+00:00,4179.7,4186.4,4177.6,4185.1,1357,33.0,1.0,42001025.0,GC
2025-11-26 01:45:00+00:00,4185.0,4187.5,4182.6,4183.0,1128,33.0,1.0,42001025.0,GC
2025-11-26 02:00:00+00:00,4183.0,4188.7,4181.9,4185.3,1548,33.0,1.0,42001025.0,GC
2025-11-26 02:15:00+00:00,4185.1,4200.8,4185.1,4197.6,2889,33.0,1.0,42001025.0,GC
2025-11-26 02:30:00+00:00,4197.5,4201.4,4193.6,4197.1,2818,33.0,1.0,42001025.0,GC
2025-11-26 02:45:00+00:00,4197.4,4201.8,4196.3,4196.9,1420,33.0,1.0,42001025.0,GC
2025-11-26 03:00:00+00:00,4197.0,4204.5,4195.0,4200.6,1961,33.0,1.0,42001025.0,GC
2025-11-26 03:15:00+00:00,4200.5,4201.3,4198.2,4199.4,810,33.0,1.0,42001025.0,GC
2025-11-26 03:30:00+00:00,4200.0,4202.8,4198.1,4201.3,795,33.0,1.0,42001025.0,GC
2025-11-26 03:45:00+00:00,4201.2,4204.9,4199.5,4201.2,882,33.0,1.0,42001025.0,GC
2025-11-26 04:00:00+00:00,4201.0,4202.2,4194.4,4196.8,1366,33.0,1.0,42001025.0,GC
2025-11-26 04:15:00+00:00,4197.1,4197.3,4192.1,4192.8,899,33.0,1.0,42001025.0,GC
2025-11-26 04:30:00+00:00,4192.5,4196.9,4191.6,4196.0,1041,33.0,1.0,42001025.0,GC
2025-11-26 04:45:00+00:00,4195.8,4198.4,4193.2,4197.3,1101,33.0,1.0,42001025.0,GC
2025-11-26 05:00:00+00:00,4197.5,4202.1,4196.2,4201.7,983,33.0,1.0,42001025.0,GC
2025-11-26 05:15:00+00:00,4201.5,4204.0,4199.2,4202.2,1080,33.0,1.0,42001025.0,GC
2025-11-26 05:30:00+00:00,4202.0,4202.5,4195.1,4197.8,1227,33.0,1.0,42001025.0,GC
2025-11-26 05:45:00+00:00,4197.6,4200.0,4195.5,4197.1,1030,33.0,1.0,42001025.0,GC
2025-11-26 06:00:00+00:00,4197.0,4197.5,4191.4,4191.6,1325,33.0,1.0,42001025.0,GC
2025-11-26 06:15:00+00:00,4191.7,4194.6,4187.3,4192.7,2046,33.0,1.0,42001025.0,GC
2025-11-26 06:30:00+00:00,4192.7,4192.7,4181.2,4185.6,1908,33.0,1.0,42001025.0,GC
2025-11-26 06:45:00+00:00,4185.8,4188.8,4183.6,4185.3,917,33.0,1.0,42001025.0,GC
2025-11-26 07:00:00+00:00,4185.0,4189.8,4184.1,4188.0,1374,33.0,1.0,42001025.0,GC
2025-11-26 07:15:00+00:00,4188.0,4189.0,4184.1,4186.3,849,33.0,1.0,42001025.0,GC
2025-11-26 07:30:00+00:00,4186.3,4191.0,4185.3,4189.9,992,33.0,1.0,42001025.0,GC
2025-11-26 07:45:00+00:00,4189.7,4196.0,4189.4,4191.9,1360,33.0,1.0,42001025.0,GC
2025-11-26 08:00:00+00:00,4191.9,4201.8,4191.1,4200.0,2135,33.0,1.0,42001025.0,GC
2025-11-26 08:15:00+00:00,4199.7,4203.2,4199.2,4201.0,1339,33.0,1.0,42001025.0,GC
2025-11-26 08:30:00+00:00,4200.9,4201.5,4189.8,4192.2,2039,33.0,1.0,42001025.0,GC
2025-11-26 08:45:00+00:00,4192.0,4196.8,4188.9,4195.4,1291,33.0,1.0,42001025.0,GC
2025-11-26 09:00:00+00:00,4195.1,4198.8,4191.9,4192.4,1104,33.0,1.0,42001025.0,GC
2025-11-26 09:15:00+00:00,4192.8,4197.3,4190.8,4197.0,937,33.0,1.0,42001025.0,GC
2025-11-26 09:30:00+00:00,4197.0,4198.3,4194.5,4194.6,838,33.0,1.0,42001025.0,GC
2025-11-26 09:45:00+00:00,4194.7,4197.1,4192.0,4197.1,855,33.0,1.0,42001025.0,GC
2025-11-26 10:00:00+00:00,4197.2,4199.4,4195.9,4198.4,1079,33.0,1.0,42001025.0,GC
2025-11-26 10:15:00+00:00,4198.5,4199.3,4194.0,4197.7,1077,33.0,1.0,42001025.0,GC
2025-11-26 10:30:00+00:00,4197.3,4197.3,4190.4,4192.6,2237,33.0,1.0,42001025.0,GC
2025-11-26 10:45:00+00:00,4193.0,4195.3,4190.6,4194.9,893,33.0,1.0,42001025.0,GC
2025-11-26 11:00:00+00:00,4195.0,4195.9,4192.2,4194.3,586,33.0,1.0,42001025.0,GC
2025-11-26 11:15:00+00:00,4194.6,4199.7,4194.6,4199.6,1040,33.0,1.0,42001025.0,GC
2025-11-26 11:30:00+00:00,4199.7,4207.9,4199.6,4205.7,2961,33.0,1.0,42001025.0,GC
2025-11-26 11:45:00+00:00,4206.0,4208.6,4200.8,4206.7,1755,33.0,1.0,42001025.0,GC
2025-11-26 12:00:00+00:00,4206.8,4209.0,4202.9,4205.8,1911,33.0,1.0,42001025.0,GC
2025-11-26 12:15:00+00:00,4206.3,4206.3,4194.4,4196.7,1982,33.0,1.0,42001025.0,GC
2025-11-26 12:30:00+00:00,4197.4,4199.0,4190.5,4193.5,2063,33.0,1.0,42001025.0,GC
2025-11-26 12:45:00+00:00,4193.1,4193.8,4182.5,4190.4,3592,33.0,1.0,42001025.0,GC
2025-11-26 13:00:00+00:00,4189.9,4199.3,4188.0,4194.4,2425,33.0,1.0,42001025.0,GC
2025-11-26 13:15:00+00:00,4194.2,4201.4,4192.3,4201.2,1971,33.0,1.0,42001025.0,GC
2025-11-26 13:30:00+00:00,4200.3,4200.5,4187.8,4188.5,2996,33.0,1.0,42001025.0,GC
2025-11-26 13:45:00+00:00,4188.2,4191.4,4183.4,4188.2,2412,33.0,1.0,42001025.0,GC
2025-11-26 14:00:00+00:00,4187.9,4192.1,4173.6,4181.7,4945,33.0,1.0,42001025.0,GC
2025-11-26 14:15:00+00:00,4181.6,4184.0,4176.2,4176.9,3455,33.0,1.0,42001025.0,GC
2025-11-26 14:30:00+00:00,4176.7,4189.3,4176.0,4183.6,4972,33.0,1.0,42001025.0,GC
2025-11-26 14:45:00+00:00,4183.5,4187.0,4176.4,4176.7,3174,33.0,1.0,42001025.0,GC
2025-11-26 15:00:00+00:00,4176.4,4186.8,4169.9,4186.8,5756,33.0,1.0,42001025.0,GC
2025-11-26 15:15:00+00:00,4186.6,4192.6,4186.4,4191.4,4497,33.0,1.0,42001025.0,GC
2025-11-26 15:30:00+00:00,4191.5,4198.5,4190.4,4196.9,6861,33.0,1.0,42001025.0,GC
2025-11-26 15:45:00+00:00,4197.0,4200.7,4192.8,4200.3,7248,33.0,1.0,42001025.0,GC
2025-11-26 16:00:00+00:00,4200.4,4200.9,4195.0,4196.4,3422,33.0,1.0,42001025.0,GC
2025-11-26 16:15:00+00:00,4196.5,4199.4,4195.6,4196.0,2975,33.0,1.0,42001025.0,GC
2025-11-26 16:30:00+00:00,4195.7,4202.9,4195.0,4201.9,4281,33.0,1.0,42001025.0,GC
2025-11-26 16:45:00+00:00,4201.9,4203.0,4198.7,4201.6,2767,33.0,1.0,42001025.0,GC
2025-11-26 17:00:00+00:00,4201.5,4202.8,4199.4,4200.4,1366,33.0,1.0,42001025.0,GC
2025-11-26 17:15:00+00:00,4200.3,4204.5,4199.5,4202.3,2407,33.0,1.0,42001025.0,GC
2025-11-26 17:30:00+00:00,4202.2,4203.9,4199.7,4203.7,1876,33.0,1.0,42001025.0,GC
2025-11-26 17:45:00+00:00,4203.8,4204.8,4200.6,4201.8,1417,33.0,1.0,42001025.0,GC
2025-11-26 18:00:00+00:00,4202.1,4206.6,4201.5,4205.9,1754,33.0,1.0,42001025.0,GC
2025-11-26 18:15:00+00:00,4205.9,4206.2,4201.4,4202.4,3170,33.0,1.0,42001025.0,GC
2025-11-26 18:30:00+00:00,4202.4,4203.4,4192.0,4193.3,4543,33.0,1.0,42001025.0,GC
2025-11-26 18:45:00+00:00,4193.2,4199.2,4192.1,4198.5,1868,33.0,1.0,42001025.0,GC
2025-11-26 19:00:00+00:00,4198.8,4202.8,4198.1,4200.8,1555,33.0,1.0,42001025.0,GC
2025-11-26 19:15:00+00:00,4200.8,4204.0,4200.3,4201.5,952,33.0,1.0,42001025.0,GC
2025-11-26 19:30:00+00:00,4201.6,4202.3,4196.0,4197.7,1243,33.0,1.0,42001025.0,GC
2025-11-26 19:45:00+00:00,4197.6,4200.2,4196.0,4197.0,984,33.0,1.0,42001025.0,GC
2025-11-26 20:00:00+00:00,4196.6,4199.8,4195.0,4198.4,690,33.0,1.0,42001025.0,GC
2025-11-26 20:15:00+00:00,4198.5,4201.3,4198.2,4198.7,790,33.0,1.0,42001025.0,GC
2025-11-26 20:30:00+00:00,4198.6,4200.8,4197.1,4199.7,912,33.0,1.0,42001025.0,GC
2025-11-26 20:45:00+00:00,4199.8,4200.6,4194.9,4196.9,1960,33.0,1.0,42001025.0,GC
2025-11-26 21:00:00+00:00,4196.9,4197.3,4195.2,4196.7,399,33.0,1.0,42001025.0,GC
2025-11-26 21:15:00+00:00,4196.7,4198.2,4195.5,4197.1,334,33.0,1.0,42001025.0,GC
2025-11-26 21:30:00+00:00,4196.9,4200.9,4196.0,4197.5,702,33.0,1.0,42001025.0,GC
2025-11-26 21:45:00+00:00,4197.9,4198.8,4196.0,4196.1,221,33.0,1.0,42001025.0,GC
2025-11-26 23:00:00+00:00,4198.6,4200.8,4195.6,4198.2,231,33.0,1.0,42001025.0,GC
2025-11-26 23:15:00+00:00,4198.2,4200.1,4195.0,4195.6,323,33.0,1.0,42001025.0,GC
2025-11-26 23:30:00+00:00,4196.0,4197.0,4193.9,4196.6,246,33.0,1.0,42001025.0,GC
2025-11-26 23:45:00+00:00,4196.9,4199.6,4196.1,4196.6,371,33.0,1.0,42001025.0,GC
2025-11-27 00:00:00+00:00,4196.5,4199.5,4194.0,4196.8,388,33.0,1.0,42001025.0,GC
2025-11-27 00:15:00+00:00,4197.1,4199.3,4195.9,4198.5,236,33.0,1.0,42001025.0,GC
2025-11-27 00:30:00+00:00,4198.7,4199.3,4196.9,4198.1,196,33.0,1.0,42001025.0,GC
2025-11-27 00:45:00+00:00,4198.3,4198.3,4194.1,4197.1,354,33.0,1.0,42001025.0,GC
2025-11-27 01:00:00+00:00,4197.0,4198.2,4189.2,4190.5,1537,33.0,1.0,42001025.0,GC
2025-11-27 01:15:00+00:00,4190.4,4192.0,4181.9,4187.2,2913,33.0,1.0,42001025.0,GC
2025-11-27 01:30:00+00:00,4186.8,4189.7,4184.4,4185.7,1002,33.0,1.0,42001025.0,GC
2025-11-27 01:45:00+00:00,4185.5,4187.5,4181.7,4187.4,932,33.0,1.0,42001025.0,GC
2025-11-27 02:00:00+00:00,4187.7,4189.3,4183.9,4186.2,892,33.0,1.0,42001025.0,GC
2025-11-27 02:15:00+00:00,4186.0,4187.6,4182.4,4185.8,577,33.0,1.0,42001025.0,GC
2025-11-27 02:30:00+00:00,4185.4,4188.0,4182.0,4186.3,963,33.0,1.0,42001025.0,GC
2025-11-27 02:45:00+00:00,4186.4,4187.6,4176.4,4177.4,1961,33.0,1.0,42001025.0,GC
2025-11-27 03:00:00+00:00,4177.6,4181.7,4176.6,4180.5,1049,33.0,1.0,42001025.0,GC
2025-11-27 03:15:00+00:00,4180.7,4183.0,4179.8,4180.2,639,33.0,1.0,42001025.0,GC
2025-11-27 03:30:00+00:00,4179.9,4182.2,4178.9,4180.1,861,33.0,1.0,42001025.0,GC
2025-11-27 03:45:00+00:00,4180.2,4182.1,4178.1,4179.5,975,33.0,1.0,42001025.0,GC
2025-11-27 04:00:00+00:00,4179.3,4179.9,4174.6,4179.5,1757,33.0,1.0,42001025.0,GC
2025-11-27 04:15:00+00:00,4179.5,4182.0,4178.2,4181.6,612,33.0,1.0,42001025.0,GC
2025-11-27 04:30:00+00:00,4181.8,4186.9,4181.8,4184.0,1079,33.0,1.0,42001025.0,GC
2025-11-27 04:45:00+00:00,4183.9,4186.5,4181.1,4182.7,1373,33.0,1.0,42001025.0,GC
2025-11-27 05:00:00+00:00,4182.5,4186.5,4182.5,4184.6,691,33.0,1.0,42001025.0,GC
2025-11-27 05:15:00+00:00,4184.4,4186.0,4182.3,4184.6,731,33.0,1.0,42001025.0,GC
2025-11-27 05:30:00+00:00,4184.5,4185.4,4180.0,4180.2,1023,33.0,1.0,42001025.0,GC
2025-11-27 05:45:00+00:00,4180.1,4181.3,4176.9,4179.7,756,33.0,1.0,42001025.0,GC
2025-11-27 06:00:00+00:00,4179.5,4186.9,4179.5,4185.3,896,33.0,1.0,42001025.0,GC
2025-11-27 06:15:00+00:00,4185.5,4189.2,4184.5,4189.2,1229,33.0,1.0,42001025.0,GC
2025-11-27 06:30:00+00:00,4188.9,4190.5,4185.6,4186.0,864,33.0,1.0,42001025.0,GC
2025-11-27 06:45:00+00:00,4186.2,4191.5,4184.8,4189.6,1180,33.0,1.0,42001025.0,GC
2025-11-27 07:00:00+00:00,4189.9,4193.4,4187.5,4193.3,1355,33.0,1.0,42001025.0,GC
2025-11-27 07:15:00+00:00,4193.4,4195.4,4191.7,4192.2,1414,33.0,1.0,42001025.0,GC
2025-11-27 07:30:00+00:00,4192.0,4193.3,4190.0,4191.6,1049,33.0,1.0,42001025.0,GC
2025-11-27 07:45:00+00:00,4191.5,4193.3,4190.5,4193.3,874,33.0,1.0,42001025.0,GC
2025-11-27 08:00:00+00:00,4193.4,4196.8,4192.5,4196.0,1881,33.0,1.0,42001025.0,GC
2025-11-27 08:15:00+00:00,4195.7,4198.3,4193.8,4197.6,2137,33.0,1.0,42001025.0,GC
2025-11-27 08:30:00+00:00,4197.3,4199.0,4195.5,4195.8,642,33.0,1.0,42001025.0,GC
2025-11-27 08:45:00+00:00,4195.8,4199.7,4195.5,4198.0,736,33.0,1.0,42001025.0,GC
2025-11-27 09:00:00+00:00,4197.4,4198.0,4187.3,4187.9,1724,33.0,1.0,42001025.0,GC
2025-11-27 09:15:00+00:00,4188.1,4189.9,4180.4,4186.9,2551,33.0,1.0,42001025.0,GC
2025-11-27 09:30:00+00:00,4187.0,4190.3,4185.2,4189.7,860,33.0,1.0,42001025.0,GC
2025-11-27 09:45:00+00:00,4190.2,4193.2,4187.7,4190.3,1221,33.0,1.0,42001025.0,GC
2025-11-27 10:00:00+00:00,4190.6,4192.5,4187.6,4188.6,1083,33.0,1.0,42001025.0,GC
2025-11-27 10:15:00+00:00,4188.1,4189.0,4184.6,4184.7,476,33.0,1.0,42001025.0,GC
2025-11-27 10:30:00+00:00,4184.5,4187.6,4184.2,4186.4,914,33.0,1.0,42001025.0,GC
2025-11-27 10:45:00+00:00,4186.7,4189.6,4185.4,4188.9,599,33.0,1.0,42001025.0,GC
2025-11-27 11:00:00+00:00,4188.8,4191.8,4188.0,4189.9,852,33.0,1.0,42001025.0,GC
2025-11-27 11:15:00+00:00,4190.0,4192.2,4188.6,4190.8,787,33.0,1.0,42001025.0,GC
2025-11-27 11:30:00+00:00,4191.0,4195.0,4190.6,4193.3,624,33.0,1.0,42001025.0,GC
2025-11-27 11:45:00+00:00,4193.4,4194.5,4189.7,4189.7,479,33.0,1.0,42001025.0,GC
2025-11-27 12:00:00+00:00,4189.8,4191.8,4188.6,4190.3,594,33.0,1.0,42001025.0,GC
2025-11-27 12:15:00+00:00,4190.8,4191.5,4188.2,4189.4,327,33.0,1.0,42001025.0,GC
2025-11-27 12:30:00+00:00,4189.6,4191.2,4187.4,4188.6,533,33.0,1.0,42001025.0,GC
2025-11-27 12:45:00+00:00,4188.5,4191.2,4186.0,4186.5,570,33.0,1.0,42001025.0,GC
2025-11-27 13:00:00+00:00,4186.0,4186.8,4181.5,4183.5,1549,33.0,1.0,42001025.0,GC
2025-11-27 13:15:00+00:00,4183.8,4186.7,4182.2,4185.0,762,33.0,1.0,42001025.0,GC
2025-11-27 13:30:00+00:00,4185.2,4190.9,4184.6,4188.4,1169,33.0,1.0,42001025.0,GC
2025-11-27 13:45:00+00:00,4188.1,4188.9,4185.5,4186.9,844,33.0,1.0,42001025.0,GC
2025-11-27 14:00:00+00:00,4187.1,4191.3,4186.0,4190.7,842,33.0,1.0,42001025.0,GC
2025-11-27 14:15:00+00:00,4190.7,4193.2,4189.1,4189.9,1154,33.0,1.0,42001025.0,GC
2025-11-27 14:30:00+00:00,4189.9,4191.7,4184.6,4189.6,1373,33.0,1.0,42001025.0,GC
2025-11-27 14:45:00+00:00,4189.7,4191.4,4185.2,4185.7,1206,33.0,1.0,42001025.0,GC
2025-11-27 15:00:00+00:00,4185.6,4190.8,4185.3,4189.5,991,33.0,1.0,42001025.0,GC
2025-11-27 15:15:00+00:00,4189.6,4193.9,4189.2,4193.2,1016,33.0,1.0,42001025.0,GC
2025-11-27 15:30:00+00:00,4193.0,4193.1,4190.3,4192.0,617,33.0,1.0,42001025.0,GC
2025-11-27 15:45:00+00:00,4191.9,4192.9,4189.3,4190.2,665,33.0,1.0,42001025.0,GC
2025-11-27 16:00:00+00:00,4190.3,4190.7,4185.7,4188.0,1021,33.0,1.0,42001025.0,GC
2025-11-27 16:15:00+00:00,4188.0,4188.3,4183.6,4186.4,1194,33.0,1.0,42001025.0,GC
2025-11-27 16:30:00+00:00,4186.4,4188.0,4186.2,4187.4,528,33.0,1.0,42001025.0,GC
2025-11-27 16:45:00+00:00,4187.4,4189.7,4186.7,4188.4,1083,33.0,1.0,42001025.0,GC
2025-11-27 17:00:00+00:00,4188.5,4189.4,4186.9,4187.7,318,33.0,1.0,42001025.0,GC
2025-11-27 17:15:00+00:00,4187.4,4189.4,4187.0,4189.0,198,33.0,1.0,42001025.0,GC
2025-11-27 17:30:00+00:00,4189.2,4190.5,4188.5,4189.9,370,33.0,1.0,42001025.0,GC
2025-11-27 17:45:00+00:00,4189.8,4191.7,4189.6,4190.4,375,33.0,1.0,42001025.0,GC
2025-11-27 18:00:00+00:00,4190.4,4191.1,4188.4,4189.2,390,33.0,1.0,42001025.0,GC
2025-11-27 18:15:00+00:00,4189.2,4190.0,4188.0,4188.5,295,33.0,1.0,42001025.0,GC
2025-11-27 18:30:00+00:00,4188.6,4190.4,4188.5,4189.8,98,33.0,1.0,42001025.0,GC
2025-11-27 18:45:00+00:00,4189.4,4192.5,4189.4,4191.3,149,33.0,1.0,42001025.0,GC
2025-11-27 19:00:00+00:00,4191.5,4193.0,4191.3,4192.1,118,33.0,1.0,42001025.0,GC
2025-11-27 19:15:00+00:00,4192.4,4192.7,4189.6,4189.6,121,33.0,1.0,42001025.0,GC
2025-11-27 23:00:00+00:00,4191.0,4195.5,4190.1,4194.8,404,33.0,1.0,42001025.0,GC
2025-11-27 23:15:00+00:00,4194.8,4195.3,4193.0,4195.2,311,33.0,1.0,42001025.0,GC
2025-11-27 23:30:00+00:00,4195.3,4196.2,4194.4,4194.9,266,33.0,1.0,42001025.0,GC
2025-11-27 23:45:00+00:00,4195.0,4196.2,4194.6,4195.8,138,33.0,1.0,42001025.0,GC
2025-11-28 00:00:00+00:00,4195.6,4201.6,4195.3,4200.5,871,33.0,1.0,42001025.0,GC
2025-11-28 00:15:00+00:00,4200.4,4205.0,4199.0,4203.3,894,33.0,1.0,42001025.0,GC
2025-11-28 00:30:00+00:00,4203.3,4219.0,4203.0,4212.4,3368,33.0,1.0,42001025.0,GC
2025-11-28 00:45:00+00:00,4212.0,4216.1,4211.2,4214.0,1174,33.0,1.0,42001025.0,GC
2025-11-28 01:00:00+00:00,4213.7,4225.5,4213.4,4219.7,3148,33.0,1.0,42001025.0,GC
2025-11-28 01:15:00+00:00,4219.8,4223.7,4216.4,4221.2,1708,33.0,1.0,42001025.0,GC
2025-11-28 01:30:00+00:00,4220.6,4227.5,4219.4,4227.0,1135,33.0,1.0,42001025.0,GC
2025-11-28 01:45:00+00:00,4226.0,4227.1,4223.5,4224.7,915,33.0,1.0,42001025.0,GC
2025-11-28 02:00:00+00:00,4224.5,4225.0,4220.7,4223.1,672,33.0,1.0,42001025.0,GC
2025-11-28 02:15:00+00:00,4223.1,4226.3,4222.2,4223.0,500,33.0,1.0,42001025.0,GC
2025-11-28 02:30:00+00:00,4223.7,4224.3,4219.1,4222.0,781,33.0,1.0,42001025.0,GC
2025-11-28 02:45:00+00:00,4221.0,4222.0,4220.8,4221.3,114,33.0,1.0,42001025.0,GC
2025-11-28 13:30:00+00:00,4214.2,4216.2,4205.5,4210.8,1537,33.0,1.0,42001025.0,GC
2025-11-28 13:45:00+00:00,4210.8,4218.0,4208.5,4217.3,1779,33.0,1.0,42001025.0,GC
2025-11-28 14:00:00+00:00,4217.6,4227.6,4217.4,4227.5,3053,33.0,1.0,42001025.0,GC
2025-11-28 14:15:00+00:00,4227.6,4236.9,4225.6,4233.2,4693,33.0,1.0,42001025.0,GC
2025-11-28 14:30:00+00:00,4233.0,4246.6,4231.0,4234.8,4406,33.0,1.0,42001025.0,GC
2025-11-28 14:45:00+00:00,4235.5,4238.7,4230.0,4233.5,3269,33.0,1.0,42001025.0,GC
2025-11-28 15:00:00+00:00,4233.7,4234.9,4220.1,4224.0,5367,33.0,1.0,42001025.0,GC
2025-11-28 15:15:00+00:00,4223.6,4232.8,4220.2,4232.2,2860,33.0,1.0,42001025.0,GC
2025-11-28 15:30:00+00:00,4232.3,4234.1,4228.6,4232.8,2697,33.0,1.0,42001025.0,GC
2025-11-28 15:45:00+00:00,4232.5,4239.5,4231.5,4239.3,2383,33.0,1.0,42001025.0,GC
2025-11-28 16:00:00+00:00,4239.3,4241.6,4232.5,4234.5,2550,33.0,1.0,42001025.0,GC
2025-11-28 16:15:00+00:00,4234.4,4245.9,4234.0,4244.8,2788,33.0,1.0,42001025.0,GC
2025-11-28 16:30:00+00:00,4244.9,4246.2,4236.7,4241.3,2374,33.0,1.0,42001025.0,GC
2025-11-28 16:45:00+00:00,4241.3,4245.1,4240.0,4242.1,1340,33.0,1.0,42001025.0,GC
2025-11-28 17:00:00+00:00,4242.0,4246.8,4239.3,4242.4,2090,33.0,1.0,42001025.0,GC
2025-11-28 17:15:00+00:00,4243.0,4243.8,4239.8,4241.1,1179,33.0,1.0,42001025.0,GC
2025-11-28 17:30:00+00:00,4240.7,4246.7,4240.3,4246.3,1609,33.0,1.0,42001025.0,GC
2025-11-28 17:45:00+00:00,4246.2,4251.7,4245.3,4251.4,3423,33.0,1.0,42001025.0,GC
2025-11-28 18:00:00+00:00,4251.6,4252.0,4244.9,4250.0,1862,33.0,1.0,42001025.0,GC
2025-11-28 18:15:00+00:00,4249.7,4256.3,4248.8,4255.7,2300,33.0,1.0,42001025.0,GC
2025-11-28 18:30:00+00:00,4255.8,4263.1,4254.0,4257.4,1845,33.0,1.0,42001025.0,GC
2025-11-28 18:45:00+00:00,4257.6,4259.5,4254.9,4256.2,618,33.0,1.0,42001025.0,GC
2025-11-28 19:00:00+00:00,4256.6,4258.8,4254.1,4254.9,380,33.0,1.0,42001025.0,GC
2025-11-28 19:15:00+00:00,4255.4,4256.2,4251.1,4254.0,637,33.0,1.0,42001025.0,GC
2025-11-28 19:30:00+00:00,4254.0,4257.9,4253.0,4256.4,389,33.0,1.0,42001025.0,GC
2025-11-30 23:00:00+00:00,4258.5,4269.8,4241.1,4252.8,3634,33.0,1.0,42001025.0,GC
2025-11-30 23:15:00+00:00,4252.4,4260.3,4249.9,4257.5,1447,33.0,1.0,42001025.0,GC
2025-11-30 23:30:00+00:00,4257.2,4261.0,4255.1,4259.5,1996,33.0,1.0,42001025.0,GC
2025-11-30 23:45:00+00:00,4259.0,4260.8,4257.3,4257.3,1134,33.0,1.0,42001025.0,GC
2025-12-01 00:00:00+00:00,4257.5,4260.0,4254.2,4258.8,1472,33.0,1.0,42001025.0,GC
2025-12-01 00:15:00+00:00,4259.0,4268.0,4253.6,4262.3,2752,33.0,1.0,42001025.0,GC
2025-12-01 00:30:00+00:00,4262.6,4268.2,4261.5,4267.5,1480,33.0,1.0,42001025.0,GC
2025-12-01 00:45:00+00:00,4267.9,4269.8,4261.3,4267.2,2329,33.0,1.0,42001025.0,GC
2025-12-01 01:00:00+00:00,4266.7,4269.7,4254.9,4263.8,4401,33.0,1.0,42001025.0,GC
2025-12-01 01:15:00+00:00,4263.6,4275.7,4259.8,4274.7,2429,33.0,1.0,42001025.0,GC
2025-12-01 01:30:00+00:00,4275.0,4279.7,4271.1,4277.2,2792,33.0,1.0,42001025.0,GC
2025-12-01 01:45:00+00:00,4276.8,4291.4,4272.3,4290.6,4076,33.0,1.0,42001025.0,GC
2025-12-01 02:00:00+00:00,4290.7,4291.8,4280.1,4283.3,3867,33.0,1.0,42001025.0,GC
2025-12-01 02:15:00+00:00,4283.1,4283.8,4275.5,4276.3,1815,33.0,1.0,42001025.0,GC
2025-12-01 02:30:00+00:00,4276.0,4276.7,4269.1,4274.5,2984,33.0,1.0,42001025.0,GC
2025-12-01 02:45:00+00:00,4274.8,4278.1,4272.1,4277.8,1453,33.0,1.0,42001025.0,GC
2025-12-01 03:00:00+00:00,4278.0,4278.9,4267.0,4269.2,2732,33.0,1.0,42001025.0,GC
2025-12-01 03:15:00+00:00,4268.7,4274.0,4267.3,4269.7,2890,33.0,1.0,42001025.0,GC
2025-12-01 03:30:00+00:00,4270.0,4275.8,4269.5,4273.2,1227,33.0,1.0,42001025.0,GC
2025-12-01 03:45:00+00:00,4273.4,4275.0,4269.3,4273.8,1898,33.0,1.0,42001025.0,GC
2025-12-01 04:00:00+00:00,4274.1,4274.1,4270.8,4273.2,701,33.0,1.0,42001025.0,GC
2025-12-01 04:15:00+00:00,4273.2,4275.3,4272.3,4274.5,980,33.0,1.0,42001025.0,GC
2025-12-01 04:30:00+00:00,4274.7,4278.5,4274.3,4276.4,1173,33.0,1.0,42001025.0,GC
2025-12-01 04:45:00+00:00,4276.9,4281.9,4276.7,4280.4,1078,33.0,1.0,42001025.0,GC
2025-12-01 05:00:00+00:00,4280.5,4281.3,4263.2,4266.2,3246,33.0,1.0,42001025.0,GC
2025-12-01 05:15:00+00:00,4266.2,4267.2,4248.0,4254.0,5076,33.0,1.0,42001025.0,GC
2025-12-01 05:30:00+00:00,4253.8,4262.2,4251.5,4257.8,2768,33.0,1.0,42001025.0,GC
2025-12-01 05:45:00+00:00,4257.6,4265.5,4257.2,4263.5,1777,33.0,1.0,42001025.0,GC
2025-12-01 06:00:00+00:00,4263.6,4267.4,4261.8,4266.5,1858,33.0,1.0,42001025.0,GC
2025-12-01 06:15:00+00:00,4266.6,4267.3,4259.6,4265.0,1307,33.0,1.0,42001025.0,GC
2025-12-01 06:30:00+00:00,4265.1,4268.6,4263.0,4268.2,1579,33.0,1.0,42001025.0,GC
2025-12-01 06:45:00+00:00,4268.6,4273.9,4268.4,4269.9,1764,33.0,1.0,42001025.0,GC
2025-12-01 07:00:00+00:00,4270.2,4272.3,4266.2,4269.9,1489,33.0,1.0,42001025.0,GC
2025-12-01 07:15:00+00:00,4270.1,4275.5,4264.2,4273.8,1499,33.0,1.0,42001025.0,GC
2025-12-01 07:30:00+00:00,4273.7,4276.4,4272.9,4273.0,1247,33.0,1.0,42001025.0,GC
2025-12-01 07:45:00+00:00,4273.0,4280.0,4270.8,4278.9,1414,33.0,1.0,42001025.0,GC
2025-12-01 08:00:00+00:00,4278.7,4287.4,4278.0,4285.6,2572,33.0,1.0,42001025.0,GC
2025-12-01 08:15:00+00:00,4285.4,4288.8,4283.6,4283.9,1928,33.0,1.0,42001025.0,GC
2025-12-01 08:30:00+00:00,4284.3,4284.4,4275.1,4276.8,2061,33.0,1.0,42001025.0,GC
2025-12-01 08:45:00+00:00,4276.9,4279.4,4272.5,4279.2,1380,33.0,1.0,42001025.0,GC
2025-12-01 09:00:00+00:00,4279.3,4285.5,4279.3,4284.5,1637,33.0,1.0,42001025.0,GC
2025-12-01 09:15:00+00:00,4284.6,4287.0,4281.5,4286.7,1586,33.0,1.0,42001025.0,GC
2025-12-01 09:30:00+00:00,4286.6,4286.7,4281.4,4282.2,1212,33.0,1.0,42001025.0,GC
2025-12-01 09:45:00+00:00,4282.2,4285.3,4277.8,4284.3,1538,33.0,1.0,42001025.0,GC
2025-12-01 10:00:00+00:00,4284.3,4297.8,4283.4,4293.7,4069,33.0,1.0,42001025.0,GC
2025-12-01 10:15:00+00:00,4293.9,4294.5,4287.1,4288.6,1875,33.0,1.0,42001025.0,GC
2025-12-01 10:30:00+00:00,4288.5,4290.6,4286.3,4289.8,1324,33.0,1.0,42001025.0,GC
2025-12-01 10:45:00+00:00,4289.7,4293.4,4288.4,4290.7,1733,33.0,1.0,42001025.0,GC
2025-12-01 11:00:00+00:00,4290.8,4291.9,4285.8,4286.8,870,33.0,1.0,42001025.0,GC
2025-12-01 11:15:00+00:00,4286.8,4291.0,4283.2,4289.6,1115,33.0,1.0,42001025.0,GC
2025-12-01 11:30:00+00:00,4289.1,4293.9,4287.0,4293.7,1306,33.0,1.0,42001025.0,GC
2025-12-01 11:45:00+00:00,4293.9,4294.0,4288.5,4290.0,830,33.0,1.0,42001025.0,GC
2025-12-01 12:00:00+00:00,4289.7,4292.1,4282.3,4283.8,1232,33.0,1.0,42001025.0,GC
2025-12-01 12:15:00+00:00,4283.6,4289.3,4282.0,4287.2,1341,33.0,1.0,42001025.0,GC
2025-12-01 12:30:00+00:00,4287.5,4291.1,4285.2,4287.0,1204,33.0,1.0,42001025.0,GC
2025-12-01 12:45:00+00:00,4287.0,4287.1,4278.2,4280.8,2683,33.0,1.0,42001025.0,GC
2025-12-01 13:00:00+00:00,4280.6,4290.8,4279.7,4288.6,3050,33.0,1.0,42001025.0,GC
2025-12-01 13:15:00+00:00,4288.7,4292.6,4284.3,4291.3,2364,33.0,1.0,42001025.0,GC
2025-12-01 13:30:00+00:00,4291.7,4299.6,4291.6,4296.9,3747,33.0,1.0,42001025.0,GC
2025-12-01 13:45:00+00:00,4297.0,4298.4,4281.2,4281.7,3603,33.0,1.0,42001025.0,GC
2025-12-01 14:00:00+00:00,4281.7,4283.4,4271.8,4281.5,6392,33.0,1.0,42001025.0,GC
2025-12-01 14:15:00+00:00,4281.5,4283.7,4276.3,4281.0,2294,33.0,1.0,42001025.0,GC
2025-12-01 14:30:00+00:00,4281.0,4281.9,4252.8,4258.8,9713,33.0,1.0,42001025.0,GC
2025-12-01 14:45:00+00:00,4258.6,4275.0,4256.3,4273.2,5732,33.0,1.0,42001025.0,GC
2025-12-01 15:00:00+00:00,4274.1,4279.0,4263.5,4264.4,6741,33.0,1.0,42001025.0,GC
2025-12-01 15:15:00+00:00,4264.5,4264.9,4252.3,4261.0,8578,33.0,1.0,42001025.0,GC
2025-12-01 15:30:00+00:00,4261.0,4269.8,4254.6,4262.3,4868,33.0,1.0,42001025.0,GC
2025-12-01 15:45:00+00:00,4262.1,4266.8,4254.7,4265.2,3048,33.0,1.0,42001025.0,GC
2025-12-01 16:00:00+00:00,4265.4,4273.2,4264.3,4270.2,4064,33.0,1.0,42001025.0,GC
2025-12-01 16:15:00+00:00,4270.1,4273.1,4259.3,4272.7,4328,33.0,1.0,42001025.0,GC
2025-12-01 16:30:00+00:00,4272.8,4273.4,4263.2,4272.0,3428,33.0,1.0,42001025.0,GC
2025-12-01 16:45:00+00:00,4272.1,4275.7,4257.7,4258.9,4106,33.0,1.0,42001025.0,GC
2025-12-01 17:00:00+00:00,4259.1,4266.7,4255.9,4262.9,3037,33.0,1.0,42001025.0,GC
2025-12-01 17:15:00+00:00,4263.1,4269.6,4259.6,4268.4,2485,33.0,1.0,42001025.0,GC
2025-12-01 17:30:00+00:00,4268.6,4272.9,4267.8,4272.3,2332,33.0,1.0,42001025.0,GC
2025-12-01 17:45:00+00:00,4272.3,4273.2,4262.7,4265.2,2298,33.0,1.0,42001025.0,GC
2025-12-01 18:00:00+00:00,4265.5,4272.0,4265.5,4270.1,1911,33.0,1.0,42001025.0,GC
2025-12-01 18:15:00+00:00,4270.4,4276.0,4269.0,4274.8,2985,33.0,1.0,42001025.0,GC
2025-12-01 18:30:00+00:00,4274.9,4277.0,4270.0,4276.3,1937,33.0,1.0,42001025.0,GC
2025-12-01 18:45:00+00:00,4276.4,4278.8,4271.4,4274.2,1834,33.0,1.0,42001025.0,GC
2025-12-01 19:00:00+00:00,4274.3,4275.7,4269.9,4271.4,1150,33.0,1.0,42001025.0,GC
2025-12-01 19:15:00+00:00,4271.8,4276.3,4270.5,4275.6,898,33.0,1.0,42001025.0,GC
2025-12-01 19:30:00+00:00,4275.4,4278.0,4268.0,4268.0,1352,33.0,1.0,42001025.0,GC
2025-12-01 19:45:00+00:00,4267.7,4271.1,4262.7,4270.8,1778,33.0,1.0,42001025.0,GC
2025-12-01 20:00:00+00:00,4270.9,4275.3,4268.9,4272.6,1435,33.0,1.0,42001025.0,GC
2025-12-01 20:15:00+00:00,4272.4,4273.2,4269.7,4272.2,559,33.0,1.0,42001025.0,GC
2025-12-01 20:30:00+00:00,4272.2,4276.0,4269.9,4275.5,1053,33.0,1.0,42001025.0,GC
2025-12-01 20:45:00+00:00,4275.5,4275.7,4268.3,4270.8,1798,33.0,1.0,42001025.0,GC
2025-12-01 21:00:00+00:00,4270.8,4272.5,4269.0,4272.1,548,33.0,1.0,42001025.0,GC
2025-12-01 21:15:00+00:00,4272.2,4274.1,4271.7,4272.4,366,33.0,1.0,42001025.0,GC
2025-12-01 21:30:00+00:00,4272.1,4272.1,4266.8,4267.2,287,33.0,1.0,42001025.0,GC
2025-12-01 21:45:00+00:00,4267.1,4268.1,4263.9,4265.0,609,33.0,1.0,42001025.0,GC
2025-12-01 23:00:00+00:00,4265.3,4267.1,4247.8,4266.4,269,33.0,1.0,42001025.0,GC
2025-12-01 23:15:00+00:00,4266.3,4269.2,4264.8,4268.6,231,33.0,1.0,42001025.0,GC
2025-12-01 23:30:00+00:00,4268.6,4268.9,4261.0,4263.7,887,33.0,1.0,42001025.0,GC
2025-12-01 23:45:00+00:00,4263.6,4263.6,4257.3,4260.1,916,33.0,1.0,42001025.0,GC
2025-12-02 00:00:00+00:00,4260.4,4261.1,4256.2,4259.8,849,33.0,1.0,42001025.0,GC
2025-12-02 00:15:00+00:00,4259.9,4260.7,4254.4,4258.3,917,33.0,1.0,42001025.0,GC
2025-12-02 00:30:00+00:00,4258.0,4261.6,4256.8,4261.6,840,33.0,1.0,42001025.0,GC
2025-12-02 00:45:00+00:00,4261.2,4262.9,4256.2,4259.6,1347,33.0,1.0,42001025.0,GC
2025-12-02 01:00:00+00:00,4259.7,4260.0,4215.0,4236.2,8435,33.0,1.0,42001025.0,GC
2025-12-02 01:15:00+00:00,4236.5,4247.9,4235.4,4245.9,3362,33.0,1.0,42001025.0,GC
2025-12-02 01:30:00+00:00,4245.4,4250.1,4239.5,4242.2,1792,33.0,1.0,42001025.0,GC
2025-12-02 01:45:00+00:00,4242.2,4252.4,4241.5,4251.1,2315,33.0,1.0,42001025.0,GC
2025-12-02 02:00:00+00:00,4250.8,4253.3,4246.8,4250.4,1585,33.0,1.0,42001025.0,GC
2025-12-02 02:15:00+00:00,4250.6,4254.7,4247.0,4248.4,959,33.0,1.0,42001025.0,GC
2025-12-02 02:30:00+00:00,4248.2,4253.0,4245.4,4252.9,1272,33.0,1.0,42001025.0,GC
2025-12-02 02:45:00+00:00,4253.0,4255.9,4251.4,4253.0,1267,33.0,1.0,42001025.0,GC
2025-12-02 03:00:00+00:00,4252.9,4257.0,4252.0,4255.6,1342,33.0,1.0,42001025.0,GC
2025-12-02 03:15:00+00:00,4255.3,4257.4,4253.1,4253.8,1025,33.0,1.0,42001025.0,GC
2025-12-02 03:30:00+00:00,4253.1,4256.6,4251.5,4252.3,884,33.0,1.0,42001025.0,GC
2025-12-02 03:45:00+00:00,4252.1,4253.0,4246.5,4247.7,2079,33.0,1.0,42001025.0,GC
2025-12-02 04:00:00+00:00,4247.9,4251.9,4246.5,4247.4,750,33.0,1.0,42001025.0,GC
2025-12-02 04:15:00+00:00,4247.5,4250.0,4246.1,4247.6,1127,33.0,1.0,42001025.0,GC
2025-12-02 04:30:00+00:00,4247.6,4249.2,4244.4,4248.9,1532,33.0,1.0,42001025.0,GC
2025-12-02 04:45:00+00:00,4248.9,4250.0,4246.8,4249.9,778,33.0,1.0,42001025.0,GC
2025-12-02 05:00:00+00:00,4249.7,4251.2,4246.4,4250.5,1323,33.0,1.0,42001025.0,GC
2025-12-02 05:15:00+00:00,4250.6,4254.5,4250.6,4252.7,858,33.0,1.0,42001025.0,GC
2025-12-02 05:30:00+00:00,4252.5,4254.6,4250.1,4251.4,1140,33.0,1.0,42001025.0,GC
2025-12-02 05:45:00+00:00,4251.4,4256.9,4251.1,4256.5,1526,33.0,1.0,42001025.0,GC
2025-12-02 06:00:00+00:00,4256.3,4258.1,4255.8,4255.8,1012,33.0,1.0,42001025.0,GC
2025-12-02 06:15:00+00:00,4255.9,4256.0,4235.7,4237.2,3022,33.0,1.0,42001025.0,GC
2025-12-02 06:30:00+00:00,4237.0,4242.0,4234.4,4240.8,2529,33.0,1.0,42001025.0,GC
2025-12-02 06:45:00+00:00,4241.0,4246.7,4239.3,4244.0,1439,33.0,1.0,42001025.0,GC
2025-12-02 07:00:00+00:00,4244.0,4245.6,4241.6,4244.9,1222,33.0,1.0,42001025.0,GC
2025-12-02 07:15:00+00:00,4245.1,4251.3,4245.1,4249.1,1536,33.0,1.0,42001025.0,GC
2025-12-02 07:30:00+00:00,4249.3,4250.1,4242.4,4242.7,883,33.0,1.0,42001025.0,GC
2025-12-02 07:45:00+00:00,4242.7,4245.4,4240.6,4244.5,949,33.0,1.0,42001025.0,GC
2025-12-02 08:00:00+00:00,4244.7,4246.7,4237.8,4246.0,1462,33.0,1.0,42001025.0,GC
2025-12-02 08:15:00+00:00,4245.6,4248.9,4243.3,4246.0,1074,33.0,1.0,42001025.0,GC
2025-12-02 08:30:00+00:00,4246.1,4248.2,4242.6,4243.5,1255,33.0,1.0,42001025.0,GC
2025-12-02 08:45:00+00:00,4243.7,4245.7,4241.2,4241.4,1114,33.0,1.0,42001025.0,GC
2025-12-02 09:00:00+00:00,4241.2,4244.4,4235.6,4239.0,2293,33.0,1.0,42001025.0,GC
2025-12-02 09:15:00+00:00,4238.8,4239.8,4222.7,4225.3,3929,33.0,1.0,42001025.0,GC
2025-12-02 09:30:00+00:00,4225.3,4227.1,4210.2,4221.6,4926,33.0,1.0,42001025.0,GC
2025-12-02 09:45:00+00:00,4221.6,4225.6,4219.0,4222.9,1660,33.0,1.0,42001025.0,GC
2025-12-02 10:00:00+00:00,4222.9,4223.5,4217.1,4217.8,1336,33.0,1.0,42001025.0,GC
2025-12-02 10:15:00+00:00,4217.7,4220.2,4212.8,4217.1,1867,33.0,1.0,42001025.0,GC
2025-12-02 10:30:00+00:00,4217.2,4219.2,4215.2,4218.2,1652,33.0,1.0,42001025.0,GC
2025-12-02 10:45:00+00:00,4218.6,4220.5,4212.4,4216.4,2010,33.0,1.0,42001025.0,GC
2025-12-02 11:00:00+00:00,4216.2,4220.5,4215.4,4218.4,1266,33.0,1.0,42001025.0,GC
2025-12-02 11:15:00+00:00,4218.6,4227.8,4217.4,4227.8,1972,33.0,1.0,42001025.0,GC
2025-12-02 11:30:00+00:00,4227.9,4231.5,4225.3,4228.8,2052,33.0,1.0,42001025.0,GC
2025-12-02 11:45:00+00:00,4229.0,4236.6,4227.2,4236.0,1743,33.0,1.0,42001025.0,GC
2025-12-02 12:00:00+00:00,4236.1,4238.9,4234.7,4235.8,1445,33.0,1.0,42001025.0,GC
2025-12-02 12:15:00+00:00,4236.0,4238.0,4231.8,4235.4,1499,33.0,1.0,42001025.0,GC
2025-12-02 12:30:00+00:00,4235.1,4237.7,4233.1,4236.2,1151,33.0,1.0,42001025.0,GC
2025-12-02 12:45:00+00:00,4236.2,4240.5,4234.8,4239.8,1381,33.0,1.0,42001025.0,GC
2025-12-02 13:00:00+00:00,4239.8,4246.6,4232.5,4235.8,4050,33.0,1.0,42001025.0,GC
2025-12-02 13:15:00+00:00,4236.0,4239.8,4232.7,4234.6,2193,33.0,1.0,42001025.0,GC
2025-12-02 13:30:00+00:00,4234.6,4241.1,4234.0,4236.5,1841,33.0,1.0,42001025.0,GC
2025-12-02 13:45:00+00:00,4236.4,4243.6,4233.8,4243.2,1874,33.0,1.0,42001025.0,GC
2025-12-02 14:00:00+00:00,4243.1,4255.4,4243.0,4254.7,5001,33.0,1.0,42001025.0,GC
2025-12-02 14:15:00+00:00,4255.0,4262.2,4253.2,4259.2,5452,33.0,1.0,42001025.0,GC
2025-12-02 14:30:00+00:00,4259.1,4261.5,4246.7,4249.8,6025,33.0,1.0,42001025.0,GC
2025-12-02 14:45:00+00:00,4249.9,4257.9,4246.1,4251.1,5208,33.0,1.0,42001025.0,GC
2025-12-02 15:00:00+00:00,4250.8,4252.0,4235.2,4237.2,6234,33.0,1.0,42001025.0,GC
2025-12-02 15:15:00+00:00,4236.9,4239.8,4217.2,4219.0,10143,33.0,1.0,42001025.0,GC
2025-12-02 15:30:00+00:00,4219.1,4223.5,4211.0,4220.6,7766,33.0,1.0,42001025.0,GC
2025-12-02 15:45:00+00:00,4220.9,4221.3,4194.0,4200.9,11275,33.0,1.0,42001025.0,GC
2025-12-02 16:00:00+00:00,4200.8,4209.5,4197.8,4208.4,5860,33.0,1.0,42001025.0,GC
2025-12-02 16:15:00+00:00,4208.0,4210.5,4202.0,4207.9,3462,33.0,1.0,42001025.0,GC
2025-12-02 16:30:00+00:00,4207.6,4221.0,4207.6,4217.1,4252,33.0,1.0,42001025.0,GC
2025-12-02 16:45:00+00:00,4217.0,4219.6,4210.9,4215.7,3161,33.0,1.0,42001025.0,GC
2025-12-02 17:00:00+00:00,4215.3,4222.9,4215.3,4218.4,3387,33.0,1.0,42001025.0,GC
2025-12-02 17:15:00+00:00,4218.7,4224.0,4218.4,4223.6,2073,33.0,1.0,42001025.0,GC
2025-12-02 17:30:00+00:00,4223.7,4227.8,4221.3,4224.4,1961,33.0,1.0,42001025.0,GC
2025-12-02 17:45:00+00:00,4224.4,4228.2,4224.2,4225.0,1606,33.0,1.0,42001025.0,GC
2025-12-02 18:00:00+00:00,4224.7,4227.8,4222.0,4223.5,1734,33.0,1.0,42001025.0,GC
2025-12-02 18:15:00+00:00,4223.6,4226.6,4219.9,4220.1,3016,33.0,1.0,42001025.0,GC
2025-12-02 18:30:00+00:00,4220.1,4222.1,4214.0,4218.3,2523,33.0,1.0,42001025.0,GC
2025-12-02 18:45:00+00:00,4218.1,4223.5,4216.9,4222.3,1404,33.0,1.0,42001025.0,GC
2025-12-02 19:00:00+00:00,4222.3,4230.1,4222.3,4228.5,1934,33.0,1.0,42001025.0,GC
2025-12-02 19:15:00+00:00,4228.6,4230.1,4225.2,4228.7,1394,33.0,1.0,42001025.0,GC
2025-12-02 19:30:00+00:00,4228.8,4231.4,4224.7,4225.9,1130,33.0,1.0,42001025.0,GC
2025-12-02 19:45:00+00:00,4226.0,4232.0,4225.0,4227.6,1723,33.0,1.0,42001025.0,GC
2025-12-02 20:00:00+00:00,4227.6,4231.1,4225.7,4229.3,917,33.0,1.0,42001025.0,GC
2025-12-02 20:15:00+00:00,4229.5,4230.9,4226.7,4230.0,568,33.0,1.0,42001025.0,GC
2025-12-02 20:30:00+00:00,4229.9,4244.1,4229.9,4241.4,2635,33.0,1.0,42001025.0,GC
2025-12-02 20:45:00+00:00,4241.6,4243.9,4239.1,4241.6,1784,33.0,1.0,42001025.0,GC
2025-12-02 21:00:00+00:00,4241.6,4243.4,4239.0,4240.8,714,33.0,1.0,42001025.0,GC
2025-12-02 21:15:00+00:00,4241.0,4242.9,4240.0,4241.6,249,33.0,1.0,42001025.0,GC
2025-12-02 21:30:00+00:00,4241.5,4243.3,4240.7,4242.0,347,33.0,1.0,42001025.0,GC
2025-12-02 21:45:00+00:00,4242.1,4242.3,4237.1,4238.7,431,33.0,1.0,42001025.0,GC
2025-12-02 23:00:00+00:00,4241.6,4245.0,4234.1,4239.5,1140,33.0,1.0,42001025.0,GC
2025-12-02 23:15:00+00:00,4239.4,4242.7,4239.3,4240.6,416,33.0,1.0,42001025.0,GC
2025-12-02 23:30:00+00:00,4240.4,4240.9,4238.3,4240.7,285,33.0,1.0,42001025.0,GC
2025-12-02 23:45:00+00:00,4240.3,4248.0,4239.8,4244.0,1169,33.0,1.0,42001025.0,GC
2025-12-03 00:00:00+00:00,4244.1,4244.4,4238.6,4241.7,1246,33.0,1.0,42001025.0,GC
2025-12-03 00:15:00+00:00,4241.6,4243.4,4237.4,4238.9,688,33.0,1.0,42001025.0,GC
2025-12-03 00:30:00+00:00,4238.8,4242.6,4236.8,4238.2,624,33.0,1.0,42001025.0,GC
2025-12-03 00:45:00+00:00,4238.2,4243.2,4235.8,4243.0,936,33.0,1.0,42001025.0,GC
2025-12-03 01:00:00+00:00,4243.2,4252.6,4242.9,4247.3,2654,33.0,1.0,42001025.0,GC
2025-12-03 01:15:00+00:00,4247.4,4251.0,4245.1,4248.1,1261,33.0,1.0,42001025.0,GC
2025-12-03 01:30:00+00:00,4248.1,4250.6,4244.5,4248.7,1495,33.0,1.0,42001025.0,GC
2025-12-03 01:45:00+00:00,4248.8,4251.2,4245.3,4245.3,1052,33.0,1.0,42001025.0,GC
2025-12-03 02:00:00+00:00,4245.4,4255.4,4245.4,4255.0,1457,33.0,1.0,42001025.0,GC
2025-12-03 02:15:00+00:00,4255.3,4255.4,4250.0,4253.9,964,33.0,1.0,42001025.0,GC
2025-12-03 02:30:00+00:00,4254.1,4260.1,4253.3,4256.4,1739,33.0,1.0,42001025.0,GC
2025-12-03 02:45:00+00:00,4256.5,4260.0,4255.4,4258.1,1034,33.0,1.0,42001025.0,GC
2025-12-03 03:00:00+00:00,4258.1,4259.0,4251.7,4253.9,997,33.0,1.0,42001025.0,GC
2025-12-03 03:15:00+00:00,4254.0,4257.4,4252.7,4256.9,808,33.0,1.0,42001025.0,GC
2025-12-03 03:30:00+00:00,4257.0,4257.6,4251.8,4253.9,692,33.0,1.0,42001025.0,GC
2025-12-03 03:45:00+00:00,4254.5,4255.7,4251.3,4252.4,437,33.0,1.0,42001025.0,GC
2025-12-03 04:00:00+00:00,4252.5,4252.5,4248.5,4251.6,942,33.0,1.0,42001025.0,GC
2025-12-03 04:15:00+00:00,4251.5,4255.3,4251.3,4253.5,526,33.0,1.0,42001025.0,GC
2025-12-03 04:30:00+00:00,4253.5,4256.3,4252.9,4254.9,586,33.0,1.0,42001025.0,GC
2025-12-03 04:45:00+00:00,4254.7,4254.8,4251.0,4253.1,559,33.0,1.0,42001025.0,GC
2025-12-03 05:00:00+00:00,4253.5,4254.8,4250.4,4251.6,427,33.0,1.0,42001025.0,GC
2025-12-03 05:15:00+00:00,4251.7,4252.7,4249.5,4251.0,535,33.0,1.0,42001025.0,GC
2025-12-03 05:30:00+00:00,4251.2,4251.6,4236.2,4237.8,3188,33.0,1.0,42001025.0,GC
2025-12-03 05:45:00+00:00,4237.9,4240.3,4233.6,4238.3,2946,33.0,1.0,42001025.0,GC
2025-12-03 06:00:00+00:00,4238.8,4241.1,4237.1,4239.0,1068,33.0,1.0,42001025.0,GC
2025-12-03 06:15:00+00:00,4239.1,4243.2,4237.5,4240.0,1015,33.0,1.0,42001025.0,GC
2025-12-03 06:30:00+00:00,4239.8,4241.2,4235.5,4237.5,981,33.0,1.0,42001025.0,GC
2025-12-03 06:45:00+00:00,4237.1,4240.7,4236.0,4238.9,722,33.0,1.0,42001025.0,GC
2025-12-03 07:00:00+00:00,4239.1,4241.0,4236.4,4236.6,873,33.0,1.0,42001025.0,GC
2025-12-03 07:15:00+00:00,4236.5,4238.7,4232.5,4233.7,2105,33.0,1.0,42001025.0,GC
2025-12-03 07:30:00+00:00,4233.6,4237.9,4231.1,4236.4,2229,33.0,1.0,42001025.0,GC
2025-12-03 07:45:00+00:00,4236.1,4238.3,4233.5,4236.1,1305,33.0,1.0,42001025.0,GC
2025-12-03 08:00:00+00:00,4236.5,4238.5,4234.7,4236.7,1240,33.0,1.0,42001025.0,GC
2025-12-03 08:15:00+00:00,4236.9,4237.7,4233.8,4236.8,1483,33.0,1.0,42001025.0,GC
2025-12-03 08:30:00+00:00,4236.7,4241.3,4234.3,4239.3,2055,33.0,1.0,42001025.0,GC
2025-12-03 08:45:00+00:00,4239.3,4240.3,4236.2,4236.6,1290,33.0,1.0,42001025.0,GC
2025-12-03 09:00:00+00:00,4236.9,4237.8,4227.5,4230.2,2345,33.0,1.0,42001025.0,GC
2025-12-03 09:15:00+00:00,4230.0,4232.9,4229.0,4230.2,1258,33.0,1.0,42001025.0,GC
2025-12-03 09:30:00+00:00,4230.2,4232.6,4230.2,4231.8,475,33.0,1.0,42001025.0,GC
2025-12-03 09:45:00+00:00,4231.7,4233.5,4230.1,4233.0,770,33.0,1.0,42001025.0,GC
2025-12-03 10:00:00+00:00,4232.9,4233.6,4225.6,4225.9,1979,33.0,1.0,42001025.0,GC
2025-12-03 10:15:00+00:00,4225.7,4235.8,4225.1,4233.8,1763,33.0,1.0,42001025.0,GC
2025-12-03 10:30:00+00:00,4233.8,4234.8,4229.2,4231.7,2056,33.0,1.0,42001025.0,GC
2025-12-03 10:45:00+00:00,4231.4,4232.0,4228.0,4230.7,833,33.0,1.0,42001025.0,GC
2025-12-03 11:00:00+00:00,4231.0,4231.0,4227.1,4229.8,1118,33.0,1.0,42001025.0,GC
2025-12-03 11:15:00+00:00,4230.0,4236.1,4229.5,4235.8,952,33.0,1.0,42001025.0,GC
2025-12-03 11:30:00+00:00,4235.8,4237.9,4232.8,4234.5,1613,33.0,1.0,42001025.0,GC
2025-12-03 11:45:00+00:00,4234.6,4239.6,4233.5,4239.0,961,33.0,1.0,42001025.0,GC
2025-12-03 12:00:00+00:00,4239.1,4241.0,4236.7,4238.0,1096,33.0,1.0,42001025.0,GC
2025-12-03 12:15:00+00:00,4237.9,4240.1,4235.2,4238.4,815,33.0,1.0,42001025.0,GC
2025-12-03 12:30:00+00:00,4238.4,4245.0,4238.1,4244.7,1280,33.0,1.0,42001025.0,GC
2025-12-03 12:45:00+00:00,4244.7,4244.9,4241.4,4244.5,1261,33.0,1.0,42001025.0,GC
2025-12-03 13:00:00+00:00,4244.5,4247.8,4242.2,4242.4,2234,33.0,1.0,42001025.0,GC
2025-12-03 13:15:00+00:00,4242.6,4254.6,4242.6,4251.5,4287,33.0,1.0,42001025.0,GC
2025-12-03 13:30:00+00:00,4251.8,4257.3,4247.8,4255.0,2775,33.0,1.0,42001025.0,GC
2025-12-03 13:45:00+00:00,4255.0,4270.1,4253.4,4268.7,6649,33.0,1.0,42001025.0,GC
2025-12-03 14:00:00+00:00,4268.7,4272.2,4248.6,4257.4,7598,33.0,1.0,42001025.0,GC
2025-12-03 14:15:00+00:00,4257.8,4262.0,4252.6,4256.1,3424,33.0,1.0,42001025.0,GC
2025-12-03 14:30:00+00:00,4256.4,4273.3,4255.0,4259.0,7066,33.0,1.0,42001025.0,GC
2025-12-03 14:45:00+00:00,4258.6,4258.9,4236.7,4244.5,6763,33.0,1.0,42001025.0,GC
2025-12-03 15:00:00+00:00,4243.9,4251.4,4237.4,4249.3,5262,33.0,1.0,42001025.0,GC
2025-12-03 15:15:00+00:00,4249.6,4256.4,4248.0,4253.5,2477,33.0,1.0,42001025.0,GC
2025-12-03 15:30:00+00:00,4253.3,4261.5,4252.8,4259.6,2778,33.0,1.0,42001025.0,GC
2025-12-03 15:45:00+00:00,4259.3,4260.2,4245.7,4247.8,2913,33.0,1.0,42001025.0,GC
2025-12-03 16:00:00+00:00,4247.6,4253.8,4245.0,4251.1,2277,33.0,1.0,42001025.0,GC
2025-12-03 16:15:00+00:00,4250.8,4251.5,4244.1,4250.9,1678,33.0,1.0,42001025.0,GC
2025-12-03 16:30:00+00:00,4250.9,4256.9,4250.3,4252.5,2267,33.0,1.0,42001025.0,GC
2025-12-03 16:45:00+00:00,4252.5,4252.6,4226.6,4231.9,6670,33.0,1.0,42001025.0,GC
2025-12-03 17:00:00+00:00,4231.6,4243.7,4231.1,4242.3,3586,33.0,1.0,42001025.0,GC
2025-12-03 17:15:00+00:00,4242.2,4244.2,4238.6,4239.8,1520,33.0,1.0,42001025.0,GC
2025-12-03 17:30:00+00:00,4240.2,4246.9,4239.0,4243.9,1372,33.0,1.0,42001025.0,GC
2025-12-03 17:45:00+00:00,4244.1,4246.2,4239.9,4242.8,1345,33.0,1.0,42001025.0,GC
2025-12-03 18:00:00+00:00,4243.0,4243.3,4233.6,4236.2,2071,33.0,1.0,42001025.0,GC
2025-12-03 18:15:00+00:00,4236.2,4238.0,4229.6,4232.3,3478,33.0,1.0,42001025.0,GC
2025-12-03 18:30:00+00:00,4232.5,4237.9,4231.4,4236.4,2614,33.0,1.0,42001025.0,GC
2025-12-03 18:45:00+00:00,4236.4,4236.9,4226.1,4228.0,1847,33.0,1.0,42001025.0,GC
2025-12-03 19:00:00+00:00,4228.4,4235.6,4228.0,4232.6,1552,33.0,1.0,42001025.0,GC
2025-12-03 19:15:00+00:00,4232.6,4238.5,4232.5,4237.4,1166,33.0,1.0,42001025.0,GC
2025-12-03 19:30:00+00:00,4237.5,4241.7,4236.4,4240.8,1097,33.0,1.0,42001025.0,GC
2025-12-03 19:45:00+00:00,4240.4,4241.7,4239.2,4239.4,727,33.0,1.0,42001025.0,GC
2025-12-03 20:00:00+00:00,4239.3,4244.5,4238.9,4242.5,1140,33.0,1.0,42001025.0,GC
2025-12-03 20:15:00+00:00,4242.7,4243.1,4239.5,4241.9,602,33.0,1.0,42001025.0,GC
2025-12-03 20:30:00+00:00,4241.6,4242.5,4239.1,4240.2,694,33.0,1.0,42001025.0,GC
2025-12-03 20:45:00+00:00,4240.4,4240.5,4234.7,4237.2,1190,33.0,1.0,42001025.0,GC
2025-12-03 21:00:00+00:00,4237.4,4241.3,4237.2,4241.0,858,33.0,1.0,42001025.0,GC
2025-12-03 21:15:00+00:00,4241.2,4241.4,4237.9,4238.4,270,33.0,1.0,42001025.0,GC
2025-12-03 21:30:00+00:00,4238.5,4241.0,4238.3,4240.8,164,33.0,1.0,42001025.0,GC
2025-12-03 21:45:00+00:00,4240.7,4240.7,4233.6,4234.8,627,33.0,1.0,42001025.0,GC
2025-12-03 23:00:00+00:00,4234.5,4237.7,4234.0,4236.6,365,33.0,1.0,42001025.0,GC
2025-12-03 23:15:00+00:00,4236.2,4239.0,4236.1,4237.4,274,33.0,1.0,42001025.0,GC
2025-12-03 23:30:00+00:00,4237.3,4237.4,4234.0,4236.0,573,33.0,1.0,42001025.0,GC
2025-12-03 23:45:00+00:00,4235.9,4237.3,4232.3,4237.0,369,33.0,1.0,42001025.0,GC
2025-12-04 00:00:00+00:00,4237.1,4240.2,4234.1,4237.6,714,33.0,1.0,42001025.0,GC
2025-12-04 00:15:00+00:00,4237.8,4242.5,4236.3,4241.4,849,33.0,1.0,42001025.0,GC
2025-12-04 00:30:00+00:00,4241.5,4245.6,4241.0,4243.3,754,33.0,1.0,42001025.0,GC
2025-12-04 00:45:00+00:00,4243.3,4243.7,4239.1,4241.3,716,33.0,1.0,42001025.0,GC
2025-12-04 01:00:00+00:00,4241.2,4244.0,4235.5,4243.8,1947,33.0,1.0,42001025.0,GC
2025-12-04 01:15:00+00:00,4243.9,4244.9,4240.3,4243.4,1260,33.0,1.0,42001025.0,GC
2025-12-04 01:30:00+00:00,4243.3,4245.2,4241.0,4244.6,1841,33.0,1.0,42001025.0,GC
2025-12-04 01:45:00+00:00,4244.5,4246.9,4237.0,4238.5,1632,33.0,1.0,42001025.0,GC
2025-12-04 02:00:00+00:00,4238.0,4238.0,4227.9,4233.9,2345,33.0,1.0,42001025.0,GC
2025-12-04 02:15:00+00:00,4234.1,4236.0,4231.6,4235.2,609,33.0,1.0,42001025.0,GC
2025-12-04 02:30:00+00:00,4235.4,4236.9,4230.3,4230.9,839,33.0,1.0,42001025.0,GC
2025-12-04 02:45:00+00:00,4230.9,4233.8,4228.7,4229.8,754,33.0,1.0,42001025.0,GC
2025-12-04 03:00:00+00:00,4229.3,4230.7,4216.1,4221.9,3681,33.0,1.0,42001025.0,GC
2025-12-04 03:15:00+00:00,4221.9,4225.1,4220.5,4221.8,999,33.0,1.0,42001025.0,GC
2025-12-04 03:30:00+00:00,4222.1,4226.0,4218.7,4225.8,803,33.0,1.0,42001025.0,GC
2025-12-04 03:45:00+00:00,4226.1,4226.7,4222.1,4224.4,794,33.0,1.0,42001025.0,GC
2025-12-04 04:00:00+00:00,4224.4,4226.3,4221.5,4226.0,765,33.0,1.0,42001025.0,GC
2025-12-04 04:15:00+00:00,4225.9,4227.8,4223.9,4227.1,835,33.0,1.0,42001025.0,GC
2025-12-04 04:30:00+00:00,4227.3,4227.3,4225.6,4226.1,418,33.0,1.0,42001025.0,GC
2025-12-04 04:45:00+00:00,4225.8,4226.3,4223.3,4225.6,630,33.0,1.0,42001025.0,GC
2025-12-04 05:00:00+00:00,4225.6,4226.5,4222.7,4222.9,455,33.0,1.0,42001025.0,GC
2025-12-04 05:15:00+00:00,4222.7,4226.1,4218.0,4225.5,1227,33.0,1.0,42001025.0,GC
2025-12-04 05:30:00+00:00,4225.5,4227.6,4209.8,4213.2,3586,33.0,1.0,42001025.0,GC
2025-12-04 05:45:00+00:00,4213.1,4214.5,4203.3,4210.3,2959,33.0,1.0,42001025.0,GC
2025-12-04 06:00:00+00:00,4210.3,4215.3,4208.6,4209.3,2355,33.0,1.0,42001025.0,GC
2025-12-04 06:15:00+00:00,4209.1,4214.6,4207.6,4211.7,1485,33.0,1.0,42001025.0,GC
2025-12-04 06:30:00+00:00,4212.0,4218.4,4211.2,4218.3,1153,33.0,1.0,42001025.0,GC
2025-12-04 06:45:00+00:00,4217.9,4219.4,4216.1,4219.1,795,33.0,1.0,42001025.0,GC
2025-12-04 07:00:00+00:00,4219.2,4221.4,4215.4,4221.4,1845,33.0,1.0,42001025.0,GC
2025-12-04 07:15:00+00:00,4221.3,4224.0,4217.9,4218.3,1648,33.0,1.0,42001025.0,GC
2025-12-04 07:30:00+00:00,4218.2,4221.1,4217.9,4219.0,859,33.0,1.0,42001025.0,GC
2025-12-04 07:45:00+00:00,4219.1,4223.3,4215.7,4222.9,1333,33.0,1.0,42001025.0,GC
2025-12-04 08:00:00+00:00,4222.7,4225.1,4218.4,4220.2,1777,33.0,1.0,42001025.0,GC
2025-12-04 08:15:00+00:00,4220.5,4225.7,4220.3,4222.0,1880,33.0,1.0,42001025.0,GC
2025-12-04 08:30:00+00:00,4221.8,4223.6,4220.0,4220.0,1132,33.0,1.0,42001025.0,GC
2025-12-04 08:45:00+00:00,4219.8,4221.4,4213.6,4213.9,1214,33.0,1.0,42001025.0,GC
2025-12-04 09:00:00+00:00,4213.7,4220.5,4212.1,4218.5,2082,33.0,1.0,42001025.0,GC
2025-12-04 09:15:00+00:00,4218.4,4220.9,4216.4,4220.2,1958,33.0,1.0,42001025.0,GC
2025-12-04 09:30:00+00:00,4220.2,4227.7,4219.7,4225.9,1029,33.0,1.0,42001025.0,GC
2025-12-04 09:45:00+00:00,4225.9,4231.8,4225.4,4229.5,2125,33.0,1.0,42001025.0,GC
2025-12-04 10:00:00+00:00,4229.8,4232.3,4228.3,4229.2,1209,33.0,1.0,42001025.0,GC
2025-12-04 10:15:00+00:00,4229.3,4231.0,4227.5,4228.0,1765,33.0,1.0,42001025.0,GC
2025-12-04 10:30:00+00:00,4228.1,4231.3,4227.1,4230.9,1499,33.0,1.0,42001025.0,GC
2025-12-04 10:45:00+00:00,4231.2,4231.7,4226.4,4227.1,838,33.0,1.0,42001025.0,GC
2025-12-04 11:00:00+00:00,4227.3,4236.4,4227.0,4232.0,2193,33.0,1.0,42001025.0,GC
2025-12-04 11:15:00+00:00,4232.2,4233.8,4226.8,4228.9,894,33.0,1.0,42001025.0,GC
2025-12-04 11:30:00+00:00,4229.1,4232.0,4227.7,4230.1,654,33.0,1.0,42001025.0,GC
2025-12-04 11:45:00+00:00,4229.9,4230.5,4226.7,4228.2,883,33.0,1.0,42001025.0,GC
2025-12-04 12:00:00+00:00,4228.4,4231.6,4222.9,4230.6,1470,33.0,1.0,42001025.0,GC
2025-12-04 12:15:00+00:00,4230.5,4231.1,4222.7,4224.2,913,33.0,1.0,42001025.0,GC
2025-12-04 12:30:00+00:00,4224.0,4224.0,4218.1,4222.1,1710,33.0,1.0,42001025.0,GC
2025-12-04 12:45:00+00:00,4222.4,4223.0,4218.2,4219.9,1135,33.0,1.0,42001025.0,GC
2025-12-04 13:00:00+00:00,4219.9,4222.0,4214.8,4216.8,2753,33.0,1.0,42001025.0,GC
2025-12-04 13:15:00+00:00,4216.8,4226.7,4215.3,4225.4,2427,33.0,1.0,42001025.0,GC
2025-12-04 13:30:00+00:00,4224.1,4226.1,4217.0,4221.3,3256,33.0,1.0,42001025.0,GC
2025-12-04 13:45:00+00:00,4221.8,4228.3,4217.6,4227.9,2054,33.0,1.0,42001025.0,GC
2025-12-04 14:00:00+00:00,4228.4,4236.2,4228.1,4234.9,3391,33.0,1.0,42001025.0,GC
2025-12-04 14:15:00+00:00,4234.7,4240.4,4232.5,4238.6,2715,33.0,1.0,42001025.0,GC
2025-12-04 14:30:00+00:00,4238.6,4244.0,4223.0,4229.3,6523,33.0,1.0,42001025.0,GC
2025-12-04 14:45:00+00:00,4229.3,4238.1,4226.1,4231.1,3916,33.0,1.0,42001025.0,GC
2025-12-04 15:00:00+00:00,4231.2,4233.0,4220.8,4232.5,4934,33.0,1.0,42001025.0,GC
2025-12-04 15:15:00+00:00,4232.5,4236.6,4230.6,4236.3,2879,33.0,1.0,42001025.0,GC
2025-12-04 15:30:00+00:00,4236.4,4240.6,4234.8,4236.5,2561,33.0,1.0,42001025.0,GC
2025-12-04 15:45:00+00:00,4236.8,4238.7,4232.2,4237.6,1871,33.0,1.0,42001025.0,GC
2025-12-04 16:00:00+00:00,4237.8,4246.0,4237.0,4240.8,5250,33.0,1.0,42001025.0,GC
2025-12-04 16:15:00+00:00,4240.7,4251.1,4240.1,4246.6,5500,33.0,1.0,42001025.0,GC
2025-12-04 16:30:00+00:00,4246.7,4247.1,4237.5,4241.1,2155,33.0,1.0,42001025.0,GC
2025-12-04 16:45:00+00:00,4241.3,4247.3,4240.4,4245.9,1712,33.0,1.0,42001025.0,GC
2025-12-04 17:00:00+00:00,4246.2,4247.5,4239.5,4241.2,1645,33.0,1.0,42001025.0,GC
2025-12-04 17:15:00+00:00,4241.5,4243.9,4239.0,4241.4,1168,33.0,1.0,42001025.0,GC
2025-12-04 17:30:00+00:00,4241.1,4244.6,4239.7,4244.0,1215,33.0,1.0,42001025.0,GC
2025-12-04 17:45:00+00:00,4244.0,4248.1,4244.0,4246.6,1333,33.0,1.0,42001025.0,GC
2025-12-04 18:00:00+00:00,4246.8,4247.8,4240.2,4244.3,1542,33.0,1.0,42001025.0,GC
2025-12-04 18:15:00+00:00,4244.3,4245.7,4242.2,4243.6,2047,33.0,1.0,42001025.0,GC
2025-12-04 18:30:00+00:00,4243.5,4243.5,4240.3,4242.1,1115,33.0,1.0,42001025.0,GC
2025-12-04 18:45:00+00:00,4242.2,4242.9,4237.6,4238.5,1513,33.0,1.0,42001025.0,GC
2025-12-04 19:00:00+00:00,4238.5,4240.6,4229.9,4234.0,2271,33.0,1.0,42001025.0,GC
2025-12-04 19:15:00+00:00,4234.3,4237.3,4231.2,4235.4,1439,33.0,1.0,42001025.0,GC
2025-12-04 19:30:00+00:00,4235.5,4240.9,4234.8,4238.8,1142,33.0,1.0,42001025.0,GC
2025-12-04 19:45:00+00:00,4238.7,4239.9,4236.4,4239.7,715,33.0,1.0,42001025.0,GC
2025-12-04 20:00:00+00:00,4239.3,4239.7,4237.3,4238.1,476,33.0,1.0,42001025.0,GC
2025-12-04 20:15:00+00:00,4237.8,4240.5,4236.6,4238.0,501,33.0,1.0,42001025.0,GC
2025-12-04 20:30:00+00:00,4238.0,4238.5,4235.9,4237.6,880,33.0,1.0,42001025.0,GC
2025-12-04 20:45:00+00:00,4237.7,4240.7,4237.6,4240.2,1062,33.0,1.0,42001025.0,GC
2025-12-04 21:00:00+00:00,4240.2,4240.4,4238.6,4239.6,277,33.0,1.0,42001025.0,GC
2025-12-04 21:15:00+00:00,4239.6,4239.8,4238.2,4238.7,171,33.0,1.0,42001025.0,GC
2025-12-04 21:30:00+00:00,4238.9,4240.3,4238.4,4240.0,224,33.0,1.0,42001025.0,GC
2025-12-04 21:45:00+00:00,4240.2,4240.9,4237.5,4237.9,422,33.0,1.0,42001025.0,GC
2025-12-04 23:00:00+00:00,4239.5,4240.2,4237.4,4238.3,372,33.0,1.0,42001025.0,GC
2025-12-04 23:15:00+00:00,4238.4,4239.9,4237.2,4238.1,790,33.0,1.0,42001025.0,GC
2025-12-04 23:30:00+00:00,4238.0,4239.2,4233.7,4236.3,1567,33.0,1.0,42001025.0,GC
2025-12-04 23:45:00+00:00,4236.0,4236.5,4233.8,4236.2,1191,33.0,1.0,42001025.0,GC
2025-12-05 00:00:00+00:00,4236.2,4239.4,4234.2,4238.7,837,33.0,1.0,42001025.0,GC
2025-12-05 00:15:00+00:00,4238.6,4240.6,4234.8,4235.9,836,33.0,1.0,42001025.0,GC
2025-12-05 00:30:00+00:00,4236.1,4236.1,4232.7,4234.8,736,33.0,1.0,42001025.0,GC
2025-12-05 00:45:00+00:00,4234.7,4235.1,4231.0,4231.7,715,33.0,1.0,42001025.0,GC
2025-12-05 01:00:00+00:00,4231.7,4234.7,4224.8,4227.4,2185,33.0,1.0,42001025.0,GC
2025-12-05 01:15:00+00:00,4227.0,4231.1,4224.6,4230.2,1629,33.0,1.0,42001025.0,GC
2025-12-05 01:30:00+00:00,4229.8,4232.6,4227.1,4228.3,1442,33.0,1.0,42001025.0,GC
2025-12-05 01:45:00+00:00,4228.0,4234.0,4227.5,4232.9,1290,33.0,1.0,42001025.0,GC
2025-12-05 02:00:00+00:00,4232.9,4234.6,4229.4,4230.9,1214,33.0,1.0,42001025.0,GC
2025-12-05 02:15:00+00:00,4231.2,4231.5,4226.0,4227.2,1034,33.0,1.0,42001025.0,GC
2025-12-05 02:30:00+00:00,4227.3,4234.4,4226.3,4234.2,1113,33.0,1.0,42001025.0,GC
2025-12-05 02:45:00+00:00,4234.2,4237.9,4233.9,4237.0,1328,33.0,1.0,42001025.0,GC
2025-12-05 03:00:00+00:00,4237.0,4238.6,4231.3,4232.4,751,33.0,1.0,42001025.0,GC
2025-12-05 03:15:00+00:00,4232.4,4234.5,4231.6,4232.8,386,33.0,1.0,42001025.0,GC
2025-12-05 03:30:00+00:00,4232.7,4238.6,4231.8,4238.6,460,33.0,1.0,42001025.0,GC
2025-12-05 03:45:00+00:00,4238.7,4240.4,4236.2,4238.9,2480,33.0,1.0,42001025.0,GC
2025-12-05 04:00:00+00:00,4238.5,4244.6,4237.1,4243.8,1745,33.0,1.0,42001025.0,GC
2025-12-05 04:15:00+00:00,4243.4,4243.5,4241.3,4242.2,785,33.0,1.0,42001025.0,GC
2025-12-05 04:30:00+00:00,4242.2,4245.7,4242.2,4243.8,765,33.0,1.0,42001025.0,GC
2025-12-05 04:45:00+00:00,4243.8,4247.0,4242.6,4246.2,788,33.0,1.0,42001025.0,GC
2025-12-05 05:00:00+00:00,4246.4,4248.0,4244.7,4245.6,1040,33.0,1.0,42001025.0,GC
2025-12-05 05:15:00+00:00,4245.6,4249.6,4243.6,4249.3,896,33.0,1.0,42001025.0,GC
2025-12-05 05:30:00+00:00,4249.1,4252.0,4247.7,4250.4,2479,33.0,1.0,42001025.0,GC
2025-12-05 05:45:00+00:00,4250.4,4251.4,4249.1,4250.7,1699,33.0,1.0,42001025.0,GC
2025-12-05 06:00:00+00:00,4250.6,4259.0,4248.9,4255.8,3705,33.0,1.0,42001025.0,GC
2025-12-05 06:15:00+00:00,4256.2,4259.5,4254.3,4257.5,1665,33.0,1.0,42001025.0,GC
2025-12-05 06:30:00+00:00,4257.3,4259.0,4253.3,4255.1,1424,33.0,1.0,42001025.0,GC
2025-12-05 06:45:00+00:00,4255.0,4256.3,4253.8,4254.4,689,33.0,1.0,42001025.0,GC
2025-12-05 07:00:00+00:00,4254.8,4260.9,4254.7,4257.5,1053,33.0,1.0,42001025.0,GC
2025-12-05 07:15:00+00:00,4257.7,4261.1,4256.6,4260.4,830,33.0,1.0,42001025.0,GC
2025-12-05 07:30:00+00:00,4260.3,4260.4,4254.4,4254.9,862,33.0,1.0,42001025.0,GC
2025-12-05 07:45:00+00:00,4254.6,4256.1,4252.5,4254.3,987,33.0,1.0,42001025.0,GC
2025-12-05 08:00:00+00:00,4254.6,4257.1,4251.8,4253.1,1248,33.0,1.0,42001025.0,GC
2025-12-05 08:15:00+00:00,4252.9,4256.7,4252.3,4253.1,865,33.0,1.0,42001025.0,GC
2025-12-05 08:30:00+00:00,4253.1,4255.8,4250.9,4253.4,1054,33.0,1.0,42001025.0,GC
2025-12-05 08:45:00+00:00,4253.5,4254.6,4250.5,4250.7,1072,33.0,1.0,42001025.0,GC
2025-12-05 09:00:00+00:00,4250.5,4252.5,4246.2,4248.5,1741,33.0,1.0,42001025.0,GC
2025-12-05 09:15:00+00:00,4248.4,4252.1,4245.8,4251.4,1279,33.0,1.0,42001025.0,GC
2025-12-05 09:30:00+00:00,4251.4,4254.8,4249.4,4253.9,884,33.0,1.0,42001025.0,GC
2025-12-05 09:45:00+00:00,4254.1,4255.2,4253.2,4253.5,473,33.0,1.0,42001025.0,GC
2025-12-05 10:00:00+00:00,4253.3,4256.1,4253.3,4254.3,637,33.0,1.0,42001025.0,GC
2025-12-05 10:15:00+00:00,4254.0,4257.7,4253.2,4254.1,897,33.0,1.0,42001025.0,GC
2025-12-05 10:30:00+00:00,4254.5,4255.7,4253.4,4254.7,412,33.0,1.0,42001025.0,GC
2025-12-05 10:45:00+00:00,4254.6,4254.9,4252.4,4252.9,433,33.0,1.0,42001025.0,GC
2025-12-05 11:00:00+00:00,4252.8,4254.0,4250.0,4253.9,678,33.0,1.0,42001025.0,GC
2025-12-05 11:15:00+00:00,4254.1,4255.7,4251.0,4251.2,498,33.0,1.0,42001025.0,GC
2025-12-05 11:30:00+00:00,4251.3,4254.3,4250.4,4252.9,752,33.0,1.0,42001025.0,GC
2025-12-05 11:45:00+00:00,4253.0,4253.8,4251.5,4253.5,333,33.0,1.0,42001025.0,GC
2025-12-05 12:00:00+00:00,4253.6,4260.0,4252.8,4255.6,1467,33.0,1.0,42001025.0,GC
2025-12-05 12:15:00+00:00,4256.0,4259.6,4254.1,4254.9,955,33.0,1.0,42001025.0,GC
2025-12-05 12:30:00+00:00,4254.7,4256.0,4253.0,4255.6,688,33.0,1.0,42001025.0,GC
2025-12-05 12:45:00+00:00,4255.9,4259.8,4254.7,4259.0,804,33.0,1.0,42001025.0,GC
2025-12-05 13:00:00+00:00,4259.0,4263.6,4251.4,4257.9,3501,33.0,1.0,42001025.0,GC
2025-12-05 13:15:00+00:00,4258.1,4265.5,4255.8,4263.2,2496,33.0,1.0,42001025.0,GC
2025-12-05 13:30:00+00:00,4263.1,4269.6,4261.3,4263.7,4818,33.0,1.0,42001025.0,GC
2025-12-05 13:45:00+00:00,4264.0,4268.2,4259.9,4264.7,2349,33.0,1.0,42001025.0,GC
2025-12-05 14:00:00+00:00,4265.0,4270.5,4262.6,4268.1,2291,33.0,1.0,42001025.0,GC
2025-12-05 14:15:00+00:00,4268.1,4268.3,4260.4,4262.2,1702,33.0,1.0,42001025.0,GC
2025-12-05 14:30:00+00:00,4262.3,4267.3,4258.5,4266.9,4883,33.0,1.0,42001025.0,GC
2025-12-05 14:45:00+00:00,4267.0,4277.0,4265.6,4272.3,6879,33.0,1.0,42001025.0,GC
2025-12-05 15:00:00+00:00,4272.3,4275.0,4264.2,4270.3,5572,33.0,1.0,42001025.0,GC
2025-12-05 15:15:00+00:00,4270.3,4279.8,4268.4,4279.3,5332,33.0,1.0,42001025.0,GC
2025-12-05 15:30:00+00:00,4279.6,4290.5,4276.4,4285.3,7301,33.0,1.0,42001025.0,GC
2025-12-05 15:45:00+00:00,4285.2,4286.4,4268.3,4274.9,6563,33.0,1.0,42001025.0,GC
2025-12-05 16:00:00+00:00,4275.0,4276.9,4232.0,4233.0,14135,33.0,1.0,42001025.0,GC
2025-12-05 16:15:00+00:00,4233.3,4248.4,4227.8,4246.4,13196,33.0,1.0,42001025.0,GC
2025-12-05 16:30:00+00:00,4246.4,4246.9,4237.2,4240.7,5890,33.0,1.0,42001025.0,GC
2025-12-05 16:45:00+00:00,4240.8,4247.8,4237.3,4244.1,3765,33.0,1.0,42001025.0,GC
2025-12-05 17:00:00+00:00,4244.0,4248.3,4240.2,4245.0,2694,33.0,1.0,42001025.0,GC
2025-12-05 17:15:00+00:00,4245.0,4248.4,4243.4,4247.4,1503,33.0,1.0,42001025.0,GC
2025-12-05 17:30:00+00:00,4247.4,4251.0,4236.0,4244.8,3409,33.0,1.0,42001025.0,GC
2025-12-05 17:45:00+00:00,4244.8,4249.5,4243.3,4248.4,1330,33.0,1.0,42001025.0,GC
2025-12-05 18:00:00+00:00,4248.2,4249.6,4245.5,4249.0,1524,33.0,1.0,42001025.0,GC
2025-12-05 18:15:00+00:00,4248.8,4250.3,4240.5,4243.5,3519,33.0,1.0,42001025.0,GC
2025-12-05 18:30:00+00:00,4243.4,4246.6,4239.6,4242.3,1863,33.0,1.0,42001025.0,GC
2025-12-05 18:45:00+00:00,4242.0,4244.1,4236.9,4239.3,1310,33.0,1.0,42001025.0,GC
2025-12-05 19:00:00+00:00,4239.3,4241.1,4233.2,4238.7,1832,33.0,1.0,42001025.0,GC
2025-12-05 19:15:00+00:00,4238.5,4239.9,4235.4,4239.3,1043,33.0,1.0,42001025.0,GC
2025-12-05 19:30:00+00:00,4239.5,4240.4,4234.2,4235.8,881,33.0,1.0,42001025.0,GC
2025-12-05 19:45:00+00:00,4235.9,4238.8,4232.1,4237.3,913,33.0,1.0,42001025.0,GC
2025-12-05 20:00:00+00:00,4237.6,4237.6,4232.5,4234.6,837,33.0,1.0,42001025.0,GC
2025-12-05 20:15:00+00:00,4234.5,4236.4,4232.2,4232.7,645,33.0,1.0,42001025.0,GC
2025-12-05 20:30:00+00:00,4232.1,4235.0,4229.8,4231.1,1371,33.0,1.0,42001025.0,GC
2025-12-05 20:45:00+00:00,4231.1,4232.0,4229.0,4231.6,2150,33.0,1.0,42001025.0,GC
2025-12-05 21:00:00+00:00,4231.4,4231.7,4229.1,4229.9,906,33.0,1.0,42001025.0,GC
2025-12-05 21:15:00+00:00,4229.8,4229.8,4221.4,4226.5,1430,33.0,1.0,42001025.0,GC
2025-12-05 21:30:00+00:00,4226.3,4226.3,4222.9,4223.7,735,33.0,1.0,42001025.0,GC
2025-12-05 21:45:00+00:00,4223.8,4228.7,4223.4,4227.7,741,33.0,1.0,42001025.0,GC
2025-12-07 23:00:00+00:00,4228.1,4236.5,4224.5,4234.4,1531,33.0,1.0,42001025.0,GC
2025-12-07 23:15:00+00:00,4234.4,4234.9,4230.2,4231.2,830,33.0,1.0,42001025.0,GC
2025-12-07 23:30:00+00:00,4231.3,4234.0,4229.3,4229.6,881,33.0,1.0,42001025.0,GC
2025-12-07 23:45:00+00:00,4229.6,4231.7,4227.2,4230.6,827,33.0,1.0,42001025.0,GC
